100     9.24457    0.02314    0.02776    6.77163      2.17182      2.50217      7.11485      2.15649      2.63168      
200     3.09103    0.02507    0.03095    0.91986      1.80911      3.06039      1.14180      1.79118      3.23049      
300     1.88774    0.02680    0.03368    0.40737      1.29832      1.21580      0.51343      1.30534      1.27516      
400     1.53312    0.02788    0.03529    0.27425      1.13514      0.60559      0.26390      1.13619      0.61777      
500     1.39813    0.02870    0.03649    0.18600      1.09546      0.51476      0.17580      1.08561      0.55519      
600     1.24460    0.02929    0.03769    0.11196      1.02899      0.36667      0.10576      1.03761      0.41668      
700     1.21898    0.02988    0.03837    0.12656      0.98705      0.37119      0.11511      0.98805      0.40343      
800     1.15506    0.03078    0.03962    0.08398      0.97520      0.25484      0.08888      0.96598      0.29057      
900     1.09389    0.03139    0.04042    0.07603      0.91905      0.27007      0.07045      0.92784      0.32416      
1000    1.07747    0.03230    0.04162    0.07148      0.90433      0.27745      0.07359      0.90671      0.31318      
1100    1.05680    0.03286    0.04232    0.08042      0.87711      0.24090      0.08790      0.87184      0.27350      
1200    1.05082    0.03341    0.04297    0.08821      0.85550      0.30726      0.08913      0.86070      0.32706      
1300    1.00906    0.03373    0.04348    0.07785      0.82221      0.31794      0.08516      0.82608      0.34709      
1400    1.02419    0.03457    0.04439    0.08201      0.84014      0.23074      0.09151      0.84006      0.26569      
1500    0.99551    0.03495    0.04495    0.08568      0.81205      0.17878      0.08698      0.82368      0.20935      
1600    0.99951    0.03546    0.04549    0.08646      0.80616      0.25945      0.08957      0.81008      0.27612      
1700    0.99738    0.03589    0.04598    0.07169      0.81672      0.27090      0.08022      0.81406      0.29376      
1800    0.99010    0.03630    0.04635    0.06990      0.81356      0.23994      0.07111      0.81757      0.28538      
1900    0.98137    0.03666    0.04675    0.08427      0.79090      0.22781      0.09036      0.79938      0.25885      
2000    0.97571    0.03723    0.04748    0.06170      0.80318      0.26127      0.07051      0.80647      0.27493      
2100    0.95559    0.03766    0.04807    0.07346      0.77597      0.20426      0.07198      0.78414      0.22563      
2200    0.95165    0.03792    0.04844    0.07216      0.76769      0.25444      0.07642      0.77636      0.27998      
2300    0.95108    0.03840    0.04907    0.07174      0.77031      0.21552      0.07842      0.77246      0.22105      
2400    0.96536    0.03858    0.04932    0.07538      0.77865      0.23430      0.08043      0.78753      0.25395      
2500    0.93948    0.03882    0.04966    0.07226      0.76178      0.16961      0.08097      0.77183      0.19182      
2600    0.95605    0.03883    0.04967    0.06692      0.77609      0.24552      0.07165      0.77922      0.27115      
2700    0.93568    0.03938    0.05038    0.07771      0.75264      0.15570      0.07999      0.75849      0.17754      
2800    0.90874    0.03969    0.05090    0.05429      0.74512      0.18732      0.06691      0.75823      0.19980      
2900    0.92386    0.04003    0.05126    0.05583      0.75213      0.24620      0.05528      0.75903      0.25812      
3000    0.92889    0.04039    0.05169    0.07259      0.74467      0.19555      0.07321      0.74841      0.20519      
3100    0.90253    0.04038    0.05180    0.05528      0.73445      0.20608      0.05840      0.74607      0.23540      
3200    0.92046    0.04075    0.05221    0.06938      0.74009      0.18021      0.07330      0.74564      0.21751      
3300    0.91367    0.04098    0.05253    0.06175      0.72908      0.29331      0.06430      0.74043      0.31421      
3400    0.88728    0.04105    0.05276    0.06435      0.71013      0.18981      0.08066      0.72631      0.21662      
3500    0.89745    0.04132    0.05311    0.06878      0.71559      0.18646      0.07594      0.71798      0.21102      
3600    0.89108    0.04152    0.05352    0.05338      0.72412      0.18547      0.05537      0.72952      0.19465      
3700    0.87745    0.04191    0.05380    0.05187      0.71233      0.17540      0.06640      0.72461      0.20339      
3800    0.89104    0.04212    0.05408    0.05454      0.72000      0.20299      0.06342      0.72217      0.23123      
3900    0.87906    0.04233    0.05415    0.05951      0.70801      0.15063      0.06528      0.71457      0.17587      
4000    0.86370    0.04256    0.05443    0.05767      0.69523      0.13812      0.07655      0.70898      0.16585      
4100    0.87511    0.04270    0.05457    0.05216      0.70794      0.17745      0.05606      0.71055      0.20240      
4200    0.86991    0.04279    0.05483    0.05741      0.69758      0.17310      0.06658      0.70626      0.19156      
4300    0.84303    0.04321    0.05531    0.04286      0.68925      0.12407      0.07107      0.70769      0.14665      
4400    0.87061    0.04320    0.05541    0.05327      0.69739      0.21332      0.06629      0.69709      0.23835      
4500    0.85742    0.04348    0.05569    0.05402      0.68751      0.16722      0.07207      0.68942      0.20310      
4600    0.83843    0.04357    0.05585    0.04740      0.67455      0.17066      0.07591      0.68775      0.21002      
4700    0.85016    0.04386    0.05612    0.05245      0.68274      0.14982      0.07366      0.68447      0.18242      
4800    0.84925    0.04422    0.05645    0.04867      0.68063      0.19279      0.06497      0.68467      0.24126      
4900    0.83252    0.04450    0.05678    0.04185      0.67369      0.15708      0.07640      0.68639      0.18646      
5000    0.84016    0.04457    0.05695    0.04812      0.67461      0.15913      0.05964      0.67640      0.20019      
5100    0.83936    0.04478    0.05721    0.05054      0.67095      0.15887      0.06505      0.67470      0.19713      
5200    0.81890    0.04507    0.05758    0.03907      0.66373      0.13456      0.06189      0.67532      0.17705      
5300    0.82931    0.04509    0.05768    0.04924      0.66293      0.14378      0.06631      0.66738      0.20045      
5400    0.82007    0.04526    0.05783    0.04613      0.65669      0.14155      0.05336      0.66094      0.16976      
5500    0.80371    0.04539    0.05793    0.03964      0.64753      0.13224      0.05529      0.65669      0.17008      
5600    0.81415    0.04553    0.05814    0.04497      0.65086      0.14646      0.05504      0.65382      0.17302      
5700    0.81608    0.04586    0.05847    0.04798      0.64875      0.15028      0.05481      0.65252      0.19307      
5800    0.80676    0.04608    0.05876    0.04234      0.64347      0.16114      0.06611      0.65327      0.18727      
5900    0.82094    0.04609    0.05890    0.05077      0.65051      0.14665      0.05220      0.65326      0.18059      
6000    0.81010    0.04614    0.05906    0.04654      0.64429      0.14075      0.04877      0.64695      0.17640      
6100    0.79358    0.04650    0.05941    0.04086      0.63075      0.16057      0.04182      0.64107      0.17789      
6200    0.80617    0.04667    0.05958    0.05016      0.63561      0.14157      0.04801      0.63782      0.15914      
6300    0.80161    0.04680    0.05966    0.04747      0.63433      0.13356      0.04401      0.63457      0.15771      
6400    0.79263    0.04684    0.05968    0.04216      0.62436      0.19598      0.05448      0.63129      0.21136      
6500    0.80406    0.04720    0.06021    0.04515      0.63712      0.14375      0.04519      0.63910      0.17129      
6600    0.79178    0.04741    0.06041    0.04701      0.62371      0.13241      0.04685      0.62602      0.14804      
6700    0.77334    0.04753    0.06067    0.03959      0.61248      0.13065      0.05366      0.61683      0.14524      
6800    0.79181    0.04758    0.06071    0.04720      0.62313      0.13187      0.04377      0.62189      0.15064      
6900    0.78498    0.04771    0.06083    0.04938      0.61268      0.14374      0.05077      0.61151      0.16191      
7000    0.76508    0.04787    0.06104    0.03741      0.60606      0.12705      0.04487      0.61135      0.14127      
7100    0.78199    0.04812    0.06149    0.04695      0.61320      0.12224      0.04638      0.60988      0.13546      
7200    0.77655    0.04853    0.06190    0.04542      0.60915      0.11549      0.04040      0.60886      0.12874      
7300    0.76281    0.04860    0.06201    0.04101      0.59908      0.12123      0.04479      0.60628      0.14209      
7400    0.76912    0.04876    0.06224    0.04102      0.60523      0.11869      0.03572      0.60324      0.13265      
7500    0.77263    0.04902    0.06254    0.04194      0.60387      0.15256      0.03657      0.60391      0.17294      
7600    0.75060    0.04901    0.06264    0.03546      0.59185      0.11630      0.03778      0.59668      0.13763      
7700    0.76960    0.04919    0.06287    0.04405      0.60102      0.12472      0.04487      0.59785      0.13661      
7800    0.76232    0.04930    0.06305    0.04376      0.59371      0.12510      0.03958      0.59454      0.14165      
7900    0.74950    0.04944    0.06318    0.03344      0.58857      0.14862      0.03857      0.59381      0.16976      
8000    0.75971    0.04952    0.06316    0.04238      0.59222      0.12428      0.03864      0.58960      0.14578      
8100    0.75590    0.04975    0.06336    0.04564      0.58510      0.12050      0.04176      0.58641      0.13881      
8200    0.74348    0.04997    0.06364    0.03537      0.58111      0.13388      0.03640      0.58650      0.15627      
8300    0.75196    0.04994    0.06365    0.03819      0.58646      0.13721      0.04657      0.58375      0.16194      
8400    0.75376    0.04996    0.06378    0.04122      0.58507      0.13726      0.04304      0.58444      0.16731      
8500    0.74049    0.05013    0.06404    0.03435      0.57827      0.13700      0.03710      0.58586      0.16368      
8600    0.74911    0.05040    0.06414    0.04133      0.57969      0.13555      0.04828      0.58026      0.15953      
8700    0.74941    0.05044    0.06417    0.03938      0.58216      0.13266      0.04658      0.58178      0.17856      
8800    0.73301    0.05044    0.06429    0.03516      0.56838      0.14750      0.04692      0.57613      0.17712      
8900    0.73810    0.05051    0.06452    0.03951      0.57085      0.12716      0.04364      0.57165      0.15894      
9000    0.73625    0.05058    0.06464    0.03799      0.57006      0.12970      0.04931      0.57152      0.16286      
9100    0.72872    0.05070    0.06481    0.03717      0.56244      0.13607      0.05033      0.56630      0.15722      
9200    0.73490    0.05068    0.06483    0.04155      0.56505      0.12789      0.04462      0.56436      0.13991      
9300    0.72984    0.05077    0.06500    0.03918      0.56296      0.11923      0.04372      0.56563      0.13722      
9400    0.72369    0.05085    0.06505    0.03572      0.55739      0.14680      0.04128      0.56015      0.15712      
9500    0.72833    0.05086    0.06503    0.03907      0.56182      0.11545      0.04130      0.55953      0.13539      
9600    0.72467    0.05083    0.06498    0.03778      0.55983      0.11242      0.03857      0.56183      0.12801      
9700    0.71837    0.05110    0.06528    0.03438      0.55396      0.13642      0.04284      0.55878      0.15179      
9800    0.72572    0.05105    0.06529    0.03854      0.55918      0.11657      0.03555      0.55937      0.13759      
9900    0.72250    0.05114    0.06551    0.03762      0.55829      0.09935      0.03129      0.56152      0.12207      
10000   0.71259    0.05118    0.06564    0.03399      0.55068      0.11099      0.03482      0.55869      0.13215      
10100   0.71745    0.05119    0.06561    0.03553      0.55421      0.10907      0.04012      0.55672      0.13411      
10200   0.71468    0.05138    0.06580    0.03784      0.55004      0.09632      0.03478      0.55740      0.11965      
10300   0.71185    0.05133    0.06582    0.03349      0.55137      0.09845      0.03708      0.55883      0.12095      
10400   0.71739    0.05115    0.06584    0.03855      0.55084      0.11011      0.03966      0.55262      0.13346      
10500   0.71198    0.05116    0.06586    0.03712      0.54679      0.11059      0.03387      0.55567      0.13187      
10600   0.70607    0.05136    0.06601    0.03243      0.54467      0.11603      0.03669      0.55446      0.13271      
10700   0.71247    0.05136    0.06595    0.03873      0.54563      0.10802      0.03907      0.55325      0.12855      
10800   0.70572    0.05149    0.06601    0.03428      0.54300      0.10945      0.03118      0.55334      0.14518      
10900   0.70612    0.05163    0.06618    0.03585      0.54059      0.11863      0.03637      0.54930      0.14191      
11000   0.70621    0.05161    0.06625    0.03565      0.54221      0.10489      0.03193      0.55304      0.14177      
11100   0.70412    0.05175    0.06636    0.03791      0.53733      0.10770      0.03667      0.54443      0.18769      
11200   0.69855    0.05167    0.06631    0.03079      0.53977      0.10011      0.02924      0.55085      0.13109      
11300   0.70035    0.05163    0.06616    0.03382      0.53892      0.09818      0.03026      0.54890      0.15268      
11400   0.70204    0.05162    0.06637    0.03580      0.53812      0.10131      0.03284      0.54822      0.14827      
11500   0.69801    0.05166    0.06642    0.03249      0.53752      0.09925      0.03266      0.54804      0.12188      
11600   0.69856    0.05180    0.06662    0.03218      0.53704      0.10916      0.03386      0.54398      0.12065      
11700   0.69830    0.05182    0.06651    0.03288      0.53684      0.10242      0.03167      0.54624      0.11741      
11800   0.69778    0.05203    0.06675    0.03269      0.53450      0.11809      0.03507      0.54263      0.13825      
11900   0.69719    0.05219    0.06690    0.03349      0.53384      0.10784      0.03064      0.54262      0.13104      
12000   0.69452    0.05214    0.06690    0.03203      0.53294      0.10510      0.03082      0.54107      0.12518      
12100   0.69117    0.05223    0.06696    0.02959      0.53180      0.10598      0.02972      0.54268      0.12290      
12200   0.69392    0.05236    0.06725    0.03210      0.53112      0.11096      0.02851      0.54126      0.13116      
12300   0.69011    0.05234    0.06717    0.03047      0.52971      0.10420      0.03101      0.54144      0.11957      
12400   0.68769    0.05234    0.06737    0.02963      0.52709      0.11258      0.03285      0.53747      0.12298      
12500   0.68886    0.05238    0.06750    0.03048      0.52833      0.10186      0.03273      0.53774      0.11658      
12600   0.68739    0.05229    0.06742    0.03078      0.52629      0.10604      0.03296      0.53940      0.11947      
12700   0.68847    0.05229    0.06745    0.03135      0.52709      0.10289      0.04021      0.53709      0.11698      
12800   0.68673    0.05244    0.06763    0.03138      0.52451      0.10774      0.03670      0.53492      0.12234      
12900   0.68519    0.05252    0.06765    0.03234      0.52277      0.09909      0.03538      0.53478      0.11299      
13000   0.68391    0.05238    0.06759    0.02911      0.52343      0.11401      0.03470      0.53356      0.12438      
13100   0.68412    0.05244    0.06766    0.03229      0.52117      0.10548      0.02927      0.53436      0.11852      
13200   0.68264    0.05248    0.06772    0.02797      0.52354      0.10938      0.02902      0.53747      0.12568      
13300   0.67964    0.05248    0.06773    0.02909      0.51996      0.10369      0.03560      0.53146      0.11371      
13400   0.68038    0.05257    0.06777    0.03006      0.51913      0.10855      0.03463      0.52980      0.11596      
13500   0.67661    0.05271    0.06790    0.03038      0.51574      0.09870      0.03448      0.52900      0.11133      
13600   0.67785    0.05262    0.06784    0.02949      0.51681      0.11086      0.03440      0.52654      0.13283      
13700   0.67663    0.05259    0.06777    0.02877      0.51728      0.10222      0.02931      0.52910      0.11789      
13800   0.67563    0.05266    0.06787    0.02966      0.51611      0.09339      0.03255      0.52679      0.10644      
13900   0.67702    0.05263    0.06781    0.02803      0.51834      0.10199      0.03102      0.52882      0.12102      
14000   0.67894    0.05254    0.06773    0.02823      0.51950      0.10947      0.03410      0.52998      0.12424      
14100   0.67517    0.05250    0.06762    0.03048      0.51500      0.09571      0.03493      0.52584      0.11498      
14200   0.67660    0.05254    0.06766    0.02888      0.51785      0.09666      0.03835      0.52762      0.11366      
14300   0.67838    0.05251    0.06761    0.03120      0.51772      0.09341      0.03795      0.52927      0.11117      
14400   0.67130    0.05261    0.06783    0.02813      0.51285      0.09888      0.03548      0.52455      0.11466      
14500   0.67421    0.05259    0.06787    0.02939      0.51490      0.09447      0.03682      0.52353      0.10860      
14600   0.67427    0.05270    0.06796    0.03020      0.51329      0.10121      0.03424      0.52238      0.11341      
14700   0.67152    0.05262    0.06791    0.02947      0.51058      0.10944      0.03216      0.52092      0.12539      
14800   0.67041    0.05251    0.06782    0.02769      0.51261      0.09791      0.03494      0.52202      0.11385      
14900   0.67007    0.05254    0.06775    0.02910      0.51116      0.09521      0.03588      0.51984      0.11961      
15000   0.66756    0.05258    0.06778    0.02631      0.51036      0.10521      0.03342      0.52238      0.12924      
15100   0.66859    0.05251    0.06782    0.02713      0.51111      0.10006      0.03411      0.51888      0.11899      
15200   0.66869    0.05253    0.06784    0.02997      0.50897      0.09381      0.03452      0.51747      0.11701      
15300   0.66724    0.05259    0.06785    0.02946      0.50726      0.10074      0.03233      0.51832      0.12299      
15400   0.66671    0.05267    0.06790    0.02748      0.50974      0.08916      0.03474      0.52058      0.11210      
15500   0.66634    0.05278    0.06805    0.02866      0.50708      0.09771      0.03213      0.51725      0.11475      
15600   0.66246    0.05266    0.06796    0.02691      0.50540      0.09535      0.03188      0.51659      0.11851      
15700   0.66456    0.05254    0.06792    0.02967      0.50543      0.08997      0.03802      0.51537      0.11117      
15800   0.66335    0.05271    0.06808    0.02749      0.50540      0.09661      0.03976      0.51437      0.12256      
15900   0.66138    0.05274    0.06803    0.02730      0.50380      0.09508      0.03668      0.51408      0.11841      
16000   0.66190    0.05252    0.06780    0.02744      0.50504      0.09101      0.03901      0.51391      0.10923      
16100   0.66300    0.05256    0.06777    0.02787      0.50505      0.09752      0.03375      0.51291      0.11594      
16200   0.65937    0.05248    0.06774    0.02702      0.50304      0.09084      0.03586      0.51254      0.10314      
16300   0.65994    0.05263    0.06790    0.02742      0.50284      0.09154      0.03382      0.51024      0.10429      
16400   0.66022    0.05271    0.06787    0.02691      0.50315      0.09567      0.04025      0.51016      0.10905      
16500   0.65713    0.05253    0.06773    0.02659      0.50090      0.09383      0.03585      0.51019      0.10770      
16600   0.65941    0.05232    0.06754    0.02806      0.50227      0.09222      0.04001      0.50857      0.10712      
16700   0.65796    0.05224    0.06756    0.02848      0.50035      0.09326      0.04247      0.50740      0.10366      
16800   0.65451    0.05222    0.06753    0.02747      0.49847      0.08833      0.04071      0.50912      0.09901      
16900   0.65839    0.05213    0.06742    0.02942      0.50063      0.08806      0.04311      0.50703      0.10295      
17000   0.65588    0.05214    0.06738    0.02768      0.49978      0.08909      0.03913      0.50668      0.10381      
17100   0.65381    0.05194    0.06718    0.02750      0.49832      0.08876      0.03860      0.50543      0.10942      
17200   0.65608    0.05190    0.06715    0.02724      0.50088      0.08907      0.04067      0.50623      0.10760      
17300   0.65374    0.05180    0.06713    0.02732      0.49832      0.09182      0.03901      0.50543      0.11237      
17400   0.65068    0.05183    0.06717    0.02730      0.49544      0.08945      0.04162      0.50604      0.11025      
17500   0.65449    0.05181    0.06711    0.02590      0.49976      0.09914      0.03817      0.50802      0.11433      
17600   0.65204    0.05163    0.06698    0.02598      0.49825      0.09208      0.04014      0.50552      0.10775      
17700   0.65011    0.05154    0.06687    0.02570      0.49662      0.09375      0.03568      0.50456      0.11046      
17800   0.65054    0.05164    0.06708    0.02600      0.49676      0.09060      0.03592      0.50361      0.10676      
17900   0.64895    0.05155    0.06693    0.02493      0.49678      0.08760      0.03785      0.50342      0.09850      
18000   0.64766    0.05155    0.06693    0.02719      0.49320      0.08786      0.04195      0.50168      0.10438      
18100   0.64844    0.05148    0.06685    0.02468      0.49620      0.09241      0.03776      0.50162      0.10977      
18200   0.64881    0.05144    0.06678    0.02406      0.49773      0.08803      0.03926      0.50422      0.10858      
18300   0.64550    0.05154    0.06688    0.02468      0.49347      0.08933      0.03557      0.50262      0.10555      
18400   0.64660    0.05141    0.06683    0.02511      0.49473      0.08520      0.03609      0.50222      0.10207      
18500   0.64658    0.05142    0.06682    0.02511      0.49476      0.08473      0.03513      0.50098      0.10164      
18600   0.64455    0.05139    0.06669    0.02531      0.49203      0.09130      0.03201      0.50099      0.10652      
18700   0.64637    0.05145    0.06681    0.02588      0.49353      0.08704      0.03241      0.50071      0.10071      
18800   0.64597    0.05131    0.06665    0.02514      0.49446      0.08406      0.03257      0.49991      0.10030      
18900   0.64309    0.05135    0.06662    0.02581      0.49006      0.09251      0.03543      0.49876      0.10507      
19000   0.64640    0.05130    0.06654    0.02649      0.49345      0.08616      0.03771      0.49862      0.10222      
19100   0.64268    0.05116    0.06652    0.02596      0.49046      0.08582      0.03759      0.49824      0.09988      
19200   0.63996    0.05115    0.06646    0.02389      0.48957      0.08888      0.03456      0.49867      0.10256      
19300   0.64497    0.05107    0.06642    0.02373      0.49465      0.09112      0.03215      0.50033      0.10429      
19400   0.64211    0.05118    0.06653    0.02440      0.49109      0.08909      0.03641      0.49812      0.09407      
19500   0.63819    0.05110    0.06647    0.02406      0.48763      0.08929      0.03225      0.49825      0.09992      
19600   0.64107    0.05100    0.06629    0.02501      0.48962      0.09153      0.03550      0.49639      0.10343      
19700   0.63940    0.05089    0.06618    0.02371      0.48950      0.09120      0.03271      0.49606      0.09925      
19800   0.63549    0.05083    0.06615    0.02386      0.48591      0.08749      0.03216      0.49409      0.10129      
19900   0.64085    0.05073    0.06601    0.02564      0.48986      0.08608      0.03406      0.49512      0.10109      
20000   0.63867    0.05070    0.06601    0.02465      0.48828      0.09018      0.03274      0.49444      0.10865      
20100   0.63437    0.05053    0.06580    0.02399      0.48513      0.08911      0.03233      0.49342      0.10512      
20200   0.63863    0.05048    0.06578    0.02597      0.48731      0.09091      0.03173      0.49218      0.10702      
20300   0.63636    0.05044    0.06577    0.02540      0.48582      0.08939      0.03053      0.49171      0.10722      
20400   0.63374    0.05051    0.06582    0.02456      0.48445      0.08394      0.03037      0.49219      0.10338      
20500   0.63746    0.05039    0.06571    0.02593      0.48673      0.08691      0.03429      0.49233      0.10622      
20600   0.63409    0.05023    0.06563    0.02488      0.48445      0.08908      0.03572      0.49081      0.11264      
20700   0.63229    0.05014    0.06549    0.02514      0.48264      0.08884      0.03205      0.49229      0.10373      
20800   0.63535    0.05003    0.06542    0.02578      0.48545      0.08674      0.03309      0.49178      0.10216      
20900   0.63348    0.05008    0.06545    0.02589      0.48318      0.08881      0.03807      0.49132      0.10414      
21000   0.63028    0.04988    0.06526    0.02468      0.48113      0.09336      0.03618      0.48971      0.10236      
21100   0.63364    0.04982    0.06517    0.02718      0.48281      0.08661      0.03642      0.48917      0.09879      
21200   0.63015    0.04974    0.06511    0.02451      0.48186      0.08932      0.03455      0.48965      0.10200      
21300   0.62889    0.04969    0.06500    0.02539      0.47988      0.08933      0.03399      0.48817      0.09608      
21400   0.63162    0.04976    0.06507    0.02587      0.48258      0.08352      0.03466      0.48818      0.08864      
21500   0.63033    0.04951    0.06480    0.02513      0.48252      0.08370      0.03387      0.48867      0.09376      
21600   0.62747    0.04955    0.06484    0.02456      0.48002      0.08488      0.03170      0.48888      0.09453      
21700   0.62940    0.04947    0.06462    0.02639      0.48043      0.08488      0.03702      0.48669      0.09844      
21800   0.62652    0.04943    0.06464    0.02507      0.47908      0.08295      0.03328      0.48656      0.10074      
21900   0.62446    0.04923    0.06437    0.02503      0.47782      0.08013      0.03623      0.48717      0.09253      
22000   0.62728    0.04907    0.06427    0.02515      0.47987      0.08918      0.03388      0.48703      0.10506      
22100   0.62518    0.04900    0.06421    0.02493      0.47842      0.08624      0.03110      0.48638      0.09988      
22200   0.62217    0.04888    0.06410    0.02444      0.47639      0.08367      0.03178      0.48648      0.10405      
22300   0.62568    0.04874    0.06393    0.02391      0.47979      0.09322      0.02998      0.48704      0.11257      
22400   0.62347    0.04872    0.06386    0.02369      0.47879      0.08406      0.03257      0.48620      0.10835      
22500   0.62029    0.04869    0.06384    0.02347      0.47579      0.08502      0.03129      0.48656      0.10431      
22600   0.62319    0.04845    0.06366    0.02426      0.47811      0.08704      0.03106      0.48375      0.10117      
22700   0.62231    0.04834    0.06351    0.02346      0.47836      0.08625      0.03178      0.48383      0.10151      
22800   0.61813    0.04816    0.06337    0.02433      0.47395      0.08323      0.03392      0.48320      0.10208      
22900   0.62093    0.04805    0.06328    0.02432      0.47678      0.08495      0.02999      0.48324      0.10206      
23000   0.61930    0.04797    0.06322    0.02413      0.47587      0.08114      0.03449      0.48357      0.09985      
23100   0.61493    0.04785    0.06313    0.02360      0.47246      0.07873      0.03483      0.48292      0.10422      
23200   0.61844    0.04785    0.06312    0.02404      0.47487      0.08550      0.03221      0.48169      0.10488      
23300   0.61788    0.04766    0.06303    0.02347      0.47565      0.08074      0.02881      0.48149      0.09741      
23400   0.61235    0.04766    0.06296    0.02349      0.47057      0.07673      0.03057      0.48075      0.09995      
23500   0.61812    0.04765    0.06288    0.02410      0.47497      0.08513      0.03131      0.48160      0.10543      
23600   0.61612    0.04754    0.06271    0.02390      0.47414      0.07826      0.03165      0.47980      0.09818      
23700   0.61073    0.04733    0.06253    0.02356      0.46949      0.07819      0.03289      0.47931      0.10081      
23800   0.61513    0.04716    0.06241    0.02312      0.47425      0.08192      0.03036      0.47953      0.10113      
23900   0.61435    0.04703    0.06227    0.02378      0.47309      0.08185      0.03066      0.47806      0.10272      
24000   0.60986    0.04703    0.06221    0.02259      0.46997      0.08058      0.03002      0.47833      0.10217      
24100   0.61463    0.04694    0.06213    0.02430      0.47302      0.08241      0.02923      0.47756      0.09566      
24200   0.61313    0.04674    0.06191    0.02265      0.47367      0.08156      0.03055      0.47687      0.09960      
24300   0.60866    0.04673    0.06182    0.02257      0.46947      0.08063      0.03074      0.47916      0.09512      
24400   0.61336    0.04657    0.06168    0.02478      0.47200      0.08319      0.03327      0.47807      0.09495      
24500   0.61223    0.04636    0.06142    0.02287      0.47315      0.08437      0.03020      0.47842      0.11111      
24600   0.60684    0.04627    0.06136    0.02279      0.46814      0.08291      0.03105      0.47755      0.09955      
24700   0.61219    0.04618    0.06129    0.02362      0.47262      0.08467      0.03027      0.47748      0.09480      
24800   0.61156    0.04606    0.06120    0.02244      0.47333      0.08526      0.03143      0.47760      0.09575      
24900   0.60704    0.04602    0.06115    0.02308      0.46838      0.08406      0.03034      0.47758      0.09583      
25000   0.60965    0.04598    0.06108    0.02339      0.47084      0.08372      0.02721      0.47670      0.08955      
25100   0.60949    0.04593    0.06106    0.02296      0.47132      0.08210      0.02799      0.47615      0.09347      
25200   0.60420    0.04584    0.06102    0.02273      0.46646      0.08147      0.02780      0.47483      0.08927      
25300   0.60825    0.04564    0.06081    0.02403      0.46927      0.08495      0.02754      0.47522      0.09939      
25400   0.60802    0.04554    0.06064    0.02316      0.47069      0.07991      0.02878      0.47535      0.09891      
25500   0.60238    0.04530    0.06043    0.02283      0.46555      0.08274      0.02910      0.47526      0.09854      
25600   0.60705    0.04524    0.06038    0.02280      0.47026      0.08371      0.02913      0.47611      0.09536      
25700   0.60582    0.04510    0.06027    0.02254      0.46987      0.08048      0.03095      0.47438      0.09300      
25800   0.60161    0.04492    0.06016    0.02269      0.46565      0.08195      0.02900      0.47482      0.09556      
25900   0.60562    0.04476    0.05999    0.02494      0.46774      0.08186      0.03044      0.47355      0.09367      
26000   0.60496    0.04465    0.05993    0.02294      0.46919      0.08238      0.02962      0.47326      0.09076      
26100   0.59924    0.04449    0.05978    0.02251      0.46392      0.08546      0.02810      0.47340      0.09158      
26200   0.60324    0.04426    0.05952    0.02368      0.46767      0.08113      0.03029      0.47287      0.09150      
26300   0.60389    0.04410    0.05936    0.02294      0.46935      0.08136      0.02897      0.47420      0.09188      
26400   0.59773    0.04413    0.05929    0.02255      0.46375      0.08006      0.02737      0.47431      0.09118      
26500   0.60376    0.04411    0.05934    0.02329      0.46877      0.08247      0.02809      0.47464      0.09044      
26600   0.60259    0.04405    0.05933    0.02218      0.46889      0.08138      0.02966      0.47263      0.08893      
26700   0.59668    0.04399    0.05925    0.02268      0.46266      0.08096      0.02667      0.47235      0.09269      
26800   0.60133    0.04376    0.05909    0.02319      0.46678      0.08511      0.02730      0.47293      0.09614      
26900   0.60188    0.04379    0.05908    0.02219      0.46848      0.08347      0.02477      0.47286      0.09259      
27000   0.59534    0.04376    0.05901    0.02285      0.46164      0.08090      0.02663      0.47137      0.09552      
27100   0.59983    0.04379    0.05904    0.02412      0.46467      0.08209      0.02958      0.47030      0.09037      
27200   0.60065    0.04368    0.05896    0.02176      0.46782      0.08429      0.02896      0.47050      0.09116      
27300   0.59310    0.04347    0.05874    0.02220      0.46046      0.08220      0.03045      0.46976      0.09172      
27400   0.59860    0.04340    0.05868    0.02442      0.46390      0.08202      0.03039      0.46879      0.08903      
27500   0.59816    0.04329    0.05861    0.02133      0.46698      0.07950      0.03168      0.47011      0.09313      
27600   0.59258    0.04321    0.05852    0.02156      0.46113      0.08166      0.03068      0.47017      0.09072      
27700   0.59743    0.04312    0.05840    0.02317      0.46443      0.08321      0.02989      0.46917      0.09471      
27800   0.59841    0.04296    0.05829    0.02165      0.46733      0.08183      0.02977      0.46810      0.08744      
27900   0.59267    0.04290    0.05826    0.02228      0.46117      0.08053      0.03183      0.46869      0.08438      
28000   0.59593    0.04284    0.05810    0.02270      0.46430      0.07990      0.03106      0.46865      0.08810      
28100   0.59630    0.04264    0.05798    0.02096      0.46661      0.08112      0.03113      0.46822      0.08720      
28200   0.58945    0.04254    0.05787    0.02109      0.46008      0.07864      0.02941      0.46786      0.08547      
28300   0.59368    0.04252    0.05782    0.02191      0.46359      0.07848      0.02846      0.46745      0.08512      
28400   0.59539    0.04244    0.05781    0.02074      0.46627      0.08118      0.02888      0.46772      0.08621      
28500   0.58830    0.04234    0.05769    0.02117      0.45883      0.08272      0.02974      0.46638      0.09148      
28600   0.59255    0.04226    0.05759    0.02233      0.46234      0.08030      0.02775      0.46622      0.08769      
28700   0.59330    0.04216    0.05751    0.02069      0.46490      0.08049      0.02912      0.46585      0.08756      
28800   0.58793    0.04200    0.05733    0.02085      0.45976      0.07993      0.02779      0.46654      0.08808      
28900   0.59135    0.04200    0.05731    0.02272      0.46128      0.08038      0.02752      0.46507      0.08448      
29000   0.59271    0.04182    0.05715    0.02146      0.46398      0.08290      0.02914      0.46463      0.08314      
29100   0.58682    0.04167    0.05703    0.02126      0.45890      0.07949      0.02678      0.46563      0.08278      
29200   0.59063    0.04161    0.05696    0.02262      0.46104      0.08396      0.02690      0.46585      0.08719      
29300   0.59202    0.04147    0.05687    0.02177      0.46397      0.07947      0.03091      0.46641      0.09153      
29400   0.58617    0.04137    0.05676    0.02204      0.45795      0.08038      0.02970      0.46536      0.08952      
29500   0.58936    0.04134    0.05675    0.02221      0.46112      0.07951      0.02861      0.46563      0.08601      
29600   0.59134    0.04137    0.05676    0.02083      0.46454      0.07854      0.02855      0.46539      0.08759      
29700   0.58494    0.04127    0.05660    0.02146      0.45775      0.07863      0.03100      0.46475      0.08660      
29800   0.58836    0.04125    0.05655    0.02265      0.46015      0.07755      0.03028      0.46443      0.08584      
29900   0.59012    0.04117    0.05647    0.02105      0.46340      0.08032      0.02996      0.46389      0.08723      
30000   0.58397    0.04111    0.05637    0.02210      0.45659      0.07802      0.03222      0.46329      0.08430      
30100   0.58743    0.04102    0.05631    0.02214      0.46012      0.07834      0.02782      0.46389      0.08395      
30200   0.58970    0.04087    0.05619    0.02107      0.46363      0.07941      0.02757      0.46288      0.08574      
30300   0.58296    0.04080    0.05611    0.02104      0.45682      0.08201      0.02566      0.46258      0.08302      
30400   0.58656    0.04077    0.05609    0.02332      0.45853      0.07853      0.02665      0.46215      0.08162      
30500   0.58775    0.04067    0.05596    0.02125      0.46197      0.07904      0.02823      0.46247      0.08142      
30600   0.58162    0.04058    0.05587    0.02070      0.45613      0.08334      0.02721      0.46227      0.08801      
30700   0.58419    0.04044    0.05578    0.02169      0.45833      0.07952      0.02733      0.46177      0.08615      
30800   0.58630    0.04033    0.05569    0.02138      0.46098      0.07919      0.02821      0.46132      0.09038      
30900   0.57989    0.04030    0.05567    0.02063      0.45530      0.07992      0.02698      0.46105      0.08702      
31000   0.58307    0.04012    0.05561    0.02245      0.45676      0.08137      0.03043      0.46018      0.09207      
31100   0.58449    0.04020    0.05563    0.02115      0.45952      0.07984      0.02745      0.45924      0.08902      
31200   0.57887    0.04015    0.05562    0.02122      0.45399      0.07885      0.02729      0.45971      0.08706      
31300   0.58196    0.04011    0.05557    0.02170      0.45648      0.08106      0.02683      0.45941      0.08715      
31400   0.58360    0.04011    0.05556    0.02083      0.45889      0.08214      0.02679      0.45900      0.08747      
31500   0.57811    0.03996    0.05541    0.02021      0.45441      0.08132      0.02664      0.45933      0.08868      
31600   0.58166    0.03989    0.05536    0.02201      0.45608      0.08313      0.02830      0.45896      0.08470      
31700   0.58205    0.03976    0.05527    0.02075      0.45836      0.07915      0.02734      0.45881      0.08200      
31800   0.57720    0.03974    0.05522    0.02137      0.45276      0.08114      0.02853      0.45846      0.08644      
31900   0.58040    0.03960    0.05514    0.02211      0.45542      0.08128      0.02699      0.45791      0.08429      
32000   0.58173    0.03951    0.05500    0.02107      0.45820      0.07949      0.02742      0.45788      0.08328      
32100   0.57571    0.03956    0.05500    0.02090      0.45215      0.08090      0.02832      0.45761      0.08423      
32200   0.57963    0.03932    0.05490    0.02195      0.45535      0.08110      0.02662      0.45820      0.08488      
32300   0.58048    0.03928    0.05483    0.02082      0.45741      0.08143      0.02609      0.45778      0.08818      
32400   0.57509    0.03921    0.05478    0.02082      0.45202      0.08266      0.02688      0.45765      0.08886      
32500   0.57837    0.03914    0.05471    0.02138      0.45516      0.07980      0.02672      0.45853      0.08463      
32600   0.57947    0.03895    0.05457    0.02165      0.45642      0.07872      0.02609      0.45708      0.08356      
32700   0.57354    0.03880    0.05440    0.02033      0.45202      0.07976      0.02714      0.45816      0.08298      
32800   0.57736    0.03878    0.05435    0.02180      0.45436      0.08061      0.02631      0.45801      0.08247      
32900   0.57866    0.03876    0.05432    0.02152      0.45607      0.07984      0.02795      0.45784      0.08400      
33000   0.57287    0.03856    0.05424    0.02063      0.45128      0.08154      0.02719      0.45830      0.08348      
33100   0.57681    0.03860    0.05415    0.02181      0.45401      0.08240      0.02701      0.45830      0.08429      
33200   0.57839    0.03845    0.05404    0.02112      0.45664      0.08143      0.02787      0.45832      0.08577      
33300   0.57226    0.03845    0.05405    0.02043      0.45103      0.08296      0.02552      0.45823      0.08788      
33400   0.57544    0.03838    0.05399    0.02157      0.45358      0.07918      0.02507      0.45792      0.08202      
33500   0.57742    0.03824    0.05395    0.02161      0.45560      0.08023      0.02805      0.45771      0.08223      
33600   0.57113    0.03819    0.05392    0.02070      0.45017      0.08154      0.02520      0.45736      0.08569      
33700   0.57446    0.03806    0.05384    0.02193      0.45281      0.07812      0.02438      0.45782      0.08062      
33800   0.57611    0.03798    0.05375    0.02052      0.45596      0.07894      0.02377      0.45771      0.08397      
33900   0.56949    0.03797    0.05371    0.02057      0.44934      0.07903      0.02477      0.45734      0.08095      
34000   0.57258    0.03787    0.05366    0.02136      0.45183      0.07851      0.02488      0.45685      0.08049      
34100   0.57513    0.03790    0.05364    0.02117      0.45448      0.07937      0.02498      0.45571      0.08299      
34200   0.56855    0.03792    0.05363    0.02059      0.44845      0.07964      0.02543      0.45508      0.08150      
34300   0.57161    0.03781    0.05356    0.02165      0.45068      0.07916      0.02386      0.45469      0.08190      
34400   0.57411    0.03769    0.05349    0.02085      0.45395      0.08136      0.02487      0.45529      0.08269      
34500   0.56815    0.03764    0.05341    0.02048      0.44873      0.07884      0.02436      0.45555      0.07944      
34600   0.57098    0.03760    0.05333    0.02221      0.44988      0.07950      0.02335      0.45418      0.08137      
34700   0.57295    0.03760    0.05335    0.02099      0.45305      0.07972      0.02444      0.45380      0.08171      
34800   0.56707    0.03758    0.05333    0.01991      0.44823      0.08015      0.02454      0.45435      0.08107      
34900   0.57011    0.03755    0.05328    0.02174      0.44962      0.07922      0.02495      0.45388      0.08021      
35000   0.57201    0.03753    0.05323    0.02071      0.45246      0.08081      0.02526      0.45311      0.08348      
35100   0.56674    0.03743    0.05318    0.02073      0.44745      0.07948      0.02553      0.45302      0.08223      
35200   0.56901    0.03740    0.05317    0.02124      0.44919      0.08013      0.02333      0.45351      0.08398      
35300   0.57146    0.03733    0.05313    0.02027      0.45270      0.08035      0.02477      0.45371      0.08025      
35400   0.56547    0.03723    0.05309    0.02032      0.44689      0.07944      0.02401      0.45282      0.08143      
35500   0.56815    0.03711    0.05304    0.02195      0.44836      0.07685      0.02450      0.45226      0.08348      
35600   0.56985    0.03712    0.05302    0.01994      0.45186      0.07908      0.02280      0.45324      0.08378      
35700   0.56465    0.03720    0.05301    0.02023      0.44648      0.07719      0.02403      0.45330      0.07864      
35800   0.56775    0.03714    0.05293    0.02130      0.44884      0.07536      0.02392      0.45280      0.07989      
35900   0.56927    0.03704    0.05286    0.02020      0.45124      0.07927      0.02374      0.45290      0.08436      
36000   0.56358    0.03700    0.05283    0.02004      0.44585      0.07856      0.02519      0.45296      0.08001      
36100   0.56640    0.03685    0.05271    0.02103      0.44826      0.07544      0.02479      0.45233      0.08040      
36200   0.56856    0.03680    0.05269    0.02066      0.45063      0.07774      0.02578      0.45196      0.07868      
36300   0.56303    0.03673    0.05264    0.02006      0.44574      0.07852      0.02542      0.45249      0.07967      
36400   0.56644    0.03664    0.05259    0.02103      0.44843      0.07751      0.02420      0.45271      0.08475      
36500   0.56769    0.03659    0.05254    0.02022      0.45073      0.07614      0.02564      0.45257      0.08041      
36600   0.56275    0.03653    0.05245    0.01992      0.44590      0.07944      0.02535      0.45324      0.08246      
36700   0.56548    0.03652    0.05238    0.02122      0.44768      0.07674      0.02318      0.45264      0.08348      
36800   0.56773    0.03651    0.05239    0.02015      0.45096      0.07715      0.02346      0.45239      0.08296      
36900   0.56213    0.03648    0.05239    0.02062      0.44492      0.07726      0.02342      0.45210      0.08202      
37000   0.56482    0.03647    0.05238    0.02135      0.44710      0.07527      0.02337      0.45202      0.08047      
37100   0.56736    0.03638    0.05229    0.01975      0.45094      0.08002      0.02322      0.45196      0.08228      
37200   0.56134    0.03639    0.05231    0.02086      0.44390      0.07881      0.02360      0.45083      0.08470      
37300   0.56432    0.03638    0.05227    0.02113      0.44698      0.07556      0.02194      0.45157      0.08198      
37400   0.56632    0.03624    0.05219    0.02024      0.44981      0.07845      0.02343      0.45111      0.08247      
37500   0.56037    0.03627    0.05216    0.01975      0.44429      0.07903      0.02370      0.45140      0.08141      
37600   0.56352    0.03622    0.05212    0.02139      0.44623      0.07558      0.02335      0.45064      0.08110      
37700   0.56535    0.03611    0.05205    0.02059      0.44901      0.07601      0.02526      0.45000      0.08172      
37800   0.55945    0.03604    0.05199    0.02007      0.44358      0.07777      0.02314      0.45037      0.08462      
37900   0.56331    0.03598    0.05195    0.02164      0.44613      0.07614      0.02460      0.45027      0.08277      
38000   0.56458    0.03592    0.05196    0.02013      0.44906      0.07507      0.02439      0.45055      0.08318      
38100   0.55932    0.03593    0.05193    0.02012      0.44365      0.07696      0.02301      0.45053      0.08556      
38200   0.56263    0.03582    0.05187    0.02154      0.44602      0.07384      0.02392      0.45019      0.08200      
38300   0.56406    0.03575    0.05183    0.02003      0.44872      0.07713      0.02353      0.44985      0.08247      
38400   0.55827    0.03570    0.05178    0.02026      0.44285      0.07679      0.02378      0.44955      0.08266      
38500   0.56171    0.03565    0.05174    0.02129      0.44555      0.07483      0.02350      0.44940      0.08158      
38600   0.56335    0.03553    0.05171    0.01989      0.44842      0.07790      0.02324      0.44951      0.08302      
38700   0.55762    0.03557    0.05172    0.01967      0.44286      0.07804      0.02287      0.44980      0.08057      
38800   0.56152    0.03541    0.05161    0.02107      0.44610      0.07327      0.02354      0.45017      0.08128      
38900   0.56322    0.03548    0.05163    0.02030      0.44807      0.07739      0.02333      0.44945      0.08471      
39000   0.55747    0.03537    0.05155    0.02047      0.44247      0.07621      0.02298      0.44951      0.08223      
39100   0.56054    0.03530    0.05152    0.02129      0.44475      0.07681      0.02184      0.44861      0.08557      
39200   0.56207    0.03530    0.05151    0.02040      0.44723      0.07629      0.02324      0.44845      0.08213      
39300   0.55627    0.03525    0.05145    0.02015      0.44188      0.07542      0.02274      0.44886      0.08389      
39400   0.55908    0.03518    0.05142    0.02120      0.44388      0.07398      0.02215      0.44879      0.08072      
39500   0.56162    0.03518    0.05139    0.01994      0.44737      0.07752      0.02324      0.44808      0.08335      
39600   0.55619    0.03509    0.05134    0.02046      0.44161      0.07678      0.02272      0.44768      0.08397      
39700   0.55893    0.03504    0.05131    0.02153      0.44348      0.07564      0.02363      0.44761      0.08745      
39800   0.56067    0.03495    0.05125    0.01976      0.44706      0.07644      0.02323      0.44845      0.08830      
39900   0.55512    0.03486    0.05120    0.02003      0.44137      0.07660      0.02298      0.44803      0.08388      
40000   0.55816    0.03486    0.05120    0.02145      0.44332      0.07328      0.02306      0.44766      0.08378      
40100   0.56029    0.03488    0.05122    0.01986      0.44680      0.07534      0.02296      0.44775      0.08357      
40200   0.55538    0.03488    0.05120    0.02108      0.44061      0.07604      0.02360      0.44684      0.08506      
40300   0.55764    0.03486    0.05119    0.02127      0.44285      0.07476      0.02262      0.44765      0.08551      
40400   0.55946    0.03482    0.05113    0.01979      0.44612      0.07601      0.02276      0.44738      0.08671      
40500   0.55448    0.03469    0.05107    0.02011      0.44089      0.07725      0.02281      0.44782      0.08623      
40600   0.55731    0.03468    0.05103    0.02091      0.44310      0.07586      0.02183      0.44775      0.08756      
40700   0.55916    0.03462    0.05101    0.01931      0.44641      0.07804      0.02257      0.44787      0.08613      
40800   0.55394    0.03457    0.05101    0.01963      0.44101      0.07713      0.02230      0.44749      0.08581      
40900   0.55720    0.03464    0.05102    0.02073      0.44332      0.07482      0.02277      0.44762      0.08510      
41000   0.55860    0.03461    0.05101    0.01939      0.44589      0.07683      0.02224      0.44695      0.08847      
41100   0.55334    0.03456    0.05099    0.02014      0.43998      0.07669      0.02356      0.44711      0.08239      
41200   0.55629    0.03455    0.05098    0.02084      0.44244      0.07482      0.02213      0.44706      0.08260      
41300   0.55812    0.03443    0.05089    0.01979      0.44542      0.07582      0.02310      0.44670      0.08401      
41400   0.55221    0.03440    0.05087    0.01997      0.43952      0.07440      0.02289      0.44671      0.08208      
41500   0.55593    0.03429    0.05082    0.02150      0.44167      0.07653      0.02273      0.44599      0.08661      
41600   0.55713    0.03427    0.05081    0.01961      0.44487      0.07570      0.02347      0.44610      0.08284      
41700   0.55200    0.03427    0.05080    0.01963      0.43983      0.07464      0.02330      0.44686      0.08034      
41800   0.55470    0.03421    0.05079    0.02131      0.44100      0.07389      0.02274      0.44563      0.08343      
41900   0.55644    0.03425    0.05076    0.02010      0.44388      0.07449      0.02293      0.44564      0.08467      
42000   0.55136    0.03429    0.05079    0.02059      0.43833      0.07365      0.02289      0.44517      0.08548      
42100   0.55428    0.03421    0.05073    0.02133      0.44075      0.07268      0.02305      0.44517      0.08734      
42200   0.55581    0.03421    0.05070    0.01976      0.44373      0.07414      0.02329      0.44522      0.08835      
42300   0.55052    0.03418    0.05071    0.02019      0.43801      0.07440      0.02228      0.44528      0.08820      
42400   0.55399    0.03409    0.05067    0.02116      0.44074      0.07329      0.02172      0.44532      0.08841      
42500   0.55547    0.03406    0.05064    0.01928      0.44416      0.07326      0.02148      0.44542      0.08901      
42600   0.54997    0.03403    0.05062    0.02047      0.43756      0.07293      0.02196      0.44474      0.08860      
42700   0.55334    0.03401    0.05058    0.02108      0.44032      0.07354      0.02166      0.44504      0.09244      
42800   0.55494    0.03398    0.05055    0.01975      0.44324      0.07422      0.02281      0.44470      0.09197      
42900   0.54974    0.03405    0.05057    0.02021      0.43743      0.07482      0.02199      0.44485      0.08876      
43000   0.55243    0.03396    0.05054    0.02074      0.43990      0.07300      0.02175      0.44517      0.08923      
43100   0.55432    0.03399    0.05052    0.01932      0.44310      0.07392      0.02174      0.44511      0.08787      
43200   0.54937    0.03392    0.05046    0.01983      0.43753      0.07634      0.02249      0.44459      0.08977      
43300   0.55213    0.03392    0.05045    0.02063      0.43976      0.07372      0.02147      0.44462      0.09150      
43400   0.55385    0.03387    0.05042    0.01938      0.44276      0.07420      0.02313      0.44431      0.08957      
43500   0.54875    0.03381    0.05041    0.01964      0.43723      0.07658      0.02217      0.44454      0.08860      
43600   0.55163    0.03368    0.05033    0.02053      0.43971      0.07387      0.02149      0.44455      0.08818      
43700   0.55284    0.03373    0.05034    0.01890      0.44242      0.07449      0.02208      0.44425      0.08840      
43800   0.54851    0.03367    0.05029    0.01986      0.43706      0.07616      0.02303      0.44408      0.08749      
43900   0.55134    0.03363    0.05027    0.02059      0.43931      0.07545      0.02198      0.44393      0.08809      
44000   0.55300    0.03366    0.05027    0.01918      0.44250      0.07395      0.02299      0.44375      0.08989      
44100   0.54799    0.03362    0.05025    0.01964      0.43692      0.07555      0.02333      0.44413      0.08865      
44200   0.55160    0.03363    0.05026    0.02133      0.43899      0.07379      0.02296      0.44373      0.09060      
44300   0.55292    0.03358    0.05023    0.01944      0.44206      0.07609      0.02284      0.44352      0.08772      
44400   0.54738    0.03354    0.05022    0.01968      0.43650      0.07436      0.02303      0.44334      0.08969      
44500   0.55095    0.03353    0.05020    0.02063      0.43934      0.07261      0.02223      0.44378      0.08833      
44600   0.55212    0.03343    0.05015    0.01937      0.44187      0.07301      0.02294      0.44348      0.09109      
44700   0.54723    0.03348    0.05015    0.01962      0.43648      0.07503      0.02292      0.44347      0.09093      
44800   0.55090    0.03341    0.05011    0.02082      0.43929      0.07266      0.02190      0.44328      0.09256      
44900   0.55188    0.03335    0.05010    0.01902      0.44190      0.07497      0.02146      0.44318      0.09387      
45000   0.54675    0.03335    0.05006    0.01965      0.43627      0.07421      0.02164      0.44322      0.09309      
45100   0.55035    0.03330    0.05003    0.02046      0.43905      0.07510      0.02086      0.44379      0.09475      
45200   0.55157    0.03325    0.04998    0.01883      0.44211      0.07409      0.02162      0.44400      0.09204      
45300   0.54631    0.03324    0.04998    0.01972      0.43568      0.07697      0.02187      0.44347      0.09125      
45400   0.54956    0.03326    0.04996    0.02033      0.43857      0.07443      0.02082      0.44341      0.09425      
45500   0.55091    0.03320    0.04992    0.01881      0.44157      0.07399      0.02073      0.44311      0.09562      
45600   0.54586    0.03312    0.04986    0.01934      0.43603      0.07507      0.02118      0.44324      0.09121      
45700   0.54911    0.03306    0.04986    0.02108      0.43778      0.07322      0.02148      0.44284      0.09319      
45800   0.55083    0.03307    0.04988    0.01909      0.44156      0.07225      0.02179      0.44308      0.08933      
45900   0.54540    0.03308    0.04988    0.01942      0.43551      0.07517      0.02161      0.44287      0.09511      
46000   0.54883    0.03306    0.04985    0.02036      0.43837      0.07176      0.02064      0.44324      0.09625      
46100   0.55014    0.03298    0.04982    0.01897      0.44094      0.07417      0.02080      0.44264      0.09688      
46200   0.54507    0.03301    0.04981    0.01945      0.43527      0.07519      0.02134      0.44285      0.09423      
46300   0.54842    0.03298    0.04981    0.02057      0.43770      0.07360      0.02147      0.44234      0.09679      
46400   0.54989    0.03300    0.04982    0.01952      0.44016      0.07399      0.02189      0.44166      0.09640      
46500   0.54464    0.03294    0.04979    0.01948      0.43502      0.07410      0.02113      0.44200      0.09311      
46600   0.54781    0.03287    0.04976    0.02074      0.43736      0.07069      0.02111      0.44189      0.09408      
46700   0.54914    0.03289    0.04975    0.01893      0.44020      0.07377      0.02110      0.44128      0.09423      
46800   0.54414    0.03285    0.04971    0.01964      0.43440      0.07543      0.02080      0.44127      0.09504      
46900   0.54778    0.03278    0.04967    0.02067      0.43737      0.07285      0.02053      0.44152      0.09826      
47000   0.54893    0.03275    0.04966    0.01872      0.44044      0.07357      0.02021      0.44192      0.09738      
47100   0.54375    0.03274    0.04964    0.01889      0.43499      0.07489      0.01981      0.44217      0.09699      
47200   0.54725    0.03278    0.04964    0.02053      0.43696      0.07349      0.01999      0.44161      0.10023      
47300   0.54866    0.03275    0.04960    0.01901      0.43991      0.07390      0.02036      0.44137      0.09741      
47400   0.54316    0.03268    0.04958    0.01883      0.43439      0.07688      0.01989      0.44183      0.09807      
47500   0.54644    0.03266    0.04956    0.01979      0.43703      0.07397      0.01958      0.44202      0.09885      
47600   0.54834    0.03257    0.04952    0.01882      0.43992      0.07505      0.02041      0.44133      0.09647      
47700   0.54289    0.03263    0.04951    0.01917      0.43404      0.07534      0.02005      0.44151      0.09654      
47800   0.54609    0.03258    0.04948    0.02070      0.43614      0.07191      0.02032      0.44115      0.09455      
47900   0.54770    0.03256    0.04949    0.01879      0.43955      0.07306      0.02000      0.44124      0.09676      
48000   0.54223    0.03249    0.04943    0.01911      0.43365      0.07553      0.02005      0.44138      0.09641      
48100   0.54558    0.03246    0.04940    0.02056      0.43585      0.07312      0.02011      0.44084      0.09370      
48200   0.54737    0.03241    0.04937    0.01894      0.43930      0.07353      0.02027      0.44120      0.09729      
48300   0.54182    0.03247    0.04938    0.01890      0.43353      0.07547      0.01986      0.44121      0.09713      
48400   0.54497    0.03239    0.04935    0.02020      0.43564      0.07389      0.02014      0.44057      0.09774      
48500   0.54639    0.03228    0.04928    0.01903      0.43844      0.07359      0.02058      0.44048      0.09719      
48600   0.54104    0.03229    0.04925    0.01912      0.43284      0.07554      0.02129      0.44032      0.09775      
48700   0.54484    0.03234    0.04924    0.02025      0.43567      0.07329      0.01991      0.44037      0.09582      
48800   0.54620    0.03230    0.04923    0.01861      0.43873      0.07318      0.02041      0.44017      0.09762      
48900   0.54100    0.03228    0.04923    0.01886      0.43310      0.07529      0.02005      0.44021      0.10109      
49000   0.54460    0.03224    0.04922    0.02021      0.43563      0.07297      0.02027      0.44060      0.09624      
49100   0.54568    0.03222    0.04921    0.01872      0.43817      0.07359      0.02024      0.44014      0.09840      
49200   0.54049    0.03221    0.04919    0.01915      0.43251      0.07417      0.02054      0.43990      0.09796      
49300   0.54419    0.03223    0.04920    0.02030      0.43521      0.07264      0.02002      0.43990      0.09643      
49400   0.54541    0.03221    0.04916    0.01813      0.43864      0.07271      0.01991      0.43993      0.09948      
49500   0.54035    0.03215    0.04914    0.01882      0.43272      0.07511      0.02034      0.44001      0.09709      
49600   0.54400    0.03222    0.04916    0.02007      0.43510      0.07458      0.02054      0.43984      0.09710      
49700   0.54491    0.03221    0.04914    0.01857      0.43774      0.07239      0.02096      0.43961      0.09488      
49800   0.54029    0.03215    0.04910    0.01919      0.43244      0.07399      0.02058      0.43961      0.09214      
49900   0.54408    0.03213    0.04909    0.02018      0.43536      0.07321      0.02025      0.43984      0.09559      
50000   0.54451    0.03210    0.04907    0.01844      0.43775      0.07148      0.02062      0.43985      0.09701      
50100   0.53969    0.03209    0.04906    0.01914      0.43187      0.07529      0.02030      0.43961      0.09629      
50200   0.54348    0.03196    0.04901    0.02022      0.43510      0.07186      0.02008      0.43976      0.09676      
50300   0.54405    0.03196    0.04899    0.01831      0.43756      0.07237      0.02046      0.43990      0.09884      
50400   0.53919    0.03195    0.04896    0.01866      0.43209      0.07522      0.01990      0.44031      0.09943      
50500   0.54302    0.03201    0.04898    0.01979      0.43500      0.07232      0.01968      0.43993      0.09796      
50600   0.54389    0.03195    0.04894    0.01848      0.43726      0.07254      0.02012      0.43948      0.09403      
50700   0.53909    0.03192    0.04893    0.01910      0.43160      0.07541      0.02013      0.43983      0.09424      
50800   0.54314    0.03196    0.04895    0.01990      0.43504      0.07304      0.01988      0.44043      0.09500      
50900   0.54360    0.03192    0.04893    0.01810      0.43753      0.07120      0.01996      0.44025      0.09573      
51000   0.53854    0.03187    0.04889    0.01850      0.43165      0.07633      0.01967      0.44042      0.09400      
51100   0.54278    0.03177    0.04884    0.02003      0.43481      0.07336      0.02041      0.44008      0.09249      
51200   0.54338    0.03174    0.04884    0.01818      0.43731      0.07315      0.01994      0.43940      0.09472      
51300   0.53842    0.03173    0.04880    0.01893      0.43133      0.07621      0.02082      0.43951      0.09436      
51400   0.54230    0.03167    0.04877    0.02028      0.43426      0.07311      0.02042      0.43922      0.09522      
51500   0.54293    0.03163    0.04876    0.01809      0.43728      0.07172      0.02002      0.43961      0.09641      
51600   0.53784    0.03156    0.04872    0.01877      0.43127      0.07514      0.02085      0.43965      0.09332      
51700   0.54170    0.03156    0.04871    0.01998      0.43409      0.07365      0.02061      0.43966      0.09290      
51800   0.54281    0.03160    0.04874    0.01822      0.43681      0.07443      0.02061      0.43940      0.09217      
51900   0.53772    0.03159    0.04873    0.01848      0.43124      0.07698      0.02033      0.43989      0.09396      
52000   0.54158    0.03155    0.04871    0.02017      0.43389      0.07268      0.02087      0.43882      0.09180      
52100   0.54208    0.03153    0.04872    0.01805      0.43650      0.07295      0.02058      0.43888      0.09452      
52200   0.53710    0.03152    0.04870    0.01882      0.43059      0.07462      0.02136      0.43875      0.09269      
52300   0.54124    0.03146    0.04867    0.01991      0.43387      0.07336      0.01974      0.43906      0.09505      
52400   0.54175    0.03150    0.04867    0.01821      0.43620      0.07175      0.02025      0.43882      0.09306      
52500   0.53691    0.03147    0.04865    0.01890      0.43047      0.07426      0.01970      0.43908      0.09052      
52600   0.54101    0.03142    0.04861    0.01958      0.43414      0.07243      0.01940      0.43904      0.09254      
52700   0.54150    0.03144    0.04861    0.01782      0.43628      0.07343      0.02010      0.43904      0.09257      
52800   0.53650    0.03147    0.04862    0.01862      0.43030      0.07501      0.02056      0.43840      0.09108      
52900   0.54104    0.03143    0.04860    0.01992      0.43383      0.07257      0.01959      0.43836      0.09142      
53000   0.54123    0.03136    0.04855    0.01824      0.43578      0.07293      0.02020      0.43807      0.09301      
53100   0.53626    0.03135    0.04854    0.01892      0.42993      0.07510      0.02092      0.43837      0.08946      
53200   0.54046    0.03130    0.04853    0.02010      0.43339      0.07143      0.02006      0.43832      0.08976      
53300   0.54068    0.03122    0.04848    0.01864      0.43519      0.07150      0.02080      0.43793      0.09138      
53400   0.53597    0.03124    0.04847    0.01910      0.42968      0.07480      0.02012      0.43807      0.09304      
53500   0.54004    0.03120    0.04844    0.02040      0.43274      0.07254      0.02023      0.43820      0.09250      
53600   0.54039    0.03117    0.04843    0.01848      0.43525      0.07060      0.02045      0.43832      0.09183      
53700   0.53552    0.03114    0.04841    0.01902      0.42952      0.07429      0.02085      0.43808      0.08966      
53800   0.53980    0.03114    0.04838    0.02014      0.43300      0.07141      0.01975      0.43813      0.08972      
53900   0.53994    0.03114    0.04838    0.01821      0.43507      0.07147      0.02036      0.43811      0.09143      
54000   0.53532    0.03106    0.04835    0.01878      0.42970      0.07430      0.02053      0.43858      0.09152      
54100   0.53962    0.03102    0.04832    0.02002      0.43303      0.07239      0.01969      0.43785      0.09368      
54200   0.53973    0.03105    0.04833    0.01840      0.43497      0.06969      0.02078      0.43767      0.09215      
54300   0.53485    0.03103    0.04833    0.01870      0.42935      0.07424      0.02006      0.43824      0.09232      
54400   0.53920    0.03103    0.04832    0.01986      0.43284      0.07154      0.01962      0.43828      0.09197      
54500   0.53906    0.03100    0.04831    0.01791      0.43459      0.07254      0.02098      0.43809      0.09072      
54600   0.53460    0.03104    0.04830    0.01885      0.42900      0.07408      0.02059      0.43789      0.08985      
54700   0.53900    0.03097    0.04829    0.02006      0.43239      0.07291      0.02037      0.43764      0.08815      
54800   0.53921    0.03091    0.04825    0.01857      0.43441      0.07068      0.02080      0.43733      0.08980      
54900   0.53447    0.03090    0.04824    0.01878      0.42919      0.07370      0.02032      0.43764      0.08900      
55000   0.53903    0.03092    0.04824    0.02059      0.43207      0.07205      0.02086      0.43741      0.08947      
55100   0.53866    0.03092    0.04824    0.01800      0.43440      0.07106      0.02013      0.43774      0.09257      
55200   0.53428    0.03091    0.04822    0.01897      0.42865      0.07529      0.02004      0.43716      0.09382      
55300   0.53833    0.03086    0.04821    0.01980      0.43219      0.07279      0.01926      0.43744      0.09471      
55400   0.53862    0.03090    0.04822    0.01784      0.43444      0.07219      0.01955      0.43753      0.09115      
55500   0.53399    0.03085    0.04820    0.01876      0.42867      0.07513      0.02016      0.43736      0.09301      
55600   0.53789    0.03086    0.04821    0.01992      0.43169      0.07211      0.01921      0.43706      0.09376      
55700   0.53857    0.03080    0.04818    0.01833      0.43413      0.07133      0.01989      0.43687      0.09566      
55800   0.53376    0.03076    0.04816    0.01891      0.42828      0.07649      0.01963      0.43709      0.09569      
55900   0.53770    0.03082    0.04818    0.01961      0.43179      0.07293      0.01900      0.43697      0.09461      
56000   0.53818    0.03074    0.04815    0.01819      0.43394      0.07154      0.01996      0.43663      0.09410      
56100   0.53359    0.03072    0.04813    0.01897      0.42829      0.07491      0.01941      0.43653      0.09323      
56200   0.53728    0.03071    0.04810    0.01984      0.43142      0.07203      0.01937      0.43659      0.09226      
56300   0.53811    0.03069    0.04808    0.01832      0.43392      0.07086      0.02006      0.43635      0.09172      
56400   0.53325    0.03070    0.04807    0.01862      0.42839      0.07469      0.01972      0.43637      0.08995      
56500   0.53734    0.03066    0.04806    0.02001      0.43137      0.07239      0.01957      0.43639      0.09103      
56600   0.53825    0.03064    0.04806    0.01805      0.43434      0.07158      0.01940      0.43710      0.09352      
56700   0.53300    0.03062    0.04804    0.01889      0.42809      0.07348      0.01979      0.43639      0.09328      
56800   0.53723    0.03057    0.04803    0.02000      0.43147      0.07153      0.01974      0.43642      0.09315      
56900   0.53773    0.03055    0.04803    0.01803      0.43401      0.07108      0.01940      0.43626      0.09141      
57000   0.53250    0.03057    0.04802    0.01867      0.42784      0.07392      0.01948      0.43653      0.09275      
57100   0.53656    0.03056    0.04802    0.01971      0.43115      0.07116      0.01938      0.43656      0.09051      
57200   0.53768    0.03059    0.04802    0.01800      0.43388      0.07184      0.01888      0.43650      0.09413      
57300   0.53221    0.03053    0.04801    0.01870      0.42772      0.07248      0.01915      0.43641      0.09220      
57400   0.53636    0.03046    0.04799    0.01990      0.43080      0.07216      0.01964      0.43632      0.09391      
57500   0.53732    0.03049    0.04797    0.01803      0.43373      0.07096      0.01950      0.43658      0.09452      
57600   0.53169    0.03053    0.04799    0.01875      0.42726      0.07178      0.01954      0.43647      0.09372      
57700   0.53589    0.03050    0.04797    0.01918      0.43103      0.07214      0.01874      0.43667      0.09434      
57800   0.53701    0.03046    0.04794    0.01808      0.43351      0.07014      0.01987      0.43623      0.09445      
57900   0.53146    0.03045    0.04796    0.01860      0.42717      0.07285      0.01954      0.43586      0.09596      
58000   0.53584    0.03043    0.04794    0.01970      0.43063      0.07151      0.01894      0.43585      0.09633      
58100   0.53671    0.03039    0.04792    0.01805      0.43332      0.07028      0.01934      0.43580      0.09670      
58200   0.53127    0.03044    0.04793    0.01851      0.42722      0.07167      0.01916      0.43563      0.09634      
58300   0.53570    0.03044    0.04794    0.01983      0.43017      0.07319      0.01901      0.43548      0.09669      
58400   0.53663    0.03045    0.04793    0.01814      0.43299      0.07122      0.01934      0.43547      0.09547      
58500   0.53113    0.03045    0.04792    0.01837      0.42697      0.07423      0.01919      0.43560      0.09821      
58600   0.53547    0.03046    0.04791    0.01947      0.43049      0.07147      0.01893      0.43593      0.09741      
58700   0.53646    0.03046    0.04790    0.01799      0.43303      0.07083      0.01932      0.43583      0.09719      
58800   0.53117    0.03040    0.04785    0.01857      0.42696      0.07385      0.01950      0.43577      0.09687      
58900   0.53538    0.03035    0.04784    0.01962      0.43057      0.07008      0.01909      0.43582      0.09468      
59000   0.53624    0.03034    0.04783    0.01795      0.43306      0.07053      0.01930      0.43587      0.09410      
59100   0.53074    0.03035    0.04785    0.01853      0.42665      0.07365      0.01907      0.43545      0.09519      
59200   0.53520    0.03037    0.04783    0.01987      0.43013      0.07003      0.01928      0.43515      0.09330      
59300   0.53594    0.03032    0.04782    0.01792      0.43276      0.07109      0.01906      0.43523      0.09446      
59400   0.53045    0.03029    0.04780    0.01839      0.42667      0.07317      0.01947      0.43547      0.09556      
59500   0.53462    0.03027    0.04779    0.01944      0.43007      0.07055      0.01925      0.43566      0.09337      
59600   0.53566    0.03023    0.04778    0.01807      0.43252      0.07052      0.02009      0.43560      0.09259      
59700   0.53025    0.03020    0.04778    0.01887      0.42608      0.07320      0.02024      0.43495      0.09024      
59800   0.53454    0.03020    0.04778    0.01997      0.42954      0.07050      0.01989      0.43501      0.09043      
59900   0.53541    0.03019    0.04776    0.01768      0.43264      0.07136      0.01973      0.43530      0.09127      
60000   0.52997    0.03013    0.04775    0.01841      0.42627      0.07408      0.01941      0.43511      0.09224      
60100   0.53428    0.03014    0.04774    0.01938      0.42984      0.07195      0.01937      0.43509      0.09140      
60200   0.53509    0.03010    0.04772    0.01785      0.43228      0.07135      0.01986      0.43475      0.08927      
60300   0.52985    0.03008    0.04773    0.01844      0.42632      0.07292      0.01976      0.43469      0.08873      
60400   0.53385    0.03009    0.04772    0.01980      0.42914      0.07099      0.02016      0.43459      0.08703      
60500   0.53484    0.03009    0.04772    0.01772      0.43218      0.07134      0.02085      0.43455      0.08806      
60600   0.52950    0.03006    0.04770    0.01851      0.42592      0.07316      0.02025      0.43440      0.08815      
60700   0.53354    0.03006    0.04772    0.01977      0.42883      0.07155      0.02018      0.43420      0.08975      
60800   0.53465    0.03004    0.04770    0.01764      0.43215      0.07122      0.02018      0.43428      0.08998      
60900   0.52947    0.03003    0.04769    0.01826      0.42599      0.07495      0.01995      0.43471      0.08952      
61000   0.53321    0.02999    0.04768    0.01927      0.42909      0.07187      0.01957      0.43449      0.08961      
61100   0.53430    0.02999    0.04768    0.01764      0.43188      0.07107      0.02003      0.43452      0.08921      
61200   0.52916    0.02999    0.04767    0.01828      0.42587      0.07357      0.01975      0.43445      0.08837      
61300   0.53323    0.02997    0.04765    0.01941      0.42886      0.07339      0.01926      0.43447      0.08944      
61400   0.53428    0.02995    0.04763    0.01782      0.43177      0.07102      0.01961      0.43449      0.08949      
61500   0.52879    0.02993    0.04761    0.01849      0.42542      0.07333      0.01959      0.43429      0.09049      
61600   0.53303    0.02990    0.04760    0.01904      0.42934      0.07146      0.01895      0.43474      0.09034      
61700   0.53411    0.02990    0.04759    0.01752      0.43202      0.07084      0.01944      0.43458      0.09000      
61800   0.52858    0.02985    0.04757    0.01821      0.42562      0.07324      0.01943      0.43450      0.09071      
61900   0.53277    0.02984    0.04755    0.01915      0.42897      0.07257      0.01970      0.43461      0.08992      
62000   0.53378    0.02983    0.04754    0.01756      0.43167      0.07175      0.01980      0.43445      0.08976      
62100   0.52848    0.02984    0.04754    0.01831      0.42538      0.07414      0.02035      0.43418      0.08997      
62200   0.53284    0.02980    0.04752    0.01950      0.42881      0.07208      0.02018      0.43430      0.09160      
62300   0.53352    0.02977    0.04750    0.01760      0.43159      0.07060      0.01984      0.43429      0.08906      
62400   0.52838    0.02975    0.04749    0.01814      0.42560      0.07400      0.01995      0.43402      0.09038      
62500   0.53248    0.02975    0.04749    0.01912      0.42894      0.07179      0.01945      0.43435      0.09048      
62600   0.53329    0.02972    0.04748    0.01756      0.43141      0.07110      0.01968      0.43419      0.09125      
62700   0.52831    0.02973    0.04748    0.01815      0.42558      0.07368      0.01970      0.43418      0.08972      
62800   0.53235    0.02966    0.04746    0.01939      0.42869      0.07151      0.01937      0.43398      0.08941      
62900   0.53293    0.02965    0.04746    0.01739      0.43126      0.07163      0.02007      0.43387      0.08996      
63000   0.52798    0.02963    0.04745    0.01833      0.42510      0.07476      0.02014      0.43359      0.09107      
63100   0.53212    0.02962    0.04742    0.01930      0.42859      0.07188      0.01909      0.43341      0.09105      
63200   0.53295    0.02961    0.04743    0.01739      0.43146      0.07074      0.01947      0.43345      0.08954      
63300   0.52775    0.02960    0.04743    0.01821      0.42506      0.07450      0.01995      0.43325      0.08881      
63400   0.53194    0.02958    0.04740    0.01922      0.42845      0.07286      0.01968      0.43342      0.08964      
63500   0.53275    0.02957    0.04739    0.01774      0.43092      0.07131      0.01996      0.43327      0.08963      
63600   0.52764    0.02960    0.04738    0.01839      0.42489      0.07367      0.02017      0.43314      0.08846      
63700   0.53178    0.02959    0.04738    0.01951      0.42810      0.07195      0.01982      0.43298      0.08954      
63800   0.53250    0.02959    0.04738    0.01753      0.43098      0.07022      0.02008      0.43306      0.08903      
63900   0.52738    0.02954    0.04733    0.01824      0.42488      0.07387      0.01997      0.43260      0.08909      
64000   0.53161    0.02954    0.04732    0.01935      0.42828      0.07125      0.01979      0.43285      0.08973      
64100   0.53230    0.02952    0.04732    0.01774      0.43062      0.07096      0.02022      0.43254      0.08907      
64200   0.52717    0.02951    0.04730    0.01814      0.42478      0.07449      0.02022      0.43282      0.08926      
64300   0.53144    0.02953    0.04730    0.01927      0.42821      0.07128      0.01997      0.43287      0.08818      
64400   0.53204    0.02953    0.04729    0.01771      0.43048      0.07030      0.01996      0.43292      0.08972      
64500   0.52689    0.02950    0.04727    0.01811      0.42464      0.07378      0.02009      0.43275      0.08904      
64600   0.53126    0.02947    0.04725    0.01951      0.42792      0.07106      0.02003      0.43296      0.08835      
64700   0.53193    0.02946    0.04724    0.01747      0.43068      0.07087      0.01943      0.43272      0.08989      
64800   0.52668    0.02942    0.04723    0.01821      0.42450      0.07316      0.01929      0.43273      0.09083      
64900   0.53083    0.02942    0.04723    0.01912      0.42796      0.07097      0.01912      0.43265      0.09042      
65000   0.53171    0.02943    0.04724    0.01761      0.43048      0.06947      0.01955      0.43273      0.09022      
65100   0.52642    0.02940    0.04723    0.01833      0.42419      0.07263      0.01970      0.43248      0.09122      
65200   0.53073    0.02942    0.04723    0.01938      0.42758      0.07112      0.01921      0.43272      0.09132      
65300   0.53146    0.02940    0.04724    0.01742      0.43036      0.07037      0.01918      0.43275      0.09176      
65400   0.52631    0.02938    0.04721    0.01801      0.42430      0.07409      0.01940      0.43273      0.09280      
65500   0.53045    0.02937    0.04722    0.01932      0.42731      0.07228      0.01941      0.43252      0.09226      
65600   0.53137    0.02938    0.04721    0.01755      0.43017      0.07060      0.01954      0.43224      0.09310      
65700   0.52614    0.02937    0.04719    0.01822      0.42399      0.07365      0.01953      0.43232      0.09344      
65800   0.53020    0.02936    0.04719    0.01931      0.42723      0.07120      0.01936      0.43251      0.09442      
65900   0.53115    0.02936    0.04719    0.01741      0.43011      0.07082      0.01941      0.43245      0.09293      
66000   0.52612    0.02938    0.04719    0.01815      0.42410      0.07312      0.01937      0.43214      0.09318      
66100   0.52994    0.02937    0.04718    0.01903      0.42718      0.07181      0.01882      0.43233      0.09380      
66200   0.53104    0.02931    0.04716    0.01737      0.43009      0.07113      0.01944      0.43250      0.09322      
66300   0.52577    0.02930    0.04716    0.01817      0.42377      0.07367      0.01942      0.43238      0.09300      
66400   0.52985    0.02930    0.04715    0.01903      0.42725      0.07122      0.01882      0.43245      0.09371      
66500   0.53083    0.02925    0.04713    0.01739      0.43003      0.07021      0.01938      0.43227      0.09389      
66600   0.52562    0.02924    0.04710    0.01815      0.42373      0.07396      0.01912      0.43248      0.09404      
66700   0.52958    0.02923    0.04710    0.01911      0.42694      0.07200      0.01925      0.43260      0.09342      
66800   0.53066    0.02921    0.04707    0.01739      0.42995      0.07042      0.01948      0.43270      0.09351      
66900   0.52574    0.02917    0.04705    0.01817      0.42394      0.07411      0.01960      0.43285      0.09389      
67000   0.52948    0.02917    0.04705    0.01908      0.42708      0.07088      0.01913      0.43279      0.09240      
67100   0.53052    0.02916    0.04706    0.01747      0.42981      0.07023      0.01955      0.43242      0.09328      
67200   0.52552    0.02915    0.04705    0.01800      0.42406      0.07266      0.01934      0.43284      0.09465      
67300   0.52943    0.02915    0.04703    0.01929      0.42690      0.07062      0.01909      0.43269      0.09462      
67400   0.53021    0.02914    0.04703    0.01742      0.42958      0.07037      0.01909      0.43222      0.09439      
67500   0.52532    0.02910    0.04701    0.01814      0.42378      0.07292      0.01935      0.43226      0.09375      
67600   0.52918    0.02912    0.04702    0.01896      0.42703      0.07051      0.01866      0.43236      0.09413      
67700   0.52993    0.02910    0.04700    0.01763      0.42922      0.06979      0.01934      0.43205      0.09402      
67800   0.52526    0.02910    0.04699    0.01833      0.42367      0.07174      0.01930      0.43212      0.09559      
67900   0.52894    0.02907    0.04698    0.01914      0.42677      0.06986      0.01933      0.43220      0.09216      
68000   0.52970    0.02903    0.04695    0.01746      0.42929      0.06975      0.01920      0.43223      0.09467      
68100   0.52508    0.02904    0.04695    0.01814      0.42367      0.07271      0.01897      0.43196      0.09545      
68200   0.52876    0.02901    0.04695    0.01925      0.42658      0.06973      0.01916      0.43182      0.09357      
68300   0.52953    0.02899    0.04693    0.01749      0.42922      0.06907      0.01932      0.43205      0.09459      
68400   0.52479    0.02897    0.04692    0.01824      0.42338      0.07283      0.01944      0.43175      0.09506      
68500   0.52883    0.02899    0.04693    0.01920      0.42672      0.06991      0.01882      0.43181      0.09571      
68600   0.52918    0.02894    0.04691    0.01749      0.42884      0.06993      0.01927      0.43175      0.09712      
68700   0.52470    0.02893    0.04690    0.01825      0.42334      0.07270      0.01890      0.43186      0.09600      
68800   0.52852    0.02887    0.04688    0.01932      0.42636      0.07091      0.01877      0.43178      0.09532      
68900   0.52918    0.02888    0.04687    0.01753      0.42892      0.06987      0.01908      0.43162      0.09468      
69000   0.52451    0.02889    0.04686    0.01815      0.42334      0.07268      0.01878      0.43162      0.09550      
69100   0.52818    0.02887    0.04684    0.01904      0.42629      0.07133      0.01864      0.43155      0.09662      
69200   0.52905    0.02884    0.04683    0.01747      0.42894      0.06967      0.01894      0.43147      0.09447      
69300   0.52435    0.02883    0.04682    0.01835      0.42317      0.07178      0.01878      0.43151      0.09578      
69400   0.52813    0.02884    0.04680    0.01915      0.42641      0.06930      0.01880      0.43178      0.09312      
69500   0.52893    0.02882    0.04680    0.01733      0.42906      0.06915      0.01880      0.43158      0.09515      
69600   0.52406    0.02879    0.04679    0.01799      0.42327      0.07221      0.01870      0.43174      0.09511      
69700   0.52785    0.02881    0.04679    0.01910      0.42617      0.06976      0.01846      0.43181      0.09472      
69800   0.52874    0.02881    0.04677    0.01719      0.42903      0.06935      0.01872      0.43194      0.09480      
69900   0.52415    0.02883    0.04677    0.01811      0.42325      0.07201      0.01862      0.43200      0.09496      
70000   0.52771    0.02882    0.04676    0.01885      0.42618      0.07103      0.01831      0.43216      0.09620      
70100   0.52877    0.02880    0.04675    0.01719      0.42906      0.06969      0.01899      0.43180      0.09579      
70200   0.52406    0.02878    0.04673    0.01791      0.42350      0.07137      0.01873      0.43192      0.09645      
70300   0.52775    0.02877    0.04671    0.01887      0.42639      0.07009      0.01838      0.43198      0.09732      
70400   0.52864    0.02877    0.04671    0.01699      0.42911      0.07063      0.01848      0.43193      0.09817      
70500   0.52366    0.02874    0.04670    0.01809      0.42304      0.07089      0.01869      0.43171      0.09880      
70600   0.52764    0.02872    0.04668    0.01916      0.42608      0.06989      0.01877      0.43164      0.09693      
70700   0.52846    0.02869    0.04668    0.01715      0.42900      0.06946      0.01842      0.43198      0.09635      
70800   0.52351    0.02868    0.04667    0.01781      0.42321      0.07146      0.01862      0.43229      0.09602      
70900   0.52770    0.02867    0.04667    0.01892      0.42641      0.07027      0.01848      0.43187      0.09743      
71000   0.52825    0.02865    0.04667    0.01733      0.42866      0.06945      0.01876      0.43152      0.09500      
71100   0.52343    0.02867    0.04667    0.01805      0.42282      0.07230      0.01858      0.43169      0.09526      
71200   0.52722    0.02868    0.04665    0.01881      0.42609      0.06981      0.01825      0.43196      0.09574      
71300   0.52819    0.02867    0.04664    0.01751      0.42842      0.06959      0.01895      0.43151      0.09648      
71400   0.52325    0.02865    0.04664    0.01796      0.42279      0.07215      0.01887      0.43184      0.09585      
71500   0.52712    0.02866    0.04664    0.01898      0.42583      0.07008      0.01861      0.43174      0.09545      
71600   0.52810    0.02864    0.04663    0.01735      0.42848      0.07002      0.01873      0.43181      0.09771      
71700   0.52308    0.02863    0.04663    0.01800      0.42267      0.07154      0.01864      0.43209      0.09747      
71800   0.52698    0.02863    0.04662    0.01884      0.42584      0.07056      0.01830      0.43190      0.09778      
71900   0.52811    0.02861    0.04660    0.01743      0.42845      0.07018      0.01875      0.43201      0.09858      
72000   0.52296    0.02862    0.04659    0.01796      0.42257      0.07220      0.01830      0.43232      0.09971      
72100   0.52683    0.02861    0.04660    0.01891      0.42568      0.07033      0.01830      0.43177      0.09862      
72200   0.52803    0.02861    0.04659    0.01743      0.42834      0.07063      0.01863      0.43134      0.09922      
72300   0.52281    0.02859    0.04658    0.01789      0.42263      0.07120      0.01834      0.43177      0.09733      
72400   0.52668    0.02857    0.04658    0.01883      0.42567      0.07044      0.01818      0.43155      0.09833      
72500   0.52776    0.02856    0.04658    0.01733      0.42835      0.06936      0.01864      0.43087      0.09810      
72600   0.52275    0.02858    0.04658    0.01804      0.42231      0.07242      0.01835      0.43128      0.09929      
72700   0.52655    0.02856    0.04658    0.01880      0.42564      0.06966      0.01810      0.43126      0.09718      
72800   0.52759    0.02853    0.04656    0.01709      0.42840      0.07007      0.01851      0.43108      0.09905      
72900   0.52253    0.02854    0.04657    0.01809      0.42206      0.07267      0.01889      0.43082      0.09917      
73000   0.52649    0.02856    0.04658    0.01889      0.42540      0.07068      0.01833      0.43086      0.09869      
73100   0.52730    0.02855    0.04658    0.01722      0.42787      0.07090      0.01860      0.43046      0.09847      
73200   0.52236    0.02855    0.04657    0.01792      0.42204      0.07268      0.01846      0.43068      0.09733      
73300   0.52633    0.02854    0.04657    0.01894      0.42526      0.07030      0.01853      0.43047      0.09764      
73400   0.52733    0.02854    0.04657    0.01724      0.42802      0.06956      0.01832      0.43049      0.09846      
73500   0.52204    0.02850    0.04655    0.01813      0.42169      0.07169      0.01847      0.43093      0.09910      
73600   0.52613    0.02851    0.04656    0.01882      0.42521      0.07032      0.01822      0.43090      0.10004      
73700   0.52727    0.02852    0.04655    0.01715      0.42804      0.07008      0.01841      0.43055      0.09909      
73800   0.52191    0.02851    0.04656    0.01777      0.42183      0.07249      0.01830      0.43053      0.09901      
73900   0.52620    0.02850    0.04655    0.01911      0.42502      0.07030      0.01830      0.43039      0.10040      
74000   0.52716    0.02850    0.04654    0.01696      0.42804      0.07119      0.01845      0.43018      0.10015      
74100   0.52176    0.02848    0.04653    0.01790      0.42161      0.07236      0.01837      0.43006      0.10086      
74200   0.52594    0.02848    0.04653    0.01891      0.42506      0.06957      0.01828      0.43022      0.10001      
74300   0.52701    0.02847    0.04652    0.01726      0.42779      0.06977      0.01851      0.43011      0.09900      
74400   0.52168    0.02847    0.04651    0.01788      0.42158      0.07237      0.01844      0.43016      0.09914      
74500   0.52572    0.02846    0.04651    0.01879      0.42487      0.07089      0.01798      0.43015      0.10100      
74600   0.52674    0.02845    0.04650    0.01718      0.42760      0.07007      0.01855      0.43021      0.10005      
74700   0.52155    0.02843    0.04650    0.01800      0.42142      0.07210      0.01858      0.43006      0.09884      
74800   0.52542    0.02841    0.04649    0.01881      0.42464      0.07070      0.01823      0.43053      0.09986      
74900   0.52668    0.02842    0.04648    0.01710      0.42771      0.06969      0.01849      0.43021      0.10043      
75000   0.52153    0.02842    0.04648    0.01782      0.42155      0.07259      0.01838      0.43015      0.10110      
75100   0.52539    0.02842    0.04648    0.01885      0.42468      0.06958      0.01814      0.43038      0.10018      
75200   0.52639    0.02841    0.04648    0.01695      0.42743      0.07113      0.01840      0.42980      0.10094      
75300   0.52136    0.02837    0.04646    0.01791      0.42135      0.07268      0.01830      0.42997      0.10018      
75400   0.52541    0.02837    0.04646    0.01890      0.42463      0.07049      0.01811      0.42988      0.10142      
75500   0.52641    0.02838    0.04646    0.01708      0.42745      0.07041      0.01831      0.43014      0.10293      
75600   0.52126    0.02837    0.04646    0.01798      0.42118      0.07264      0.01874      0.42993      0.10021      
75700   0.52523    0.02836    0.04645    0.01904      0.42431      0.07081      0.01837      0.42971      0.10047      
75800   0.52635    0.02837    0.04645    0.01722      0.42724      0.07063      0.01865      0.42955      0.10024      
75900   0.52111    0.02835    0.04645    0.01804      0.42108      0.07188      0.01845      0.43018      0.10007      
76000   0.52512    0.02834    0.04644    0.01887      0.42441      0.07049      0.01821      0.42956      0.10056      
76100   0.52612    0.02832    0.04643    0.01710      0.42711      0.07163      0.01852      0.42957      0.10247      
76200   0.52087    0.02832    0.04643    0.01785      0.42099      0.07286      0.01846      0.42973      0.10098      
76300   0.52509    0.02831    0.04641    0.01882      0.42444      0.07111      0.01828      0.42981      0.10100      
76400   0.52610    0.02829    0.04641    0.01716      0.42713      0.07111      0.01829      0.42993      0.10155      
76500   0.52072    0.02828    0.04640    0.01793      0.42081      0.07301      0.01849      0.42965      0.10154      
76600   0.52506    0.02825    0.04638    0.01907      0.42434      0.07018      0.01849      0.42959      0.10159      
76700   0.52590    0.02824    0.04638    0.01734      0.42692      0.07023      0.01875      0.42947      0.10205      
76800   0.52061    0.02824    0.04637    0.01788      0.42079      0.07343      0.01868      0.42982      0.10240      
76900   0.52486    0.02822    0.04636    0.01887      0.42425      0.07161      0.01835      0.42935      0.10161      
77000   0.52572    0.02821    0.04636    0.01709      0.42697      0.07086      0.01841      0.42933      0.10208      
77100   0.52041    0.02820    0.04635    0.01788      0.42071      0.07269      0.01863      0.42936      0.10259      
77200   0.52462    0.02821    0.04636    0.01902      0.42398      0.07054      0.01833      0.42919      0.10236      
77300   0.52563    0.02821    0.04635    0.01710      0.42687      0.07106      0.01840      0.42928      0.10167      
77400   0.52037    0.02821    0.04634    0.01789      0.42068      0.07249      0.01860      0.42952      0.10273      
77500   0.52449    0.02821    0.04635    0.01884      0.42403      0.07063      0.01853      0.42928      0.10419      
77600   0.52551    0.02818    0.04633    0.01708      0.42681      0.07106      0.01872      0.42893      0.10308      
77700   0.52017    0.02820    0.04634    0.01777      0.42062      0.07244      0.01839      0.42905      0.10302      
77800   0.52435    0.02819    0.04633    0.01878      0.42400      0.07057      0.01836      0.42934      0.10214      
77900   0.52536    0.02817    0.04633    0.01698      0.42683      0.07065      0.01844      0.42908      0.10214      
78000   0.52007    0.02816    0.04631    0.01797      0.42039      0.07235      0.01872      0.42916      0.10234      
78100   0.52431    0.02813    0.04630    0.01897      0.42381      0.07091      0.01875      0.42914      0.10143      
78200   0.52499    0.02811    0.04629    0.01692      0.42663      0.07038      0.01882      0.42924      0.10262      
78300   0.52000    0.02811    0.04629    0.01788      0.42044      0.07275      0.01890      0.42946      0.10212      
78400   0.52424    0.02808    0.04628    0.01899      0.42388      0.07019      0.01876      0.42904      0.10186      
78500   0.52511    0.02804    0.04626    0.01697      0.42676      0.07081      0.01868      0.42920      0.10281      
78600   0.51992    0.02805    0.04624    0.01765      0.42060      0.07362      0.01849      0.42945      0.10442      
78700   0.52426    0.02803    0.04624    0.01894      0.42399      0.07049      0.01853      0.42905      0.10350      
78800   0.52497    0.02805    0.04623    0.01712      0.42650      0.07061      0.01885      0.42877      0.10416      
78900   0.51980    0.02805    0.04623    0.01780      0.42050      0.07234      0.01865      0.42912      0.10304      
79000   0.52438    0.02805    0.04622    0.01908      0.42397      0.07067      0.01878      0.42890      0.10256      
79100   0.52489    0.02802    0.04622    0.01695      0.42657      0.07133      0.01889      0.42880      0.10213      
79200   0.51977    0.02802    0.04621    0.01780      0.42051      0.07237      0.01874      0.42896      0.10092      
79300   0.52404    0.02801    0.04621    0.01881      0.42391      0.07111      0.01846      0.42917      0.10187      
79400   0.52494    0.02798    0.04620    0.01698      0.42666      0.07112      0.01845      0.42938      0.10092      
79500   0.51966    0.02799    0.04620    0.01766      0.42057      0.07238      0.01833      0.42924      0.10005      
79600   0.52380    0.02797    0.04620    0.01865      0.42389      0.07085      0.01811      0.42918      0.10128      
79700   0.52479    0.02797    0.04619    0.01708      0.42645      0.07096      0.01876      0.42873      0.10194      
79800   0.51947    0.02795    0.04618    0.01773      0.42036      0.07250      0.01854      0.42902      0.10096      
79900   0.52402    0.02794    0.04618    0.01898      0.42385      0.07071      0.01867      0.42869      0.10184      
80000   0.52475    0.02794    0.04617    0.01710      0.42649      0.07055      0.01848      0.42885      0.10283      
80100   0.51942    0.02793    0.04617    0.01786      0.42013      0.07327      0.01853      0.42856      0.10254      
80200   0.52374    0.02792    0.04617    0.01886      0.42375      0.07037      0.01849      0.42868      0.10233      
80300   0.52441    0.02792    0.04616    0.01711      0.42613      0.07083      0.01876      0.42866      0.10168      
80400   0.51925    0.02790    0.04615    0.01783      0.42003      0.07341      0.01844      0.42885      0.10194      
80500   0.52354    0.02789    0.04615    0.01883      0.42359      0.07080      0.01858      0.42870      0.10263      
80600   0.52437    0.02789    0.04615    0.01732      0.42594      0.07063      0.01885      0.42872      0.10262      
80700   0.51905    0.02789    0.04615    0.01786      0.41991      0.07246      0.01867      0.42875      0.10216      
80800   0.52346    0.02789    0.04614    0.01872      0.42358      0.07125      0.01853      0.42874      0.10179      
80900   0.52414    0.02788    0.04614    0.01706      0.42603      0.07016      0.01875      0.42828      0.10227      
81000   0.51905    0.02787    0.04614    0.01783      0.41997      0.07244      0.01844      0.42898      0.10197      
81100   0.52339    0.02788    0.04614    0.01883      0.42348      0.07065      0.01868      0.42892      0.10297      
81200   0.52418    0.02787    0.04613    0.01710      0.42605      0.07027      0.01890      0.42854      0.10205      
81300   0.51899    0.02787    0.04613    0.01771      0.42001      0.07274      0.01861      0.42860      0.10284      
81400   0.52310    0.02786    0.04612    0.01861      0.42345      0.07068      0.01842      0.42909      0.10278      
81500   0.52406    0.02787    0.04612    0.01686      0.42619      0.07020      0.01873      0.42903      0.10365      
81600   0.51889    0.02787    0.04612    0.01790      0.41978      0.07234      0.01887      0.42850      0.10199      
81700   0.52330    0.02785    0.04611    0.01877      0.42346      0.07112      0.01863      0.42873      0.10363      
81800   0.52387    0.02786    0.04611    0.01690      0.42588      0.07117      0.01893      0.42858      0.10342      
81900   0.51872    0.02787    0.04612    0.01785      0.41956      0.07322      0.01904      0.42849      0.10609      
82000   0.52321    0.02787    0.04612    0.01879      0.42326      0.07175      0.01869      0.42858      0.10639      
82100   0.52388    0.02788    0.04611    0.01699      0.42589      0.07011      0.01885      0.42847      0.10670      
82200   0.51848    0.02787    0.04611    0.01756      0.41964      0.07302      0.01881      0.42867      0.10751      
82300   0.52304    0.02784    0.04611    0.01868      0.42332      0.07100      0.01844      0.42849      0.10615      
82400   0.52367    0.02782    0.04610    0.01698      0.42572      0.07051      0.01838      0.42825      0.10605      
82500   0.51835    0.02781    0.04609    0.01750      0.41957      0.07375      0.01874      0.42867      0.10785      
82600   0.52318    0.02782    0.04609    0.01868      0.42336      0.07235      0.01846      0.42835      0.10662      
82700   0.52360    0.02783    0.04609    0.01682      0.42571      0.07150      0.01889      0.42832      0.10592      
82800   0.51834    0.02782    0.04608    0.01762      0.41953      0.07291      0.01857      0.42829      0.10436      
82900   0.52291    0.02782    0.04608    0.01851      0.42336      0.07143      0.01835      0.42852      0.10602      
83000   0.52352    0.02781    0.04607    0.01703      0.42554      0.07061      0.01881      0.42795      0.10619      
83100   0.51828    0.02783    0.04607    0.01759      0.41950      0.07287      0.01886      0.42856      0.10632      
83200   0.52275    0.02780    0.04606    0.01867      0.42308      0.07124      0.01830      0.42825      0.10570      
83300   0.52331    0.02780    0.04606    0.01689      0.42550      0.07054      0.01869      0.42839      0.10497      
83400   0.51818    0.02783    0.04607    0.01768      0.41933      0.07266      0.01887      0.42820      0.10522      
83500   0.52278    0.02781    0.04606    0.01849      0.42321      0.07204      0.01834      0.42827      0.10552      
83600   0.52314    0.02781    0.04606    0.01689      0.42534      0.07046      0.01877      0.42808      0.10509      
83700   0.51805    0.02781    0.04605    0.01763      0.41930      0.07254      0.01901      0.42811      0.10335      
83800   0.52261    0.02780    0.04606    0.01869      0.42290      0.07156      0.01872      0.42773      0.10331      
83900   0.52308    0.02779    0.04605    0.01702      0.42516      0.07079      0.01899      0.42792      0.10325      
84000   0.51800    0.02778    0.04604    0.01777      0.41925      0.07152      0.01874      0.42789      0.10206      
84100   0.52249    0.02779    0.04604    0.01853      0.42300      0.07124      0.01866      0.42805      0.10332      
84200   0.52317    0.02777    0.04603    0.01686      0.42545      0.07055      0.01890      0.42801      0.10350      
84300   0.51789    0.02776    0.04602    0.01763      0.41913      0.07349      0.01897      0.42814      0.10339      
84400   0.52233    0.02775    0.04602    0.01859      0.42283      0.07145      0.01881      0.42815      0.10361      
84500   0.52307    0.02775    0.04602    0.01699      0.42522      0.07090      0.01891      0.42776      0.10388      
84600   0.51773    0.02776    0.04603    0.01751      0.41918      0.07248      0.01837      0.42821      0.10305      
84700   0.52219    0.02774    0.04603    0.01859      0.42277      0.07058      0.01866      0.42792      0.10279      
84800   0.52287    0.02774    0.04603    0.01681      0.42524      0.07054      0.01856      0.42781      0.10175      
84900   0.51759    0.02774    0.04603    0.01759      0.41903      0.07214      0.01868      0.42798      0.10157      
85000   0.52205    0.02772    0.04601    0.01864      0.42265      0.07036      0.01850      0.42802      0.10120      
85100   0.52274    0.02771    0.04602    0.01717      0.42482      0.07027      0.01918      0.42755      0.10133      
85200   0.51747    0.02770    0.04602    0.01751      0.41893      0.07313      0.01890      0.42790      0.10088      
85300   0.52201    0.02771    0.04601    0.01871      0.42247      0.07096      0.01868      0.42762      0.10105      
85400   0.52250    0.02771    0.04601    0.01689      0.42484      0.07045      0.01916      0.42734      0.10069      
85500   0.51737    0.02771    0.04601    0.01762      0.41879      0.07237      0.01902      0.42725      0.09865      
85600   0.52180    0.02772    0.04600    0.01849      0.42247      0.07125      0.01874      0.42758      0.10107      
85700   0.52253    0.02770    0.04600    0.01693      0.42482      0.07078      0.01883      0.42753      0.10103      
85800   0.51718    0.02772    0.04600    0.01756      0.41860      0.07312      0.01877      0.42778      0.10160      
85900   0.52165    0.02768    0.04598    0.01857      0.42241      0.07013      0.01897      0.42796      0.09954      
86000   0.52235    0.02765    0.04597    0.01692      0.42477      0.07028      0.01901      0.42749      0.10089      
86100   0.51711    0.02766    0.04597    0.01755      0.41874      0.07194      0.01882      0.42732      0.10055      
86200   0.52135    0.02766    0.04597    0.01849      0.42213      0.07104      0.01880      0.42786      0.09971      
86300   0.52228    0.02764    0.04597    0.01695      0.42462      0.07107      0.01920      0.42722      0.10016      
86400   0.51701    0.02765    0.04595    0.01768      0.41854      0.07189      0.01881      0.42717      0.09865      
86500   0.52137    0.02765    0.04596    0.01862      0.42209      0.07046      0.01877      0.42772      0.09985      
86600   0.52218    0.02764    0.04595    0.01698      0.42461      0.06998      0.01896      0.42700      0.10023      
86700   0.51701    0.02764    0.04595    0.01769      0.41852      0.07202      0.01884      0.42718      0.10135      
86800   0.52125    0.02764    0.04595    0.01846      0.42209      0.07117      0.01832      0.42722      0.10194      
86900   0.52207    0.02763    0.04595    0.01678      0.42463      0.07088      0.01855      0.42686      0.10167      
87000   0.51704    0.02762    0.04594    0.01770      0.41858      0.07193      0.01838      0.42710      0.10105      
87100   0.52120    0.02762    0.04593    0.01846      0.42213      0.07056      0.01822      0.42732      0.10079      
87200   0.52200    0.02760    0.04593    0.01685      0.42449      0.07136      0.01838      0.42682      0.10122      
87300   0.51686    0.02760    0.04592    0.01769      0.41846      0.07182      0.01868      0.42682      0.10166      
87400   0.52107    0.02760    0.04592    0.01846      0.42206      0.07024      0.01827      0.42711      0.10189      
87500   0.52191    0.02758    0.04592    0.01690      0.42441      0.07097      0.01878      0.42669      0.10030      
87600   0.51678    0.02758    0.04592    0.01769      0.41836      0.07238      0.01857      0.42699      0.10122      
87700   0.52097    0.02759    0.04591    0.01844      0.42197      0.07067      0.01839      0.42712      0.10190      
87800   0.52178    0.02759    0.04591    0.01692      0.42433      0.07029      0.01870      0.42703      0.10078      
87900   0.51664    0.02760    0.04591    0.01755      0.41834      0.07252      0.01846      0.42650      0.10112      
88000   0.52083    0.02759    0.04590    0.01861      0.42165      0.07083      0.01851      0.42661      0.10022      
88100   0.52170    0.02758    0.04589    0.01684      0.42441      0.06987      0.01898      0.42661      0.09948      
88200   0.51651    0.02757    0.04588    0.01763      0.41824      0.07194      0.01862      0.42677      0.09959      
88300   0.52075    0.02758    0.04589    0.01850      0.42175      0.07029      0.01855      0.42678      0.09866      
88400   0.52167    0.02755    0.04588    0.01692      0.42432      0.07004      0.01889      0.42665      0.09885      
88500   0.51646    0.02755    0.04587    0.01751      0.41833      0.07197      0.01853      0.42659      0.09847      
88600   0.52077    0.02754    0.04587    0.01843      0.42191      0.07017      0.01833      0.42686      0.09848      
88700   0.52159    0.02754    0.04588    0.01700      0.42411      0.07067      0.01872      0.42634      0.09961      
88800   0.51643    0.02755    0.04588    0.01765      0.41820      0.07146      0.01860      0.42649      0.09969      
88900   0.52065    0.02756    0.04588    0.01849      0.42170      0.07024      0.01829      0.42681      0.09869      
89000   0.52163    0.02755    0.04588    0.01683      0.42428      0.07097      0.01864      0.42651      0.09939      
89100   0.51629    0.02755    0.04587    0.01757      0.41811      0.07194      0.01846      0.42672      0.09875      
89200   0.52063    0.02755    0.04587    0.01848      0.42173      0.07002      0.01828      0.42668      0.09868      
89300   0.52156    0.02753    0.04586    0.01688      0.42428      0.07003      0.01861      0.42644      0.09872      
89400   0.51623    0.02754    0.04585    0.01762      0.41805      0.07171      0.01841      0.42628      0.09989      
89500   0.52050    0.02753    0.04584    0.01850      0.42159      0.07042      0.01842      0.42661      0.09968      
89600   0.52146    0.02752    0.04584    0.01690      0.42420      0.07000      0.01859      0.42647      0.10044      
89700   0.51615    0.02752    0.04584    0.01748      0.41809      0.07227      0.01850      0.42674      0.10129      
89800   0.52028    0.02750    0.04583    0.01844      0.42142      0.07086      0.01835      0.42651      0.10055      
89900   0.52143    0.02750    0.04582    0.01680      0.42420      0.07107      0.01862      0.42640      0.10079      
90000   0.51606    0.02748    0.04582    0.01762      0.41801      0.07133      0.01839      0.42638      0.10030      
90100   0.52030    0.02749    0.04582    0.01854      0.42142      0.07037      0.01836      0.42654      0.09943      
90200   0.52130    0.02748    0.04582    0.01683      0.42411      0.07072      0.01869      0.42635      0.10045      
90300   0.51585    0.02747    0.04582    0.01760      0.41779      0.07178      0.01866      0.42659      0.10054      
90400   0.52006    0.02749    0.04582    0.01851      0.42121      0.07033      0.01854      0.42637      0.10077      
90500   0.52122    0.02746    0.04581    0.01688      0.42404      0.07031      0.01848      0.42659      0.10073      
90600   0.51588    0.02746    0.04581    0.01770      0.41774      0.07164      0.01872      0.42628      0.10087      
90700   0.52013    0.02746    0.04581    0.01850      0.42135      0.07001      0.01841      0.42635      0.10036      
90800   0.52125    0.02745    0.04581    0.01682      0.42407      0.07096      0.01854      0.42605      0.10035      
90900   0.51587    0.02743    0.04581    0.01747      0.41798      0.07177      0.01853      0.42631      0.10086      
91000   0.51992    0.02742    0.04581    0.01839      0.42128      0.07030      0.01835      0.42601      0.10010      
91100   0.52111    0.02742    0.04580    0.01677      0.42406      0.07065      0.01851      0.42580      0.10113      
91200   0.51576    0.02742    0.04581    0.01760      0.41771      0.07222      0.01856      0.42583      0.10122      
91300   0.51979    0.02742    0.04580    0.01834      0.42116      0.07069      0.01822      0.42596      0.10092      
91400   0.52097    0.02743    0.04580    0.01683      0.42382      0.07095      0.01882      0.42580      0.10308      
91500   0.51562    0.02741    0.04580    0.01763      0.41757      0.07202      0.01844      0.42560      0.10260      
91600   0.51977    0.02743    0.04580    0.01846      0.42089      0.07185      0.01841      0.42616      0.10313      
91700   0.52093    0.02744    0.04580    0.01692      0.42371      0.07069      0.01844      0.42598      0.10278      
91800   0.51556    0.02741    0.04580    0.01760      0.41752      0.07227      0.01843      0.42644      0.10190      
91900   0.51973    0.02740    0.04579    0.01848      0.42098      0.07079      0.01822      0.42600      0.10258      
92000   0.52082    0.02740    0.04579    0.01686      0.42369      0.07082      0.01835      0.42564      0.10253      
92100   0.51545    0.02740    0.04579    0.01770      0.41745      0.07117      0.01824      0.42587      0.10379      
92200   0.51959    0.02736    0.04577    0.01854      0.42084      0.07083      0.01821      0.42630      0.10341      
92300   0.52074    0.02736    0.04577    0.01678      0.42373      0.07096      0.01822      0.42572      0.10392      
92400   0.51537    0.02735    0.04577    0.01777      0.41726      0.07217      0.01859      0.42583      0.10406      
92500   0.51953    0.02736    0.04577    0.01851      0.42085      0.07038      0.01825      0.42592      0.10356      
92600   0.52067    0.02736    0.04578    0.01704      0.42348      0.07018      0.01878      0.42567      0.10288      
92700   0.51534    0.02735    0.04577    0.01757      0.41749      0.07160      0.01862      0.42572      0.10257      
92800   0.51952    0.02734    0.04577    0.01843      0.42094      0.07046      0.01815      0.42579      0.10303      
92900   0.52062    0.02735    0.04578    0.01675      0.42365      0.07088      0.01836      0.42572      0.10360      
93000   0.51517    0.02734    0.04577    0.01759      0.41737      0.07099      0.01846      0.42558      0.10286      
93100   0.51948    0.02734    0.04577    0.01844      0.42087      0.07060      0.01852      0.42593      0.10244      
93200   0.52055    0.02734    0.04577    0.01682      0.42352      0.07108      0.01859      0.42527      0.10289      
93300   0.51519    0.02735    0.04577    0.01759      0.41723      0.07259      0.01862      0.42548      0.10289      
93400   0.51951    0.02734    0.04577    0.01879      0.42056      0.07046      0.01871      0.42549      0.10253      
93500   0.52046    0.02733    0.04578    0.01679      0.42347      0.07098      0.01851      0.42504      0.10295      
93600   0.51518    0.02733    0.04577    0.01769      0.41721      0.07177      0.01871      0.42555      0.10262      
93700   0.51920    0.02733    0.04577    0.01855      0.42051      0.07050      0.01844      0.42524      0.10287      
93800   0.52042    0.02731    0.04576    0.01693      0.42339      0.07027      0.01852      0.42529      0.10475      
93900   0.51512    0.02730    0.04575    0.01762      0.41726      0.07177      0.01851      0.42527      0.10408      
94000   0.51912    0.02730    0.04576    0.01857      0.42043      0.07062      0.01845      0.42517      0.10356      
94100   0.52041    0.02729    0.04574    0.01673      0.42363      0.07014      0.01838      0.42521      0.10328      
94200   0.51511    0.02728    0.04574    0.01767      0.41727      0.07164      0.01861      0.42498      0.10422      
94300   0.51896    0.02728    0.04573    0.01847      0.42049      0.06992      0.01831      0.42544      0.10231      
94400   0.52039    0.02727    0.04574    0.01675      0.42353      0.07097      0.01833      0.42510      0.10385      
94500   0.51499    0.02730    0.04574    0.01754      0.41727      0.07145      0.01837      0.42540      0.10348      
94600   0.51889    0.02729    0.04574    0.01835      0.42045      0.07059      0.01834      0.42550      0.10325      
94700   0.52051    0.02728    0.04574    0.01690      0.42352      0.07072      0.01861      0.42552      0.10336      
94800   0.51477    0.02730    0.04574    0.01759      0.41697      0.07165      0.01846      0.42540      0.10286      
94900   0.51887    0.02730    0.04573    0.01852      0.42031      0.07015      0.01846      0.42534      0.10222      
95000   0.52032    0.02731    0.04572    0.01672      0.42351      0.07059      0.01845      0.42531      0.10233      
95100   0.51491    0.02731    0.04572    0.01758      0.41715      0.07146      0.01830      0.42535      0.10223      
95200   0.51879    0.02733    0.04572    0.01852      0.42022      0.07008      0.01844      0.42557      0.09989      
95300   0.52040    0.02735    0.04573    0.01683      0.42342      0.07072      0.01846      0.42520      0.10117      
95400   0.51483    0.02734    0.04572    0.01746      0.41715      0.07166      0.01817      0.42518      0.10090      
95500   0.51868    0.02732    0.04572    0.01830      0.42035      0.06983      0.01817      0.42560      0.10073      
95600   0.52005    0.02732    0.04572    0.01666      0.42335      0.06999      0.01831      0.42509      0.10074      
95700   0.51466    0.02732    0.04572    0.01749      0.41707      0.07069      0.01835      0.42529      0.09993      
95800   0.51866    0.02732    0.04572    0.01817      0.42050      0.06961      0.01826      0.42518      0.10049      
95900   0.51986    0.02732    0.04572    0.01666      0.42312      0.07035      0.01865      0.42499      0.09967      
96000   0.51470    0.02731    0.04572    0.01753      0.41705      0.07101      0.01863      0.42510      0.10000      
96100   0.51858    0.02730    0.04571    0.01837      0.42024      0.06961      0.01848      0.42536      0.09949      
96200   0.51982    0.02730    0.04571    0.01670      0.42300      0.07116      0.01848      0.42494      0.10119      
96300   0.51472    0.02731    0.04570    0.01746      0.41710      0.07153      0.01813      0.42530      0.10131      
96400   0.51853    0.02731    0.04570    0.01824      0.42026      0.07013      0.01826      0.42571      0.10035      
96500   0.51976    0.02730    0.04571    0.01686      0.42283      0.07049      0.01860      0.42492      0.10071      
96600   0.51465    0.02729    0.04570    0.01760      0.41699      0.07074      0.01848      0.42524      0.10173      
96700   0.51853    0.02729    0.04570    0.01841      0.42010      0.07037      0.01828      0.42506      0.10277      
96800   0.51972    0.02727    0.04570    0.01670      0.42304      0.07011      0.01825      0.42488      0.10314      
96900   0.51451    0.02727    0.04569    0.01747      0.41697      0.07110      0.01839      0.42467      0.10290      
97000   0.51834    0.02725    0.04569    0.01834      0.42009      0.06978      0.01805      0.42526      0.10257      
97100   0.51963    0.02725    0.04569    0.01675      0.42290      0.07048      0.01839      0.42518      0.10354      
97200   0.51446    0.02724    0.04568    0.01748      0.41697      0.07085      0.01839      0.42508      0.10397      
97300   0.51840    0.02724    0.04568    0.01834      0.42011      0.07022      0.01818      0.42490      0.10485      
97400   0.51966    0.02722    0.04567    0.01673      0.42299      0.07043      0.01829      0.42485      0.10436      
97500   0.51440    0.02722    0.04567    0.01742      0.41700      0.07093      0.01802      0.42522      0.10537      
97600   0.51831    0.02722    0.04567    0.01811      0.42033      0.06991      0.01783      0.42523      0.10428      
97700   0.51967    0.02721    0.04566    0.01659      0.42308      0.07138      0.01807      0.42512      0.10547      
97800   0.51428    0.02720    0.04566    0.01719      0.41706      0.07159      0.01795      0.42535      0.10518      
97900   0.51829    0.02719    0.04566    0.01828      0.42015      0.07007      0.01803      0.42529      0.10472      
98000   0.51970    0.02719    0.04567    0.01680      0.42293      0.07116      0.01804      0.42504      0.10598      
98100   0.51405    0.02720    0.04567    0.01730      0.41679      0.07104      0.01820      0.42501      0.10531      
98200   0.51821    0.02719    0.04566    0.01841      0.41994      0.07010      0.01811      0.42518      0.10434      
98300   0.51950    0.02719    0.04566    0.01681      0.42275      0.07082      0.01821      0.42466      0.10457      
98400   0.51398    0.02718    0.04567    0.01735      0.41664      0.07137      0.01833      0.42485      0.10309      
98500   0.51819    0.02720    0.04567    0.01836      0.41992      0.07042      0.01816      0.42496      0.10340      
98600   0.51937    0.02720    0.04566    0.01675      0.42266      0.07082      0.01830      0.42470      0.10307      
98700   0.51404    0.02719    0.04566    0.01735      0.41666      0.07179      0.01825      0.42472      0.10304      
98800   0.51803    0.02721    0.04566    0.01833      0.41977      0.07064      0.01835      0.42448      0.10250      
98900   0.51932    0.02719    0.04566    0.01676      0.42264      0.07067      0.01835      0.42441      0.10187      
99000   0.51402    0.02719    0.04565    0.01726      0.41669      0.07214      0.01817      0.42477      0.10238      
99100   0.51799    0.02719    0.04565    0.01823      0.41989      0.07024      0.01826      0.42485      0.10141      
99200   0.51926    0.02719    0.04565    0.01668      0.42263      0.07105      0.01824      0.42447      0.10125      
99300   0.51390    0.02719    0.04565    0.01736      0.41651      0.07187      0.01825      0.42465      0.10145      
99400   0.51790    0.02718    0.04566    0.01820      0.41978      0.07087      0.01800      0.42441      0.10252      
99500   0.51923    0.02716    0.04565    0.01655      0.42270      0.07169      0.01816      0.42423      0.10160      
99600   0.51387    0.02717    0.04565    0.01746      0.41645      0.07146      0.01855      0.42461      0.10098      
99700   0.51791    0.02718    0.04565    0.01842      0.41962      0.07033      0.01846      0.42437      0.10029      
99800   0.51911    0.02717    0.04564    0.01674      0.42242      0.07144      0.01874      0.42426      0.10106      
99900   0.51369    0.02717    0.04565    0.01742      0.41629      0.07171      0.01860      0.42465      0.10208      
100000  0.51785    0.02717    0.04565    0.01841      0.41958      0.07033      0.01853      0.42484      0.10171      
100100  0.51909    0.02716    0.04565    0.01668      0.42248      0.07125      0.01859      0.42425      0.10099      
100200  0.51366    0.02716    0.04564    0.01758      0.41616      0.07119      0.01854      0.42430      0.10071      
100300  0.51773    0.02715    0.04564    0.01842      0.41951      0.07018      0.01825      0.42428      0.10016      
100400  0.51916    0.02716    0.04564    0.01667      0.42255      0.07145      0.01845      0.42410      0.10134      
100500  0.51359    0.02713    0.04562    0.01764      0.41601      0.07188      0.01874      0.42439      0.09972      
100600  0.51763    0.02714    0.04563    0.01825      0.41959      0.07026      0.01825      0.42419      0.10005      
100700  0.51902    0.02715    0.04563    0.01678      0.42239      0.07073      0.01863      0.42403      0.10003      
100800  0.51356    0.02713    0.04562    0.01748      0.41620      0.07125      0.01845      0.42433      0.10071      
100900  0.51763    0.02713    0.04562    0.01830      0.41956      0.07022      0.01834      0.42455      0.10130      
101000  0.51907    0.02713    0.04562    0.01683      0.42244      0.07045      0.01880      0.42448      0.10118      
101100  0.51342    0.02714    0.04562    0.01741      0.41607      0.07167      0.01858      0.42431      0.10050      
101200  0.51753    0.02714    0.04562    0.01816      0.41953      0.07077      0.01822      0.42438      0.10151      
101300  0.51901    0.02715    0.04562    0.01657      0.42256      0.07112      0.01844      0.42397      0.10268      
101400  0.51341    0.02714    0.04562    0.01749      0.41605      0.07112      0.01843      0.42409      0.10094      
101500  0.51754    0.02714    0.04562    0.01830      0.41946      0.07021      0.01837      0.42413      0.10024      
101600  0.51876    0.02712    0.04562    0.01659      0.42234      0.07095      0.01845      0.42363      0.10132      
101700  0.51325    0.02712    0.04561    0.01728      0.41605      0.07193      0.01857      0.42446      0.10051      
101800  0.51746    0.02712    0.04561    0.01810      0.41961      0.07017      0.01809      0.42445      0.10098      
101900  0.51860    0.02711    0.04561    0.01645      0.42236      0.07065      0.01854      0.42437      0.10023      
102000  0.51333    0.02712    0.04561    0.01742      0.41597      0.07215      0.01837      0.42467      0.10105      
102100  0.51737    0.02713    0.04561    0.01829      0.41932      0.07022      0.01836      0.42455      0.09976      
102200  0.51845    0.02712    0.04561    0.01664      0.42203      0.07048      0.01851      0.42432      0.09902      
102300  0.51321    0.02712    0.04561    0.01746      0.41590      0.07118      0.01868      0.42403      0.09827      
102400  0.51728    0.02712    0.04560    0.01821      0.41934      0.07012      0.01838      0.42462      0.09837      
102500  0.51858    0.02713    0.04560    0.01655      0.42225      0.07060      0.01838      0.42437      0.09864      
102600  0.51315    0.02712    0.04559    0.01753      0.41582      0.07093      0.01853      0.42420      0.09838      
102700  0.51734    0.02713    0.04559    0.01830      0.41933      0.06998      0.01853      0.42401      0.09778      
102800  0.51849    0.02711    0.04559    0.01643      0.42228      0.07093      0.01850      0.42421      0.09816      
102900  0.51316    0.02711    0.04558    0.01730      0.41607      0.07106      0.01846      0.42445      0.09774      
103000  0.51730    0.02710    0.04557    0.01829      0.41932      0.07018      0.01850      0.42441      0.09773      
103100  0.51841    0.02710    0.04557    0.01653      0.42216      0.07053      0.01858      0.42392      0.09905      
103200  0.51302    0.02709    0.04557    0.01752      0.41577      0.07063      0.01868      0.42392      0.09864      
103300  0.51712    0.02711    0.04558    0.01835      0.41905      0.07033      0.01860      0.42411      0.09872      
103400  0.51849    0.02710    0.04557    0.01670      0.42205      0.07072      0.01848      0.42399      0.09973      
103500  0.51301    0.02709    0.04557    0.01736      0.41585      0.07139      0.01856      0.42388      0.09959      
103600  0.51702    0.02707    0.04556    0.01830      0.41901      0.07071      0.01834      0.42426      0.10055      
103700  0.51824    0.02709    0.04557    0.01666      0.42189      0.07023      0.01850      0.42385      0.10048      
103800  0.51295    0.02710    0.04557    0.01735      0.41580      0.07143      0.01855      0.42396      0.10071      
103900  0.51711    0.02711    0.04557    0.01844      0.41899      0.07002      0.01870      0.42378      0.10090      
104000  0.51834    0.02710    0.04556    0.01665      0.42192      0.07106      0.01888      0.42370      0.10163      
104100  0.51287    0.02711    0.04556    0.01742      0.41567      0.07112      0.01860      0.42372      0.10140      
104200  0.51705    0.02709    0.04555    0.01841      0.41896      0.07035      0.01859      0.42380      0.10156      
104300  0.51827    0.02707    0.04555    0.01666      0.42191      0.07075      0.01845      0.42354      0.10272      
104400  0.51277    0.02706    0.04555    0.01744      0.41562      0.07105      0.01863      0.42360      0.10241      
104500  0.51703    0.02706    0.04555    0.01850      0.41891      0.07004      0.01848      0.42353      0.10197      
104600  0.51824    0.02705    0.04554    0.01686      0.42176      0.07019      0.01860      0.42357      0.10250      
104700  0.51271    0.02704    0.04553    0.01741      0.41559      0.07139      0.01853      0.42387      0.10389      
104800  0.51682    0.02705    0.04553    0.01827      0.41896      0.07015      0.01828      0.42388      0.10373      
104900  0.51827    0.02706    0.04553    0.01678      0.42183      0.07069      0.01852      0.42376      0.10244      
105000  0.51269    0.02705    0.04552    0.01746      0.41555      0.07096      0.01880      0.42365      0.10352      
105100  0.51689    0.02704    0.04552    0.01837      0.41893      0.07031      0.01838      0.42407      0.10349      
105200  0.51817    0.02703    0.04552    0.01664      0.42191      0.07074      0.01849      0.42392      0.10368      
105300  0.51260    0.02703    0.04552    0.01735      0.41554      0.07162      0.01837      0.42398      0.10425      
105400  0.51671    0.02703    0.04551    0.01795      0.41921      0.07013      0.01787      0.42389      0.10321      
105500  0.51815    0.02704    0.04552    0.01658      0.42185      0.07152      0.01813      0.42346      0.10313      
105600  0.51252    0.02704    0.04552    0.01724      0.41563      0.07091      0.01818      0.42389      0.10228      
105700  0.51663    0.02703    0.04552    0.01808      0.41899      0.07012      0.01804      0.42364      0.10197      
105800  0.51823    0.02703    0.04552    0.01654      0.42204      0.07097      0.01842      0.42334      0.10288      
105900  0.51246    0.02703    0.04552    0.01736      0.41542      0.07138      0.01828      0.42347      0.10183      
106000  0.51666    0.02701    0.04551    0.01829      0.41886      0.06991      0.01840      0.42342      0.10230      
106100  0.51820    0.02700    0.04551    0.01672      0.42189      0.07081      0.01840      0.42361      0.10337      
106200  0.51233    0.02701    0.04551    0.01745      0.41523      0.07133      0.01844      0.42370      0.10345      
106300  0.51655    0.02701    0.04552    0.01824      0.41874      0.07046      0.01814      0.42341      0.10218      
106400  0.51802    0.02701    0.04551    0.01661      0.42176      0.07126      0.01835      0.42336      0.10229      
106500  0.51241    0.02700    0.04551    0.01737      0.41538      0.07154      0.01810      0.42337      0.10274      
106600  0.51640    0.02699    0.04550    0.01805      0.41882      0.07038      0.01806      0.42333      0.10187      
106700  0.51790    0.02699    0.04550    0.01647      0.42183      0.07110      0.01836      0.42344      0.10189      
106800  0.51225    0.02699    0.04550    0.01741      0.41522      0.07125      0.01834      0.42352      0.10255      
106900  0.51646    0.02699    0.04550    0.01822      0.41875      0.07005      0.01825      0.42367      0.10155      
107000  0.51803    0.02700    0.04550    0.01659      0.42183      0.07110      0.01840      0.42342      0.10145      
107100  0.51218    0.02701    0.04550    0.01739      0.41516      0.07122      0.01847      0.42342      0.10163      
107200  0.51638    0.02702    0.04550    0.01813      0.41871      0.07028      0.01834      0.42353      0.10124      
107300  0.51802    0.02701    0.04550    0.01657      0.42182      0.07113      0.01839      0.42313      0.10069      
107400  0.51225    0.02702    0.04550    0.01735      0.41525      0.07118      0.01864      0.42330      0.10049      
107500  0.51624    0.02704    0.04550    0.01844      0.41829      0.06982      0.01848      0.42314      0.09915      
107600  0.51801    0.02703    0.04550    0.01679      0.42161      0.07076      0.01870      0.42329      0.10004      
107700  0.51222    0.02704    0.04549    0.01742      0.41511      0.07152      0.01856      0.42358      0.10039      
107800  0.51626    0.02703    0.04549    0.01819      0.41852      0.07023      0.01837      0.42311      0.10094      
107900  0.51799    0.02705    0.04549    0.01658      0.42173      0.07132      0.01860      0.42296      0.10089      
108000  0.51220    0.02705    0.04549    0.01728      0.41521      0.07163      0.01831      0.42293      0.10189      
108100  0.51616    0.02706    0.04550    0.01818      0.41838      0.07044      0.01821      0.42295      0.10125      
108200  0.51800    0.02704    0.04549    0.01678      0.42152      0.07162      0.01848      0.42294      0.10320      
108300  0.51219    0.02704    0.04549    0.01727      0.41523      0.07150      0.01835      0.42297      0.10231      
108400  0.51610    0.02706    0.04549    0.01839      0.41813      0.07024      0.01829      0.42287      0.10243      
108500  0.51780    0.02705    0.04549    0.01656      0.42156      0.07132      0.01825      0.42313      0.10258      
108600  0.51200    0.02704    0.04549    0.01730      0.41503      0.07151      0.01851      0.42312      0.10374      
108700  0.51616    0.02704    0.04549    0.01816      0.41843      0.07042      0.01808      0.42305      0.10422      
108800  0.51785    0.02703    0.04549    0.01659      0.42167      0.07071      0.01828      0.42313      0.10317      
108900  0.51205    0.02703    0.04548    0.01729      0.41507      0.07174      0.01825      0.42305      0.10321      
109000  0.51610    0.02702    0.04548    0.01827      0.41827      0.07062      0.01828      0.42328      0.10339      
109100  0.51784    0.02701    0.04548    0.01669      0.42152      0.07142      0.01826      0.42313      0.10438      
109200  0.51195    0.02701    0.04547    0.01734      0.41501      0.07127      0.01811      0.42344      0.10455      
109300  0.51607    0.02700    0.04546    0.01821      0.41839      0.07016      0.01815      0.42358      0.10396      
109400  0.51771    0.02701    0.04547    0.01649      0.42164      0.07107      0.01827      0.42320      0.10413      
109500  0.51191    0.02698    0.04545    0.01726      0.41510      0.07108      0.01828      0.42347      0.10380      
109600  0.51594    0.02699    0.04546    0.01816      0.41832      0.07016      0.01802      0.42301      0.10285      
109700  0.51773    0.02699    0.04545    0.01652      0.42163      0.07139      0.01813      0.42316      0.10293      
109800  0.51181    0.02699    0.04545    0.01723      0.41499      0.07155      0.01807      0.42309      0.10338      
109900  0.51591    0.02699    0.04544    0.01829      0.41817      0.07018      0.01817      0.42344      0.10266      
110000  0.51766    0.02698    0.04544    0.01667      0.42146      0.07108      0.01836      0.42299      0.10312      
110100  0.51170    0.02697    0.04543    0.01735      0.41484      0.07111      0.01813      0.42339      0.10218      
110200  0.51587    0.02698    0.04543    0.01823      0.41819      0.07036      0.01816      0.42340      0.10251      
110300  0.51763    0.02699    0.04544    0.01649      0.42155      0.07172      0.01820      0.42305      0.10169      
110400  0.51173    0.02699    0.04543    0.01742      0.41467      0.07218      0.01826      0.42335      0.10194      
110500  0.51575    0.02697    0.04543    0.01805      0.41827      0.07037      0.01793      0.42324      0.10206      
110600  0.51740    0.02698    0.04544    0.01647      0.42134      0.07164      0.01780      0.42288      0.10254      
110700  0.51158    0.02697    0.04543    0.01728      0.41477      0.07136      0.01803      0.42344      0.10227      
110800  0.51565    0.02698    0.04543    0.01825      0.41801      0.06986      0.01810      0.42334      0.10217      
110900  0.51767    0.02699    0.04543    0.01669      0.42148      0.07094      0.01825      0.42301      0.10261      
111000  0.51163    0.02696    0.04542    0.01724      0.41489      0.07119      0.01802      0.42331      0.10239      
111100  0.51572    0.02697    0.04542    0.01814      0.41812      0.07076      0.01803      0.42303      0.10273      
111200  0.51756    0.02697    0.04543    0.01667      0.42142      0.07069      0.01810      0.42293      0.10278      
111300  0.51155    0.02697    0.04543    0.01727      0.41471      0.07166      0.01804      0.42299      0.10251      
111400  0.51565    0.02697    0.04543    0.01802      0.41818      0.07049      0.01778      0.42304      0.10259      
111500  0.51744    0.02697    0.04543    0.01663      0.42136      0.07059      0.01833      0.42300      0.10268      
111600  0.51145    0.02696    0.04542    0.01738      0.41456      0.07118      0.01823      0.42321      0.10401      
111700  0.51554    0.02696    0.04543    0.01823      0.41792      0.06998      0.01806      0.42324      0.10373      
111800  0.51741    0.02696    0.04543    0.01653      0.42142      0.07053      0.01791      0.42301      0.10314      
111900  0.51135    0.02694    0.04543    0.01730      0.41452      0.07161      0.01792      0.42298      0.10405      
112000  0.51554    0.02693    0.04542    0.01820      0.41794      0.07038      0.01813      0.42335      0.10401      
112100  0.51722    0.02694    0.04543    0.01682      0.42094      0.07086      0.01837      0.42324      0.10419      
112200  0.51129    0.02693    0.04543    0.01727      0.41450      0.07163      0.01811      0.42315      0.10430      
112300  0.51546    0.02693    0.04543    0.01799      0.41803      0.07086      0.01784      0.42305      0.10514      
112400  0.51722    0.02692    0.04543    0.01640      0.42130      0.07161      0.01801      0.42300      0.10671      
112500  0.51126    0.02691    0.04541    0.01735      0.41442      0.07174      0.01800      0.42307      0.10530      
112600  0.51543    0.02691    0.04542    0.01807      0.41797      0.07059      0.01799      0.42301      0.10571      
112700  0.51714    0.02690    0.04542    0.01636      0.42133      0.07123      0.01795      0.42307      0.10601      
112800  0.51121    0.02691    0.04541    0.01735      0.41436      0.07183      0.01803      0.42320      0.10502      
112900  0.51544    0.02691    0.04541    0.01808      0.41796      0.07077      0.01776      0.42288      0.10516      
113000  0.51709    0.02689    0.04541    0.01640      0.42128      0.07119      0.01795      0.42293      0.10528      
113100  0.51119    0.02689    0.04540    0.01734      0.41437      0.07179      0.01810      0.42272      0.10469      
113200  0.51547    0.02688    0.04540    0.01823      0.41794      0.07012      0.01797      0.42261      0.10452      
113300  0.51695    0.02687    0.04540    0.01654      0.42095      0.07185      0.01811      0.42241      0.10437      
113400  0.51113    0.02686    0.04540    0.01732      0.41438      0.07179      0.01806      0.42302      0.10448      
113500  0.51544    0.02686    0.04539    0.01809      0.41807      0.07030      0.01779      0.42302      0.10544      
113600  0.51687    0.02688    0.04539    0.01641      0.42114      0.07054      0.01785      0.42288      0.10494      
113700  0.51110    0.02686    0.04539    0.01726      0.41445      0.07142      0.01812      0.42290      0.10470      
113800  0.51539    0.02686    0.04538    0.01815      0.41795      0.07054      0.01804      0.42291      0.10379      
113900  0.51682    0.02686    0.04538    0.01649      0.42101      0.07068      0.01790      0.42269      0.10405      
114000  0.51111    0.02685    0.04537    0.01726      0.41456      0.07067      0.01811      0.42295      0.10509      
114100  0.51538    0.02685    0.04537    0.01816      0.41799      0.07007      0.01787      0.42257      0.10441      
114200  0.51680    0.02686    0.04538    0.01640      0.42109      0.07075      0.01808      0.42244      0.10428      
114300  0.51096    0.02685    0.04537    0.01720      0.41450      0.07041      0.01811      0.42313      0.10461      
114400  0.51527    0.02685    0.04537    0.01811      0.41796      0.06975      0.01788      0.42313      0.10444      
114500  0.51692    0.02684    0.04536    0.01642      0.42124      0.07059      0.01809      0.42309      0.10434      
114600  0.51095    0.02684    0.04536    0.01728      0.41443      0.07045      0.01798      0.42318      0.10467      
114700  0.51516    0.02685    0.04535    0.01804      0.41792      0.06999      0.01785      0.42349      0.10500      
114800  0.51697    0.02684    0.04535    0.01634      0.42136      0.07080      0.01796      0.42311      0.10479      
114900  0.51088    0.02683    0.04535    0.01715      0.41442      0.07118      0.01804      0.42321      0.10375      
115000  0.51521    0.02684    0.04535    0.01820      0.41787      0.06949      0.01788      0.42329      0.10444      
115100  0.51703    0.02683    0.04534    0.01641      0.42133      0.07124      0.01808      0.42269      0.10476      
115200  0.51091    0.02681    0.04534    0.01726      0.41440      0.07103      0.01797      0.42342      0.10414      
115300  0.51508    0.02681    0.04533    0.01812      0.41782      0.06999      0.01801      0.42333      0.10403      
115400  0.51690    0.02681    0.04533    0.01660      0.42106      0.07100      0.01820      0.42239      0.10405      
115500  0.51093    0.02680    0.04533    0.01724      0.41438      0.07180      0.01813      0.42273      0.10373      
115600  0.51515    0.02681    0.04533    0.01818      0.41782      0.07008      0.01798      0.42299      0.10407      
115700  0.51687    0.02681    0.04533    0.01637      0.42119      0.07173      0.01787      0.42274      0.10472      
115800  0.51083    0.02681    0.04533    0.01732      0.41422      0.07142      0.01789      0.42304      0.10386      
115900  0.51509    0.02681    0.04533    0.01819      0.41773      0.07027      0.01801      0.42313      0.10333      
116000  0.51676    0.02681    0.04533    0.01660      0.42095      0.07068      0.01816      0.42263      0.10335      
116100  0.51071    0.02680    0.04533    0.01727      0.41415      0.07150      0.01821      0.42291      0.10301      
116200  0.51503    0.02680    0.04533    0.01803      0.41782      0.07051      0.01788      0.42292      0.10235      
116300  0.51681    0.02679    0.04533    0.01649      0.42112      0.07086      0.01803      0.42285      0.10289      
116400  0.51076    0.02678    0.04532    0.01737      0.41420      0.07077      0.01798      0.42328      0.10288      
116500  0.51499    0.02677    0.04532    0.01800      0.41789      0.07008      0.01768      0.42290      0.10357      
116600  0.51675    0.02678    0.04532    0.01655      0.42102      0.07085      0.01792      0.42258      0.10478      
116700  0.51064    0.02677    0.04531    0.01734      0.41413      0.07077      0.01792      0.42297      0.10361      
116800  0.51487    0.02677    0.04531    0.01811      0.41767      0.07004      0.01780      0.42273      0.10421      
116900  0.51665    0.02678    0.04531    0.01644      0.42101      0.07116      0.01788      0.42256      0.10402      
117000  0.51060    0.02677    0.04531    0.01727      0.41415      0.07103      0.01805      0.42263      0.10321      
117100  0.51489    0.02677    0.04531    0.01814      0.41759      0.07070      0.01799      0.42276      0.10453      
117200  0.51683    0.02677    0.04530    0.01638      0.42127      0.07099      0.01796      0.42236      0.10316      
117300  0.51060    0.02676    0.04531    0.01726      0.41414      0.07134      0.01800      0.42237      0.10409      
117400  0.51488    0.02675    0.04530    0.01806      0.41775      0.07020      0.01803      0.42239      0.10388      
117500  0.51658    0.02677    0.04530    0.01656      0.42093      0.07021      0.01822      0.42262      0.10445      
117600  0.51048    0.02677    0.04530    0.01720      0.41408      0.07144      0.01800      0.42300      0.10450      
117700  0.51487    0.02678    0.04530    0.01806      0.41775      0.06978      0.01771      0.42251      0.10420      
117800  0.51679    0.02676    0.04530    0.01651      0.42117      0.07055      0.01804      0.42253      0.10454      
117900  0.51045    0.02677    0.04529    0.01722      0.41402      0.07150      0.01808      0.42264      0.10561      
118000  0.51485    0.02677    0.04529    0.01820      0.41758      0.07012      0.01792      0.42223      0.10555      
118100  0.51666    0.02677    0.04529    0.01647      0.42105      0.07077      0.01802      0.42247      0.10454      
118200  0.51043    0.02677    0.04529    0.01728      0.41395      0.07136      0.01830      0.42242      0.10467      
118300  0.51471    0.02675    0.04529    0.01824      0.41742      0.07011      0.01796      0.42266      0.10390      
118400  0.51664    0.02675    0.04529    0.01648      0.42098      0.07136      0.01813      0.42211      0.10442      
118500  0.51038    0.02675    0.04529    0.01733      0.41390      0.07105      0.01822      0.42271      0.10398      
118600  0.51474    0.02674    0.04528    0.01802      0.41768      0.07014      0.01788      0.42284      0.10457      
118700  0.51647    0.02675    0.04528    0.01651      0.42082      0.07107      0.01811      0.42275      0.10537      
118800  0.51040    0.02674    0.04528    0.01729      0.41391      0.07185      0.01828      0.42263      0.10513      
118900  0.51463    0.02672    0.04527    0.01810      0.41748      0.07056      0.01804      0.42245      0.10441      
119000  0.51658    0.02675    0.04528    0.01643      0.42090      0.07219      0.01808      0.42238      0.10477      
119100  0.51035    0.02673    0.04527    0.01731      0.41392      0.07113      0.01812      0.42232      0.10393      
119200  0.51459    0.02673    0.04527    0.01832      0.41725      0.07014      0.01812      0.42272      0.10488      
119300  0.51642    0.02674    0.04527    0.01661      0.42061      0.07193      0.01814      0.42218      0.10479      
119400  0.51029    0.02675    0.04527    0.01731      0.41378      0.07171      0.01837      0.42215      0.10615      
119500  0.51468    0.02673    0.04527    0.01823      0.41743      0.07031      0.01811      0.42217      0.10566      
119600  0.51646    0.02672    0.04526    0.01662      0.42071      0.07150      0.01843      0.42246      0.10570      
119700  0.51029    0.02672    0.04526    0.01735      0.41381      0.07159      0.01813      0.42238      0.10456      
119800  0.51460    0.02671    0.04526    0.01825      0.41734      0.07049      0.01803      0.42237      0.10394      
119900  0.51644    0.02671    0.04526    0.01655      0.42079      0.07139      0.01815      0.42203      0.10453      
120000  0.51022    0.02671    0.04525    0.01735      0.41375      0.07153      0.01816      0.42228      0.10379      
120100  0.51459    0.02670    0.04525    0.01827      0.41735      0.07009      0.01806      0.42254      0.10367      
120200  0.51631    0.02671    0.04525    0.01655      0.42068      0.07115      0.01812      0.42213      0.10420      
120300  0.51018    0.02670    0.04524    0.01724      0.41384      0.07161      0.01822      0.42267      0.10355      
120400  0.51456    0.02670    0.04524    0.01813      0.41747      0.07020      0.01811      0.42270      0.10405      
120500  0.51636    0.02670    0.04524    0.01648      0.42076      0.07182      0.01820      0.42201      0.10447      
120600  0.51012    0.02669    0.04523    0.01731      0.41376      0.07122      0.01807      0.42224      0.10394      
120700  0.51453    0.02668    0.04523    0.01836      0.41728      0.06987      0.01807      0.42292      0.10464      
120800  0.51637    0.02669    0.04523    0.01651      0.42084      0.07092      0.01807      0.42222      0.10381      
120900  0.51005    0.02668    0.04523    0.01720      0.41376      0.07183      0.01791      0.42221      0.10403      
121000  0.51445    0.02667    0.04523    0.01826      0.41728      0.07000      0.01796      0.42235      0.10491      
121100  0.51631    0.02668    0.04523    0.01651      0.42066      0.07229      0.01807      0.42224      0.10513      
121200  0.50990    0.02667    0.04523    0.01723      0.41362      0.07156      0.01797      0.42249      0.10492      
121300  0.51448    0.02667    0.04523    0.01824      0.41728      0.07049      0.01799      0.42219      0.10533      
121400  0.51621    0.02667    0.04523    0.01638      0.42079      0.07139      0.01800      0.42198      0.10664      
121500  0.50981    0.02667    0.04523    0.01724      0.41354      0.07130      0.01800      0.42212      0.10567      
121600  0.51440    0.02667    0.04523    0.01810      0.41733      0.07071      0.01792      0.42173      0.10580      
121700  0.51612    0.02667    0.04523    0.01646      0.42062      0.07142      0.01798      0.42229      0.10545      
121800  0.50981    0.02666    0.04522    0.01725      0.41351      0.07180      0.01795      0.42216      0.10583      
121900  0.51434    0.02665    0.04522    0.01812      0.41731      0.07037      0.01793      0.42257      0.10629      
122000  0.51606    0.02665    0.04522    0.01635      0.42062      0.07229      0.01805      0.42214      0.10575      
122100  0.50974    0.02666    0.04522    0.01720      0.41354      0.07120      0.01800      0.42227      0.10573      
122200  0.51426    0.02664    0.04522    0.01808      0.41725      0.07062      0.01794      0.42200      0.10613      
122300  0.51600    0.02664    0.04522    0.01647      0.42054      0.07126      0.01800      0.42238      0.10563      
122400  0.50979    0.02664    0.04522    0.01725      0.41353      0.07150      0.01824      0.42209      0.10580      
122500  0.51419    0.02664    0.04522    0.01799      0.41729      0.07049      0.01801      0.42217      0.10448      
122600  0.51605    0.02663    0.04522    0.01659      0.42052      0.07096      0.01816      0.42227      0.10405      
122700  0.50974    0.02663    0.04522    0.01725      0.41347      0.07168      0.01788      0.42209      0.10448      
122800  0.51426    0.02662    0.04521    0.01826      0.41719      0.06980      0.01794      0.42192      0.10371      
122900  0.51598    0.02663    0.04521    0.01657      0.42047      0.07099      0.01820      0.42201      0.10350      
123000  0.50976    0.02662    0.04521    0.01734      0.41350      0.07092      0.01809      0.42167      0.10385      
123100  0.51422    0.02661    0.04520    0.01831      0.41710      0.06997      0.01812      0.42197      0.10361      
123200  0.51609    0.02659    0.04519    0.01666      0.42054      0.07112      0.01805      0.42183      0.10375      
123300  0.50973    0.02659    0.04519    0.01741      0.41341      0.07131      0.01823      0.42177      0.10397      
123400  0.51413    0.02658    0.04519    0.01802      0.41734      0.06996      0.01797      0.42198      0.10348      
123500  0.51605    0.02657    0.04519    0.01662      0.42055      0.07118      0.01819      0.42173      0.10283      
123600  0.50969    0.02658    0.04519    0.01716      0.41366      0.07099      0.01815      0.42179      0.10251      
123700  0.51426    0.02659    0.04519    0.01833      0.41719      0.06964      0.01831      0.42180      0.10197      
123800  0.51585    0.02659    0.04519    0.01646      0.42050      0.07105      0.01829      0.42151      0.10166      
123900  0.50967    0.02659    0.04519    0.01727      0.41351      0.07107      0.01817      0.42181      0.10101      
124000  0.51410    0.02660    0.04519    0.01813      0.41721      0.06965      0.01797      0.42235      0.10183      
124100  0.51592    0.02660    0.04519    0.01631      0.42065      0.07170      0.01786      0.42204      0.10271      
124200  0.50961    0.02660    0.04518    0.01714      0.41354      0.07146      0.01805      0.42167      0.10268      
124300  0.51409    0.02661    0.04518    0.01815      0.41720      0.06951      0.01808      0.42187      0.10233      
124400  0.51588    0.02660    0.04518    0.01656      0.42041      0.07129      0.01800      0.42178      0.10303      
124500  0.50951    0.02658    0.04518    0.01717      0.41339      0.07186      0.01818      0.42172      0.10272      
124600  0.51397    0.02659    0.04518    0.01820      0.41699      0.06999      0.01804      0.42187      0.10287      
124700  0.51567    0.02660    0.04518    0.01653      0.42019      0.07174      0.01817      0.42174      0.10315      
124800  0.50950    0.02660    0.04517    0.01720      0.41336      0.07165      0.01795      0.42167      0.10353      
124900  0.51395    0.02659    0.04517    0.01801      0.41719      0.06981      0.01784      0.42154      0.10401      
125000  0.51583    0.02658    0.04517    0.01659      0.42033      0.07159      0.01823      0.42159      0.10421      
125100  0.50942    0.02659    0.04516    0.01708      0.41350      0.07082      0.01819      0.42185      0.10398      
125200  0.51392    0.02659    0.04516    0.01813      0.41707      0.06972      0.01803      0.42169      0.10418      
125300  0.51586    0.02660    0.04516    0.01661      0.42042      0.07066      0.01817      0.42153      0.10367      
125400  0.50956    0.02660    0.04516    0.01723      0.41349      0.07095      0.01802      0.42157      0.10422      
125500  0.51386    0.02660    0.04516    0.01791      0.41720      0.07001      0.01769      0.42165      0.10407      
125600  0.51580    0.02659    0.04516    0.01651      0.42036      0.07188      0.01823      0.42138      0.10429      
125700  0.50941    0.02660    0.04516    0.01721      0.41327      0.07172      0.01800      0.42145      0.10478      
125800  0.51372    0.02659    0.04514    0.01821      0.41680      0.06983      0.01808      0.42182      0.10415      
125900  0.51579    0.02658    0.04514    0.01657      0.42034      0.07153      0.01809      0.42170      0.10532      
126000  0.50939    0.02657    0.04514    0.01731      0.41323      0.07138      0.01811      0.42163      0.10420      
126100  0.51370    0.02658    0.04514    0.01809      0.41687      0.07015      0.01796      0.42163      0.10385      
126200  0.51574    0.02657    0.04515    0.01660      0.42032      0.07109      0.01801      0.42140      0.10366      
126300  0.50938    0.02656    0.04514    0.01707      0.41339      0.07209      0.01795      0.42155      0.10473      
126400  0.51368    0.02655    0.04514    0.01797      0.41703      0.06991      0.01776      0.42168      0.10388      
126500  0.51576    0.02657    0.04514    0.01642      0.42042      0.07209      0.01782      0.42177      0.10371      
126600  0.50936    0.02656    0.04514    0.01719      0.41330      0.07177      0.01809      0.42147      0.10317      
126700  0.51367    0.02656    0.04513    0.01804      0.41686      0.07066      0.01789      0.42201      0.10366      
126800  0.51572    0.02656    0.04513    0.01646      0.42042      0.07154      0.01806      0.42195      0.10305      
126900  0.50929    0.02655    0.04513    0.01719      0.41328      0.07146      0.01799      0.42213      0.10430      
127000  0.51373    0.02656    0.04512    0.01807      0.41698      0.07007      0.01793      0.42164      0.10315      
127100  0.51578    0.02656    0.04513    0.01648      0.42052      0.07096      0.01810      0.42169      0.10309      
127200  0.50932    0.02654    0.04512    0.01727      0.41325      0.07144      0.01822      0.42170      0.10391      
127300  0.51366    0.02654    0.04511    0.01797      0.41702      0.07016      0.01781      0.42188      0.10376      
127400  0.51572    0.02654    0.04511    0.01645      0.42045      0.07159      0.01781      0.42183      0.10484      
127500  0.50928    0.02653    0.04511    0.01709      0.41339      0.07158      0.01774      0.42191      0.10432      
127600  0.51355    0.02652    0.04511    0.01795      0.41698      0.06997      0.01779      0.42173      0.10547      
127700  0.51579    0.02652    0.04510    0.01664      0.42037      0.07151      0.01790      0.42155      0.10393      
127800  0.50922    0.02652    0.04510    0.01726      0.41316      0.07182      0.01801      0.42187      0.10392      
127900  0.51349    0.02652    0.04510    0.01812      0.41674      0.06995      0.01786      0.42132      0.10237      
128000  0.51583    0.02654    0.04511    0.01659      0.42044      0.07151      0.01803      0.42130      0.10209      
128100  0.50916    0.02653    0.04510    0.01707      0.41327      0.07180      0.01794      0.42162      0.10180      
128200  0.51355    0.02652    0.04510    0.01811      0.41679      0.07022      0.01791      0.42112      0.10179      
128300  0.51588    0.02654    0.04510    0.01669      0.42036      0.07196      0.01816      0.42118      0.10122      
128400  0.50915    0.02654    0.04511    0.01733      0.41302      0.07164      0.01811      0.42128      0.10091      
128500  0.51354    0.02654    0.04511    0.01811      0.41678      0.06998      0.01783      0.42116      0.10097      
128600  0.51575    0.02654    0.04511    0.01649      0.42035      0.07268      0.01816      0.42114      0.10145      
128700  0.50913    0.02653    0.04510    0.01701      0.41326      0.07225      0.01768      0.42159      0.10188      
128800  0.51346    0.02653    0.04510    0.01815      0.41663      0.07040      0.01789      0.42112      0.10207      
128900  0.51577    0.02651    0.04510    0.01633      0.42058      0.07251      0.01777      0.42124      0.10236      
129000  0.50908    0.02651    0.04509    0.01712      0.41320      0.07159      0.01808      0.42143      0.10164      
129100  0.51344    0.02650    0.04509    0.01804      0.41684      0.06967      0.01778      0.42145      0.10104      
129200  0.51555    0.02650    0.04509    0.01658      0.42022      0.07167      0.01818      0.42137      0.10042      
129300  0.50907    0.02649    0.04508    0.01713      0.41322      0.07143      0.01771      0.42141      0.10066      
129400  0.51350    0.02649    0.04508    0.01820      0.41672      0.07002      0.01797      0.42149      0.10076      
129500  0.51548    0.02648    0.04508    0.01649      0.42024      0.07200      0.01794      0.42120      0.10121      
129600  0.50900    0.02648    0.04508    0.01709      0.41317      0.07185      0.01800      0.42138      0.10056      
129700  0.51347    0.02647    0.04508    0.01810      0.41683      0.06995      0.01786      0.42175      0.10125      
129800  0.51545    0.02647    0.04508    0.01635      0.42030      0.07242      0.01801      0.42175      0.10104      
129900  0.50902    0.02647    0.04508    0.01723      0.41313      0.07103      0.01800      0.42165      0.10037      
130000  0.51339    0.02647    0.04508    0.01817      0.41668      0.06993      0.01796      0.42165      0.10028      
130100  0.51543    0.02647    0.04508    0.01658      0.42008      0.07205      0.01804      0.42142      0.10087      
130200  0.50894    0.02646    0.04508    0.01711      0.41312      0.07178      0.01808      0.42153      0.10112      
130300  0.51327    0.02647    0.04508    0.01798      0.41669      0.07046      0.01784      0.42154      0.10065      
130400  0.51546    0.02647    0.04508    0.01633      0.42034      0.07243      0.01788      0.42130      0.10061      
130500  0.50905    0.02647    0.04508    0.01713      0.41319      0.07181      0.01799      0.42126      0.09958      
130600  0.51323    0.02646    0.04508    0.01817      0.41652      0.07004      0.01802      0.42157      0.09900      
130700  0.51549    0.02646    0.04507    0.01665      0.42013      0.07176      0.01835      0.42149      0.09960      
130800  0.50905    0.02646    0.04508    0.01732      0.41305      0.07146      0.01809      0.42135      0.09961      
130900  0.51321    0.02647    0.04507    0.01816      0.41652      0.06988      0.01820      0.42151      0.09917      
131000  0.51547    0.02646    0.04507    0.01650      0.42028      0.07166      0.01820      0.42147      0.09968      
131100  0.50893    0.02645    0.04507    0.01724      0.41305      0.07126      0.01830      0.42159      0.09959      
131200  0.51326    0.02645    0.04506    0.01809      0.41664      0.07009      0.01820      0.42186      0.09885      
131300  0.51552    0.02644    0.04506    0.01659      0.42024      0.07180      0.01837      0.42144      0.09885      
131400  0.50891    0.02645    0.04506    0.01728      0.41304      0.07072      0.01825      0.42153      0.09852      
131500  0.51318    0.02646    0.04506    0.01816      0.41651      0.06989      0.01829      0.42155      0.09828      
131600  0.51549    0.02646    0.04505    0.01648      0.42035      0.07145      0.01808      0.42153      0.09801      
131700  0.50894    0.02646    0.04505    0.01722      0.41310      0.07113      0.01797      0.42142      0.09888      
131800  0.51319    0.02644    0.04505    0.01817      0.41659      0.06935      0.01807      0.42151      0.09847      
131900  0.51551    0.02644    0.04505    0.01650      0.42038      0.07145      0.01809      0.42154      0.09875      
132000  0.50890    0.02645    0.04505    0.01719      0.41314      0.07071      0.01791      0.42154      0.09836      
132100  0.51317    0.02645    0.04505    0.01803      0.41666      0.06984      0.01783      0.42154      0.09896      
132200  0.51544    0.02644    0.04504    0.01663      0.42020      0.07134      0.01806      0.42138      0.09865      
132300  0.50890    0.02643    0.04504    0.01717      0.41320      0.07059      0.01805      0.42165      0.09952      
132400  0.51322    0.02644    0.04503    0.01813      0.41672      0.06897      0.01808      0.42167      0.09901      
132500  0.51536    0.02644    0.04504    0.01650      0.42031      0.07082      0.01815      0.42133      0.09821      
132600  0.50880    0.02643    0.04503    0.01727      0.41301      0.07048      0.01821      0.42129      0.09759      
132700  0.51321    0.02642    0.04503    0.01790      0.41695      0.06911      0.01792      0.42146      0.09761      
132800  0.51534    0.02643    0.04503    0.01669      0.42010      0.07101      0.01806      0.42158      0.09839      
132900  0.50879    0.02642    0.04503    0.01728      0.41295      0.07109      0.01806      0.42120      0.09933      
133000  0.51314    0.02641    0.04503    0.01816      0.41659      0.06953      0.01809      0.42156      0.09919      
133100  0.51511    0.02640    0.04503    0.01657      0.41997      0.07132      0.01833      0.42130      0.09904      
133200  0.50873    0.02640    0.04503    0.01720      0.41301      0.07092      0.01818      0.42141      0.09895      
133300  0.51310    0.02640    0.04503    0.01814      0.41661      0.06914      0.01813      0.42165      0.09905      
133400  0.51519    0.02641    0.04503    0.01644      0.42010      0.07209      0.01820      0.42123      0.09936      
133500  0.50880    0.02641    0.04503    0.01716      0.41306      0.07143      0.01804      0.42149      0.09917      
133600  0.51293    0.02641    0.04503    0.01794      0.41660      0.06954      0.01779      0.42166      0.09924      
133700  0.51527    0.02640    0.04503    0.01636      0.42037      0.07108      0.01798      0.42162      0.10006      
133800  0.50880    0.02640    0.04503    0.01699      0.41323      0.07146      0.01773      0.42178      0.09941      
133900  0.51291    0.02641    0.04503    0.01792      0.41661      0.06935      0.01803      0.42168      0.09787      
134000  0.51517    0.02640    0.04503    0.01636      0.42016      0.07214      0.01784      0.42122      0.09835      
134100  0.50869    0.02640    0.04502    0.01703      0.41305      0.07190      0.01802      0.42124      0.09856      
134200  0.51292    0.02640    0.04502    0.01796      0.41657      0.06974      0.01789      0.42120      0.09832      
134300  0.51512    0.02640    0.04501    0.01655      0.42005      0.07104      0.01805      0.42116      0.09777      
134400  0.50870    0.02641    0.04502    0.01717      0.41297      0.07142      0.01794      0.42127      0.09874      
134500  0.51287    0.02639    0.04500    0.01795      0.41656      0.06966      0.01802      0.42128      0.09823      
134600  0.51518    0.02640    0.04501    0.01626      0.42032      0.07193      0.01776      0.42117      0.09863      
134700  0.50867    0.02640    0.04502    0.01699      0.41310      0.07166      0.01797      0.42105      0.09812      
134800  0.51286    0.02639    0.04501    0.01794      0.41652      0.06995      0.01789      0.42107      0.09853      
134900  0.51518    0.02640    0.04501    0.01628      0.42030      0.07190      0.01796      0.42117      0.09843      
135000  0.50857    0.02640    0.04502    0.01703      0.41298      0.07146      0.01802      0.42136      0.09799      
135100  0.51285    0.02642    0.04502    0.01803      0.41645      0.06937      0.01793      0.42116      0.09763      
135200  0.51507    0.02642    0.04502    0.01639      0.42005      0.07191      0.01811      0.42094      0.09725      
135300  0.50854    0.02641    0.04502    0.01707      0.41290      0.07147      0.01797      0.42114      0.09712      
135400  0.51278    0.02640    0.04502    0.01790      0.41645      0.07008      0.01789      0.42137      0.09789      
135500  0.51511    0.02640    0.04502    0.01642      0.42007      0.07210      0.01794      0.42130      0.09764      
135600  0.50858    0.02639    0.04502    0.01708      0.41291      0.07183      0.01778      0.42120      0.09737      
135700  0.51284    0.02639    0.04501    0.01797      0.41649      0.06971      0.01786      0.42101      0.09765      
135800  0.51512    0.02639    0.04501    0.01640      0.42016      0.07145      0.01802      0.42094      0.09756      
135900  0.50858    0.02639    0.04501    0.01723      0.41278      0.07173      0.01780      0.42096      0.09838      
136000  0.51277    0.02640    0.04501    0.01792      0.41646      0.06988      0.01775      0.42127      0.09860      
136100  0.51511    0.02638    0.04501    0.01640      0.42014      0.07174      0.01784      0.42102      0.09828      
136200  0.50856    0.02637    0.04501    0.01706      0.41292      0.07190      0.01781      0.42102      0.09829      
136300  0.51279    0.02636    0.04501    0.01814      0.41634      0.06949      0.01805      0.42138      0.09776      
136400  0.51498    0.02637    0.04501    0.01641      0.42005      0.07141      0.01785      0.42129      0.09785      
136500  0.50847    0.02636    0.04500    0.01713      0.41279      0.07190      0.01811      0.42118      0.09783      
136600  0.51269    0.02636    0.04501    0.01803      0.41630      0.06984      0.01782      0.42155      0.09785      
136700  0.51484    0.02636    0.04500    0.01648      0.41978      0.07209      0.01791      0.42129      0.09761      
136800  0.50847    0.02635    0.04500    0.01703      0.41284      0.07245      0.01789      0.42099      0.09872      
136900  0.51270    0.02636    0.04500    0.01801      0.41632      0.07007      0.01778      0.42138      0.09846      
137000  0.51490    0.02636    0.04500    0.01634      0.42004      0.07156      0.01790      0.42135      0.09801      
137100  0.50841    0.02635    0.04500    0.01712      0.41279      0.07148      0.01799      0.42124      0.09769      
137200  0.51280    0.02635    0.04500    0.01786      0.41662      0.06961      0.01796      0.42141      0.09776      
137300  0.51492    0.02636    0.04500    0.01638      0.42001      0.07171      0.01797      0.42122      0.09815      
137400  0.50833    0.02635    0.04500    0.01703      0.41276      0.07193      0.01802      0.42118      0.09817      
137500  0.51277    0.02636    0.04500    0.01803      0.41643      0.06941      0.01794      0.42098      0.09692      
137600  0.51487    0.02635    0.04500    0.01647      0.41991      0.07151      0.01786      0.42120      0.09696      
137700  0.50834    0.02635    0.04500    0.01708      0.41274      0.07170      0.01786      0.42082      0.09626      
137800  0.51273    0.02634    0.04500    0.01794      0.41651      0.06938      0.01796      0.42088      0.09586      
137900  0.51487    0.02635    0.04500    0.01645      0.41991      0.07164      0.01824      0.42088      0.09582      
138000  0.50824    0.02634    0.04500    0.01701      0.41270      0.07190      0.01791      0.42075      0.09684      
138100  0.51268    0.02635    0.04500    0.01802      0.41637      0.06937      0.01792      0.42088      0.09624      
138200  0.51470    0.02635    0.04499    0.01652      0.41971      0.07119      0.01820      0.42070      0.09613      
138300  0.50821    0.02635    0.04499    0.01709      0.41261      0.07165      0.01804      0.42079      0.09704      
138400  0.51260    0.02636    0.04500    0.01782      0.41648      0.06941      0.01781      0.42098      0.09725      
138500  0.51488    0.02636    0.04499    0.01634      0.42003      0.07162      0.01784      0.42086      0.09662      
138600  0.50820    0.02635    0.04499    0.01709      0.41262      0.07145      0.01816      0.42088      0.09550      
138700  0.51246    0.02634    0.04498    0.01777      0.41642      0.06944      0.01781      0.42103      0.09627      
138800  0.51490    0.02636    0.04498    0.01642      0.42001      0.07122      0.01813      0.42079      0.09616      
138900  0.50810    0.02636    0.04498    0.01698      0.41264      0.07138      0.01797      0.42092      0.09661      
139000  0.51243    0.02635    0.04499    0.01786      0.41628      0.06959      0.01790      0.42113      0.09690      
139100  0.51492    0.02635    0.04498    0.01640      0.42005      0.07137      0.01809      0.42114      0.09615      
139200  0.50811    0.02634    0.04498    0.01697      0.41265      0.07171      0.01792      0.42098      0.09716      
139300  0.51241    0.02635    0.04498    0.01768      0.41649      0.06906      0.01778      0.42114      0.09648      
139400  0.51484    0.02636    0.04498    0.01637      0.41999      0.07136      0.01780      0.42093      0.09794      
139500  0.50816    0.02636    0.04498    0.01718      0.41252      0.07113      0.01793      0.42091      0.09792      
139600  0.51234    0.02636    0.04498    0.01788      0.41623      0.06895      0.01787      0.42103      0.09750      
139700  0.51502    0.02635    0.04498    0.01629      0.42025      0.07148      0.01782      0.42092      0.09722      
139800  0.50808    0.02635    0.04498    0.01716      0.41251      0.07072      0.01805      0.42122      0.09707      
139900  0.51226    0.02635    0.04498    0.01792      0.41614      0.06872      0.01792      0.42115      0.09740      
140000  0.51489    0.02635    0.04498    0.01646      0.42001      0.07103      0.01800      0.42132      0.09806      
140100  0.50809    0.02634    0.04498    0.01711      0.41248      0.07177      0.01794      0.42103      0.09819      
140200  0.51228    0.02634    0.04498    0.01790      0.41616      0.06896      0.01801      0.42102      0.09731      
140300  0.51466    0.02634    0.04498    0.01646      0.41969      0.07197      0.01809      0.42089      0.09805      
140400  0.50794    0.02634    0.04497    0.01711      0.41238      0.07136      0.01797      0.42094      0.09753      
140500  0.51222    0.02635    0.04498    0.01793      0.41600      0.06962      0.01789      0.42078      0.09707      
140600  0.51459    0.02633    0.04498    0.01639      0.41970      0.07186      0.01804      0.42044      0.09761      
140700  0.50805    0.02632    0.04497    0.01709      0.41249      0.07176      0.01791      0.42066      0.09821      
140800  0.51219    0.02633    0.04497    0.01780      0.41607      0.07021      0.01771      0.42080      0.09848      
140900  0.51465    0.02632    0.04496    0.01644      0.41974      0.07182      0.01788      0.42089      0.09774      
141000  0.50790    0.02631    0.04497    0.01698      0.41244      0.07211      0.01781      0.42084      0.09806      
141100  0.51225    0.02631    0.04497    0.01791      0.41610      0.06961      0.01785      0.42079      0.09766      
141200  0.51466    0.02631    0.04497    0.01643      0.41980      0.07157      0.01794      0.42072      0.09794      
141300  0.50790    0.02632    0.04497    0.01707      0.41243      0.07112      0.01808      0.42054      0.09704      
141400  0.51208    0.02631    0.04496    0.01812      0.41573      0.06957      0.01810      0.42077      0.09650      
141500  0.51469    0.02631    0.04496    0.01652      0.41972      0.07164      0.01815      0.42061      0.09656      
141600  0.50792    0.02632    0.04497    0.01704      0.41247      0.07121      0.01792      0.42058      0.09637      
141700  0.51218    0.02633    0.04496    0.01786      0.41608      0.06955      0.01774      0.42061      0.09679      
141800  0.51473    0.02633    0.04497    0.01631      0.41997      0.07153      0.01780      0.42040      0.09645      
141900  0.50794    0.02632    0.04496    0.01712      0.41243      0.07106      0.01809      0.42051      0.09660      
142000  0.51206    0.02631    0.04496    0.01794      0.41589      0.06960      0.01774      0.42074      0.09738      
142100  0.51465    0.02630    0.04496    0.01631      0.41994      0.07130      0.01788      0.42072      0.09729      
142200  0.50787    0.02630    0.04496    0.01700      0.41248      0.07131      0.01791      0.42058      0.09736      
142300  0.51213    0.02632    0.04497    0.01792      0.41603      0.06893      0.01790      0.42075      0.09712      
142400  0.51452    0.02631    0.04497    0.01639      0.41974      0.07110      0.01809      0.42060      0.09752      
142500  0.50783    0.02632    0.04497    0.01715      0.41230      0.07085      0.01777      0.42067      0.09855      
142600  0.51207    0.02633    0.04496    0.01798      0.41588      0.06913      0.01796      0.42089      0.09708      
142700  0.51446    0.02633    0.04497    0.01640      0.41962      0.07147      0.01823      0.42049      0.09754      
142800  0.50777    0.02633    0.04497    0.01710      0.41224      0.07125      0.01796      0.42057      0.09791      
142900  0.51190    0.02632    0.04496    0.01791      0.41580      0.06901      0.01784      0.42103      0.09702      
143000  0.51444    0.02633    0.04496    0.01630      0.41972      0.07123      0.01790      0.42071      0.09824      
143100  0.50776    0.02633    0.04497    0.01697      0.41239      0.07095      0.01803      0.42064      0.09723      
143200  0.51197    0.02632    0.04496    0.01808      0.41571      0.06905      0.01801      0.42077      0.09730      
143300  0.51440    0.02632    0.04496    0.01642      0.41953      0.07172      0.01807      0.42050      0.09812      
143400  0.50766    0.02632    0.04496    0.01703      0.41220      0.07155      0.01807      0.42080      0.09790      
143500  0.51195    0.02632    0.04496    0.01797      0.41577      0.06931      0.01807      0.42083      0.09864      
143600  0.51447    0.02631    0.04496    0.01636      0.41973      0.07121      0.01815      0.42040      0.09870      
143700  0.50764    0.02632    0.04496    0.01712      0.41215      0.07084      0.01804      0.42088      0.09783      
143800  0.51185    0.02631    0.04496    0.01805      0.41559      0.06946      0.01811      0.42081      0.09833      
143900  0.51434    0.02631    0.04495    0.01625      0.41971      0.07117      0.01800      0.42079      0.09846      
144000  0.50757    0.02630    0.04495    0.01708      0.41204      0.07198      0.01814      0.42058      0.09872      
144100  0.51192    0.02631    0.04496    0.01795      0.41571      0.06996      0.01800      0.42034      0.09892      
144200  0.51420    0.02632    0.04496    0.01624      0.41955      0.07139      0.01823      0.42035      0.09840      
144300  0.50758    0.02633    0.04495    0.01701      0.41219      0.07093      0.01815      0.42048      0.09759      
144400  0.51170    0.02631    0.04495    0.01803      0.41553      0.06870      0.01794      0.42062      0.09705      
144500  0.51427    0.02632    0.04495    0.01641      0.41952      0.07068      0.01825      0.42046      0.09605      
144600  0.50754    0.02633    0.04496    0.01714      0.41201      0.07096      0.01810      0.42043      0.09726      
144700  0.51168    0.02633    0.04496    0.01782      0.41566      0.06913      0.01779      0.42070      0.09713      
144800  0.51428    0.02632    0.04495    0.01639      0.41948      0.07137      0.01804      0.42020      0.09722      
144900  0.50754    0.02631    0.04495    0.01707      0.41211      0.07102      0.01798      0.42030      0.09756      
145000  0.51163    0.02631    0.04494    0.01792      0.41561      0.06851      0.01796      0.42065      0.09713      
145100  0.51425    0.02631    0.04494    0.01647      0.41946      0.07074      0.01811      0.42048      0.09700      
145200  0.50747    0.02629    0.04494    0.01712      0.41203      0.07088      0.01807      0.42022      0.09764      
145300  0.51171    0.02630    0.04494    0.01806      0.41552      0.06889      0.01791      0.42020      0.09696      
145400  0.51424    0.02631    0.04494    0.01658      0.41930      0.07122      0.01822      0.42016      0.09863      
145500  0.50750    0.02630    0.04494    0.01719      0.41199      0.07081      0.01808      0.41981      0.09782      
145600  0.51167    0.02631    0.04494    0.01796      0.41558      0.06871      0.01789      0.42003      0.09777      
145700  0.51419    0.02632    0.04494    0.01652      0.41923      0.07179      0.01799      0.41986      0.09811      
145800  0.50752    0.02631    0.04494    0.01712      0.41208      0.07073      0.01794      0.41991      0.09911      
145900  0.51167    0.02631    0.04493    0.01807      0.41547      0.06890      0.01799      0.42005      0.09903      
146000  0.51411    0.02631    0.04493    0.01614      0.41955      0.07183      0.01764      0.42003      0.09931      
146100  0.50746    0.02631    0.04493    0.01704      0.41204      0.07143      0.01786      0.42009      0.10003      
146200  0.51162    0.02631    0.04493    0.01800      0.41548      0.06908      0.01783      0.42012      0.09935      
146300  0.51404    0.02630    0.04493    0.01645      0.41925      0.07123      0.01799      0.42018      0.09887      
146400  0.50741    0.02630    0.04493    0.01715      0.41196      0.07085      0.01786      0.42024      0.09891      
146500  0.51162    0.02630    0.04492    0.01800      0.41550      0.06896      0.01807      0.42026      0.09868      
146600  0.51392    0.02630    0.04493    0.01635      0.41922      0.07122      0.01804      0.42007      0.09912      
146700  0.50736    0.02631    0.04493    0.01710      0.41190      0.07129      0.01792      0.42021      0.09866      
146800  0.51170    0.02630    0.04492    0.01795      0.41558      0.06955      0.01788      0.42051      0.10007      
146900  0.51395    0.02630    0.04492    0.01643      0.41910      0.07195      0.01824      0.42004      0.09947      
147000  0.50733    0.02629    0.04492    0.01706      0.41193      0.07130      0.01789      0.42039      0.10002      
147100  0.51164    0.02629    0.04492    0.01803      0.41543      0.06967      0.01792      0.42028      0.09993      
147200  0.51396    0.02628    0.04492    0.01626      0.41933      0.07164      0.01805      0.42051      0.09933      
147300  0.50729    0.02628    0.04492    0.01707      0.41192      0.07108      0.01818      0.42010      0.09842      
147400  0.51158    0.02628    0.04492    0.01806      0.41542      0.06902      0.01804      0.42004      0.09940      
147500  0.51390    0.02628    0.04492    0.01628      0.41929      0.07137      0.01807      0.42011      0.10007      
147600  0.50725    0.02627    0.04492    0.01691      0.41202      0.07126      0.01789      0.42034      0.09973      
147700  0.51145    0.02626    0.04492    0.01786      0.41547      0.06944      0.01789      0.42039      0.09969      
147800  0.51398    0.02627    0.04491    0.01629      0.41937      0.07141      0.01817      0.42032      0.09891      
147900  0.50723    0.02628    0.04491    0.01707      0.41185      0.07121      0.01816      0.42034      0.09921      
148000  0.51144    0.02628    0.04491    0.01808      0.41528      0.06894      0.01811      0.42054      0.09890      
148100  0.51397    0.02629    0.04491    0.01638      0.41928      0.07105      0.01817      0.42029      0.09877      
148200  0.50714    0.02629    0.04491    0.01706      0.41182      0.07070      0.01811      0.42051      0.09855      
148300  0.51146    0.02628    0.04490    0.01803      0.41529      0.06960      0.01813      0.42075      0.09995      
148400  0.51405    0.02628    0.04491    0.01627      0.41948      0.07119      0.01816      0.42019      0.09949      
148500  0.50714    0.02628    0.04490    0.01716      0.41164      0.07142      0.01818      0.42029      0.09951      
148600  0.51145    0.02627    0.04489    0.01802      0.41529      0.06976      0.01826      0.42044      0.09943      
148700  0.51403    0.02627    0.04490    0.01639      0.41927      0.07205      0.01837      0.42007      0.09924      
148800  0.50707    0.02626    0.04489    0.01718      0.41163      0.07104      0.01850      0.42019      0.09801      
148900  0.51154    0.02627    0.04489    0.01829      0.41519      0.06904      0.01856      0.42020      0.09904      
149000  0.51404    0.02626    0.04489    0.01636      0.41939      0.07138      0.01855      0.42005      0.09866      
149100  0.50704    0.02627    0.04489    0.01717      0.41156      0.07147      0.01857      0.41989      0.09905      
149200  0.51145    0.02627    0.04489    0.01804      0.41531      0.06944      0.01843      0.42025      0.09864      
149300  0.51399    0.02627    0.04488    0.01630      0.41940      0.07141      0.01843      0.42034      0.09813      
149400  0.50701    0.02627    0.04488    0.01698      0.41176      0.07125      0.01828      0.41993      0.09846      
149500  0.51130    0.02626    0.04488    0.01793      0.41531      0.06913      0.01817      0.42006      0.09837      
149600  0.51397    0.02627    0.04488    0.01615      0.41949      0.07175      0.01830      0.41990      0.09902      
149700  0.50703    0.02626    0.04487    0.01718      0.41161      0.07111      0.01848      0.42011      0.09800      
149800  0.51146    0.02627    0.04487    0.01815      0.41523      0.06945      0.01837      0.42026      0.09746      
149900  0.51399    0.02626    0.04486    0.01635      0.41934      0.07182      0.01847      0.41975      0.09714      
150000  0.50703    0.02626    0.04487    0.01712      0.41160      0.07175      0.01822      0.42013      0.09847      
150100  0.51121    0.02626    0.04487    0.01789      0.41525      0.06949      0.01823      0.42007      0.09821      
150200  0.51397    0.02626    0.04486    0.01642      0.41928      0.07137      0.01840      0.42013      0.09826      
150300  0.50698    0.02625    0.04486    0.01714      0.41159      0.07134      0.01818      0.42026      0.09836      
150400  0.51134    0.02624    0.04486    0.01796      0.41538      0.06895      0.01799      0.42026      0.09843      
150500  0.51397    0.02625    0.04486    0.01631      0.41941      0.07140      0.01825      0.42001      0.09897      
150600  0.50698    0.02625    0.04486    0.01728      0.41147      0.07118      0.01846      0.41995      0.09848      
150700  0.51127    0.02625    0.04486    0.01795      0.41526      0.06956      0.01806      0.42013      0.09944      
150800  0.51393    0.02625    0.04486    0.01643      0.41923      0.07156      0.01856      0.41986      0.09884      
150900  0.50696    0.02625    0.04485    0.01710      0.41161      0.07139      0.01856      0.41984      0.09946      
151000  0.51129    0.02625    0.04486    0.01807      0.41518      0.06921      0.01829      0.42002      0.09933      
151100  0.51385    0.02626    0.04486    0.01651      0.41911      0.07119      0.01847      0.41996      0.09877      
151200  0.50693    0.02626    0.04486    0.01717      0.41152      0.07112      0.01816      0.41984      0.09898      
151300  0.51132    0.02627    0.04486    0.01789      0.41538      0.06917      0.01814      0.41995      0.09897      
151400  0.51381    0.02626    0.04486    0.01639      0.41913      0.07167      0.01851      0.41989      0.09911      
151500  0.50696    0.02626    0.04486    0.01729      0.41140      0.07152      0.01853      0.41978      0.09828      
151600  0.51130    0.02627    0.04486    0.01806      0.41516      0.06941      0.01823      0.41989      0.09837      
151700  0.51379    0.02626    0.04486    0.01633      0.41915      0.07187      0.01846      0.41957      0.09947      
151800  0.50686    0.02627    0.04486    0.01711      0.41144      0.07186      0.01871      0.41962      0.09993      
151900  0.51138    0.02626    0.04486    0.01805      0.41525      0.06949      0.01838      0.41980      0.10002      
152000  0.51388    0.02627    0.04486    0.01629      0.41922      0.07234      0.01836      0.41969      0.10017      
152100  0.50685    0.02626    0.04486    0.01706      0.41159      0.07073      0.01832      0.41989      0.09936      
152200  0.51122    0.02625    0.04486    0.01804      0.41518      0.06888      0.01818      0.41985      0.09925      
152300  0.51390    0.02626    0.04486    0.01634      0.41924      0.07201      0.01825      0.41969      0.10004      
152400  0.50692    0.02626    0.04486    0.01714      0.41153      0.07132      0.01801      0.41976      0.10047      
152500  0.51103    0.02625    0.04485    0.01786      0.41514      0.06931      0.01800      0.42018      0.10048      
152600  0.51382    0.02625    0.04485    0.01640      0.41912      0.07196      0.01819      0.41982      0.10050      
152700  0.50685    0.02625    0.04486    0.01719      0.41148      0.07080      0.01823      0.41974      0.10063      
152800  0.51117    0.02625    0.04486    0.01815      0.41505      0.06874      0.01821      0.41995      0.10072      
152900  0.51384    0.02624    0.04485    0.01638      0.41924      0.07130      0.01808      0.42000      0.10084      
153000  0.50683    0.02624    0.04485    0.01717      0.41151      0.07057      0.01817      0.41996      0.10022      
153100  0.51120    0.02625    0.04485    0.01796      0.41522      0.06919      0.01812      0.42004      0.10094      
153200  0.51390    0.02625    0.04485    0.01638      0.41923      0.07193      0.01816      0.41988      0.10065      
153300  0.50673    0.02624    0.04485    0.01707      0.41141      0.07158      0.01823      0.41997      0.10143      
153400  0.51123    0.02624    0.04485    0.01797      0.41528      0.06887      0.01809      0.42002      0.10096      
153500  0.51377    0.02624    0.04485    0.01628      0.41923      0.07173      0.01818      0.41976      0.10113      
153600  0.50676    0.02624    0.04484    0.01710      0.41148      0.07098      0.01829      0.41984      0.10027      
153700  0.51113    0.02625    0.04484    0.01785      0.41527      0.06928      0.01795      0.42019      0.10015      
153800  0.51378    0.02625    0.04484    0.01628      0.41922      0.07190      0.01808      0.41951      0.09923      
153900  0.50677    0.02624    0.04483    0.01710      0.41151      0.07075      0.01813      0.41981      0.09882      
154000  0.51116    0.02623    0.04483    0.01796      0.41523      0.06903      0.01809      0.41996      0.09891      
154100  0.51377    0.02624    0.04483    0.01626      0.41929      0.07154      0.01824      0.41971      0.09866      
154200  0.50674    0.02624    0.04483    0.01715      0.41148      0.07052      0.01803      0.41970      0.09885      
154300  0.51116    0.02623    0.04483    0.01811      0.41515      0.06842      0.01822      0.41995      0.09926      
154400  0.51374    0.02623    0.04483    0.01623      0.41922      0.07233      0.01813      0.41960      0.09873      
154500  0.50670    0.02623    0.04482    0.01696      0.41156      0.07134      0.01816      0.41998      0.09884      
154600  0.51117    0.02623    0.04482    0.01793      0.41530      0.06899      0.01796      0.41984      0.09902      
154700  0.51361    0.02623    0.04482    0.01622      0.41915      0.07188      0.01809      0.41978      0.09954      
154800  0.50667    0.02622    0.04482    0.01712      0.41137      0.07149      0.01816      0.41997      0.10010      
154900  0.51113    0.02623    0.04482    0.01783      0.41528      0.06961      0.01804      0.41995      0.10012      
155000  0.51369    0.02622    0.04482    0.01628      0.41919      0.07189      0.01842      0.41986      0.10044      
155100  0.50665    0.02622    0.04482    0.01711      0.41137      0.07126      0.01822      0.41981      0.09978      
155200  0.51110    0.02623    0.04482    0.01795      0.41516      0.06934      0.01821      0.42042      0.10003      
155300  0.51376    0.02623    0.04482    0.01622      0.41934      0.07153      0.01813      0.42019      0.10016      
155400  0.50670    0.02623    0.04482    0.01704      0.41149      0.07129      0.01812      0.42024      0.10024      
155500  0.51122    0.02623    0.04482    0.01808      0.41515      0.06946      0.01808      0.42029      0.10060      
155600  0.51379    0.02622    0.04482    0.01616      0.41946      0.07138      0.01799      0.42014      0.09994      
155700  0.50659    0.02623    0.04482    0.01709      0.41134      0.07120      0.01821      0.42016      0.09983      
155800  0.51104    0.02623    0.04482    0.01792      0.41516      0.06918      0.01814      0.41994      0.09983      
155900  0.51362    0.02623    0.04482    0.01629      0.41907      0.07221      0.01826      0.42000      0.10078      
156000  0.50654    0.02622    0.04482    0.01700      0.41136      0.07139      0.01824      0.41988      0.10093      
156100  0.51108    0.02622    0.04482    0.01793      0.41517      0.06942      0.01812      0.42000      0.10059      
156200  0.51360    0.02620    0.04482    0.01625      0.41919      0.07147      0.01814      0.42003      0.10011      
156300  0.50651    0.02620    0.04482    0.01704      0.41130      0.07156      0.01810      0.41970      0.10029      
156400  0.51094    0.02620    0.04482    0.01792      0.41507      0.06945      0.01817      0.42015      0.10010      
156500  0.51367    0.02620    0.04482    0.01605      0.41940      0.07212      0.01808      0.42000      0.10056      
156600  0.50647    0.02618    0.04481    0.01692      0.41142      0.07126      0.01783      0.42016      0.10034      
156700  0.51094    0.02618    0.04481    0.01778      0.41517      0.06985      0.01783      0.42025      0.10122      
156800  0.51341    0.02619    0.04481    0.01610      0.41911      0.07207      0.01801      0.41990      0.10101      
156900  0.50643    0.02619    0.04481    0.01699      0.41130      0.07141      0.01810      0.41989      0.10030      
157000  0.51100    0.02618    0.04480    0.01804      0.41503      0.06940      0.01804      0.41977      0.09994      
157100  0.51335    0.02618    0.04481    0.01620      0.41891      0.07259      0.01825      0.41983      0.09999      
157200  0.50641    0.02617    0.04481    0.01700      0.41131      0.07116      0.01815      0.41972      0.09959      
157300  0.51083    0.02618    0.04481    0.01801      0.41491      0.06926      0.01822      0.41976      0.09981      
157400  0.51344    0.02617    0.04481    0.01618      0.41905      0.07232      0.01811      0.41972      0.10006      
157500  0.50639    0.02618    0.04481    0.01697      0.41129      0.07139      0.01806      0.41994      0.09961      
157600  0.51079    0.02618    0.04480    0.01785      0.41506      0.06904      0.01791      0.42043      0.10063      
157700  0.51332    0.02618    0.04481    0.01620      0.41894      0.07195      0.01811      0.41984      0.10060      
157800  0.50639    0.02617    0.04481    0.01701      0.41125      0.07149      0.01812      0.41985      0.10060      
157900  0.51087    0.02618    0.04481    0.01795      0.41504      0.06902      0.01797      0.42003      0.09971      
158000  0.51332    0.02617    0.04480    0.01628      0.41888      0.07196      0.01800      0.42005      0.10053      
158100  0.50636    0.02617    0.04480    0.01719      0.41110      0.07111      0.01806      0.41983      0.10034      
158200  0.51084    0.02617    0.04480    0.01781      0.41515      0.06921      0.01782      0.42015      0.10036      
158300  0.51327    0.02617    0.04480    0.01618      0.41888      0.07250      0.01785      0.42000      0.10134      
158400  0.50636    0.02616    0.04479    0.01697      0.41129      0.07131      0.01783      0.42001      0.10065      
158500  0.51091    0.02616    0.04479    0.01787      0.41516      0.06938      0.01794      0.42005      0.10086      
158600  0.51331    0.02615    0.04479    0.01619      0.41895      0.07228      0.01792      0.42015      0.10103      
158700  0.50637    0.02615    0.04479    0.01693      0.41133      0.07169      0.01772      0.42013      0.10056      
158800  0.51073    0.02616    0.04480    0.01774      0.41509      0.06939      0.01760      0.41994      0.10084      
158900  0.51326    0.02615    0.04479    0.01611      0.41898      0.07226      0.01774      0.42006      0.10071      
159000  0.50631    0.02615    0.04479    0.01690      0.41135      0.07119      0.01786      0.42019      0.10024      
159100  0.51082    0.02615    0.04478    0.01786      0.41515      0.06880      0.01777      0.42026      0.10053      
159200  0.51335    0.02615    0.04479    0.01601      0.41917      0.07222      0.01762      0.42020      0.10090      
159300  0.50625    0.02614    0.04478    0.01698      0.41121      0.07137      0.01773      0.42013      0.10132      
159400  0.51072    0.02615    0.04478    0.01763      0.41526      0.06898      0.01755      0.42054      0.10032      
159500  0.51337    0.02615    0.04478    0.01621      0.41901      0.07223      0.01791      0.42036      0.10083      
159600  0.50623    0.02614    0.04478    0.01686      0.41130      0.07146      0.01783      0.42038      0.09999      
159700  0.51067    0.02613    0.04477    0.01787      0.41500      0.06900      0.01773      0.42070      0.10000      
159800  0.51321    0.02614    0.04478    0.01617      0.41892      0.07199      0.01792      0.42043      0.10043      
159900  0.50623    0.02613    0.04477    0.01687      0.41135      0.07114      0.01793      0.41996      0.09973      
160000  0.51073    0.02611    0.04476    0.01787      0.41506      0.06928      0.01763      0.42013      0.10015      
160100  0.51329    0.02612    0.04476    0.01609      0.41909      0.07230      0.01785      0.42007      0.09995      
160200  0.50619    0.02610    0.04476    0.01705      0.41114      0.07129      0.01809      0.41994      0.09941      
160300  0.51066    0.02611    0.04477    0.01788      0.41498      0.06918      0.01771      0.42019      0.09953      
160400  0.51326    0.02610    0.04476    0.01621      0.41900      0.07193      0.01799      0.42015      0.09983      
160500  0.50624    0.02611    0.04476    0.01696      0.41125      0.07153      0.01794      0.42022      0.10011      
160600  0.51063    0.02611    0.04477    0.01788      0.41495      0.06908      0.01777      0.42012      0.10002      
160700  0.51315    0.02612    0.04477    0.01617      0.41886      0.07226      0.01795      0.41986      0.09976      
160800  0.50619    0.02612    0.04477    0.01696      0.41113      0.07205      0.01787      0.41985      0.10029      
160900  0.51051    0.02612    0.04477    0.01787      0.41482      0.06925      0.01771      0.41991      0.10081      
161000  0.51322    0.02611    0.04477    0.01611      0.41899      0.07242      0.01794      0.41984      0.10074      
161100  0.50612    0.02610    0.04477    0.01697      0.41111      0.07180      0.01796      0.41971      0.10067      
161200  0.51060    0.02611    0.04477    0.01772      0.41505      0.06954      0.01761      0.41969      0.10042      
161300  0.51299    0.02610    0.04477    0.01624      0.41866      0.07224      0.01796      0.41963      0.10016      
161400  0.50608    0.02609    0.04477    0.01699      0.41106      0.07169      0.01788      0.41943      0.10063      
161500  0.51049    0.02609    0.04476    0.01778      0.41496      0.06897      0.01768      0.41989      0.10051      
161600  0.51300    0.02609    0.04476    0.01625      0.41869      0.07213      0.01796      0.41992      0.10003      
161700  0.50606    0.02609    0.04476    0.01711      0.41100      0.07087      0.01793      0.41996      0.10031      
161800  0.51049    0.02610    0.04476    0.01791      0.41487      0.06860      0.01780      0.41993      0.10021      
161900  0.51297    0.02610    0.04476    0.01624      0.41869      0.07185      0.01798      0.41977      0.10050      
162000  0.50601    0.02609    0.04476    0.01700      0.41107      0.07100      0.01795      0.42021      0.09922      
162100  0.51045    0.02610    0.04476    0.01793      0.41478      0.06870      0.01776      0.42007      0.09949      
162200  0.51297    0.02609    0.04476    0.01630      0.41862      0.07203      0.01773      0.41974      0.09939      
162300  0.50605    0.02610    0.04476    0.01696      0.41108      0.07149      0.01788      0.41976      0.09941      
162400  0.51044    0.02610    0.04476    0.01802      0.41471      0.06855      0.01799      0.41978      0.09872      
162500  0.51290    0.02610    0.04475    0.01634      0.41851      0.07194      0.01812      0.41974      0.09837      
162600  0.50608    0.02610    0.04475    0.01701      0.41107      0.07142      0.01783      0.41954      0.09971      
162700  0.51043    0.02609    0.04475    0.01810      0.41462      0.06870      0.01802      0.42022      0.09896      
162800  0.51286    0.02610    0.04474    0.01640      0.41841      0.07206      0.01816      0.41960      0.09940      
162900  0.50603    0.02610    0.04474    0.01718      0.41089      0.07122      0.01828      0.41968      0.09957      
163000  0.51047    0.02610    0.04475    0.01797      0.41479      0.06873      0.01791      0.41972      0.09998      
163100  0.51275    0.02610    0.04474    0.01622      0.41850      0.07192      0.01807      0.41974      0.09990      
163200  0.50597    0.02609    0.04474    0.01704      0.41098      0.07111      0.01797      0.42009      0.09997      
163300  0.51026    0.02610    0.04474    0.01787      0.41465      0.06890      0.01788      0.41989      0.09927      
163400  0.51287    0.02611    0.04474    0.01636      0.41844      0.07216      0.01818      0.41973      0.10041      
163500  0.50599    0.02611    0.04474    0.01711      0.41093      0.07105      0.01804      0.41980      0.09919      
163600  0.51036    0.02610    0.04475    0.01796      0.41469      0.06865      0.01786      0.41971      0.09941      
163700  0.51283    0.02611    0.04475    0.01635      0.41848      0.07145      0.01820      0.41949      0.09940      
163800  0.50599    0.02610    0.04474    0.01709      0.41094      0.07106      0.01813      0.41992      0.09970      
163900  0.51030    0.02611    0.04474    0.01797      0.41459      0.06885      0.01792      0.41989      0.09978      
164000  0.51284    0.02612    0.04475    0.01616      0.41862      0.07193      0.01792      0.41945      0.09916      
164100  0.50595    0.02611    0.04475    0.01716      0.41082      0.07111      0.01833      0.41991      0.09958      
164200  0.51032    0.02611    0.04475    0.01801      0.41453      0.06916      0.01801      0.41976      0.10062      
164300  0.51284    0.02612    0.04476    0.01631      0.41852      0.07131      0.01814      0.41958      0.10052      
164400  0.50585    0.02611    0.04475    0.01717      0.41075      0.07069      0.01818      0.41975      0.10026      
164500  0.51025    0.02610    0.04475    0.01796      0.41461      0.06827      0.01799      0.41996      0.09977      
164600  0.51275    0.02610    0.04475    0.01636      0.41843      0.07111      0.01814      0.41934      0.09997      
164700  0.50581    0.02609    0.04474    0.01709      0.41082      0.07065      0.01808      0.41993      0.09978      
164800  0.51018    0.02609    0.04474    0.01800      0.41447      0.06870      0.01800      0.41993      0.10000      
164900  0.51284    0.02609    0.04474    0.01631      0.41857      0.07136      0.01811      0.41979      0.09998      
165000  0.50580    0.02609    0.04474    0.01718      0.41067      0.07112      0.01814      0.41953      0.09922      
165100  0.51015    0.02609    0.04474    0.01806      0.41440      0.06859      0.01808      0.41991      0.09904      
165200  0.51279    0.02610    0.04475    0.01622      0.41858      0.07144      0.01825      0.41937      0.09894      
165300  0.50588    0.02610    0.04475    0.01715      0.41076      0.07129      0.01827      0.41952      0.09841      
165400  0.51011    0.02609    0.04474    0.01803      0.41436      0.06888      0.01814      0.41975      0.09834      
165500  0.51278    0.02609    0.04474    0.01628      0.41851      0.07159      0.01806      0.41946      0.09870      
165600  0.50578    0.02609    0.04474    0.01708      0.41075      0.07116      0.01835      0.41936      0.09844      
165700  0.51022    0.02609    0.04474    0.01807      0.41444      0.06878      0.01826      0.41966      0.09838      
165800  0.51272    0.02609    0.04474    0.01636      0.41842      0.07101      0.01834      0.41955      0.09835      
165900  0.50573    0.02608    0.04474    0.01717      0.41063      0.07101      0.01819      0.41944      0.09900      
166000  0.51016    0.02609    0.04474    0.01794      0.41447      0.06919      0.01804      0.41978      0.09971      
166100  0.51274    0.02608    0.04474    0.01631      0.41846      0.07143      0.01829      0.41944      0.09958      
166200  0.50570    0.02608    0.04474    0.01698      0.41079      0.07118      0.01819      0.41966      0.09974      
166300  0.51012    0.02607    0.04473    0.01797      0.41443      0.06915      0.01820      0.41948      0.09911      
166400  0.51266    0.02607    0.04474    0.01612      0.41858      0.07155      0.01802      0.41953      0.09898      
166500  0.50565    0.02607    0.04473    0.01707      0.41069      0.07098      0.01838      0.41952      0.09939      
166600  0.51009    0.02607    0.04473    0.01784      0.41455      0.06908      0.01813      0.41968      0.09933      
166700  0.51252    0.02606    0.04473    0.01625      0.41836      0.07124      0.01825      0.41949      0.09862      
166800  0.50563    0.02607    0.04472    0.01710      0.41066      0.07087      0.01833      0.41958      0.09849      
166900  0.51021    0.02607    0.04473    0.01787      0.41467      0.06880      0.01813      0.41981      0.09825      
167000  0.51248    0.02607    0.04473    0.01601      0.41851      0.07167      0.01817      0.41978      0.09797      
167100  0.50562    0.02607    0.04473    0.01707      0.41068      0.07061      0.01836      0.41941      0.09825      
167200  0.51009    0.02606    0.04473    0.01772      0.41466      0.06915      0.01805      0.41962      0.09795      
167300  0.51246    0.02607    0.04473    0.01612      0.41833      0.07211      0.01842      0.41931      0.09795      
167400  0.50561    0.02607    0.04472    0.01695      0.41077      0.07102      0.01808      0.41961      0.09847      
167500  0.51016    0.02606    0.04472    0.01787      0.41455      0.06959      0.01806      0.41960      0.09858      
167600  0.51254    0.02607    0.04472    0.01634      0.41823      0.07172      0.01839      0.41926      0.09821      
167700  0.50559    0.02607    0.04472    0.01702      0.41062      0.07156      0.01833      0.41943      0.09802      
167800  0.51009    0.02606    0.04472    0.01806      0.41435      0.06900      0.01831      0.41985      0.09815      
167900  0.51251    0.02607    0.04472    0.01618      0.41836      0.07186      0.01820      0.41910      0.09816      
168000  0.50556    0.02606    0.04472    0.01700      0.41068      0.07098      0.01828      0.41965      0.09801      
168100  0.51024    0.02607    0.04471    0.01812      0.41442      0.06916      0.01843      0.41957      0.09789      
168200  0.51266    0.02607    0.04472    0.01607      0.41858      0.07224      0.01827      0.41933      0.09853      
168300  0.50555    0.02607    0.04472    0.01703      0.41059      0.07146      0.01842      0.41941      0.09913      
168400  0.51006    0.02607    0.04472    0.01789      0.41446      0.06916      0.01813      0.41967      0.09903      
168500  0.51263    0.02607    0.04472    0.01622      0.41838      0.07242      0.01832      0.41957      0.09915      
168600  0.50551    0.02606    0.04471    0.01706      0.41054      0.07132      0.01832      0.41999      0.09900      
168700  0.51007    0.02607    0.04472    0.01775      0.41455      0.06990      0.01813      0.41935      0.09972      
168800  0.51269    0.02606    0.04471    0.01644      0.41821      0.07256      0.01843      0.41927      0.09945      
168900  0.50547    0.02606    0.04471    0.01712      0.41047      0.07122      0.01832      0.41964      0.09957      
169000  0.51007    0.02606    0.04471    0.01785      0.41454      0.06919      0.01820      0.41993      0.09995      
169100  0.51268    0.02605    0.04470    0.01623      0.41844      0.07268      0.01814      0.41948      0.09899      
169200  0.50551    0.02604    0.04470    0.01701      0.41062      0.07130      0.01817      0.41960      0.09969      
169300  0.51008    0.02605    0.04471    0.01791      0.41451      0.06908      0.01820      0.41954      0.09964      
169400  0.51256    0.02605    0.04470    0.01615      0.41843      0.07214      0.01828      0.41944      0.09969      
169500  0.50553    0.02605    0.04471    0.01700      0.41062      0.07152      0.01823      0.41955      0.10024      
169600  0.51012    0.02605    0.04470    0.01801      0.41442      0.06937      0.01824      0.41965      0.10019      
169700  0.51255    0.02606    0.04470    0.01617      0.41841      0.07217      0.01846      0.41936      0.10043      
169800  0.50552    0.02605    0.04470    0.01713      0.41051      0.07134      0.01846      0.41955      0.10015      
169900  0.51001    0.02606    0.04470    0.01797      0.41435      0.06928      0.01846      0.41933      0.09986      
170000  0.51256    0.02606    0.04470    0.01623      0.41833      0.07242      0.01839      0.41917      0.10045      
170100  0.50553    0.02606    0.04470    0.01702      0.41065      0.07112      0.01820      0.41946      0.10008      
170200  0.50987    0.02605    0.04470    0.01788      0.41433      0.06908      0.01806      0.41971      0.09979      
170300  0.51253    0.02604    0.04469    0.01621      0.41836      0.07225      0.01860      0.41926      0.10038      
170400  0.50548    0.02605    0.04469    0.01705      0.41058      0.07115      0.01846      0.41945      0.10077      
170500  0.51001    0.02605    0.04470    0.01797      0.41437      0.06927      0.01857      0.41914      0.10008      
170600  0.51246    0.02605    0.04470    0.01632      0.41816      0.07238      0.01871      0.41901      0.10002      
170700  0.50543    0.02605    0.04470    0.01714      0.41046      0.07077      0.01862      0.41920      0.09994      
170800  0.50999    0.02604    0.04469    0.01807      0.41429      0.06894      0.01849      0.41953      0.10038      
170900  0.51241    0.02604    0.04470    0.01621      0.41829      0.07170      0.01869      0.41912      0.09954      
171000  0.50535    0.02604    0.04469    0.01698      0.41057      0.07065      0.01813      0.41910      0.09943      
171100  0.50991    0.02604    0.04469    0.01785      0.41435      0.06976      0.01822      0.41932      0.10060      
171200  0.51249    0.02603    0.04468    0.01620      0.41837      0.07205      0.01849      0.41925      0.09993      
171300  0.50526    0.02603    0.04468    0.01696      0.41049      0.07104      0.01837      0.41946      0.09922      
171400  0.50989    0.02603    0.04469    0.01790      0.41436      0.06904      0.01816      0.41930      0.09987      
171500  0.51236    0.02604    0.04469    0.01622      0.41824      0.07181      0.01826      0.41905      0.09961      
171600  0.50534    0.02603    0.04468    0.01702      0.41049      0.07111      0.01827      0.41936      0.10023      
171700  0.50989    0.02603    0.04468    0.01793      0.41433      0.06918      0.01833      0.41915      0.09970      
171800  0.51235    0.02602    0.04468    0.01620      0.41823      0.07223      0.01855      0.41899      0.09989      
171900  0.50531    0.02602    0.04468    0.01699      0.41048      0.07141      0.01834      0.41929      0.09998      
172000  0.50989    0.02602    0.04467    0.01795      0.41435      0.06901      0.01838      0.41942      0.10000      
172100  0.51241    0.02603    0.04468    0.01633      0.41819      0.07178      0.01867      0.41913      0.09951      
172200  0.50530    0.02602    0.04467    0.01699      0.41050      0.07106      0.01841      0.41928      0.09881      
172300  0.50985    0.02602    0.04468    0.01787      0.41443      0.06858      0.01840      0.41941      0.09860      
172400  0.51243    0.02602    0.04467    0.01626      0.41831      0.07174      0.01832      0.41934      0.09851      
172500  0.50533    0.02602    0.04467    0.01702      0.41054      0.07079      0.01840      0.41915      0.09934      
172600  0.50977    0.02602    0.04467    0.01780      0.41439      0.06896      0.01807      0.41920      0.09938      
172700  0.51237    0.02601    0.04467    0.01616      0.41832      0.07216      0.01821      0.41931      0.09982      
172800  0.50537    0.02601    0.04467    0.01690      0.41066      0.07140      0.01799      0.41910      0.10002      
172900  0.50974    0.02600    0.04467    0.01774      0.41442      0.06907      0.01805      0.41936      0.09964      
173000  0.51235    0.02599    0.04467    0.01606      0.41839      0.07240      0.01818      0.41888      0.10011      
173100  0.50527    0.02600    0.04467    0.01704      0.41045      0.07118      0.01814      0.41900      0.10013      
173200  0.50979    0.02599    0.04467    0.01794      0.41429      0.06892      0.01804      0.41903      0.10056      
173300  0.51223    0.02598    0.04467    0.01616      0.41823      0.07197      0.01825      0.41914      0.10027      
173400  0.50529    0.02598    0.04467    0.01713      0.41043      0.07085      0.01823      0.41901      0.09985      
173500  0.50973    0.02599    0.04467    0.01778      0.41438      0.06905      0.01815      0.41904      0.10012      
173600  0.51212    0.02598    0.04467    0.01624      0.41804      0.07188      0.01831      0.41879      0.10138      
173700  0.50524    0.02599    0.04467    0.01706      0.41038      0.07138      0.01839      0.41885      0.10099      
173800  0.50977    0.02599    0.04467    0.01792      0.41432      0.06878      0.01814      0.41911      0.10063      
173900  0.51210    0.02600    0.04467    0.01603      0.41822      0.07188      0.01822      0.41905      0.10124      
174000  0.50522    0.02599    0.04467    0.01697      0.41048      0.07113      0.01814      0.41907      0.10133      
174100  0.50968    0.02599    0.04467    0.01792      0.41419      0.06912      0.01815      0.41899      0.10081      
174200  0.51204    0.02599    0.04467    0.01622      0.41800      0.07165      0.01849      0.41877      0.10083      
174300  0.50516    0.02599    0.04467    0.01701      0.41041      0.07080      0.01820      0.41891      0.10114      
174400  0.50968    0.02598    0.04467    0.01787      0.41425      0.06908      0.01819      0.41898      0.10188      
174500  0.51200    0.02597    0.04467    0.01622      0.41796      0.07175      0.01825      0.41886      0.10146      
174600  0.50514    0.02597    0.04467    0.01696      0.41044      0.07112      0.01804      0.41889      0.10135      
174700  0.50959    0.02597    0.04467    0.01804      0.41400      0.06919      0.01819      0.41913      0.10162      
174800  0.51197    0.02597    0.04467    0.01622      0.41794      0.07165      0.01822      0.41882      0.10127      
174900  0.50503    0.02598    0.04467    0.01700      0.41027      0.07115      0.01821      0.41876      0.10259      
175000  0.50954    0.02597    0.04467    0.01790      0.41411      0.06883      0.01811      0.41898      0.10078      
175100  0.51193    0.02597    0.04467    0.01622      0.41791      0.07153      0.01817      0.41915      0.10164      
175200  0.50500    0.02597    0.04467    0.01700      0.41027      0.07075      0.01823      0.41908      0.10197      
175300  0.50944    0.02598    0.04467    0.01790      0.41399      0.06890      0.01820      0.41936      0.10204      
175400  0.51188    0.02597    0.04467    0.01619      0.41788      0.07171      0.01830      0.41881      0.10255      
175500  0.50488    0.02597    0.04467    0.01700      0.41014      0.07109      0.01823      0.41887      0.10295      
175600  0.50953    0.02596    0.04466    0.01787      0.41414      0.06896      0.01826      0.41940      0.10225      
175700  0.51182    0.02596    0.04466    0.01632      0.41770      0.07184      0.01839      0.41870      0.10210      
175800  0.50483    0.02596    0.04466    0.01703      0.41008      0.07095      0.01818      0.41899      0.10210      
175900  0.50942    0.02595    0.04466    0.01789      0.41404      0.06877      0.01798      0.41906      0.10158      
176000  0.51179    0.02596    0.04466    0.01603      0.41797      0.07171      0.01804      0.41889      0.10118      
176100  0.50489    0.02596    0.04466    0.01701      0.41017      0.07091      0.01835      0.41887      0.10116      
176200  0.50951    0.02595    0.04466    0.01789      0.41412      0.06883      0.01846      0.41888      0.10159      
176300  0.51175    0.02596    0.04465    0.01620      0.41779      0.07148      0.01849      0.41892      0.10183      
176400  0.50485    0.02595    0.04465    0.01706      0.41008      0.07110      0.01826      0.41897      0.10183      
176500  0.50939    0.02595    0.04465    0.01794      0.41399      0.06859      0.01826      0.41930      0.10097      
176600  0.51161    0.02595    0.04465    0.01614      0.41770      0.07179      0.01829      0.41860      0.10128      
176700  0.50482    0.02595    0.04465    0.01693      0.41017      0.07119      0.01817      0.41910      0.10127      
176800  0.50948    0.02595    0.04465    0.01800      0.41393      0.06944      0.01822      0.41893      0.10217      
176900  0.51166    0.02595    0.04465    0.01623      0.41768      0.07154      0.01850      0.41885      0.10194      
177000  0.50477    0.02594    0.04465    0.01692      0.41013      0.07127      0.01818      0.41918      0.10192      
177100  0.50944    0.02594    0.04465    0.01786      0.41407      0.06923      0.01810      0.41918      0.10219      
177200  0.51166    0.02594    0.04465    0.01612      0.41779      0.07161      0.01855      0.41892      0.10175      
177300  0.50474    0.02594    0.04465    0.01707      0.40998      0.07089      0.01828      0.41900      0.10139      
177400  0.50937    0.02595    0.04465    0.01787      0.41399      0.06915      0.01817      0.41891      0.10160      
177500  0.51163    0.02595    0.04465    0.01613      0.41780      0.07104      0.01813      0.41894      0.10134      
177600  0.50478    0.02594    0.04465    0.01696      0.41012      0.07108      0.01812      0.41884      0.10186      
177700  0.50939    0.02594    0.04465    0.01800      0.41394      0.06858      0.01813      0.41891      0.10247      
177800  0.51164    0.02594    0.04464    0.01614      0.41776      0.07156      0.01822      0.41874      0.10206      
177900  0.50476    0.02593    0.04464    0.01695      0.41016      0.07080      0.01826      0.41886      0.10199      
178000  0.50929    0.02593    0.04464    0.01783      0.41402      0.06874      0.01788      0.41922      0.10245      
178100  0.51153    0.02592    0.04464    0.01606      0.41774      0.07165      0.01812      0.41878      0.10283      
178200  0.50475    0.02593    0.04464    0.01697      0.41014      0.07073      0.01811      0.41887      0.10316      
178300  0.50934    0.02593    0.04464    0.01793      0.41394      0.06906      0.01806      0.41899      0.10306      
178400  0.51156    0.02593    0.04464    0.01618      0.41765      0.07146      0.01829      0.41873      0.10330      
178500  0.50480    0.02593    0.04464    0.01708      0.41008      0.07075      0.01824      0.41904      0.10330      
178600  0.50926    0.02593    0.04464    0.01786      0.41393      0.06898      0.01805      0.41891      0.10344      
178700  0.51157    0.02593    0.04464    0.01611      0.41774      0.07156      0.01830      0.41871      0.10360      
178800  0.50479    0.02593    0.04463    0.01694      0.41021      0.07088      0.01810      0.41904      0.10345      
178900  0.50920    0.02593    0.04463    0.01782      0.41394      0.06880      0.01801      0.41919      0.10345      
179000  0.51171    0.02593    0.04463    0.01612      0.41789      0.07149      0.01816      0.41890      0.10298      
179100  0.50472    0.02593    0.04464    0.01703      0.41001      0.07113      0.01820      0.41893      0.10425      
179200  0.50916    0.02592    0.04463    0.01780      0.41389      0.06910      0.01797      0.41899      0.10423      
179300  0.51175    0.02593    0.04463    0.01621      0.41789      0.07094      0.01826      0.41879      0.10450      
179400  0.50471    0.02593    0.04463    0.01707      0.41000      0.07083      0.01821      0.41883      0.10452      
179500  0.50922    0.02592    0.04463    0.01785      0.41394      0.06882      0.01803      0.41906      0.10421      
179600  0.51175    0.02592    0.04463    0.01613      0.41792      0.07146      0.01816      0.41894      0.10510      
179700  0.50462    0.02592    0.04463    0.01709      0.40989      0.07093      0.01812      0.41890      0.10556      
179800  0.50927    0.02593    0.04463    0.01789      0.41390      0.06916      0.01810      0.41910      0.10534      
179900  0.51174    0.02592    0.04463    0.01618      0.41783      0.07174      0.01809      0.41912      0.10527      
180000  0.50459    0.02593    0.04463    0.01705      0.40989      0.07092      0.01814      0.41909      0.10452      
180100  0.50917    0.02593    0.04463    0.01762      0.41403      0.06949      0.01808      0.41953      0.10503      
180200  0.51171    0.02593    0.04463    0.01619      0.41776      0.07204      0.01828      0.41887      0.10535      
180300  0.50454    0.02593    0.04463    0.01703      0.40984      0.07112      0.01825      0.41905      0.10523      
180400  0.50931    0.02593    0.04463    0.01778      0.41404      0.06926      0.01806      0.41896      0.10502      
180500  0.51173    0.02593    0.04463    0.01610      0.41786      0.07208      0.01828      0.41880      0.10525      
180600  0.50461    0.02593    0.04463    0.01702      0.40993      0.07108      0.01804      0.41879      0.10525      
180700  0.50912    0.02592    0.04462    0.01783      0.41384      0.06914      0.01813      0.41912      0.10482      
180800  0.51174    0.02592    0.04463    0.01630      0.41773      0.07166      0.01841      0.41887      0.10496      
180900  0.50456    0.02591    0.04462    0.01698      0.40993      0.07119      0.01814      0.41902      0.10530      
181000  0.50919    0.02591    0.04463    0.01788      0.41385      0.06918      0.01818      0.41909      0.10442      
181100  0.51166    0.02590    0.04463    0.01600      0.41792      0.07209      0.01818      0.41892      0.10521      
181200  0.50453    0.02591    0.04463    0.01705      0.40978      0.07165      0.01816      0.41907      0.10497      
181300  0.50914    0.02592    0.04463    0.01794      0.41372      0.06931      0.01831      0.41908      0.10507      
181400  0.51166    0.02592    0.04463    0.01609      0.41782      0.07199      0.01836      0.41881      0.10551      
181500  0.50446    0.02592    0.04463    0.01701      0.40977      0.07126      0.01829      0.41906      0.10526      
181600  0.50916    0.02592    0.04463    0.01788      0.41384      0.06888      0.01836      0.41911      0.10450      
181700  0.51156    0.02592    0.04463    0.01614      0.41767      0.07190      0.01823      0.41871      0.10549      
181800  0.50447    0.02591    0.04462    0.01700      0.40981      0.07130      0.01844      0.41919      0.10454      
181900  0.50916    0.02591    0.04462    0.01787      0.41379      0.06967      0.01818      0.41927      0.10538      
182000  0.51164    0.02591    0.04462    0.01618      0.41780      0.07128      0.01841      0.41882      0.10544      
182100  0.50446    0.02591    0.04462    0.01703      0.40977      0.07136      0.01828      0.41906      0.10479      
182200  0.50921    0.02590    0.04462    0.01779      0.41395      0.06952      0.01819      0.41909      0.10514      
182300  0.51159    0.02590    0.04462    0.01616      0.41774      0.07177      0.01832      0.41880      0.10515      
182400  0.50446    0.02589    0.04461    0.01701      0.40982      0.07123      0.01834      0.41941      0.10488      
182500  0.50934    0.02590    0.04462    0.01797      0.41393      0.06928      0.01837      0.41897      0.10494      
182600  0.51158    0.02590    0.04461    0.01620      0.41774      0.07135      0.01839      0.41918      0.10470      
182700  0.50443    0.02590    0.04462    0.01694      0.40983      0.07149      0.01827      0.41912      0.10514      
182800  0.50924    0.02590    0.04461    0.01791      0.41387      0.06942      0.01821      0.41929      0.10517      
182900  0.51153    0.02591    0.04461    0.01614      0.41771      0.07159      0.01844      0.41893      0.10497      
183000  0.50442    0.02589    0.04461    0.01704      0.40977      0.07109      0.01848      0.41910      0.10465      
183100  0.50910    0.02589    0.04461    0.01792      0.41372      0.06957      0.01832      0.41945      0.10513      
183200  0.51157    0.02590    0.04461    0.01619      0.41771      0.07163      0.01838      0.41896      0.10441      
183300  0.50439    0.02589    0.04461    0.01706      0.40972      0.07110      0.01823      0.41922      0.10456      
183400  0.50916    0.02589    0.04461    0.01788      0.41384      0.06942      0.01811      0.41897      0.10435      
183500  0.51147    0.02589    0.04461    0.01617      0.41766      0.07140      0.01842      0.41872      0.10417      
183600  0.50443    0.02588    0.04461    0.01700      0.40981      0.07130      0.01816      0.41895      0.10366      
183700  0.50897    0.02587    0.04460    0.01780      0.41382      0.06877      0.01823      0.41924      0.10353      
183800  0.51149    0.02588    0.04461    0.01633      0.41758      0.07102      0.01850      0.41907      0.10401      
183900  0.50440    0.02588    0.04461    0.01711      0.40972      0.07094      0.01833      0.41923      0.10378      
184000  0.50921    0.02588    0.04460    0.01805      0.41378      0.06892      0.01849      0.41910      0.10357      
184100  0.51145    0.02588    0.04460    0.01621      0.41760      0.07161      0.01860      0.41906      0.10409      
184200  0.50438    0.02587    0.04460    0.01716      0.40964      0.07110      0.01845      0.41925      0.10351      
184300  0.50916    0.02587    0.04460    0.01809      0.41369      0.06913      0.01846      0.41906      0.10349      
184400  0.51139    0.02587    0.04460    0.01621      0.41758      0.07129      0.01862      0.41896      0.10314      
184500  0.50438    0.02587    0.04460    0.01711      0.40965      0.07157      0.01870      0.41919      0.10333      
184600  0.50913    0.02587    0.04460    0.01788      0.41382      0.06953      0.01842      0.41902      0.10332      
184700  0.51133    0.02587    0.04460    0.01612      0.41757      0.07164      0.01845      0.41890      0.10339      
184800  0.50430    0.02587    0.04460    0.01704      0.40969      0.07100      0.01829      0.41915      0.10255      
184900  0.50895    0.02587    0.04460    0.01797      0.41360      0.06908      0.01843      0.41906      0.10283      
185000  0.51132    0.02586    0.04460    0.01609      0.41756      0.07206      0.01839      0.41895      0.10284      
185100  0.50430    0.02587    0.04460    0.01704      0.40970      0.07096      0.01830      0.41925      0.10266      
185200  0.50894    0.02587    0.04459    0.01791      0.41367      0.06896      0.01842      0.41931      0.10206      
185300  0.51136    0.02586    0.04459    0.01613      0.41763      0.07146      0.01838      0.41879      0.10223      
185400  0.50428    0.02586    0.04459    0.01694      0.40975      0.07136      0.01834      0.41899      0.10195      
185500  0.50895    0.02585    0.04459    0.01782      0.41376      0.06925      0.01825      0.41905      0.10198      
185600  0.51137    0.02585    0.04458    0.01628      0.41755      0.07102      0.01852      0.41914      0.10234      
185700  0.50425    0.02586    0.04459    0.01694      0.40976      0.07096      0.01836      0.41943      0.10205      
185800  0.50891    0.02586    0.04459    0.01796      0.41362      0.06881      0.01852      0.41943      0.10223      
185900  0.51137    0.02586    0.04459    0.01608      0.41765      0.07196      0.01838      0.41930      0.10282      
186000  0.50426    0.02587    0.04459    0.01702      0.40969      0.07087      0.01823      0.41901      0.10232      
186100  0.50897    0.02587    0.04459    0.01787      0.41371      0.06929      0.01822      0.41902      0.10215      
186200  0.51134    0.02586    0.04459    0.01614      0.41766      0.07097      0.01839      0.41932      0.10279      
186300  0.50424    0.02586    0.04458    0.01705      0.40965      0.07093      0.01848      0.41920      0.10240      
186400  0.50899    0.02587    0.04458    0.01790      0.41375      0.06893      0.01827      0.41905      0.10205      
186500  0.51131    0.02585    0.04458    0.01623      0.41751      0.07130      0.01834      0.41874      0.10206      
186600  0.50423    0.02586    0.04459    0.01700      0.40967      0.07112      0.01814      0.41895      0.10284      
186700  0.50896    0.02586    0.04459    0.01787      0.41374      0.06901      0.01816      0.41893      0.10188      
186800  0.51125    0.02585    0.04459    0.01640      0.41734      0.07074      0.01839      0.41872      0.10277      
186900  0.50418    0.02585    0.04458    0.01701      0.40966      0.07084      0.01848      0.41900      0.10253      
187000  0.50892    0.02584    0.04459    0.01797      0.41359      0.06937      0.01841      0.41896      0.10352      
187100  0.51124    0.02584    0.04458    0.01628      0.41740      0.07136      0.01845      0.41875      0.10345      
187200  0.50414    0.02584    0.04458    0.01697      0.40967      0.07079      0.01831      0.41931      0.10330      
187300  0.50889    0.02583    0.04458    0.01782      0.41377      0.06895      0.01834      0.41930      0.10267      
187400  0.51125    0.02583    0.04458    0.01610      0.41761      0.07130      0.01833      0.41908      0.10307      
187500  0.50414    0.02583    0.04458    0.01706      0.40959      0.07088      0.01839      0.41910      0.10289      
187600  0.50887    0.02584    0.04458    0.01799      0.41359      0.06877      0.01838      0.41902      0.10255      
187700  0.51124    0.02584    0.04458    0.01614      0.41754      0.07140      0.01829      0.41873      0.10263      
187800  0.50410    0.02583    0.04458    0.01702      0.40959      0.07089      0.01841      0.41906      0.10298      
187900  0.50876    0.02582    0.04458    0.01779      0.41369      0.06870      0.01824      0.41917      0.10246      
188000  0.51128    0.02583    0.04458    0.01614      0.41759      0.07132      0.01811      0.41870      0.10353      
188100  0.50413    0.02582    0.04458    0.01710      0.40960      0.07026      0.01824      0.41901      0.10359      
188200  0.50878    0.02583    0.04458    0.01785      0.41365      0.06871      0.01815      0.41920      0.10275      
188300  0.51124    0.02583    0.04458    0.01621      0.41747      0.07151      0.01843      0.41881      0.10370      
188400  0.50408    0.02582    0.04458    0.01712      0.40954      0.07027      0.01820      0.41891      0.10315      
188500  0.50877    0.02582    0.04458    0.01780      0.41368      0.06890      0.01806      0.41873      0.10343      
188600  0.51125    0.02582    0.04458    0.01615      0.41757      0.07133      0.01838      0.41881      0.10326      
188700  0.50402    0.02581    0.04457    0.01708      0.40945      0.07101      0.01837      0.41899      0.10344      
188800  0.50878    0.02582    0.04457    0.01791      0.41360      0.06885      0.01845      0.41907      0.10319      
188900  0.51124    0.02581    0.04457    0.01634      0.41740      0.07121      0.01853      0.41862      0.10282      
189000  0.50400    0.02582    0.04457    0.01709      0.40947      0.07049      0.01834      0.41912      0.10291      
189100  0.50867    0.02581    0.04457    0.01794      0.41344      0.06908      0.01829      0.41919      0.10355      
189200  0.51123    0.02581    0.04458    0.01646      0.41731      0.07079      0.01850      0.41873      0.10306      
189300  0.50394    0.02581    0.04458    0.01706      0.40945      0.07043      0.01840      0.41901      0.10313      
189400  0.50866    0.02581    0.04457    0.01798      0.41339      0.06910      0.01828      0.41883      0.10378      
189500  0.51122    0.02582    0.04457    0.01637      0.41737      0.07085      0.01844      0.41856      0.10354      
189600  0.50394    0.02582    0.04458    0.01707      0.40943      0.07040      0.01821      0.41885      0.10379      
189700  0.50858    0.02581    0.04457    0.01788      0.41343      0.06876      0.01830      0.41886      0.10297      
189800  0.51118    0.02581    0.04458    0.01619      0.41746      0.07145      0.01821      0.41856      0.10338      
189900  0.50393    0.02582    0.04457    0.01705      0.40942      0.07062      0.01828      0.41877      0.10326      
190000  0.50860    0.02581    0.04457    0.01791      0.41340      0.06911      0.01818      0.41860      0.10401      
190100  0.51109    0.02582    0.04457    0.01624      0.41734      0.07118      0.01825      0.41834      0.10366      
190200  0.50390    0.02581    0.04457    0.01718      0.40930      0.07039      0.01825      0.41872      0.10342      
190300  0.50867    0.02582    0.04457    0.01796      0.41344      0.06894      0.01822      0.41861      0.10350      
190400  0.51122    0.02581    0.04457    0.01627      0.41744      0.07126      0.01828      0.41882      0.10361      
190500  0.50397    0.02581    0.04457    0.01712      0.40941      0.07060      0.01812      0.41873      0.10343      
190600  0.50848    0.02581    0.04456    0.01791      0.41327      0.06919      0.01807      0.41899      0.10337      
190700  0.51115    0.02581    0.04456    0.01627      0.41739      0.07108      0.01824      0.41862      0.10346      
190800  0.50396    0.02581    0.04456    0.01718      0.40934      0.07054      0.01824      0.41871      0.10327      
190900  0.50846    0.02582    0.04456    0.01787      0.41330      0.06913      0.01805      0.41877      0.10333      
191000  0.51111    0.02581    0.04456    0.01626      0.41737      0.07115      0.01834      0.41854      0.10334      
191100  0.50397    0.02581    0.04456    0.01725      0.40931      0.07045      0.01826      0.41864      0.10342      
191200  0.50854    0.02581    0.04456    0.01791      0.41335      0.06909      0.01805      0.41894      0.10363      
191300  0.51109    0.02581    0.04456    0.01623      0.41738      0.07112      0.01812      0.41899      0.10335      
191400  0.50386    0.02581    0.04456    0.01714      0.40933      0.07024      0.01832      0.41889      0.10282      
191500  0.50847    0.02580    0.04456    0.01799      0.41321      0.06909      0.01825      0.41878      0.10330      
191600  0.51111    0.02581    0.04456    0.01622      0.41738      0.07134      0.01826      0.41843      0.10356      
191700  0.50388    0.02580    0.04455    0.01719      0.40930      0.07033      0.01839      0.41888      0.10307      
191800  0.50856    0.02579    0.04455    0.01798      0.41333      0.06902      0.01825      0.41892      0.10288      
191900  0.51111    0.02580    0.04456    0.01631      0.41731      0.07138      0.01840      0.41835      0.10342      
192000  0.50385    0.02579    0.04455    0.01708      0.40942      0.07010      0.01818      0.41910      0.10329      
192100  0.50856    0.02579    0.04456    0.01790      0.41341      0.06897      0.01803      0.41868      0.10409      
192200  0.51107    0.02580    0.04455    0.01633      0.41726      0.07133      0.01822      0.41873      0.10414      
192300  0.50388    0.02579    0.04455    0.01712      0.40936      0.07052      0.01821      0.41879      0.10452      
192400  0.50851    0.02579    0.04455    0.01782      0.41346      0.06888      0.01802      0.41888      0.10389      
192500  0.51102    0.02579    0.04455    0.01633      0.41722      0.07123      0.01824      0.41842      0.10430      
192600  0.50390    0.02579    0.04455    0.01715      0.40938      0.07029      0.01822      0.41871      0.10446      
192700  0.50858    0.02579    0.04455    0.01798      0.41333      0.06924      0.01826      0.41937      0.10458      
192800  0.51107    0.02579    0.04455    0.01622      0.41740      0.07107      0.01822      0.41858      0.10468      
192900  0.50385    0.02579    0.04454    0.01708      0.40943      0.07004      0.01811      0.41934      0.10494      
193000  0.50860    0.02579    0.04455    0.01800      0.41337      0.06893      0.01801      0.41894      0.10415      
193100  0.51101    0.02579    0.04455    0.01618      0.41736      0.07123      0.01811      0.41872      0.10428      
193200  0.50388    0.02580    0.04455    0.01703      0.40945      0.07044      0.01817      0.41916      0.10406      
193300  0.50844    0.02579    0.04454    0.01782      0.41341      0.06882      0.01803      0.41929      0.10449      
193400  0.51109    0.02580    0.04455    0.01622      0.41743      0.07085      0.01812      0.41873      0.10504      
193500  0.50386    0.02580    0.04454    0.01710      0.40940      0.07020      0.01803      0.41899      0.10509      
193600  0.50848    0.02580    0.04454    0.01787      0.41339      0.06885      0.01804      0.41903      0.10472      
193700  0.51102    0.02580    0.04454    0.01627      0.41729      0.07121      0.01813      0.41860      0.10506      
193800  0.50388    0.02580    0.04455    0.01712      0.40937      0.07046      0.01809      0.41880      0.10511      
193900  0.50848    0.02580    0.04454    0.01800      0.41325      0.06883      0.01811      0.41885      0.10490      
194000  0.51104    0.02580    0.04454    0.01621      0.41737      0.07122      0.01811      0.41914      0.10462      
194100  0.50381    0.02580    0.04454    0.01704      0.40941      0.07022      0.01800      0.41916      0.10471      
194200  0.50843    0.02580    0.04454    0.01794      0.41320      0.06953      0.01804      0.41907      0.10461      
194300  0.51098    0.02580    0.04455    0.01613      0.41739      0.07113      0.01816      0.41846      0.10427      
194400  0.50381    0.02580    0.04455    0.01709      0.40928      0.07087      0.01821      0.41866      0.10408      
194500  0.50841    0.02580    0.04455    0.01785      0.41331      0.06907      0.01812      0.41834      0.10407      
194600  0.51098    0.02580    0.04455    0.01619      0.41731      0.07130      0.01801      0.41857      0.10352      
194700  0.50374    0.02580    0.04455    0.01705      0.40932      0.07029      0.01811      0.41887      0.10323      
194800  0.50830    0.02578    0.04455    0.01781      0.41323      0.06928      0.01798      0.41942      0.10377      
194900  0.51101    0.02579    0.04455    0.01615      0.41734      0.07172      0.01821      0.41862      0.10408      
195000  0.50376    0.02579    0.04455    0.01706      0.40936      0.07011      0.01806      0.41919      0.10349      
195100  0.50829    0.02580    0.04455    0.01800      0.41305      0.06892      0.01820      0.41924      0.10370      
195200  0.51100    0.02580    0.04455    0.01624      0.41725      0.07165      0.01814      0.41855      0.10382      
195300  0.50370    0.02580    0.04455    0.01696      0.40931      0.07070      0.01798      0.41923      0.10415      
195400  0.50842    0.02580    0.04455    0.01776      0.41341      0.06898      0.01790      0.41907      0.10457      
195500  0.51088    0.02580    0.04455    0.01625      0.41713      0.07139      0.01832      0.41869      0.10433      
195600  0.50375    0.02580    0.04455    0.01711      0.40921      0.07078      0.01822      0.41878      0.10409      
195700  0.50841    0.02580    0.04455    0.01790      0.41323      0.06936      0.01800      0.41885      0.10366      
195800  0.51081    0.02580    0.04455    0.01615      0.41713      0.07178      0.01826      0.41830      0.10357      
195900  0.50375    0.02579    0.04455    0.01708      0.40932      0.07013      0.01815      0.41879      0.10355      
196000  0.50840    0.02579    0.04455    0.01790      0.41326      0.06898      0.01794      0.41874      0.10428      
196100  0.51083    0.02579    0.04455    0.01623      0.41709      0.07168      0.01821      0.41824      0.10433      
196200  0.50369    0.02578    0.04455    0.01702      0.40932      0.07019      0.01802      0.41907      0.10398      
196300  0.50824    0.02578    0.04455    0.01781      0.41318      0.06915      0.01789      0.41864      0.10428      
196400  0.51084    0.02578    0.04455    0.01612      0.41724      0.07148      0.01816      0.41835      0.10427      
196500  0.50366    0.02578    0.04455    0.01697      0.40933      0.07030      0.01796      0.41865      0.10392      
196600  0.50825    0.02578    0.04455    0.01789      0.41314      0.06893      0.01811      0.41855      0.10350      
196700  0.51073    0.02578    0.04455    0.01624      0.41708      0.07080      0.01825      0.41844      0.10391      
196800  0.50364    0.02578    0.04455    0.01704      0.40927      0.07006      0.01823      0.41880      0.10391      
196900  0.50815    0.02578    0.04455    0.01778      0.41315      0.06895      0.01793      0.41862      0.10405      
197000  0.51077    0.02578    0.04455    0.01630      0.41704      0.07101      0.01818      0.41829      0.10348      
197100  0.50364    0.02577    0.04455    0.01712      0.40916      0.07025      0.01794      0.41840      0.10354      
197200  0.50802    0.02578    0.04455    0.01795      0.41288      0.06862      0.01795      0.41909      0.10363      
197300  0.51077    0.02578    0.04455    0.01622      0.41710      0.07131      0.01805      0.41821      0.10383      
197400  0.50365    0.02577    0.04455    0.01708      0.40920      0.07053      0.01802      0.41838      0.10358      
197500  0.50812    0.02578    0.04455    0.01792      0.41296      0.06907      0.01812      0.41839      0.10376      
197600  0.51078    0.02578    0.04454    0.01619      0.41713      0.07147      0.01816      0.41850      0.10413      
197700  0.50364    0.02577    0.04454    0.01714      0.40918      0.07014      0.01824      0.41856      0.10427      
197800  0.50809    0.02577    0.04454    0.01784      0.41307      0.06867      0.01803      0.41881      0.10483      
197900  0.51071    0.02578    0.04454    0.01622      0.41707      0.07102      0.01813      0.41845      0.10516      
198000  0.50359    0.02578    0.04454    0.01721      0.40902      0.07044      0.01821      0.41874      0.10489      
198100  0.50802    0.02577    0.04454    0.01788      0.41298      0.06850      0.01800      0.41896      0.10485      
198200  0.51073    0.02577    0.04454    0.01616      0.41714      0.07115      0.01793      0.41847      0.10501      
198300  0.50361    0.02577    0.04454    0.01708      0.40920      0.07033      0.01802      0.41888      0.10471      
198400  0.50802    0.02577    0.04453    0.01795      0.41289      0.06888      0.01812      0.41877      0.10482      
198500  0.51069    0.02577    0.04453    0.01614      0.41709      0.07150      0.01813      0.41859      0.10443      
198600  0.50365    0.02577    0.04453    0.01713      0.40922      0.07014      0.01825      0.41833      0.10432      
198700  0.50807    0.02576    0.04453    0.01791      0.41298      0.06876      0.01819      0.41860      0.10453      
198800  0.51063    0.02576    0.04453    0.01615      0.41705      0.07143      0.01832      0.41831      0.10560      
198900  0.50360    0.02575    0.04453    0.01706      0.40918      0.07079      0.01825      0.41844      0.10496      
199000  0.50803    0.02575    0.04453    0.01791      0.41293      0.06909      0.01797      0.41877      0.10465      
199100  0.51056    0.02575    0.04453    0.01624      0.41690      0.07145      0.01839      0.41826      0.10477      
199200  0.50356    0.02575    0.04453    0.01710      0.40915      0.07050      0.01814      0.41876      0.10532      
199300  0.50806    0.02574    0.04452    0.01800      0.41285      0.06947      0.01820      0.41843      0.10484      
199400  0.51053    0.02574    0.04453    0.01612      0.41701      0.07130      0.01821      0.41844      0.10478      
199500  0.50353    0.02574    0.04452    0.01704      0.40917      0.07055      0.01811      0.41862      0.10365      
199600  0.50797    0.02574    0.04452    0.01792      0.41289      0.06901      0.01826      0.41881      0.10418      
199700  0.51057    0.02574    0.04452    0.01624      0.41692      0.07152      0.01819      0.41805      0.10426      
199800  0.50353    0.02574    0.04452    0.01714      0.40907      0.07062      0.01817      0.41868      0.10502      
199900  0.50797    0.02574    0.04452    0.01798      0.41284      0.06891      0.01816      0.41816      0.10480      
200000  0.51069    0.02574    0.04452    0.01626      0.41705      0.07124      0.01817      0.41860      0.10480      
200100  0.50342    0.02573    0.04451    0.01708      0.40903      0.07070      0.01806      0.41876      0.10466      
200200  0.50780    0.02574    0.04452    0.01784      0.41280      0.06910      0.01794      0.41876      0.10413      
200300  0.51068    0.02574    0.04452    0.01618      0.41708      0.07169      0.01802      0.41819      0.10466      
200400  0.50345    0.02574    0.04452    0.01711      0.40900      0.07085      0.01803      0.41859      0.10477      
200500  0.50781    0.02575    0.04452    0.01782      0.41281      0.06916      0.01800      0.41840      0.10482      
200600  0.51058    0.02574    0.04452    0.01635      0.41681      0.07159      0.01806      0.41830      0.10447      
200700  0.50345    0.02573    0.04452    0.01723      0.40894      0.07018      0.01835      0.41843      0.10452      
200800  0.50773    0.02574    0.04452    0.01785      0.41269      0.06923      0.01796      0.41827      0.10410      
200900  0.51059    0.02574    0.04452    0.01623      0.41697      0.07128      0.01822      0.41813      0.10418      
201000  0.50343    0.02575    0.04452    0.01719      0.40892      0.07048      0.01802      0.41827      0.10442      
201100  0.50789    0.02574    0.04452    0.01790      0.41284      0.06888      0.01806      0.41827      0.10445      
201200  0.51060    0.02574    0.04452    0.01629      0.41693      0.07125      0.01821      0.41841      0.10445      
201300  0.50343    0.02573    0.04451    0.01724      0.40891      0.07033      0.01831      0.41830      0.10459      
201400  0.50780    0.02573    0.04451    0.01806      0.41265      0.06849      0.01834      0.41852      0.10502      
201500  0.51058    0.02573    0.04452    0.01623      0.41697      0.07136      0.01810      0.41804      0.10479      
201600  0.50338    0.02573    0.04452    0.01716      0.40895      0.07033      0.01816      0.41841      0.10541      
201700  0.50779    0.02572    0.04452    0.01809      0.41263      0.06837      0.01816      0.41859      0.10540      
201800  0.51057    0.02574    0.04452    0.01634      0.41686      0.07110      0.01824      0.41812      0.10461      
201900  0.50337    0.02574    0.04452    0.01716      0.40894      0.07010      0.01807      0.41861      0.10523      
202000  0.50768    0.02574    0.04452    0.01792      0.41263      0.06858      0.01811      0.41869      0.10539      
202100  0.51053    0.02574    0.04452    0.01634      0.41677      0.07156      0.01808      0.41817      0.10568      
202200  0.50330    0.02574    0.04452    0.01708      0.40891      0.07050      0.01796      0.41844      0.10538      
202300  0.50767    0.02574    0.04452    0.01791      0.41262      0.06873      0.01811      0.41844      0.10458      
202400  0.51046    0.02574    0.04452    0.01627      0.41678      0.07156      0.01821      0.41814      0.10475      
202500  0.50333    0.02573    0.04452    0.01722      0.40878      0.07067      0.01816      0.41854      0.10491      
202600  0.50768    0.02574    0.04452    0.01791      0.41262      0.06885      0.01812      0.41873      0.10473      
202700  0.51043    0.02574    0.04453    0.01608      0.41688      0.07202      0.01809      0.41829      0.10522      
202800  0.50330    0.02574    0.04453    0.01711      0.40892      0.07006      0.01812      0.41819      0.10435      
202900  0.50767    0.02574    0.04453    0.01792      0.41258      0.06896      0.01806      0.41798      0.10440      
203000  0.51040    0.02574    0.04453    0.01625      0.41673      0.07143      0.01809      0.41802      0.10472      
203100  0.50331    0.02575    0.04453    0.01712      0.40885      0.07068      0.01798      0.41855      0.10489      
203200  0.50757    0.02574    0.04452    0.01789      0.41253      0.06890      0.01799      0.41862      0.10465      
203300  0.51049    0.02574    0.04452    0.01633      0.41675      0.07155      0.01814      0.41810      0.10446      
203400  0.50322    0.02573    0.04452    0.01709      0.40885      0.07029      0.01795      0.41826      0.10510      
203500  0.50768    0.02574    0.04452    0.01790      0.41262      0.06900      0.01773      0.41792      0.10428      
203600  0.51047    0.02574    0.04453    0.01621      0.41684      0.07158      0.01791      0.41777      0.10432      
203700  0.50320    0.02573    0.04452    0.01717      0.40876      0.07020      0.01793      0.41786      0.10567      
203800  0.50764    0.02573    0.04452    0.01787      0.41262      0.06899      0.01786      0.41820      0.10475      
203900  0.51039    0.02572    0.04452    0.01622      0.41677      0.07156      0.01799      0.41788      0.10487      
204000  0.50318    0.02572    0.04452    0.01703      0.40885      0.07069      0.01785      0.41851      0.10475      
204100  0.50761    0.02571    0.04452    0.01769      0.41276      0.06926      0.01770      0.41827      0.10498      
204200  0.51044    0.02571    0.04452    0.01643      0.41664      0.07141      0.01802      0.41814      0.10426      
204300  0.50319    0.02570    0.04451    0.01716      0.40879      0.07035      0.01795      0.41842      0.10464      
204400  0.50769    0.02571    0.04452    0.01794      0.41264      0.06891      0.01805      0.41814      0.10545      
204500  0.51037    0.02570    0.04451    0.01629      0.41676      0.07115      0.01794      0.41846      0.10474      
204600  0.50318    0.02571    0.04451    0.01708      0.40881      0.07071      0.01780      0.41821      0.10499      
204700  0.50760    0.02571    0.04451    0.01784      0.41266      0.06885      0.01781      0.41830      0.10469      
204800  0.51046    0.02572    0.04451    0.01640      0.41665      0.07168      0.01796      0.41765      0.10418      
204900  0.50317    0.02572    0.04451    0.01711      0.40882      0.07016      0.01794      0.41855      0.10420      
205000  0.50751    0.02573    0.04451    0.01794      0.41244      0.06895      0.01784      0.41868      0.10413      
205100  0.51050    0.02573    0.04451    0.01638      0.41675      0.07139      0.01814      0.41823      0.10497      
205200  0.50315    0.02572    0.04451    0.01714      0.40875      0.07021      0.01797      0.41832      0.10457      
205300  0.50754    0.02572    0.04451    0.01788      0.41255      0.06885      0.01782      0.41811      0.10367      
205400  0.51051    0.02572    0.04451    0.01619      0.41689      0.07196      0.01791      0.41793      0.10475      
205500  0.50313    0.02571    0.04451    0.01714      0.40875      0.07015      0.01785      0.41840      0.10484      
205600  0.50755    0.02573    0.04451    0.01790      0.41255      0.06873      0.01781      0.41822      0.10469      
205700  0.51049    0.02573    0.04451    0.01639      0.41669      0.07169      0.01804      0.41773      0.10494      
205800  0.50315    0.02573    0.04451    0.01707      0.40882      0.07014      0.01777      0.41810      0.10468      
205900  0.50743    0.02572    0.04451    0.01797      0.41238      0.06848      0.01788      0.41801      0.10486      
206000  0.51053    0.02572    0.04451    0.01640      0.41671      0.07187      0.01811      0.41785      0.10449      
206100  0.50316    0.02571    0.04451    0.01707      0.40884      0.07035      0.01772      0.41822      0.10427      
206200  0.50755    0.02571    0.04451    0.01796      0.41247      0.06898      0.01783      0.41802      0.10425      
206300  0.51049    0.02570    0.04450    0.01633      0.41675      0.07192      0.01807      0.41807      0.10401      
206400  0.50313    0.02570    0.04450    0.01713      0.40877      0.07025      0.01796      0.41840      0.10391      
206500  0.50764    0.02571    0.04451    0.01799      0.41256      0.06886      0.01782      0.41813      0.10472      
206600  0.51050    0.02571    0.04450    0.01619      0.41691      0.07190      0.01798      0.41815      0.10487      
206700  0.50317    0.02571    0.04451    0.01700      0.40888      0.07072      0.01788      0.41796      0.10529      
206800  0.50770    0.02571    0.04450    0.01800      0.41261      0.06879      0.01789      0.41825      0.10520      
206900  0.51053    0.02570    0.04450    0.01627      0.41691      0.07149      0.01793      0.41827      0.10497      
207000  0.50311    0.02570    0.04450    0.01708      0.40877      0.07063      0.01778      0.41805      0.10535      
207100  0.50753    0.02570    0.04450    0.01791      0.41255      0.06866      0.01770      0.41851      0.10529      
207200  0.51048    0.02571    0.04450    0.01623      0.41681      0.07227      0.01790      0.41779      0.10543      
207300  0.50311    0.02571    0.04450    0.01710      0.40875      0.07061      0.01771      0.41822      0.10517      
207400  0.50752    0.02570    0.04450    0.01783      0.41260      0.06882      0.01773      0.41822      0.10486      
207500  0.51053    0.02569    0.04449    0.01615      0.41701      0.07177      0.01781      0.41807      0.10487      
207600  0.50311    0.02569    0.04449    0.01715      0.40874      0.07038      0.01800      0.41824      0.10430      
207700  0.50752    0.02570    0.04450    0.01780      0.41265      0.06872      0.01767      0.41788      0.10450      
207800  0.51039    0.02570    0.04450    0.01631      0.41665      0.07218      0.01799      0.41753      0.10498      
207900  0.50312    0.02571    0.04450    0.01704      0.40881      0.07060      0.01787      0.41798      0.10419      
208000  0.50746    0.02571    0.04450    0.01785      0.41256      0.06843      0.01772      0.41817      0.10402      
208100  0.51028    0.02571    0.04450    0.01628      0.41662      0.07174      0.01793      0.41791      0.10445      
208200  0.50310    0.02571    0.04450    0.01704      0.40883      0.07019      0.01774      0.41828      0.10455      
208300  0.50755    0.02570    0.04450    0.01782      0.41263      0.06903      0.01770      0.41801      0.10481      
208400  0.51038    0.02570    0.04450    0.01622      0.41676      0.07197      0.01791      0.41797      0.10474      
208500  0.50306    0.02570    0.04449    0.01711      0.40874      0.07028      0.01783      0.41869      0.10480      
208600  0.50760    0.02570    0.04449    0.01782      0.41268      0.06900      0.01777      0.41795      0.10501      
208700  0.51046    0.02570    0.04449    0.01625      0.41685      0.07160      0.01787      0.41837      0.10513      
208800  0.50307    0.02569    0.04449    0.01714      0.40869      0.07055      0.01800      0.41808      0.10527      
208900  0.50752    0.02570    0.04449    0.01790      0.41255      0.06887      0.01783      0.41828      0.10527      
209000  0.51040    0.02569    0.04449    0.01627      0.41679      0.07156      0.01775      0.41796      0.10454      
209100  0.50313    0.02569    0.04449    0.01702      0.40886      0.07066      0.01778      0.41824      0.10492      
209200  0.50754    0.02569    0.04449    0.01781      0.41266      0.06882      0.01776      0.41814      0.10424      
209300  0.51029    0.02570    0.04449    0.01622      0.41670      0.07182      0.01780      0.41784      0.10433      
209400  0.50309    0.02569    0.04449    0.01708      0.40880      0.07038      0.01780      0.41817      0.10390      
209500  0.50744    0.02569    0.04449    0.01785      0.41255      0.06857      0.01762      0.41805      0.10409      
209600  0.51038    0.02569    0.04449    0.01610      0.41694      0.07159      0.01763      0.41773      0.10420      
209700  0.50305    0.02569    0.04449    0.01699      0.40885      0.07039      0.01761      0.41827      0.10354      
209800  0.50731    0.02569    0.04449    0.01778      0.41248      0.06866      0.01763      0.41851      0.10351      
209900  0.51030    0.02569    0.04449    0.01613      0.41683      0.07165      0.01772      0.41804      0.10330      
210000  0.50311    0.02569    0.04448    0.01708      0.40884      0.07021      0.01758      0.41861      0.10359      
210100  0.50733    0.02568    0.04448    0.01769      0.41261      0.06867      0.01755      0.41830      0.10341      
210200  0.51043    0.02569    0.04448    0.01624      0.41682      0.07193      0.01773      0.41832      0.10361      
210300  0.50306    0.02569    0.04448    0.01709      0.40877      0.07031      0.01763      0.41838      0.10366      
210400  0.50732    0.02569    0.04448    0.01782      0.41243      0.06903      0.01764      0.41835      0.10432      
210500  0.51032    0.02569    0.04448    0.01622      0.41675      0.07185      0.01785      0.41762      0.10443      
210600  0.50303    0.02569    0.04448    0.01709      0.40878      0.07000      0.01767      0.41813      0.10401      
210700  0.50735    0.02569    0.04448    0.01773      0.41261      0.06846      0.01765      0.41838      0.10411      
210800  0.51028    0.02568    0.04448    0.01628      0.41667      0.07168      0.01801      0.41828      0.10397      
210900  0.50304    0.02568    0.04448    0.01701      0.40882      0.07054      0.01776      0.41820      0.10380      
211000  0.50731    0.02568    0.04448    0.01780      0.41250      0.06850      0.01763      0.41817      0.10323      
211100  0.51028    0.02568    0.04448    0.01605      0.41680      0.07270      0.01768      0.41789      0.10414      
211200  0.50301    0.02568    0.04447    0.01698      0.40883      0.07042      0.01773      0.41825      0.10346      
211300  0.50733    0.02569    0.04448    0.01778      0.41250      0.06896      0.01765      0.41772      0.10416      
211400  0.51024    0.02568    0.04448    0.01610      0.41681      0.07166      0.01771      0.41792      0.10411      
211500  0.50299    0.02569    0.04447    0.01694      0.40886      0.07026      0.01769      0.41784      0.10449      
211600  0.50739    0.02569    0.04447    0.01792      0.41248      0.06836      0.01769      0.41800      0.10420      
211700  0.51019    0.02569    0.04447    0.01624      0.41664      0.07154      0.01788      0.41789      0.10406      
211800  0.50304    0.02570    0.04447    0.01694      0.40889      0.07042      0.01763      0.41803      0.10447      
211900  0.50738    0.02570    0.04447    0.01782      0.41257      0.06834      0.01758      0.41841      0.10436      
212000  0.51027    0.02570    0.04447    0.01612      0.41683      0.07152      0.01759      0.41803      0.10486      
212100  0.50303    0.02571    0.04447    0.01691      0.40888      0.07065      0.01750      0.41829      0.10445      
212200  0.50736    0.02571    0.04448    0.01775      0.41254      0.06886      0.01747      0.41799      0.10396      
212300  0.51025    0.02570    0.04447    0.01622      0.41674      0.07119      0.01764      0.41798      0.10376      
212400  0.50299    0.02570    0.04447    0.01699      0.40878      0.07051      0.01768      0.41800      0.10437      
212500  0.50727    0.02570    0.04447    0.01770      0.41254      0.06860      0.01737      0.41827      0.10449      
212600  0.51019    0.02569    0.04447    0.01621      0.41665      0.07168      0.01772      0.41808      0.10438      
212700  0.50303    0.02570    0.04447    0.01709      0.40873      0.07046      0.01765      0.41822      0.10425      
212800  0.50742    0.02570    0.04447    0.01794      0.41247      0.06848      0.01764      0.41808      0.10475      
212900  0.51009    0.02570    0.04447    0.01617      0.41660      0.07133      0.01768      0.41792      0.10503      
213000  0.50303    0.02570    0.04447    0.01705      0.40875      0.07072      0.01754      0.41796      0.10447      
213100  0.50735    0.02570    0.04447    0.01779      0.41256      0.06835      0.01751      0.41833      0.10491      
213200  0.51010    0.02569    0.04447    0.01635      0.41647      0.07119      0.01775      0.41811      0.10487      
213300  0.50301    0.02570    0.04447    0.01697      0.40885      0.07025      0.01764      0.41818      0.10459      
213400  0.50730    0.02569    0.04447    0.01780      0.41251      0.06828      0.01755      0.41801      0.10435      
213500  0.51010    0.02569    0.04447    0.01631      0.41651      0.07123      0.01762      0.41797      0.10470      
213600  0.50304    0.02569    0.04447    0.01705      0.40880      0.07039      0.01761      0.41820      0.10489      
213700  0.50721    0.02570    0.04447    0.01777      0.41241      0.06870      0.01757      0.41803      0.10501      
213800  0.51009    0.02569    0.04447    0.01634      0.41642      0.07165      0.01767      0.41800      0.10519      
213900  0.50301    0.02569    0.04447    0.01704      0.40875      0.07055      0.01760      0.41770      0.10507      
214000  0.50720    0.02569    0.04447    0.01765      0.41251      0.06870      0.01755      0.41827      0.10543      
214100  0.51008    0.02570    0.04447    0.01615      0.41658      0.07172      0.01762      0.41757      0.10542      
214200  0.50295    0.02569    0.04447    0.01705      0.40872      0.07017      0.01769      0.41789      0.10578      
214300  0.50726    0.02569    0.04447    0.01787      0.41239      0.06838      0.01773      0.41812      0.10602      
214400  0.51014    0.02569    0.04447    0.01630      0.41645      0.07220      0.01773      0.41777      0.10668      
214500  0.50294    0.02569    0.04447    0.01697      0.40878      0.07036      0.01762      0.41794      0.10583      
214600  0.50738    0.02568    0.04447    0.01782      0.41256      0.06851      0.01760      0.41807      0.10607      
214700  0.51012    0.02568    0.04447    0.01622      0.41653      0.07215      0.01755      0.41784      0.10671      
214800  0.50296    0.02568    0.04447    0.01711      0.40863      0.07075      0.01782      0.41781      0.10637      
214900  0.50735    0.02568    0.04447    0.01781      0.41250      0.06898      0.01754      0.41771      0.10640      
215000  0.51014    0.02568    0.04447    0.01628      0.41651      0.07187      0.01777      0.41749      0.10703      
215100  0.50295    0.02568    0.04447    0.01711      0.40861      0.07074      0.01773      0.41752      0.10667      
215200  0.50729    0.02567    0.04446    0.01778      0.41249      0.06885      0.01757      0.41779      0.10673      
215300  0.51010    0.02567    0.04446    0.01627      0.41652      0.07173      0.01781      0.41772      0.10657      
215400  0.50289    0.02569    0.04447    0.01700      0.40868      0.07052      0.01756      0.41802      0.10642      
215500  0.50732    0.02569    0.04447    0.01779      0.41250      0.06878      0.01753      0.41769      0.10661      
215600  0.51009    0.02569    0.04446    0.01615      0.41661      0.07184      0.01768      0.41793      0.10723      
215700  0.50292    0.02568    0.04446    0.01711      0.40859      0.07074      0.01762      0.41833      0.10733      
215800  0.50732    0.02570    0.04447    0.01788      0.41236      0.06916      0.01775      0.41776      0.10744      
215900  0.51011    0.02569    0.04447    0.01626      0.41649      0.07203      0.01764      0.41757      0.10743      
216000  0.50289    0.02569    0.04446    0.01704      0.40863      0.07072      0.01767      0.41785      0.10790      
216100  0.50722    0.02569    0.04446    0.01785      0.41235      0.06873      0.01768      0.41825      0.10765      
216200  0.51011    0.02570    0.04447    0.01611      0.41667      0.07168      0.01767      0.41760      0.10781      
216300  0.50282    0.02569    0.04446    0.01699      0.40862      0.07065      0.01765      0.41815      0.10740      
216400  0.50724    0.02568    0.04446    0.01797      0.41224      0.06890      0.01785      0.41791      0.10766      
216500  0.51000    0.02568    0.04446    0.01631      0.41638      0.07167      0.01770      0.41759      0.10736      
216600  0.50290    0.02569    0.04446    0.01703      0.40862      0.07101      0.01761      0.41758      0.10752      
216700  0.50721    0.02568    0.04446    0.01780      0.41241      0.06864      0.01759      0.41737      0.10734      
216800  0.51003    0.02567    0.04446    0.01627      0.41643      0.07199      0.01777      0.41735      0.10797      
216900  0.50289    0.02567    0.04446    0.01709      0.40867      0.07018      0.01774      0.41785      0.10768      
217000  0.50721    0.02567    0.04446    0.01783      0.41239      0.06861      0.01770      0.41760      0.10779      
217100  0.51004    0.02567    0.04446    0.01630      0.41635      0.07256      0.01772      0.41712      0.10802      
217200  0.50287    0.02567    0.04446    0.01696      0.40873      0.07049      0.01770      0.41763      0.10731      
217300  0.50721    0.02566    0.04445    0.01788      0.41235      0.06856      0.01771      0.41794      0.10711      
217400  0.50998    0.02566    0.04446    0.01638      0.41631      0.07175      0.01789      0.41728      0.10719      
217500  0.50282    0.02566    0.04446    0.01695      0.40869      0.07063      0.01757      0.41756      0.10672      
217600  0.50720    0.02566    0.04445    0.01784      0.41238      0.06871      0.01751      0.41783      0.10623      
217700  0.50994    0.02566    0.04445    0.01631      0.41633      0.07178      0.01777      0.41760      0.10674      
217800  0.50279    0.02565    0.04445    0.01707      0.40856      0.07058      0.01761      0.41755      0.10627      
217900  0.50719    0.02565    0.04445    0.01791      0.41228      0.06887      0.01768      0.41774      0.10637      
218000  0.50997    0.02566    0.04446    0.01632      0.41632      0.07217      0.01774      0.41716      0.10627      
218100  0.50282    0.02565    0.04445    0.01710      0.40853      0.07090      0.01784      0.41763      0.10664      
218200  0.50709    0.02565    0.04445    0.01790      0.41221      0.06879      0.01772      0.41761      0.10680      
218300  0.50989    0.02565    0.04445    0.01617      0.41639      0.07231      0.01777      0.41753      0.10674      
218400  0.50281    0.02564    0.04444    0.01704      0.40856      0.07116      0.01792      0.41776      0.10742      
218500  0.50708    0.02564    0.04444    0.01789      0.41224      0.06870      0.01791      0.41780      0.10709      
218600  0.50995    0.02564    0.04444    0.01632      0.41635      0.07202      0.01779      0.41756      0.10720      
218700  0.50280    0.02564    0.04444    0.01706      0.40859      0.07074      0.01779      0.41775      0.10768      
218800  0.50690    0.02564    0.04444    0.01775      0.41221      0.06856      0.01767      0.41794      0.10711      
218900  0.50986    0.02565    0.04444    0.01618      0.41639      0.07202      0.01782      0.41735      0.10737      
219000  0.50281    0.02565    0.04443    0.01701      0.40865      0.07067      0.01755      0.41759      0.10768      
219100  0.50701    0.02565    0.04444    0.01776      0.41232      0.06842      0.01773      0.41754      0.10733      
219200  0.50989    0.02564    0.04443    0.01627      0.41634      0.07203      0.01784      0.41774      0.10757      
219300  0.50272    0.02564    0.04443    0.01702      0.40857      0.07055      0.01780      0.41768      0.10714      
219400  0.50687    0.02566    0.04444    0.01771      0.41220      0.06864      0.01754      0.41783      0.10701      
219500  0.50991    0.02565    0.04444    0.01617      0.41645      0.07193      0.01787      0.41744      0.10711      
219600  0.50273    0.02565    0.04444    0.01710      0.40849      0.07053      0.01774      0.41740      0.10724      
219700  0.50695    0.02566    0.04443    0.01775      0.41224      0.06869      0.01763      0.41758      0.10740      
219800  0.50993    0.02565    0.04443    0.01625      0.41638      0.07214      0.01771      0.41730      0.10750      
219900  0.50269    0.02566    0.04443    0.01698      0.40856      0.07067      0.01764      0.41753      0.10767      
220000  0.50701    0.02565    0.04443    0.01776      0.41227      0.06905      0.01770      0.41763      0.10779      
220100  0.50986    0.02565    0.04443    0.01624      0.41634      0.07207      0.01769      0.41755      0.10792      
220200  0.50262    0.02566    0.04443    0.01701      0.40844      0.07069      0.01776      0.41751      0.10834      
220300  0.50698    0.02565    0.04443    0.01775      0.41224      0.06899      0.01766      0.41769      0.10820      
220400  0.50982    0.02565    0.04443    0.01630      0.41622      0.07213      0.01787      0.41737      0.10840      
220500  0.50268    0.02566    0.04443    0.01699      0.40855      0.07051      0.01775      0.41772      0.10866      
220600  0.50694    0.02566    0.04443    0.01773      0.41226      0.06858      0.01780      0.41762      0.10888      
220700  0.50976    0.02565    0.04443    0.01615      0.41634      0.07182      0.01779      0.41765      0.10855      
220800  0.50269    0.02564    0.04443    0.01705      0.40849      0.07072      0.01769      0.41789      0.10843      
220900  0.50689    0.02565    0.04443    0.01786      0.41208      0.06874      0.01786      0.41770      0.10850      
221000  0.50980    0.02564    0.04443    0.01628      0.41628      0.07166      0.01790      0.41741      0.10872      
221100  0.50266    0.02564    0.04443    0.01713      0.40840      0.07053      0.01795      0.41789      0.10817      
221200  0.50685    0.02565    0.04443    0.01780      0.41209      0.06880      0.01773      0.41796      0.10838      
221300  0.50974    0.02565    0.04443    0.01612      0.41637      0.07181      0.01775      0.41739      0.10819      
221400  0.50265    0.02565    0.04442    0.01701      0.40848      0.07086      0.01782      0.41796      0.10806      
221500  0.50692    0.02565    0.04442    0.01788      0.41209      0.06888      0.01788      0.41792      0.10850      
221600  0.50961    0.02564    0.04442    0.01623      0.41616      0.07150      0.01792      0.41728      0.10858      
221700  0.50260    0.02564    0.04442    0.01703      0.40840      0.07101      0.01789      0.41797      0.10876      
221800  0.50682    0.02564    0.04442    0.01787      0.41199      0.06887      0.01783      0.41799      0.10908      
221900  0.50972    0.02564    0.04442    0.01619      0.41631      0.07158      0.01784      0.41745      0.10923      
222000  0.50260    0.02565    0.04443    0.01715      0.40830      0.07075      0.01804      0.41768      0.10918      
222100  0.50683    0.02565    0.04443    0.01777      0.41210      0.06883      0.01771      0.41773      0.10851      
222200  0.50978    0.02566    0.04443    0.01622      0.41628      0.07193      0.01788      0.41752      0.10893      
222300  0.50259    0.02567    0.04443    0.01696      0.40845      0.07093      0.01775      0.41769      0.10927      
222400  0.50692    0.02567    0.04443    0.01789      0.41204      0.06898      0.01792      0.41762      0.10940      
222500  0.50975    0.02567    0.04442    0.01625      0.41622      0.07199      0.01795      0.41758      0.10951      
222600  0.50261    0.02566    0.04442    0.01707      0.40835      0.07112      0.01787      0.41779      0.10969      
222700  0.50694    0.02566    0.04442    0.01782      0.41211      0.06924      0.01782      0.41806      0.10942      
222800  0.50979    0.02565    0.04442    0.01632      0.41621      0.07184      0.01787      0.41746      0.10968      
222900  0.50259    0.02565    0.04442    0.01709      0.40829      0.07130      0.01784      0.41749      0.10997      
223000  0.50687    0.02566    0.04442    0.01770      0.41219      0.06898      0.01770      0.41770      0.10979      
223100  0.50979    0.02565    0.04442    0.01634      0.41622      0.07161      0.01778      0.41806      0.10976      
223200  0.50261    0.02566    0.04442    0.01710      0.40836      0.07069      0.01791      0.41763      0.10945      
223300  0.50684    0.02566    0.04442    0.01790      0.41197      0.06901      0.01809      0.41782      0.10909      
223400  0.50977    0.02566    0.04443    0.01627      0.41625      0.07153      0.01812      0.41742      0.10905      
223500  0.50260    0.02566    0.04442    0.01697      0.40844      0.07106      0.01782      0.41771      0.10887      
223600  0.50692    0.02566    0.04442    0.01778      0.41214      0.06925      0.01771      0.41737      0.10883      
223700  0.50969    0.02565    0.04442    0.01615      0.41625      0.07212      0.01779      0.41721      0.10896      
223800  0.50256    0.02566    0.04442    0.01695      0.40845      0.07079      0.01764      0.41789      0.10843      
223900  0.50679    0.02566    0.04442    0.01762      0.41222      0.06870      0.01770      0.41779      0.10797      
224000  0.50973    0.02565    0.04442    0.01627      0.41625      0.07140      0.01780      0.41752      0.10804      
224100  0.50253    0.02565    0.04442    0.01698      0.40842      0.07068      0.01776      0.41779      0.10861      
224200  0.50686    0.02565    0.04442    0.01783      0.41205      0.06918      0.01774      0.41770      0.10832      
224300  0.50972    0.02565    0.04442    0.01633      0.41615      0.07179      0.01782      0.41743      0.10855      
224400  0.50255    0.02565    0.04442    0.01704      0.40833      0.07115      0.01789      0.41760      0.10956      
224500  0.50696    0.02564    0.04442    0.01775      0.41220      0.06953      0.01778      0.41744      0.10932      
224600  0.50969    0.02564    0.04442    0.01621      0.41624      0.07182      0.01785      0.41727      0.10868      
224700  0.50254    0.02563    0.04441    0.01705      0.40836      0.07091      0.01789      0.41802      0.10885      
224800  0.50689    0.02564    0.04441    0.01780      0.41208      0.06948      0.01776      0.41753      0.10888      
224900  0.50967    0.02564    0.04441    0.01617      0.41628      0.07168      0.01781      0.41747      0.10846      
225000  0.50251    0.02564    0.04441    0.01701      0.40836      0.07089      0.01772      0.41744      0.10822      
225100  0.50685    0.02564    0.04441    0.01771      0.41219      0.06900      0.01764      0.41746      0.10889      
225200  0.50967    0.02563    0.04441    0.01628      0.41616      0.07183      0.01790      0.41747      0.10865      
225300  0.50246    0.02562    0.04441    0.01701      0.40832      0.07100      0.01782      0.41772      0.10833      
225400  0.50676    0.02562    0.04441    0.01772      0.41211      0.06903      0.01770      0.41814      0.10850      
225500  0.50976    0.02562    0.04441    0.01631      0.41623      0.07193      0.01791      0.41795      0.10846      
225600  0.50239    0.02562    0.04441    0.01694      0.40830      0.07123      0.01778      0.41763      0.10882      
225700  0.50673    0.02562    0.04441    0.01769      0.41209      0.06923      0.01769      0.41790      0.10803      
225800  0.50979    0.02562    0.04441    0.01627      0.41629      0.07200      0.01793      0.41749      0.10815      
225900  0.50242    0.02563    0.04441    0.01701      0.40827      0.07107      0.01779      0.41747      0.10791      
226000  0.50672    0.02562    0.04440    0.01774      0.41205      0.06911      0.01771      0.41769      0.10815      
226100  0.50968    0.02562    0.04441    0.01615      0.41627      0.07235      0.01778      0.41725      0.10830      
226200  0.50248    0.02562    0.04440    0.01713      0.40824      0.07087      0.01797      0.41743      0.10838      
226300  0.50664    0.02562    0.04441    0.01775      0.41194      0.06924      0.01761      0.41748      0.10833      
226400  0.50969    0.02562    0.04441    0.01622      0.41626      0.07173      0.01775      0.41730      0.10830      
226500  0.50251    0.02562    0.04441    0.01692      0.40843      0.07128      0.01769      0.41750      0.10846      
226600  0.50672    0.02562    0.04441    0.01763      0.41214      0.06928      0.01768      0.41759      0.10883      
226700  0.50963    0.02563    0.04441    0.01611      0.41626      0.07220      0.01784      0.41724      0.10825      
226800  0.50242    0.02563    0.04441    0.01700      0.40831      0.07079      0.01787      0.41760      0.10850      
226900  0.50684    0.02563    0.04441    0.01773      0.41214      0.06932      0.01783      0.41734      0.10862      
227000  0.50969    0.02563    0.04441    0.01617      0.41628      0.07200      0.01776      0.41730      0.10886      
227100  0.50241    0.02562    0.04441    0.01697      0.40830      0.07114      0.01770      0.41782      0.10891      
227200  0.50672    0.02563    0.04441    0.01774      0.41202      0.06921      0.01788      0.41744      0.10921      
227300  0.50967    0.02563    0.04441    0.01612      0.41632      0.07188      0.01771      0.41699      0.10904      
227400  0.50241    0.02562    0.04441    0.01696      0.40830      0.07122      0.01787      0.41752      0.10873      
227500  0.50679    0.02563    0.04441    0.01776      0.41204      0.06958      0.01773      0.41733      0.10884      
227600  0.50962    0.02563    0.04441    0.01625      0.41619      0.07156      0.01786      0.41705      0.10880      
227700  0.50237    0.02562    0.04441    0.01702      0.40822      0.07097      0.01788      0.41757      0.10963      
227800  0.50679    0.02562    0.04441    0.01780      0.41203      0.06930      0.01797      0.41715      0.10894      
227900  0.50973    0.02562    0.04440    0.01627      0.41627      0.07166      0.01779      0.41734      0.10944      
228000  0.50235    0.02562    0.04440    0.01699      0.40826      0.07077      0.01780      0.41755      0.10906      
228100  0.50662    0.02561    0.04440    0.01772      0.41192      0.06958      0.01779      0.41739      0.10915      
228200  0.50970    0.02562    0.04440    0.01617      0.41626      0.07244      0.01786      0.41715      0.10923      
228300  0.50238    0.02561    0.04440    0.01714      0.40814      0.07081      0.01791      0.41733      0.10901      
228400  0.50668    0.02562    0.04440    0.01788      0.41188      0.06908      0.01801      0.41758      0.10881      
228500  0.50970    0.02561    0.04440    0.01629      0.41625      0.07142      0.01797      0.41744      0.10929      
228600  0.50238    0.02562    0.04440    0.01708      0.40820      0.07086      0.01791      0.41756      0.10888      
228700  0.50669    0.02562    0.04440    0.01793      0.41187      0.06879      0.01786      0.41727      0.10840      
228800  0.50962    0.02562    0.04440    0.01620      0.41623      0.07179      0.01789      0.41716      0.10875      
228900  0.50232    0.02562    0.04439    0.01697      0.40824      0.07101      0.01784      0.41757      0.10830      
229000  0.50673    0.02561    0.04440    0.01791      0.41188      0.06924      0.01787      0.41705      0.10811      
229100  0.50970    0.02562    0.04440    0.01616      0.41634      0.07194      0.01800      0.41719      0.10846      
229200  0.50229    0.02562    0.04440    0.01696      0.40821      0.07098      0.01783      0.41694      0.10851      
229300  0.50665    0.02562    0.04440    0.01776      0.41197      0.06909      0.01781      0.41725      0.10870      
229400  0.50969    0.02562    0.04440    0.01619      0.41632      0.07170      0.01789      0.41717      0.10822      
229500  0.50226    0.02562    0.04440    0.01708      0.40808      0.07085      0.01800      0.41726      0.10830      
229600  0.50670    0.02561    0.04440    0.01779      0.41199      0.06911      0.01782      0.41729      0.10836      
229700  0.50965    0.02561    0.04440    0.01629      0.41620      0.07147      0.01796      0.41689      0.10842      
229800  0.50230    0.02561    0.04439    0.01704      0.40821      0.07052      0.01781      0.41708      0.10843      
229900  0.50666    0.02561    0.04439    0.01792      0.41187      0.06870      0.01786      0.41740      0.10897      
230000  0.50960    0.02561    0.04439    0.01619      0.41628      0.07129      0.01795      0.41750      0.10877      
230100  0.50228    0.02560    0.04439    0.01705      0.40819      0.07038      0.01781      0.41747      0.10872      
230200  0.50664    0.02561    0.04439    0.01783      0.41190      0.06903      0.01782      0.41740      0.10861      
230300  0.50966    0.02560    0.04439    0.01624      0.41632      0.07106      0.01789      0.41760      0.10809      
230400  0.50224    0.02561    0.04440    0.01698      0.40823      0.07021      0.01782      0.41770      0.10804      
230500  0.50662    0.02561    0.04440    0.01789      0.41186      0.06859      0.01781      0.41741      0.10754      
230600  0.50965    0.02561    0.04440    0.01612      0.41641      0.07113      0.01784      0.41710      0.10732      
230700  0.50224    0.02560    0.04440    0.01705      0.40816      0.07032      0.01771      0.41775      0.10801      
230800  0.50662    0.02561    0.04440    0.01767      0.41207      0.06876      0.01764      0.41767      0.10835      
230900  0.50962    0.02560    0.04440    0.01622      0.41627      0.07126      0.01785      0.41729      0.10823      
231000  0.50220    0.02560    0.04439    0.01700      0.40819      0.07008      0.01777      0.41774      0.10801      
231100  0.50662    0.02561    0.04439    0.01766      0.41206      0.06897      0.01761      0.41782      0.10861      
231200  0.50968    0.02560    0.04439    0.01632      0.41627      0.07107      0.01781      0.41740      0.10802      
231300  0.50226    0.02559    0.04439    0.01703      0.40818      0.07057      0.01763      0.41732      0.10852      
231400  0.50660    0.02559    0.04439    0.01776      0.41203      0.06825      0.01760      0.41748      0.10805      
231500  0.50961    0.02560    0.04439    0.01620      0.41633      0.07099      0.01790      0.41768      0.10813      
231600  0.50218    0.02559    0.04439    0.01700      0.40812      0.07075      0.01778      0.41748      0.10821      
231700  0.50656    0.02560    0.04440    0.01776      0.41191      0.06886      0.01771      0.41782      0.10766      
231800  0.50964    0.02560    0.04439    0.01623      0.41625      0.07157      0.01793      0.41752      0.10836      
231900  0.50217    0.02560    0.04440    0.01696      0.40820      0.07022      0.01773      0.41767      0.10865      
232000  0.50666    0.02560    0.04440    0.01777      0.41200      0.06889      0.01763      0.41699      0.10897      
232100  0.50958    0.02560    0.04439    0.01628      0.41622      0.07094      0.01783      0.41724      0.10884      
232200  0.50215    0.02559    0.04439    0.01699      0.40816      0.07019      0.01764      0.41750      0.10938      
232300  0.50650    0.02559    0.04439    0.01765      0.41200      0.06864      0.01764      0.41734      0.10909      
232400  0.50958    0.02560    0.04439    0.01597      0.41648      0.07137      0.01772      0.41726      0.10907      
232500  0.50212    0.02559    0.04439    0.01699      0.40816      0.06992      0.01769      0.41739      0.10859      
232600  0.50658    0.02560    0.04439    0.01775      0.41200      0.06840      0.01757      0.41718      0.10850      
232700  0.50960    0.02560    0.04439    0.01604      0.41646      0.07105      0.01769      0.41719      0.10778      
232800  0.50212    0.02560    0.04439    0.01702      0.40811      0.07003      0.01767      0.41753      0.10815      
232900  0.50654    0.02560    0.04439    0.01754      0.41213      0.06877      0.01743      0.41747      0.10888      
233000  0.50950    0.02559    0.04439    0.01613      0.41624      0.07142      0.01781      0.41689      0.10892      
233100  0.50211    0.02559    0.04439    0.01702      0.40809      0.07023      0.01775      0.41725      0.10828      
233200  0.50656    0.02559    0.04439    0.01779      0.41197      0.06831      0.01775      0.41729      0.10881      
233300  0.50954    0.02559    0.04439    0.01610      0.41631      0.07151      0.01769      0.41733      0.10894      
233400  0.50214    0.02558    0.04439    0.01702      0.40817      0.06983      0.01759      0.41756      0.10912      
233500  0.50640    0.02558    0.04439    0.01778      0.41184      0.06811      0.01760      0.41761      0.10885      
233600  0.50952    0.02558    0.04439    0.01612      0.41631      0.07116      0.01756      0.41709      0.10883      
233700  0.50209    0.02558    0.04439    0.01704      0.40808      0.07006      0.01764      0.41710      0.10936      
233800  0.50650    0.02558    0.04439    0.01774      0.41198      0.06824      0.01755      0.41748      0.10909      
233900  0.50948    0.02557    0.04439    0.01615      0.41625      0.07118      0.01764      0.41734      0.10932      
234000  0.50206    0.02557    0.04438    0.01700      0.40810      0.07016      0.01767      0.41726      0.10979      
234100  0.50646    0.02556    0.04438    0.01773      0.41194      0.06844      0.01755      0.41745      0.10966      
234200  0.50946    0.02557    0.04438    0.01613      0.41627      0.07103      0.01768      0.41729      0.10978      
234300  0.50208    0.02557    0.04438    0.01709      0.40804      0.06989      0.01778      0.41758      0.10991      
234400  0.50643    0.02557    0.04438    0.01772      0.41189      0.06855      0.01761      0.41747      0.10977      
234500  0.50936    0.02557    0.04438    0.01627      0.41598      0.07166      0.01777      0.41702      0.10992      
234600  0.50209    0.02557    0.04438    0.01705      0.40807      0.07019      0.01765      0.41731      0.10954      
234700  0.50645    0.02557    0.04437    0.01782      0.41184      0.06846      0.01764      0.41773      0.10998      
234800  0.50946    0.02557    0.04438    0.01623      0.41617      0.07122      0.01777      0.41707      0.11002      
234900  0.50203    0.02557    0.04437    0.01702      0.40803      0.07035      0.01764      0.41749      0.11080      
235000  0.50645    0.02557    0.04437    0.01773      0.41190      0.06880      0.01774      0.41750      0.11026      
235100  0.50944    0.02557    0.04437    0.01607      0.41633      0.07102      0.01763      0.41722      0.11085      
235200  0.50199    0.02557    0.04437    0.01697      0.40805      0.07024      0.01763      0.41730      0.11007      
235300  0.50646    0.02558    0.04437    0.01782      0.41183      0.06865      0.01764      0.41696      0.10971      
235400  0.50938    0.02557    0.04437    0.01622      0.41606      0.07168      0.01794      0.41686      0.11005      
235500  0.50201    0.02557    0.04436    0.01701      0.40808      0.06994      0.01770      0.41744      0.10989      
235600  0.50652    0.02557    0.04436    0.01776      0.41196      0.06859      0.01773      0.41735      0.10958      
235700  0.50941    0.02557    0.04437    0.01610      0.41623      0.07138      0.01767      0.41700      0.10930      
235800  0.50199    0.02557    0.04437    0.01704      0.40802      0.06989      0.01773      0.41746      0.10924      
235900  0.50637    0.02556    0.04437    0.01770      0.41192      0.06819      0.01753      0.41740      0.10919      
236000  0.50936    0.02556    0.04437    0.01618      0.41613      0.07122      0.01769      0.41688      0.10954      
236100  0.50196    0.02556    0.04437    0.01703      0.40800      0.07007      0.01776      0.41729      0.10915      
236200  0.50649    0.02556    0.04437    0.01777      0.41198      0.06801      0.01763      0.41699      0.10863      
236300  0.50950    0.02556    0.04437    0.01622      0.41626      0.07089      0.01792      0.41727      0.10899      
236400  0.50195    0.02556    0.04436    0.01697      0.40804      0.07010      0.01776      0.41773      0.10907      
236500  0.50645    0.02556    0.04436    0.01776      0.41196      0.06816      0.01767      0.41756      0.10872      
236600  0.50950    0.02556    0.04436    0.01619      0.41629      0.07106      0.01772      0.41731      0.10830      
236700  0.50198    0.02555    0.04436    0.01700      0.40808      0.06981      0.01775      0.41728      0.10802      
236800  0.50647    0.02555    0.04436    0.01761      0.41209      0.06853      0.01766      0.41737      0.10874      
236900  0.50947    0.02555    0.04436    0.01600      0.41640      0.07159      0.01759      0.41721      0.10854      
237000  0.50198    0.02556    0.04436    0.01694      0.40810      0.07025      0.01769      0.41761      0.10909      
237100  0.50634    0.02557    0.04436    0.01773      0.41182      0.06854      0.01761      0.41774      0.10932      
237200  0.50947    0.02556    0.04436    0.01619      0.41628      0.07092      0.01769      0.41738      0.10938      
237300  0.50197    0.02556    0.04436    0.01698      0.40807      0.07006      0.01767      0.41751      0.10896      
237400  0.50639    0.02556    0.04436    0.01769      0.41192      0.06865      0.01764      0.41770      0.10885      
237500  0.50952    0.02556    0.04436    0.01610      0.41636      0.07146      0.01759      0.41765      0.10845      
237600  0.50196    0.02555    0.04436    0.01711      0.40797      0.06968      0.01780      0.41750      0.10862      
237700  0.50639    0.02555    0.04436    0.01782      0.41183      0.06840      0.01782      0.41773      0.10808      
237800  0.50941    0.02555    0.04436    0.01610      0.41628      0.07117      0.01766      0.41728      0.10832      
237900  0.50197    0.02554    0.04436    0.01700      0.40810      0.06973      0.01765      0.41768      0.10783      
238000  0.50637    0.02554    0.04436    0.01761      0.41202      0.06850      0.01752      0.41772      0.10829      
238100  0.50949    0.02554    0.04436    0.01615      0.41635      0.07095      0.01772      0.41767      0.10820      
238200  0.50196    0.02554    0.04436    0.01706      0.40805      0.06953      0.01772      0.41800      0.10870      
238300  0.50632    0.02554    0.04436    0.01765      0.41191      0.06852      0.01750      0.41764      0.10856      
238400  0.50937    0.02555    0.04436    0.01618      0.41618      0.07101      0.01767      0.41743      0.10838      
238500  0.50193    0.02555    0.04436    0.01696      0.40809      0.06976      0.01772      0.41797      0.10810      
238600  0.50641    0.02555    0.04436    0.01786      0.41182      0.06830      0.01788      0.41788      0.10839      
238700  0.50941    0.02555    0.04436    0.01621      0.41620      0.07098      0.01775      0.41739      0.10821      
238800  0.50196    0.02555    0.04436    0.01695      0.40812      0.06978      0.01762      0.41798      0.10862      
238900  0.50634    0.02554    0.04436    0.01763      0.41200      0.06812      0.01755      0.41817      0.10871      
239000  0.50939    0.02554    0.04436    0.01606      0.41636      0.07064      0.01767      0.41776      0.10863      
239100  0.50192    0.02554    0.04436    0.01706      0.40802      0.06941      0.01777      0.41801      0.10892      
239200  0.50631    0.02555    0.04436    0.01765      0.41187      0.06881      0.01754      0.41799      0.10864      
239300  0.50937    0.02555    0.04436    0.01599      0.41636      0.07107      0.01765      0.41769      0.10876      
239400  0.50192    0.02556    0.04436    0.01692      0.40802      0.07060      0.01774      0.41759      0.10896      
239500  0.50642    0.02555    0.04436    0.01768      0.41193      0.06891      0.01763      0.41777      0.10881      
239600  0.50934    0.02555    0.04436    0.01616      0.41618      0.07086      0.01766      0.41766      0.10852      
239700  0.50192    0.02555    0.04436    0.01699      0.40801      0.07015      0.01766      0.41797      0.10874      
239800  0.50631    0.02554    0.04436    0.01771      0.41181      0.06890      0.01773      0.41818      0.10804      
239900  0.50938    0.02555    0.04436    0.01613      0.41625      0.07093      0.01777      0.41724      0.10851      
240000  0.50194    0.02555    0.04436    0.01698      0.40806      0.06994      0.01776      0.41750      0.10784      
240100  0.50637    0.02555    0.04436    0.01761      0.41196      0.06903      0.01775      0.41734      0.10829      
240200  0.50940    0.02556    0.04436    0.01616      0.41626      0.07073      0.01763      0.41739      0.10786      
240300  0.50187    0.02555    0.04435    0.01695      0.40804      0.06969      0.01761      0.41765      0.10831      
240400  0.50648    0.02555    0.04435    0.01767      0.41203      0.06865      0.01758      0.41757      0.10854      
240500  0.50928    0.02555    0.04435    0.01611      0.41618      0.07097      0.01767      0.41738      0.10809      
240600  0.50189    0.02555    0.04435    0.01697      0.40804      0.06987      0.01776      0.41763      0.10776      
240700  0.50632    0.02555    0.04435    0.01760      0.41194      0.06866      0.01763      0.41754      0.10832      
240800  0.50936    0.02555    0.04435    0.01610      0.41626      0.07100      0.01768      0.41750      0.10841      
240900  0.50185    0.02556    0.04436    0.01687      0.40807      0.06999      0.01771      0.41746      0.10872      
241000  0.50636    0.02555    0.04436    0.01771      0.41190      0.06846      0.01766      0.41735      0.10888      
241100  0.50931    0.02555    0.04436    0.01621      0.41610      0.07085      0.01780      0.41748      0.10896      
241200  0.50182    0.02555    0.04435    0.01690      0.40805      0.06971      0.01775      0.41762      0.10898      
241300  0.50630    0.02554    0.04435    0.01773      0.41185      0.06831      0.01774      0.41808      0.10845      
241400  0.50931    0.02554    0.04435    0.01608      0.41625      0.07083      0.01775      0.41730      0.10874      
241500  0.50180    0.02555    0.04435    0.01696      0.40797      0.06972      0.01767      0.41768      0.10892      
241600  0.50627    0.02555    0.04436    0.01763      0.41192      0.06816      0.01754      0.41721      0.10835      
241700  0.50936    0.02555    0.04435    0.01623      0.41617      0.07056      0.01786      0.41751      0.10845      
241800  0.50177    0.02555    0.04435    0.01694      0.40796      0.06971      0.01770      0.41729      0.10845      
241900  0.50625    0.02554    0.04435    0.01783      0.41167      0.06857      0.01776      0.41767      0.10870      
242000  0.50936    0.02555    0.04435    0.01616      0.41619      0.07110      0.01769      0.41725      0.10858      
242100  0.50177    0.02555    0.04435    0.01695      0.40798      0.06958      0.01773      0.41764      0.10783      
242200  0.50625    0.02555    0.04435    0.01762      0.41196      0.06781      0.01763      0.41754      0.10806      
242300  0.50931    0.02555    0.04436    0.01608      0.41627      0.07048      0.01770      0.41749      0.10749      
242400  0.50177    0.02556    0.04436    0.01693      0.40795      0.06982      0.01768      0.41752      0.10760      
242500  0.50621    0.02556    0.04436    0.01771      0.41180      0.06783      0.01761      0.41777      0.10816      
242600  0.50923    0.02555    0.04436    0.01616      0.41602      0.07137      0.01776      0.41704      0.10871      
242700  0.50173    0.02555    0.04435    0.01695      0.40787      0.07007      0.01759      0.41773      0.10875      
242800  0.50627    0.02554    0.04435    0.01777      0.41175      0.06849      0.01762      0.41785      0.10871      
242900  0.50922    0.02555    0.04435    0.01614      0.41604      0.07133      0.01767      0.41709      0.10905      
243000  0.50172    0.02553    0.04435    0.01697      0.40789      0.06984      0.01776      0.41735      0.10930      
243100  0.50618    0.02553    0.04435    0.01765      0.41183      0.06833      0.01767      0.41754      0.10931      
243200  0.50921    0.02553    0.04435    0.01630      0.41592      0.07105      0.01796      0.41702      0.10922      
243300  0.50173    0.02554    0.04435    0.01703      0.40783      0.06979      0.01778      0.41714      0.10909      
243400  0.50624    0.02554    0.04435    0.01775      0.41179      0.06804      0.01763      0.41764      0.10821      
243500  0.50913    0.02554    0.04435    0.01612      0.41599      0.07142      0.01775      0.41728      0.10871      
243600  0.50169    0.02553    0.04435    0.01698      0.40786      0.06973      0.01783      0.41748      0.10843      
243700  0.50628    0.02553    0.04435    0.01779      0.41178      0.06819      0.01777      0.41752      0.10915      
243800  0.50916    0.02554    0.04435    0.01617      0.41600      0.07109      0.01772      0.41707      0.10902      
243900  0.50170    0.02553    0.04435    0.01698      0.40787      0.06979      0.01765      0.41773      0.10914      
244000  0.50628    0.02553    0.04434    0.01776      0.41185      0.06801      0.01755      0.41755      0.10935      
244100  0.50920    0.02553    0.04434    0.01608      0.41611      0.07132      0.01767      0.41734      0.10982      
244200  0.50172    0.02553    0.04434    0.01695      0.40788      0.07015      0.01764      0.41772      0.11031      
244300  0.50629    0.02553    0.04434    0.01766      0.41193      0.06834      0.01762      0.41757      0.10964      
244400  0.50914    0.02553    0.04434    0.01625      0.41593      0.07098      0.01770      0.41711      0.10918      
244500  0.50171    0.02553    0.04434    0.01693      0.40790      0.07016      0.01767      0.41756      0.10951      
244600  0.50636    0.02552    0.04434    0.01789      0.41174      0.06866      0.01775      0.41743      0.10962      
244700  0.50913    0.02552    0.04434    0.01597      0.41615      0.07158      0.01762      0.41699      0.10981      
244800  0.50167    0.02551    0.04434    0.01694      0.40788      0.06998      0.01773      0.41720      0.10895      
244900  0.50629    0.02551    0.04433    0.01789      0.41170      0.06852      0.01781      0.41756      0.10913      
245000  0.50916    0.02551    0.04434    0.01625      0.41592      0.07140      0.01798      0.41679      0.10918      
245100  0.50168    0.02551    0.04434    0.01700      0.40781      0.07020      0.01778      0.41687      0.10951      
245200  0.50617    0.02551    0.04434    0.01762      0.41187      0.06838      0.01745      0.41743      0.10939      
245300  0.50910    0.02551    0.04434    0.01629      0.41592      0.07043      0.01782      0.41717      0.10948      
245400  0.50168    0.02552    0.04434    0.01700      0.40782      0.06993      0.01768      0.41738      0.10951      
245500  0.50617    0.02552    0.04434    0.01774      0.41179      0.06781      0.01758      0.41733      0.10967      
245600  0.50910    0.02552    0.04434    0.01615      0.41598      0.07109      0.01764      0.41697      0.10959      
245700  0.50168    0.02551    0.04434    0.01703      0.40784      0.06971      0.01761      0.41701      0.10935      
245800  0.50622    0.02552    0.04434    0.01786      0.41163      0.06879      0.01768      0.41708      0.10934      
245900  0.50913    0.02552    0.04434    0.01615      0.41605      0.07074      0.01762      0.41728      0.10870      
246000  0.50170    0.02552    0.04434    0.01694      0.40789      0.07003      0.01769      0.41721      0.10877      
246100  0.50620    0.02552    0.04434    0.01789      0.41160      0.06859      0.01771      0.41737      0.10849      
246200  0.50916    0.02551    0.04433    0.01615      0.41609      0.07068      0.01781      0.41727      0.10869      
246300  0.50162    0.02551    0.04433    0.01703      0.40776      0.06986      0.01777      0.41729      0.10866      
246400  0.50616    0.02551    0.04433    0.01775      0.41169      0.06875      0.01769      0.41734      0.10865      
246500  0.50912    0.02551    0.04433    0.01607      0.41615      0.07059      0.01770      0.41725      0.10834      
246600  0.50161    0.02551    0.04433    0.01697      0.40783      0.06976      0.01769      0.41731      0.10833      
246700  0.50610    0.02551    0.04433    0.01791      0.41153      0.06811      0.01775      0.41746      0.10839      
246800  0.50918    0.02551    0.04433    0.01631      0.41596      0.07065      0.01784      0.41732      0.10781      
246900  0.50161    0.02550    0.04433    0.01693      0.40785      0.06999      0.01775      0.41725      0.10793      
247000  0.50608    0.02551    0.04433    0.01785      0.41158      0.06816      0.01766      0.41732      0.10752      
247100  0.50905    0.02550    0.04433    0.01612      0.41601      0.07088      0.01765      0.41715      0.10832      
247200  0.50161    0.02550    0.04433    0.01696      0.40785      0.06959      0.01781      0.41722      0.10782      
247300  0.50613    0.02550    0.04433    0.01781      0.41166      0.06827      0.01773      0.41737      0.10776      
247400  0.50903    0.02550    0.04433    0.01608      0.41602      0.07097      0.01767      0.41693      0.10817      
247500  0.50162    0.02550    0.04433    0.01683      0.40794      0.07018      0.01743      0.41761      0.10850      
247600  0.50603    0.02551    0.04433    0.01752      0.41185      0.06829      0.01741      0.41764      0.10820      
247700  0.50908    0.02551    0.04433    0.01607      0.41609      0.07087      0.01750      0.41709      0.10865      
247800  0.50161    0.02551    0.04433    0.01693      0.40787      0.06970      0.01750      0.41762      0.10800      
247900  0.50607    0.02551    0.04433    0.01760      0.41181      0.06829      0.01749      0.41770      0.10799      
248000  0.50915    0.02551    0.04433    0.01607      0.41613      0.07114      0.01764      0.41750      0.10825      
248100  0.50157    0.02550    0.04432    0.01695      0.40781      0.06988      0.01748      0.41757      0.10773      
248200  0.50617    0.02550    0.04432    0.01772      0.41180      0.06830      0.01763      0.41746      0.10745      
248300  0.50909    0.02550    0.04432    0.01605      0.41616      0.07066      0.01750      0.41741      0.10725      
248400  0.50161    0.02550    0.04432    0.01689      0.40793      0.06970      0.01756      0.41746      0.10736      
248500  0.50609    0.02550    0.04432    0.01771      0.41177      0.06789      0.01757      0.41742      0.10673      
248600  0.50910    0.02551    0.04433    0.01616      0.41605      0.07056      0.01765      0.41724      0.10722      
248700  0.50159    0.02551    0.04433    0.01685      0.40791      0.06989      0.01749      0.41740      0.10703      
248800  0.50602    0.02551    0.04433    0.01761      0.41174      0.06831      0.01743      0.41747      0.10721      
248900  0.50911    0.02551    0.04433    0.01622      0.41600      0.07060      0.01751      0.41696      0.10735      
249000  0.50156    0.02550    0.04433    0.01687      0.40786      0.06997      0.01753      0.41721      0.10773      
249100  0.50593    0.02549    0.04433    0.01758      0.41169      0.06832      0.01736      0.41712      0.10767      
249200  0.50921    0.02549    0.04433    0.01633      0.41602      0.07040      0.01769      0.41700      0.10774      
249300  0.50155    0.02549    0.04432    0.01698      0.40778      0.06974      0.01750      0.41735      0.10763      
249400  0.50585    0.02549    0.04432    0.01776      0.41150      0.06788      0.01748      0.41762      0.10720      
249500  0.50925    0.02549    0.04432    0.01621      0.41611      0.07115      0.01745      0.41713      0.10742      
249600  0.50155    0.02549    0.04432    0.01694      0.40786      0.06931      0.01740      0.41748      0.10745      
249700  0.50596    0.02549    0.04432    0.01765      0.41167      0.06833      0.01751      0.41732      0.10746      
249800  0.50929    0.02549    0.04432    0.01625      0.41620      0.07031      0.01768      0.41725      0.10768      
249900  0.50149    0.02550    0.04432    0.01694      0.40780      0.06934      0.01753      0.41723      0.10768      
250000  0.50594    0.02549    0.04432    0.01779      0.41151      0.06831      0.01763      0.41713      0.10818      
250100  0.50932    0.02549    0.04432    0.01629      0.41616      0.07052      0.01749      0.41734      0.10759      
250200  0.50146    0.02549    0.04432    0.01700      0.40774      0.06909      0.01767      0.41726      0.10759      
250300  0.50604    0.02549    0.04432    0.01781      0.41164      0.06778      0.01755      0.41695      0.10761      
250400  0.50920    0.02549    0.04432    0.01626      0.41608      0.07052      0.01758      0.41676      0.10804      
250500  0.50145    0.02548    0.04432    0.01700      0.40773      0.06918      0.01755      0.41699      0.10805      
250600  0.50594    0.02549    0.04432    0.01768      0.41164      0.06819      0.01747      0.41711      0.10819      
250700  0.50926    0.02549    0.04432    0.01630      0.41610      0.07049      0.01764      0.41675      0.10848      
250800  0.50147    0.02549    0.04432    0.01690      0.40781      0.06954      0.01743      0.41738      0.10851      
250900  0.50595    0.02549    0.04432    0.01760      0.41167      0.06874      0.01746      0.41705      0.10880      
251000  0.50925    0.02549    0.04431    0.01618      0.41621      0.07048      0.01764      0.41699      0.10825      
251100  0.50148    0.02548    0.04431    0.01703      0.40772      0.06940      0.01756      0.41734      0.10788      
251200  0.50595    0.02548    0.04431    0.01770      0.41164      0.06817      0.01751      0.41731      0.10760      
251300  0.50916    0.02548    0.04431    0.01618      0.41611      0.07086      0.01759      0.41696      0.10752      
251400  0.50143    0.02548    0.04432    0.01696      0.40769      0.06981      0.01763      0.41691      0.10752      
251500  0.50590    0.02548    0.04431    0.01766      0.41165      0.06803      0.01749      0.41712      0.10663      
251600  0.50920    0.02548    0.04431    0.01618      0.41614      0.07073      0.01768      0.41668      0.10711      
251700  0.50141    0.02548    0.04431    0.01698      0.40768      0.06957      0.01764      0.41721      0.10676      
251800  0.50586    0.02548    0.04431    0.01770      0.41157      0.06806      0.01749      0.41717      0.10702      
251900  0.50921    0.02547    0.04431    0.01628      0.41606      0.07085      0.01754      0.41664      0.10631      
252000  0.50144    0.02547    0.04431    0.01691      0.40779      0.06960      0.01755      0.41670      0.10629      
252100  0.50589    0.02547    0.04431    0.01759      0.41169      0.06837      0.01736      0.41669      0.10695      
252200  0.50926    0.02546    0.04431    0.01623      0.41617      0.07090      0.01752      0.41660      0.10629      
252300  0.50141    0.02546    0.04430    0.01697      0.40771      0.06971      0.01761      0.41703      0.10707      
252400  0.50585    0.02546    0.04430    0.01766      0.41161      0.06822      0.01747      0.41705      0.10728      
252500  0.50918    0.02546    0.04430    0.01623      0.41617      0.07021      0.01760      0.41694      0.10724      
252600  0.50138    0.02545    0.04430    0.01700      0.40771      0.06922      0.01762      0.41719      0.10762      
252700  0.50591    0.02545    0.04429    0.01775      0.41164      0.06779      0.01758      0.41746      0.10783      
252800  0.50919    0.02545    0.04430    0.01626      0.41614      0.07046      0.01754      0.41679      0.10800      
252900  0.50140    0.02545    0.04429    0.01697      0.40770      0.06983      0.01749      0.41714      0.10814      
253000  0.50591    0.02544    0.04430    0.01769      0.41167      0.06803      0.01750      0.41707      0.10755      
253100  0.50919    0.02545    0.04430    0.01625      0.41612      0.07078      0.01772      0.41677      0.10764      
253200  0.50137    0.02545    0.04429    0.01699      0.40767      0.06971      0.01768      0.41730      0.10696      
253300  0.50592    0.02544    0.04429    0.01772      0.41166      0.06796      0.01757      0.41727      0.10705      
253400  0.50915    0.02544    0.04430    0.01624      0.41611      0.07063      0.01772      0.41674      0.10666      
253500  0.50140    0.02544    0.04429    0.01702      0.40766      0.06985      0.01762      0.41705      0.10692      
253600  0.50586    0.02543    0.04429    0.01773      0.41160      0.06802      0.01753      0.41730      0.10613      
253700  0.50916    0.02544    0.04430    0.01611      0.41621      0.07107      0.01751      0.41675      0.10696      
253800  0.50131    0.02543    0.04429    0.01700      0.40762      0.06964      0.01754      0.41716      0.10687      
253900  0.50588    0.02543    0.04429    0.01775      0.41161      0.06793      0.01757      0.41747      0.10671      
254000  0.50905    0.02544    0.04430    0.01614      0.41609      0.07091      0.01768      0.41690      0.10612      
254100  0.50127    0.02544    0.04430    0.01694      0.40765      0.06942      0.01755      0.41700      0.10641      
254200  0.50583    0.02544    0.04429    0.01763      0.41166      0.06817      0.01745      0.41736      0.10606      
254300  0.50919    0.02544    0.04430    0.01621      0.41614      0.07110      0.01767      0.41658      0.10721      
254400  0.50125    0.02543    0.04430    0.01691      0.40765      0.06963      0.01755      0.41747      0.10579      
254500  0.50592    0.02543    0.04430    0.01775      0.41163      0.06809      0.01758      0.41725      0.10592      
254600  0.50921    0.02542    0.04430    0.01615      0.41625      0.07093      0.01762      0.41713      0.10673      
254700  0.50131    0.02543    0.04430    0.01692      0.40768      0.06978      0.01752      0.41691      0.10615      
254800  0.50595    0.02543    0.04430    0.01776      0.41163      0.06834      0.01764      0.41704      0.10574      
254900  0.50914    0.02544    0.04430    0.01611      0.41624      0.07053      0.01764      0.41695      0.10552      
255000  0.50125    0.02544    0.04429    0.01696      0.40760      0.06953      0.01762      0.41702      0.10503      
255100  0.50580    0.02544    0.04430    0.01761      0.41166      0.06799      0.01748      0.41728      0.10572      
255200  0.50910    0.02544    0.04430    0.01620      0.41608      0.07085      0.01766      0.41683      0.10537      
255300  0.50124    0.02544    0.04429    0.01682      0.40773      0.06954      0.01758      0.41709      0.10473      
255400  0.50585    0.02544    0.04430    0.01761      0.41165      0.06856      0.01758      0.41718      0.10512      
255500  0.50902    0.02544    0.04430    0.01605      0.41612      0.07106      0.01773      0.41654      0.10443      
255600  0.50126    0.02544    0.04430    0.01680      0.40774      0.06989      0.01757      0.41705      0.10377      
255700  0.50579    0.02543    0.04429    0.01772      0.41149      0.06846      0.01761      0.41695      0.10404      
255800  0.50910    0.02543    0.04430    0.01608      0.41615      0.07129      0.01761      0.41688      0.10430      
255900  0.50122    0.02544    0.04430    0.01691      0.40760      0.06971      0.01760      0.41699      0.10494      
256000  0.50576    0.02544    0.04429    0.01755      0.41168      0.06800      0.01752      0.41719      0.10458      
256100  0.50901    0.02543    0.04429    0.01604      0.41613      0.07117      0.01748      0.41702      0.10494      
256200  0.50120    0.02544    0.04429    0.01677      0.40769      0.07007      0.01745      0.41752      0.10442      
256300  0.50585    0.02543    0.04429    0.01767      0.41166      0.06796      0.01755      0.41742      0.10361      
256400  0.50913    0.02543    0.04429    0.01584      0.41645      0.07116      0.01743      0.41706      0.10423      
256500  0.50117    0.02543    0.04429    0.01671      0.40774      0.07004      0.01731      0.41738      0.10488      
256600  0.50581    0.02544    0.04429    0.01756      0.41173      0.06804      0.01733      0.41735      0.10507      
256700  0.50903    0.02543    0.04429    0.01620      0.41605      0.07060      0.01748      0.41713      0.10460      
256800  0.50115    0.02543    0.04429    0.01688      0.40759      0.06965      0.01755      0.41754      0.10456      
256900  0.50584    0.02543    0.04429    0.01764      0.41168      0.06809      0.01762      0.41704      0.10438      
257000  0.50894    0.02543    0.04429    0.01612      0.41606      0.07054      0.01766      0.41664      0.10333      
257100  0.50116    0.02543    0.04429    0.01689      0.40755      0.07003      0.01770      0.41715      0.10353      
257200  0.50576    0.02543    0.04429    0.01751      0.41171      0.06818      0.01738      0.41704      0.10420      
257300  0.50900    0.02543    0.04429    0.01612      0.41606      0.07102      0.01753      0.41695      0.10412      
257400  0.50118    0.02543    0.04428    0.01686      0.40763      0.06982      0.01763      0.41749      0.10480      
257500  0.50583    0.02543    0.04428    0.01763      0.41168      0.06814      0.01745      0.41718      0.10468      
257600  0.50901    0.02543    0.04428    0.01615      0.41610      0.07053      0.01752      0.41686      0.10493      
257700  0.50119    0.02542    0.04428    0.01687      0.40766      0.06960      0.01758      0.41723      0.10495      
257800  0.50574    0.02541    0.04428    0.01756      0.41167      0.06813      0.01736      0.41732      0.10515      
257900  0.50895    0.02542    0.04429    0.01623      0.41593      0.07095      0.01747      0.41701      0.10477      
258000  0.50118    0.02541    0.04428    0.01680      0.40770      0.06981      0.01756      0.41727      0.10467      
258100  0.50580    0.02541    0.04428    0.01772      0.41158      0.06807      0.01754      0.41723      0.10450      
258200  0.50893    0.02542    0.04428    0.01611      0.41603      0.07090      0.01749      0.41723      0.10506      
258300  0.50118    0.02542    0.04428    0.01682      0.40770      0.06969      0.01743      0.41742      0.10504      
258400  0.50564    0.02542    0.04428    0.01753      0.41160      0.06820      0.01734      0.41734      0.10507      
258500  0.50891    0.02541    0.04428    0.01605      0.41606      0.07110      0.01751      0.41695      0.10490      
258600  0.50120    0.02542    0.04427    0.01691      0.40762      0.06980      0.01747      0.41713      0.10459      
258700  0.50576    0.02541    0.04427    0.01767      0.41163      0.06783      0.01761      0.41740      0.10489      
258800  0.50884    0.02542    0.04428    0.01603      0.41602      0.07093      0.01753      0.41686      0.10446      
258900  0.50117    0.02541    0.04427    0.01689      0.40761      0.06986      0.01760      0.41731      0.10363      
259000  0.50584    0.02542    0.04427    0.01762      0.41169      0.06838      0.01748      0.41718      0.10348      
259100  0.50887    0.02542    0.04427    0.01612      0.41601      0.07049      0.01758      0.41684      0.10408      
259200  0.50115    0.02541    0.04427    0.01676      0.40771      0.06993      0.01766      0.41720      0.10426      
259300  0.50574    0.02541    0.04427    0.01769      0.41154      0.06819      0.01764      0.41748      0.10357      
259400  0.50883    0.02542    0.04427    0.01615      0.41588      0.07114      0.01771      0.41656      0.10332      
259500  0.50116    0.02541    0.04427    0.01684      0.40765      0.06991      0.01761      0.41723      0.10351      
259600  0.50584    0.02541    0.04427    0.01771      0.41164      0.06816      0.01772      0.41697      0.10350      
259700  0.50886    0.02541    0.04427    0.01612      0.41594      0.07124      0.01769      0.41647      0.10254      
259800  0.50112    0.02540    0.04427    0.01691      0.40756      0.06987      0.01781      0.41724      0.10236      
259900  0.50573    0.02541    0.04427    0.01764      0.41163      0.06780      0.01768      0.41714      0.10233      
260000  0.50879    0.02540    0.04427    0.01616      0.41586      0.07090      0.01775      0.41692      0.10209      
260100  0.50117    0.02541    0.04427    0.01697      0.40756      0.06960      0.01786      0.41694      0.10163      
260200  0.50581    0.02541    0.04427    0.01770      0.41161      0.06806      0.01774      0.41690      0.10207      
260300  0.50883    0.02542    0.04428    0.01596      0.41605      0.07127      0.01762      0.41678      0.10255      
260400  0.50112    0.02541    0.04427    0.01687      0.40757      0.07002      0.01781      0.41707      0.10217      
260500  0.50580    0.02541    0.04427    0.01772      0.41156      0.06831      0.01774      0.41686      0.10197      
260600  0.50876    0.02541    0.04427    0.01618      0.41583      0.07072      0.01792      0.41680      0.10226      
260700  0.50116    0.02541    0.04427    0.01687      0.40761      0.06990      0.01774      0.41702      0.10270      
260800  0.50573    0.02541    0.04427    0.01771      0.41155      0.06787      0.01773      0.41709      0.10242      
260900  0.50880    0.02541    0.04427    0.01628      0.41578      0.07062      0.01780      0.41657      0.10241      
261000  0.50119    0.02541    0.04427    0.01687      0.40760      0.07031      0.01771      0.41668      0.10222      
261100  0.50571    0.02542    0.04428    0.01768      0.41153      0.06804      0.01765      0.41670      0.10237      
261200  0.50883    0.02541    0.04428    0.01616      0.41592      0.07054      0.01776      0.41665      0.10261      
261300  0.50110    0.02542    0.04427    0.01687      0.40758      0.06975      0.01779      0.41719      0.10260      
261400  0.50574    0.02542    0.04427    0.01784      0.41141      0.06800      0.01792      0.41725      0.10243      
261500  0.50875    0.02542    0.04428    0.01614      0.41578      0.07126      0.01785      0.41657      0.10286      
261600  0.50110    0.02543    0.04427    0.01705      0.40737      0.06981      0.01784      0.41655      0.10276      
261700  0.50574    0.02542    0.04427    0.01780      0.41140      0.06834      0.01770      0.41689      0.10355      
261800  0.50876    0.02542    0.04427    0.01605      0.41590      0.07109      0.01782      0.41702      0.10354      
261900  0.50107    0.02542    0.04427    0.01693      0.40745      0.07002      0.01782      0.41700      0.10325      
262000  0.50566    0.02542    0.04427    0.01776      0.41142      0.06788      0.01779      0.41704      0.10304      
262100  0.50878    0.02542    0.04427    0.01620      0.41580      0.07082      0.01792      0.41664      0.10314      
262200  0.50113    0.02542    0.04427    0.01687      0.40757      0.06994      0.01769      0.41688      0.10257      
262300  0.50572    0.02542    0.04427    0.01771      0.41150      0.06820      0.01772      0.41681      0.10315      
262400  0.50876    0.02542    0.04427    0.01605      0.41589      0.07131      0.01781      0.41680      0.10287      
262500  0.50109    0.02543    0.04427    0.01680      0.40758      0.07012      0.01762      0.41711      0.10300      
262600  0.50567    0.02543    0.04427    0.01763      0.41151      0.06829      0.01774      0.41701      0.10292      
262700  0.50869    0.02543    0.04427    0.01597      0.41592      0.07094      0.01764      0.41683      0.10311      
262800  0.50111    0.02542    0.04427    0.01691      0.40750      0.07006      0.01762      0.41705      0.10323      
262900  0.50578    0.02542    0.04427    0.01770      0.41155      0.06831      0.01767      0.41679      0.10320      
263000  0.50860    0.02542    0.04427    0.01605      0.41575      0.07111      0.01778      0.41664      0.10249      
263100  0.50106    0.02542    0.04427    0.01676      0.40761      0.07001      0.01756      0.41708      0.10275      
263200  0.50572    0.02542    0.04427    0.01757      0.41163      0.06831      0.01763      0.41705      0.10329      
263300  0.50865    0.02542    0.04427    0.01596      0.41590      0.07100      0.01779      0.41682      0.10313      
263400  0.50105    0.02542    0.04427    0.01676      0.40758      0.07012      0.01776      0.41676      0.10326      
263500  0.50578    0.02542    0.04427    0.01767      0.41160      0.06815      0.01774      0.41683      0.10341      
263600  0.50871    0.02541    0.04426    0.01606      0.41587      0.07104      0.01779      0.41700      0.10367      
263700  0.50105    0.02542    0.04426    0.01680      0.40760      0.06972      0.01772      0.41705      0.10378      
263800  0.50578    0.02542    0.04426    0.01778      0.41151      0.06815      0.01783      0.41746      0.10391      
263900  0.50867    0.02542    0.04426    0.01609      0.41576      0.07139      0.01774      0.41683      0.10355      
264000  0.50107    0.02541    0.04426    0.01689      0.40751      0.06997      0.01776      0.41705      0.10371      
264100  0.50562    0.02541    0.04426    0.01768      0.41145      0.06813      0.01767      0.41701      0.10316      
264200  0.50862    0.02542    0.04426    0.01613      0.41575      0.07072      0.01781      0.41687      0.10337      
264300  0.50105    0.02541    0.04426    0.01682      0.40756      0.07008      0.01783      0.41696      0.10401      
264400  0.50563    0.02541    0.04426    0.01760      0.41154      0.06829      0.01777      0.41727      0.10358      
264500  0.50873    0.02541    0.04426    0.01602      0.41593      0.07105      0.01778      0.41688      0.10341      
264600  0.50106    0.02541    0.04425    0.01689      0.40755      0.06957      0.01791      0.41706      0.10326      
264700  0.50570    0.02541    0.04425    0.01771      0.41148      0.06840      0.01783      0.41720      0.10317      
264800  0.50879    0.02540    0.04425    0.01602      0.41602      0.07084      0.01782      0.41679      0.10309      
264900  0.50102    0.02541    0.04426    0.01680      0.40758      0.06976      0.01768      0.41712      0.10335      
265000  0.50564    0.02541    0.04425    0.01769      0.41149      0.06792      0.01775      0.41739      0.10297      
265100  0.50878    0.02540    0.04426    0.01619      0.41588      0.07049      0.01796      0.41686      0.10279      
265200  0.50103    0.02541    0.04426    0.01689      0.40748      0.06990      0.01772      0.41676      0.10280      
265300  0.50569    0.02541    0.04426    0.01776      0.41148      0.06787      0.01779      0.41688      0.10263      
265400  0.50874    0.02541    0.04426    0.01602      0.41594      0.07102      0.01787      0.41667      0.10304      
265500  0.50102    0.02541    0.04425    0.01688      0.40750      0.06981      0.01775      0.41704      0.10304      
265600  0.50561    0.02540    0.04425    0.01765      0.41151      0.06793      0.01758      0.41718      0.10298      
265700  0.50870    0.02541    0.04425    0.01619      0.41575      0.07098      0.01796      0.41666      0.10292      
265800  0.50098    0.02540    0.04425    0.01692      0.40745      0.06964      0.01779      0.41716      0.10277      
265900  0.50570    0.02541    0.04425    0.01779      0.41146      0.06785      0.01781      0.41696      0.10238      
266000  0.50877    0.02541    0.04425    0.01603      0.41595      0.07127      0.01781      0.41676      0.10284      
266100  0.50097    0.02541    0.04425    0.01682      0.40747      0.07016      0.01768      0.41729      0.10311      
266200  0.50557    0.02541    0.04425    0.01776      0.41136      0.06788      0.01775      0.41715      0.10254      
266300  0.50868    0.02541    0.04426    0.01622      0.41570      0.07085      0.01810      0.41661      0.10234      
266400  0.50091    0.02541    0.04425    0.01684      0.40743      0.06981      0.01794      0.41704      0.10216      
266500  0.50556    0.02541    0.04425    0.01775      0.41133      0.06812      0.01788      0.41752      0.10245      
266600  0.50857    0.02541    0.04425    0.01610      0.41572      0.07097      0.01796      0.41686      0.10235      
266700  0.50091    0.02541    0.04425    0.01683      0.40740      0.07010      0.01773      0.41691      0.10311      
266800  0.50566    0.02542    0.04425    0.01776      0.41144      0.06796      0.01776      0.41695      0.10213      
266900  0.50868    0.02541    0.04425    0.01617      0.41568      0.07167      0.01780      0.41668      0.10204      
267000  0.50091    0.02541    0.04425    0.01677      0.40748      0.07003      0.01764      0.41695      0.10223      
267100  0.50559    0.02541    0.04425    0.01769      0.41141      0.06833      0.01772      0.41710      0.10278      
267200  0.50865    0.02541    0.04425    0.01603      0.41585      0.07113      0.01784      0.41703      0.10263      
267300  0.50090    0.02541    0.04425    0.01682      0.40745      0.06974      0.01773      0.41681      0.10205      
267400  0.50555    0.02541    0.04425    0.01767      0.41145      0.06767      0.01775      0.41693      0.10232      
267500  0.50867    0.02541    0.04425    0.01617      0.41576      0.07074      0.01788      0.41673      0.10199      
267600  0.50085    0.02541    0.04425    0.01685      0.40737      0.06969      0.01763      0.41704      0.10252      
267700  0.50555    0.02540    0.04425    0.01770      0.41143      0.06762      0.01780      0.41699      0.10225      
267800  0.50856    0.02540    0.04425    0.01603      0.41576      0.07114      0.01775      0.41649      0.10203      
267900  0.50083    0.02540    0.04425    0.01687      0.40739      0.06923      0.01785      0.41678      0.10187      
268000  0.50551    0.02540    0.04425    0.01777      0.41134      0.06759      0.01778      0.41735      0.10180      
268100  0.50862    0.02539    0.04425    0.01623      0.41566      0.07094      0.01791      0.41683      0.10248      
268200  0.50084    0.02540    0.04425    0.01691      0.40733      0.06959      0.01796      0.41718      0.10234      
268300  0.50555    0.02540    0.04425    0.01768      0.41146      0.06767      0.01770      0.41695      0.10239      
268400  0.50861    0.02539    0.04425    0.01605      0.41578      0.07150      0.01764      0.41669      0.10253      
268500  0.50086    0.02539    0.04424    0.01691      0.40738      0.06940      0.01769      0.41685      0.10226      
268600  0.50561    0.02538    0.04424    0.01767      0.41148      0.06826      0.01782      0.41685      0.10279      
268700  0.50867    0.02539    0.04424    0.01608      0.41580      0.07150      0.01780      0.41675      0.10296      
268800  0.50083    0.02539    0.04424    0.01683      0.40738      0.06984      0.01789      0.41672      0.10291      
268900  0.50564    0.02539    0.04424    0.01779      0.41138      0.06843      0.01787      0.41709      0.10296      
269000  0.50866    0.02538    0.04424    0.01607      0.41583      0.07138      0.01772      0.41651      0.10271      
269100  0.50077    0.02538    0.04424    0.01688      0.40731      0.06958      0.01777      0.41635      0.10283      
269200  0.50557    0.02539    0.04424    0.01777      0.41139      0.06784      0.01776      0.41703      0.10318      
269300  0.50863    0.02538    0.04424    0.01617      0.41568      0.07146      0.01777      0.41664      0.10377      
269400  0.50077    0.02538    0.04424    0.01684      0.40734      0.06969      0.01765      0.41701      0.10384      
269500  0.50548    0.02538    0.04424    0.01773      0.41132      0.06812      0.01770      0.41760      0.10321      
269600  0.50863    0.02538    0.04424    0.01621      0.41563      0.07161      0.01772      0.41668      0.10343      
269700  0.50076    0.02538    0.04424    0.01683      0.40734      0.06963      0.01769      0.41694      0.10359      
269800  0.50561    0.02539    0.04425    0.01779      0.41136      0.06819      0.01765      0.41668      0.10316      
269900  0.50862    0.02539    0.04425    0.01614      0.41571      0.07125      0.01771      0.41651      0.10368      
270000  0.50076    0.02538    0.04425    0.01687      0.40729      0.06970      0.01764      0.41676      0.10350      
270100  0.50552    0.02538    0.04424    0.01767      0.41138      0.06836      0.01763      0.41668      0.10398      
270200  0.50862    0.02539    0.04425    0.01613      0.41573      0.07121      0.01764      0.41617      0.10389      
270300  0.50074    0.02538    0.04424    0.01686      0.40730      0.06955      0.01769      0.41657      0.10357      
270400  0.50544    0.02538    0.04424    0.01770      0.41128      0.06832      0.01761      0.41712      0.10343      
270500  0.50860    0.02538    0.04425    0.01607      0.41581      0.07089      0.01762      0.41627      0.10353      
270600  0.50075    0.02538    0.04424    0.01691      0.40724      0.06986      0.01770      0.41690      0.10367      
270700  0.50554    0.02537    0.04424    0.01764      0.41146      0.06820      0.01752      0.41684      0.10342      
270800  0.50860    0.02538    0.04424    0.01618      0.41568      0.07125      0.01768      0.41669      0.10334      
270900  0.50069    0.02537    0.04423    0.01691      0.40722      0.06955      0.01760      0.41693      0.10324      
271000  0.50544    0.02537    0.04424    0.01760      0.41141      0.06820      0.01749      0.41687      0.10337      
271100  0.50864    0.02538    0.04424    0.01618      0.41576      0.07088      0.01772      0.41665      0.10368      
271200  0.50068    0.02537    0.04424    0.01685      0.40726      0.06958      0.01753      0.41695      0.10362      
271300  0.50542    0.02537    0.04424    0.01766      0.41133      0.06833      0.01753      0.41733      0.10435      
271400  0.50862    0.02538    0.04424    0.01624      0.41565      0.07110      0.01770      0.41647      0.10453      
271500  0.50068    0.02537    0.04424    0.01676      0.40731      0.07005      0.01762      0.41684      0.10464      
271600  0.50547    0.02537    0.04423    0.01772      0.41127      0.06873      0.01756      0.41678      0.10437      
271700  0.50861    0.02538    0.04424    0.01616      0.41573      0.07103      0.01768      0.41648      0.10489      
271800  0.50069    0.02538    0.04424    0.01680      0.40729      0.06983      0.01760      0.41676      0.10441      
271900  0.50546    0.02537    0.04424    0.01769      0.41133      0.06833      0.01765      0.41690      0.10418      
272000  0.50870    0.02537    0.04424    0.01617      0.41576      0.07149      0.01760      0.41654      0.10471      
272100  0.50069    0.02537    0.04424    0.01681      0.40726      0.07001      0.01754      0.41667      0.10476      
272200  0.50556    0.02537    0.04424    0.01788      0.41121      0.06860      0.01784      0.41668      0.10487      
272300  0.50859    0.02537    0.04424    0.01623      0.41560      0.07143      0.01785      0.41621      0.10502      
272400  0.50068    0.02538    0.04424    0.01683      0.40726      0.06976      0.01764      0.41638      0.10419      
272500  0.50546    0.02537    0.04423    0.01784      0.41118      0.06836      0.01776      0.41671      0.10413      
272600  0.50860    0.02538    0.04424    0.01629      0.41560      0.07096      0.01767      0.41629      0.10419      
272700  0.50074    0.02537    0.04423    0.01692      0.40725      0.06966      0.01768      0.41662      0.10425      
272800  0.50535    0.02536    0.04422    0.01779      0.41117      0.06809      0.01764      0.41686      0.10396      
272900  0.50861    0.02537    0.04423    0.01611      0.41582      0.07085      0.01759      0.41654      0.10465      
273000  0.50070    0.02537    0.04422    0.01696      0.40719      0.06964      0.01767      0.41653      0.10398      
273100  0.50537    0.02537    0.04422    0.01763      0.41133      0.06815      0.01751      0.41699      0.10423      
273200  0.50862    0.02536    0.04422    0.01621      0.41570      0.07128      0.01770      0.41664      0.10498      
273300  0.50068    0.02536    0.04422    0.01691      0.40718      0.07000      0.01784      0.41650      0.10470      
273400  0.50540    0.02536    0.04422    0.01783      0.41113      0.06853      0.01765      0.41655      0.10412      
273500  0.50867    0.02536    0.04422    0.01614      0.41584      0.07102      0.01768      0.41659      0.10421      
273600  0.50070    0.02536    0.04422    0.01682      0.40730      0.07000      0.01757      0.41643      0.10413      
273700  0.50542    0.02536    0.04422    0.01776      0.41120      0.06878      0.01772      0.41683      0.10381      
273800  0.50863    0.02537    0.04422    0.01629      0.41565      0.07110      0.01777      0.41648      0.10361      
273900  0.50068    0.02537    0.04422    0.01698      0.40713      0.06983      0.01783      0.41673      0.10369      
274000  0.50536    0.02537    0.04422    0.01778      0.41117      0.06834      0.01763      0.41696      0.10336      
274100  0.50868    0.02537    0.04422    0.01615      0.41581      0.07127      0.01767      0.41658      0.10358      
274200  0.50068    0.02537    0.04422    0.01684      0.40726      0.07002      0.01778      0.41704      0.10325      
274300  0.50525    0.02537    0.04422    0.01776      0.41106      0.06837      0.01755      0.41682      0.10321      
274400  0.50871    0.02537    0.04422    0.01635      0.41567      0.07098      0.01769      0.41672      0.10361      
274500  0.50066    0.02537    0.04422    0.01691      0.40712      0.07031      0.01768      0.41672      0.10359      
274600  0.50526    0.02536    0.04422    0.01765      0.41119      0.06829      0.01761      0.41710      0.10367      
274700  0.50866    0.02537    0.04422    0.01629      0.41566      0.07111      0.01775      0.41665      0.10363      
274800  0.50064    0.02536    0.04422    0.01694      0.40712      0.06994      0.01763      0.41695      0.10369      
274900  0.50532    0.02537    0.04422    0.01764      0.41122      0.06866      0.01759      0.41678      0.10380      
275000  0.50868    0.02537    0.04422    0.01617      0.41577      0.07152      0.01775      0.41650      0.10365      
275100  0.50059    0.02536    0.04422    0.01693      0.40705      0.07022      0.01785      0.41640      0.10382      
275200  0.50541    0.02537    0.04422    0.01781      0.41117      0.06842      0.01770      0.41640      0.10396      
275300  0.50867    0.02537    0.04422    0.01639      0.41559      0.07096      0.01772      0.41645      0.10409      
275400  0.50057    0.02537    0.04422    0.01690      0.40704      0.07036      0.01767      0.41656      0.10408      
275500  0.50516    0.02537    0.04422    0.01774      0.41104      0.06798      0.01768      0.41693      0.10296      
275600  0.50863    0.02537    0.04422    0.01612      0.41579      0.07130      0.01769      0.41641      0.10374      
275700  0.50053    0.02538    0.04422    0.01690      0.40703      0.06992      0.01777      0.41674      0.10331      
275800  0.50525    0.02537    0.04422    0.01776      0.41110      0.06806      0.01770      0.41672      0.10309      
275900  0.50868    0.02537    0.04422    0.01623      0.41579      0.07078      0.01772      0.41666      0.10330      
276000  0.50055    0.02537    0.04422    0.01682      0.40711      0.07032      0.01762      0.41702      0.10374      
276100  0.50516    0.02537    0.04422    0.01779      0.41096      0.06825      0.01775      0.41718      0.10340      
276200  0.50864    0.02537    0.04422    0.01633      0.41561      0.07106      0.01770      0.41651      0.10322      
276300  0.50055    0.02537    0.04422    0.01685      0.40713      0.06976      0.01774      0.41665      0.10334      
276400  0.50540    0.02537    0.04422    0.01785      0.41114      0.06825      0.01767      0.41678      0.10299      
276500  0.50856    0.02537    0.04422    0.01615      0.41572      0.07101      0.01778      0.41671      0.10313      
276600  0.50059    0.02537    0.04422    0.01691      0.40709      0.07003      0.01774      0.41664      0.10332      
276700  0.50525    0.02537    0.04422    0.01775      0.41106      0.06843      0.01774      0.41681      0.10321      
276800  0.50856    0.02537    0.04422    0.01622      0.41564      0.07111      0.01778      0.41671      0.10298      
276900  0.50055    0.02537    0.04422    0.01685      0.40713      0.06986      0.01765      0.41674      0.10279      
277000  0.50522    0.02536    0.04422    0.01780      0.41102      0.06815      0.01763      0.41678      0.10275      
277100  0.50854    0.02537    0.04422    0.01623      0.41564      0.07082      0.01775      0.41657      0.10302      
277200  0.50053    0.02538    0.04422    0.01689      0.40705      0.06999      0.01769      0.41652      0.10306      
277300  0.50516    0.02537    0.04422    0.01765      0.41107      0.06848      0.01745      0.41655      0.10284      
277400  0.50863    0.02538    0.04422    0.01620      0.41571      0.07119      0.01746      0.41648      0.10312      
277500  0.50056    0.02538    0.04422    0.01696      0.40703      0.06983      0.01770      0.41647      0.10295      
277600  0.50522    0.02538    0.04422    0.01781      0.41095      0.06866      0.01761      0.41633      0.10301      
277700  0.50858    0.02538    0.04422    0.01634      0.41553      0.07104      0.01761      0.41634      0.10320      
277800  0.50056    0.02538    0.04422    0.01683      0.40712      0.07010      0.01744      0.41665      0.10322      
277900  0.50525    0.02539    0.04422    0.01761      0.41118      0.06848      0.01740      0.41657      0.10340      
278000  0.50851    0.02538    0.04422    0.01623      0.41561      0.07075      0.01770      0.41661      0.10352      
278100  0.50053    0.02538    0.04422    0.01689      0.40704      0.07010      0.01765      0.41677      0.10375      
278200  0.50521    0.02538    0.04422    0.01766      0.41113      0.06828      0.01754      0.41725      0.10352      
278300  0.50852    0.02538    0.04422    0.01627      0.41557      0.07075      0.01767      0.41653      0.10346      
278400  0.50054    0.02538    0.04422    0.01686      0.40708      0.06991      0.01759      0.41641      0.10317      
278500  0.50524    0.02538    0.04422    0.01775      0.41106      0.06827      0.01757      0.41652      0.10320      
278600  0.50857    0.02537    0.04422    0.01630      0.41556      0.07113      0.01761      0.41632      0.10329      
278700  0.50051    0.02537    0.04422    0.01686      0.40706      0.07002      0.01761      0.41633      0.10347      
278800  0.50526    0.02538    0.04422    0.01765      0.41117      0.06848      0.01749      0.41648      0.10346      
278900  0.50863    0.02537    0.04422    0.01610      0.41582      0.07120      0.01759      0.41684      0.10322      
279000  0.50048    0.02537    0.04422    0.01677      0.40712      0.06998      0.01757      0.41666      0.10322      
279100  0.50524    0.02538    0.04422    0.01764      0.41114      0.06862      0.01744      0.41640      0.10324      
279200  0.50852    0.02537    0.04422    0.01621      0.41557      0.07149      0.01755      0.41653      0.10342      
279300  0.50051    0.02537    0.04422    0.01682      0.40709      0.07022      0.01750      0.41668      0.10377      
279400  0.50521    0.02537    0.04421    0.01765      0.41111      0.06873      0.01754      0.41670      0.10378      
279500  0.50853    0.02536    0.04422    0.01625      0.41559      0.07114      0.01763      0.41620      0.10365      
279600  0.50053    0.02536    0.04421    0.01688      0.40706      0.07029      0.01759      0.41689      0.10372      
279700  0.50526    0.02536    0.04421    0.01757      0.41121      0.06904      0.01741      0.41647      0.10395      
279800  0.50855    0.02536    0.04421    0.01607      0.41578      0.07129      0.01751      0.41650      0.10364      
279900  0.50055    0.02536    0.04421    0.01681      0.40712      0.07043      0.01763      0.41676      0.10325      
280000  0.50514    0.02536    0.04421    0.01757      0.41115      0.06849      0.01752      0.41707      0.10307      
280100  0.50858    0.02535    0.04421    0.01628      0.41564      0.07100      0.01771      0.41694      0.10299      
280200  0.50051    0.02536    0.04421    0.01679      0.40712      0.07032      0.01771      0.41653      0.10335      
280300  0.50520    0.02536    0.04421    0.01771      0.41106      0.06856      0.01770      0.41686      0.10320      
280400  0.50850    0.02536    0.04421    0.01609      0.41570      0.07130      0.01754      0.41645      0.10328      
280500  0.50049    0.02536    0.04421    0.01686      0.40705      0.07014      0.01759      0.41690      0.10298      
280600  0.50515    0.02536    0.04421    0.01763      0.41108      0.06876      0.01750      0.41661      0.10278      
280700  0.50849    0.02537    0.04422    0.01626      0.41551      0.07142      0.01767      0.41644      0.10294      
280800  0.50049    0.02536    0.04421    0.01669      0.40723      0.06994      0.01760      0.41642      0.10273      
280900  0.50502    0.02537    0.04421    0.01747      0.41116      0.06811      0.01741      0.41678      0.10218      
281000  0.50854    0.02537    0.04421    0.01607      0.41580      0.07094      0.01758      0.41668      0.10286      
281100  0.50046    0.02537    0.04421    0.01679      0.40710      0.06987      0.01763      0.41704      0.10290      
281200  0.50500    0.02538    0.04421    0.01753      0.41108      0.06807      0.01744      0.41715      0.10266      
281300  0.50846    0.02538    0.04421    0.01608      0.41567      0.07121      0.01770      0.41650      0.10316      
281400  0.50051    0.02538    0.04421    0.01676      0.40712      0.07036      0.01751      0.41648      0.10313      
281500  0.50505    0.02538    0.04421    0.01755      0.41111      0.06811      0.01748      0.41711      0.10288      
281600  0.50858    0.02538    0.04421    0.01628      0.41559      0.07120      0.01766      0.41650      0.10317      
281700  0.50046    0.02538    0.04421    0.01683      0.40701      0.07030      0.01763      0.41644      0.10320      
281800  0.50502    0.02538    0.04421    0.01744      0.41115      0.06843      0.01730      0.41659      0.10300      
281900  0.50857    0.02538    0.04421    0.01617      0.41569      0.07131      0.01753      0.41685      0.10308      
282000  0.50045    0.02539    0.04421    0.01679      0.40703      0.07035      0.01751      0.41647      0.10333      
282100  0.50498    0.02539    0.04421    0.01754      0.41100      0.06839      0.01729      0.41676      0.10342      
282200  0.50847    0.02539    0.04421    0.01631      0.41544      0.07118      0.01761      0.41653      0.10272      
282300  0.50042    0.02539    0.04421    0.01679      0.40701      0.07021      0.01757      0.41654      0.10300      
282400  0.50509    0.02538    0.04421    0.01771      0.41096      0.06832      0.01761      0.41687      0.10279      
282500  0.50843    0.02538    0.04421    0.01603      0.41569      0.07119      0.01757      0.41645      0.10299      
282600  0.50041    0.02538    0.04421    0.01683      0.40699      0.06999      0.01768      0.41690      0.10297      
282700  0.50515    0.02538    0.04420    0.01775      0.41096      0.06860      0.01772      0.41678      0.10344      
282800  0.50844    0.02537    0.04421    0.01612      0.41564      0.07100      0.01754      0.41640      0.10335      
282900  0.50039    0.02537    0.04421    0.01681      0.40697      0.07024      0.01750      0.41672      0.10315      
283000  0.50503    0.02537    0.04420    0.01765      0.41098      0.06826      0.01752      0.41693      0.10270      
283100  0.50848    0.02537    0.04421    0.01621      0.41561      0.07092      0.01763      0.41649      0.10282      
283200  0.50039    0.02536    0.04420    0.01676      0.40701      0.07066      0.01761      0.41652      0.10351      
283300  0.50507    0.02537    0.04421    0.01756      0.41107      0.06854      0.01746      0.41665      0.10364      
283400  0.50849    0.02536    0.04420    0.01613      0.41566      0.07136      0.01759      0.41657      0.10393      
283500  0.50040    0.02537    0.04421    0.01677      0.40699      0.07063      0.01750      0.41646      0.10416      
283600  0.50497    0.02537    0.04421    0.01764      0.41092      0.06839      0.01758      0.41726      0.10368      
283700  0.50839    0.02537    0.04421    0.01611      0.41555      0.07145      0.01768      0.41665      0.10343      
283800  0.50034    0.02537    0.04421    0.01682      0.40694      0.07001      0.01766      0.41718      0.10328      
283900  0.50505    0.02537    0.04421    0.01765      0.41100      0.06814      0.01759      0.41666      0.10320      
284000  0.50851    0.02537    0.04421    0.01610      0.41573      0.07097      0.01775      0.41653      0.10321      
284100  0.50032    0.02537    0.04421    0.01682      0.40691      0.07015      0.01766      0.41678      0.10378      
284200  0.50502    0.02537    0.04421    0.01760      0.41099      0.06850      0.01758      0.41651      0.10354      
284300  0.50843    0.02537    0.04421    0.01622      0.41552      0.07117      0.01782      0.41601      0.10372      
284400  0.50032    0.02537    0.04421    0.01675      0.40696      0.07039      0.01754      0.41703      0.10459      
284500  0.50491    0.02537    0.04421    0.01754      0.41091      0.06883      0.01738      0.41696      0.10483      
284600  0.50856    0.02537    0.04421    0.01604      0.41582      0.07124      0.01751      0.41664      0.10481      
284700  0.50033    0.02537    0.04421    0.01685      0.40690      0.07014      0.01766      0.41672      0.10422      
284800  0.50495    0.02537    0.04421    0.01766      0.41090      0.06811      0.01765      0.41682      0.10441      
284900  0.50846    0.02537    0.04421    0.01618      0.41557      0.07132      0.01769      0.41654      0.10503      
285000  0.50034    0.02536    0.04421    0.01681      0.40699      0.06975      0.01762      0.41695      0.10488      
285100  0.50489    0.02536    0.04421    0.01754      0.41094      0.06856      0.01743      0.41679      0.10454      
285200  0.50850    0.02536    0.04421    0.01623      0.41556      0.07132      0.01765      0.41613      0.10538      
285300  0.50032    0.02536    0.04420    0.01681      0.40692      0.07035      0.01766      0.41696      0.10498      
285400  0.50495    0.02536    0.04420    0.01767      0.41090      0.06823      0.01766      0.41656      0.10468      
285500  0.50843    0.02536    0.04421    0.01620      0.41553      0.07133      0.01768      0.41620      0.10436      
285600  0.50031    0.02536    0.04421    0.01680      0.40694      0.06999      0.01762      0.41672      0.10411      
285700  0.50485    0.02536    0.04420    0.01761      0.41081      0.06864      0.01750      0.41682      0.10379      
285800  0.50843    0.02536    0.04420    0.01630      0.41544      0.07125      0.01762      0.41679      0.10334      
285900  0.50034    0.02536    0.04420    0.01681      0.40696      0.07005      0.01757      0.41667      0.10304      
286000  0.50498    0.02536    0.04420    0.01773      0.41086      0.06818      0.01767      0.41649      0.10307      
286100  0.50852    0.02536    0.04420    0.01621      0.41566      0.07088      0.01761      0.41651      0.10345      
286200  0.50034    0.02535    0.04420    0.01681      0.40695      0.07036      0.01755      0.41668      0.10360      
286300  0.50479    0.02534    0.04420    0.01752      0.41090      0.06830      0.01757      0.41721      0.10430      
286400  0.50861    0.02535    0.04420    0.01614      0.41580      0.07106      0.01756      0.41659      0.10404      
286500  0.50033    0.02535    0.04420    0.01673      0.40704      0.07017      0.01775      0.41688      0.10399      
286600  0.50497    0.02535    0.04420    0.01764      0.41097      0.06816      0.01761      0.41653      0.10426      
286700  0.50856    0.02535    0.04420    0.01638      0.41551      0.07121      0.01776      0.41694      0.10429      
286800  0.50035    0.02535    0.04420    0.01681      0.40696      0.07034      0.01761      0.41710      0.10412      
286900  0.50492    0.02536    0.04420    0.01747      0.41107      0.06825      0.01746      0.41661      0.10429      
287000  0.50856    0.02535    0.04420    0.01634      0.41557      0.07097      0.01773      0.41667      0.10435      
287100  0.50035    0.02535    0.04420    0.01684      0.40695      0.07010      0.01762      0.41656      0.10381      
287200  0.50486    0.02535    0.04420    0.01756      0.41093      0.06824      0.01747      0.41696      0.10372      
287300  0.50849    0.02535    0.04420    0.01633      0.41553      0.07088      0.01775      0.41652      0.10336      
287400  0.50034    0.02535    0.04420    0.01680      0.40700      0.06992      0.01755      0.41634      0.10308      
287500  0.50484    0.02535    0.04420    0.01750      0.41095      0.06844      0.01751      0.41691      0.10265      
287600  0.50845    0.02535    0.04420    0.01621      0.41555      0.07133      0.01748      0.41642      0.10340      
287700  0.50032    0.02535    0.04420    0.01672      0.40705      0.07007      0.01759      0.41673      0.10301      
287800  0.50489    0.02535    0.04419    0.01768      0.41083      0.06838      0.01762      0.41714      0.10335      
287900  0.50850    0.02535    0.04420    0.01618      0.41567      0.07111      0.01755      0.41667      0.10306      
288000  0.50034    0.02534    0.04419    0.01675      0.40705      0.07004      0.01759      0.41675      0.10285      
288100  0.50485    0.02534    0.04419    0.01756      0.41091      0.06836      0.01747      0.41678      0.10297      
288200  0.50835    0.02534    0.04420    0.01615      0.41551      0.07143      0.01756      0.41638      0.10286      
288300  0.50029    0.02535    0.04419    0.01672      0.40703      0.07000      0.01756      0.41681      0.10325      
288400  0.50486    0.02534    0.04420    0.01763      0.41090      0.06794      0.01759      0.41674      0.10297      
288500  0.50834    0.02534    0.04420    0.01606      0.41558      0.07148      0.01760      0.41657      0.10325      
288600  0.50030    0.02535    0.04420    0.01666      0.40711      0.06986      0.01738      0.41656      0.10345      
288700  0.50481    0.02534    0.04420    0.01753      0.41093      0.06810      0.01741      0.41658      0.10351      
288800  0.50840    0.02535    0.04420    0.01607      0.41560      0.07184      0.01745      0.41650      0.10415      
288900  0.50029    0.02535    0.04420    0.01672      0.40703      0.06996      0.01757      0.41666      0.10389      
289000  0.50475    0.02535    0.04419    0.01758      0.41084      0.06796      0.01739      0.41715      0.10392      
289100  0.50844    0.02535    0.04420    0.01614      0.41563      0.07129      0.01748      0.41682      0.10447      
289200  0.50028    0.02534    0.04419    0.01676      0.40703      0.06962      0.01753      0.41706      0.10385      
289300  0.50467    0.02535    0.04420    0.01759      0.41069      0.06847      0.01740      0.41718      0.10436      
289400  0.50832    0.02535    0.04420    0.01619      0.41547      0.07108      0.01761      0.41666      0.10450      
289500  0.50028    0.02535    0.04420    0.01670      0.40705      0.06982      0.01737      0.41657      0.10373      
289600  0.50478    0.02535    0.04420    0.01761      0.41080      0.06825      0.01737      0.41645      0.10356      
289700  0.50840    0.02535    0.04420    0.01624      0.41548      0.07119      0.01757      0.41693      0.10331      
289800  0.50029    0.02536    0.04420    0.01676      0.40695      0.07017      0.01739      0.41656      0.10365      
289900  0.50480    0.02536    0.04420    0.01767      0.41073      0.06841      0.01740      0.41702      0.10313      
290000  0.50849    0.02536    0.04420    0.01628      0.41553      0.07130      0.01769      0.41602      0.10367      
290100  0.50027    0.02535    0.04420    0.01684      0.40689      0.06991      0.01749      0.41644      0.10327      
290200  0.50471    0.02536    0.04420    0.01755      0.41078      0.06817      0.01726      0.41667      0.10345      
290300  0.50856    0.02535    0.04420    0.01627      0.41563      0.07106      0.01738      0.41631      0.10332      
290400  0.50031    0.02535    0.04420    0.01670      0.40709      0.06978      0.01744      0.41667      0.10328      
290500  0.50478    0.02535    0.04420    0.01758      0.41084      0.06820      0.01746      0.41668      0.10358      
290600  0.50852    0.02536    0.04420    0.01604      0.41578      0.07148      0.01739      0.41637      0.10368      
290700  0.50022    0.02536    0.04420    0.01680      0.40690      0.06973      0.01760      0.41673      0.10335      
290800  0.50484    0.02535    0.04420    0.01763      0.41080      0.06875      0.01745      0.41701      0.10409      
290900  0.50838    0.02535    0.04420    0.01603      0.41562      0.07181      0.01747      0.41610      0.10401      
291000  0.50021    0.02535    0.04420    0.01670      0.40696      0.07003      0.01740      0.41665      0.10377      
291100  0.50479    0.02535    0.04420    0.01760      0.41085      0.06793      0.01743      0.41698      0.10310      
291200  0.50837    0.02535    0.04420    0.01610      0.41562      0.07108      0.01753      0.41668      0.10388      
291300  0.50024    0.02535    0.04420    0.01665      0.40705      0.06998      0.01727      0.41689      0.10412      
291400  0.50476    0.02535    0.04420    0.01750      0.41084      0.06868      0.01721      0.41677      0.10436      
291500  0.50849    0.02535    0.04419    0.01605      0.41579      0.07105      0.01749      0.41728      0.10407      
291600  0.50023    0.02535    0.04420    0.01666      0.40703      0.06986      0.01735      0.41675      0.10335      
291700  0.50477    0.02535    0.04420    0.01751      0.41087      0.06838      0.01737      0.41683      0.10350      
291800  0.50838    0.02534    0.04420    0.01606      0.41565      0.07133      0.01742      0.41669      0.10399      
291900  0.50027    0.02534    0.04420    0.01678      0.40697      0.06975      0.01743      0.41680      0.10366      
292000  0.50481    0.02534    0.04420    0.01748      0.41095      0.06839      0.01735      0.41662      0.10321      
292100  0.50836    0.02534    0.04420    0.01610      0.41560      0.07131      0.01754      0.41625      0.10343      
292200  0.50019    0.02533    0.04419    0.01673      0.40693      0.07005      0.01742      0.41656      0.10310      
292300  0.50469    0.02534    0.04419    0.01752      0.41083      0.06810      0.01754      0.41721      0.10357      
292400  0.50834    0.02534    0.04420    0.01615      0.41551      0.07144      0.01752      0.41620      0.10328      
292500  0.50022    0.02534    0.04419    0.01670      0.40700      0.06991      0.01745      0.41617      0.10290      
292600  0.50472    0.02533    0.04419    0.01757      0.41079      0.06831      0.01755      0.41691      0.10244      
292700  0.50845    0.02534    0.04420    0.01603      0.41576      0.07122      0.01740      0.41636      0.10286      
292800  0.50021    0.02533    0.04419    0.01662      0.40703      0.07026      0.01752      0.41645      0.10347      
292900  0.50477    0.02533    0.04419    0.01756      0.41083      0.06852      0.01746      0.41659      0.10373      
293000  0.50831    0.02534    0.04420    0.01608      0.41553      0.07159      0.01750      0.41597      0.10364      
293100  0.50017    0.02534    0.04419    0.01677      0.40686      0.07009      0.01760      0.41640      0.10376      
293200  0.50483    0.02534    0.04419    0.01761      0.41082      0.06869      0.01736      0.41636      0.10391      
293300  0.50842    0.02533    0.04419    0.01608      0.41567      0.07146      0.01741      0.41629      0.10390      
293400  0.50017    0.02533    0.04419    0.01671      0.40690      0.07035      0.01748      0.41654      0.10438      
293500  0.50469    0.02534    0.04419    0.01748      0.41083      0.06852      0.01733      0.41691      0.10377      
293600  0.50836    0.02533    0.04419    0.01603      0.41563      0.07171      0.01756      0.41630      0.10447      
293700  0.50014    0.02533    0.04419    0.01673      0.40685      0.07034      0.01766      0.41618      0.10395      
293800  0.50471    0.02533    0.04419    0.01760      0.41072      0.06870      0.01742      0.41636      0.10403      
293900  0.50831    0.02533    0.04419    0.01611      0.41560      0.07086      0.01743      0.41618      0.10361      
294000  0.50018    0.02532    0.04419    0.01684      0.40682      0.07019      0.01767      0.41639      0.10350      
294100  0.50479    0.02532    0.04419    0.01764      0.41082      0.06820      0.01757      0.41643      0.10350      
294200  0.50823    0.02532    0.04419    0.01608      0.41548      0.07157      0.01758      0.41656      0.10402      
294300  0.50014    0.02532    0.04419    0.01681      0.40677      0.07054      0.01756      0.41618      0.10409      
294400  0.50476    0.02533    0.04419    0.01752      0.41085      0.06869      0.01736      0.41641      0.10448      
294500  0.50832    0.02533    0.04419    0.01605      0.41565      0.07104      0.01758      0.41633      0.10557      
294600  0.50013    0.02533    0.04419    0.01677      0.40678      0.07070      0.01772      0.41645      0.10500      
294700  0.50468    0.02533    0.04419    0.01756      0.41075      0.06854      0.01747      0.41649      0.10436      
294800  0.50831    0.02533    0.04419    0.01610      0.41552      0.07165      0.01756      0.41608      0.10478      
294900  0.50016    0.02533    0.04419    0.01687      0.40672      0.07061      0.01766      0.41613      0.10443      
295000  0.50468    0.02533    0.04419    0.01760      0.41071      0.06857      0.01756      0.41654      0.10427      
295100  0.50830    0.02533    0.04419    0.01616      0.41547      0.07144      0.01762      0.41578      0.10438      
295200  0.50012    0.02533    0.04419    0.01676      0.40683      0.07013      0.01751      0.41671      0.10451      
295300  0.50475    0.02533    0.04419    0.01759      0.41078      0.06863      0.01750      0.41645      0.10421      
295400  0.50830    0.02534    0.04419    0.01605      0.41559      0.07137      0.01750      0.41608      0.10426      
295500  0.50011    0.02533    0.04419    0.01681      0.40675      0.07029      0.01755      0.41649      0.10430      
295600  0.50471    0.02534    0.04419    0.01753      0.41079      0.06867      0.01744      0.41652      0.10454      
295700  0.50832    0.02535    0.04419    0.01606      0.41559      0.07142      0.01753      0.41629      0.10419      
295800  0.50016    0.02534    0.04419    0.01665      0.40696      0.07027      0.01732      0.41648      0.10410      
295900  0.50461    0.02533    0.04419    0.01758      0.41065      0.06860      0.01742      0.41658      0.10375      
296000  0.50834    0.02534    0.04419    0.01632      0.41539      0.07108      0.01769      0.41633      0.10375      
296100  0.50008    0.02533    0.04419    0.01675      0.40678      0.07030      0.01748      0.41700      0.10363      
296200  0.50475    0.02533    0.04419    0.01763      0.41073      0.06862      0.01760      0.41651      0.10352      
296300  0.50838    0.02533    0.04419    0.01609      0.41564      0.07131      0.01753      0.41657      0.10253      
296400  0.50008    0.02533    0.04419    0.01677      0.40676      0.07026      0.01745      0.41651      0.10363      
296500  0.50467    0.02533    0.04419    0.01757      0.41071      0.06876      0.01741      0.41698      0.10384      
296600  0.50834    0.02533    0.04419    0.01596      0.41569      0.07180      0.01745      0.41681      0.10375      
296700  0.50008    0.02532    0.04418    0.01660      0.40697      0.07005      0.01733      0.41701      0.10400      
296800  0.50468    0.02532    0.04419    0.01736      0.41094      0.06881      0.01718      0.41670      0.10332      
296900  0.50831    0.02533    0.04418    0.01613      0.41553      0.07147      0.01738      0.41673      0.10320      
297000  0.50007    0.02533    0.04418    0.01667      0.40688      0.07014      0.01743      0.41681      0.10340      
297100  0.50472    0.02533    0.04418    0.01748      0.41087      0.06861      0.01732      0.41654      0.10329      
297200  0.50824    0.02533    0.04418    0.01609      0.41547      0.07174      0.01748      0.41629      0.10348      
297300  0.50004    0.02532    0.04418    0.01673      0.40680      0.07000      0.01754      0.41672      0.10304      
297400  0.50471    0.02532    0.04418    0.01757      0.41083      0.06820      0.01746      0.41654      0.10301      
297500  0.50834    0.02533    0.04418    0.01616      0.41557      0.07100      0.01741      0.41647      0.10251      
297600  0.50001    0.02533    0.04418    0.01670      0.40681      0.06988      0.01732      0.41635      0.10267      
297700  0.50486    0.02533    0.04418    0.01755      0.41094      0.06856      0.01731      0.41612      0.10323      
297800  0.50828    0.02533    0.04418    0.01620      0.41541      0.07165      0.01741      0.41636      0.10268      
297900  0.50001    0.02533    0.04418    0.01669      0.40681      0.07003      0.01734      0.41666      0.10334      
298000  0.50475    0.02533    0.04417    0.01762      0.41083      0.06794      0.01738      0.41660      0.10288      
298100  0.50818    0.02534    0.04417    0.01611      0.41543      0.07128      0.01738      0.41670      0.10312      
298200  0.50004    0.02534    0.04417    0.01674      0.40683      0.06959      0.01752      0.41668      0.10293      
298300  0.50481    0.02534    0.04417    0.01760      0.41087      0.06831      0.01738      0.41640      0.10337      
298400  0.50817    0.02534    0.04417    0.01612      0.41538      0.07156      0.01754      0.41632      0.10349      
298500  0.50004    0.02533    0.04417    0.01672      0.40683      0.06984      0.01744      0.41677      0.10353      
298600  0.50484    0.02533    0.04417    0.01778      0.41073      0.06822      0.01759      0.41676      0.10331      
298700  0.50812    0.02533    0.04417    0.01613      0.41536      0.07129      0.01751      0.41622      0.10311      
298800  0.50004    0.02533    0.04417    0.01668      0.40686      0.06998      0.01741      0.41658      0.10353      
298900  0.50492    0.02534    0.04417    0.01757      0.41101      0.06837      0.01733      0.41636      0.10383      
299000  0.50814    0.02533    0.04417    0.01608      0.41540      0.07154      0.01757      0.41692      0.10368      
299100  0.50000    0.02534    0.04417    0.01679      0.40673      0.06969      0.01756      0.41683      0.10362      
299200  0.50481    0.02534    0.04417    0.01763      0.41083      0.06846      0.01741      0.41697      0.10305      
299300  0.50818    0.02533    0.04417    0.01593      0.41556      0.07174      0.01738      0.41646      0.10356      
299400  0.49999    0.02533    0.04417    0.01669      0.40681      0.07001      0.01753      0.41677      0.10358      
299500  0.50476    0.02533    0.04417    0.01753      0.41086      0.06867      0.01755      0.41708      0.10344      
299600  0.50827    0.02533    0.04417    0.01620      0.41541      0.07163      0.01756      0.41700      0.10347      
299700  0.49999    0.02533    0.04417    0.01666      0.40681      0.07017      0.01744      0.41685      0.10391      
299800  0.50481    0.02533    0.04417    0.01759      0.41088      0.06846      0.01742      0.41695      0.10387      
299900  0.50828    0.02534    0.04417    0.01610      0.41547      0.07207      0.01747      0.41665      0.10339      
300000  0.50000    0.02533    0.04416    0.01668      0.40683      0.06995      0.01739      0.41651      0.10394      
