0.147067 0.14732 1.50671 0.000355865 -1.16615e-07 -1.43854e-07 -0.019 -0.019 0.077 0 0 0
-0.725191 -0.725055 -1.27698 8.25485e-06 -2.67467e-07 2.58351e-06 0.041 0.041 0.349 0 0 0
0.00160845 -0.940619 1.14379 0.68001 0.178589 -0.221841 0.212 -0.659 0.079 0.725 0.108 -0.115
-0.833441 -0.611511 -0.122306 0.160244 -0.0915868 0.149245 -0.155 -0.042 0.591 0.071 -0.025 0.042
-5.0188 1.07655 -0.162656 -0.184682 -0.0178316 0.0530926 -3.785 2.054 0.322 -0.127 -0.021 0.001
1.46357 -1.83641 1.96743 1.32845 -0.0921566 0.303213 1.346 -1.833 0.297 1.311 0.077 -0.002
1.48567 -1.51466 2.17109 1.36616 -0.118343 0.360213 1.334 -1.584 0.31 1.334 0.087 0.037
2.27645 -2.73475 1.30321 1.20466 0.231678 -0.0672114 2.33 -2.434 0.089 1.216 0.175 -0.032
-1.45243 -1.05248 -0.395984 0.411054 -0.13631 0.173802 -0.762 -0.49 0.45 0.284 -0.037 -0.006
0.154277 -0.0905725 0.866236 0.335076 -0.107234 0.154314 0.78 0.007 0.262 -0.07 -0.014 0.029
-1.9706 1.43441 1.80974 -1.00911 -0.303104 0.373064 -1.961 1.422 0.438 -0.901 -0.087 -0.008
-3.49493 1.76625 1.74497 -0.730635 0.0367047 -0.304111 -3.372 1.46 -0.27 -0.903 0.026 -0.279
-5.42694 1.79095 -0.106047 -0.626358 -0.0195296 0.0734288 -4.22 2.672 0.286 -0.544 -0.019 0.008
-0.791379 -0.995269 0.776281 0.300075 -0.21276 0.219227 -0.287 -0.341 0.407 0.328 -0.063 -0.004
0.287394 0.256561 1.96471 -0.390718 -0.0858549 0.096052 0.338 0.045 0.173 -0.625 0.003 -0.032
-0.651303 1.98203 2.15538 -0.937395 -0.262573 0.437422 -0.782 1.688 0.32 -1.007 0.001 0.039
-2.03905 -0.488693 0.812979 0.084305 -0.107754 0.248111 -1.545 0.081 0.405 0.115 0.037 0.027
-1.20787 -0.521653 0.279812 0.628682 0.045462 -0.0634047 -0.62 -0.014 0.593 0.526 0.001 0.034
-1.29628 -1.12177 0.113729 0.182049 -0.096774 0.127976 -0.726 -0.593 0.653 0.117 -0.048 0.025
-0.704398 -0.731402 0.818819 -0.0748881 0.0681211 -0.311468 -0.313 -0.327 0.087 -0.059 -0.01 -0.142
0.387411 -0.879251 0.57685 -0.290282 0.143248 -0.407217 0.77 -0.336 -0.16 -0.24 -0.014 -0.153
3.63085 -2.95126 0.507603 1.27816 0.422905 -0.250178 3.632 -2.431 -0.117 1.285 0.24 0.044
-0.962226 0.775999 1.7923 -0.511941 -0.205369 0.0294291 -0.894 0.545 0.136 -0.733 -0.102 -0.116
0.808613 -1.60051 1.66298 0.835271 -0.00882344 0.278055 0.721 -1.577 0.188 0.836 0.125 0.004
-1.13867 -0.315599 0.261348 0.742052 0.104198 -0.0639754 -0.572 0.182 0.568 0.632 0.048 0.07
2.48224 -0.960731 2.03077 0.476991 0.0821582 0.194859 2.287 -1.182 0.04 0.219 0.147 0.083
-3.74221 1.65407 2.14234 5.39687 -0.068123 -0.0722086 -3.948 1.206 0.021 5.087 0.011 -0.017
-2.64279 -0.436418 0.750161 0.106511 -0.0159371 0.27465 -2.21 0.042 0.314 0.142 0.125 0.054
-1.4132 0.856987 1.67405 -0.400549 -0.237385 0.0140198 -1.353 0.609 0.075 -0.615 -0.128 -0.141
-0.794591 -0.631527 1.16961 0.0912555 0.191408 -0.140523 -0.497 -0.325 0.103 0.105 0.139 0
-0.724365 0.0129681 0.866882 0.53794 0.0300502 0.162301 -0.381 0.343 -0.295 0.537 0.214 -0.105
-0.424985 -4.3743 -0.443885 2.11898 0.0249134 0.099169 0.672 -3.051 0.161 2.051 0.084 0.041
-0.679649 0.229026 1.76985 -0.000571366 -0.376086 0.35429 -0.78 0.194 0.313 0.065 -0.155 -0.018
-2.41388 2.17019 2.24525 4.54256 -0.0170992 -0.138559 -2.646 1.67 0.033 4.211 0.044 -0.082
-6.02716 -0.552102 1.92382 5.62094 -0.166884 0.0426886 -6.145 -0.662 0.032 5.524 -0.045 0.09
-1.71386 0.818086 1.54167 -0.183391 -0.241412 0.0157783 -1.665 0.555 0.004 -0.396 -0.126 -0.147
0.715437 -0.901782 2.2922 1.52494 -0.245223 0.339068 0.453 -1.172 0.125 1.401 -0.042 -0.049
-1.27363 -0.645441 0.0403353 0.597997 0.0471437 0.263646 -0.69 -0.156 0.51 0.51 0.12 0.16
0.648621 -0.312251 0.948574 0.172426 -0.0253639 0.305536 1.151 -0.301 0.009 -0.246 0.121 0.083
-3.28303 2.93463 1.37379 -0.952324 -0.0947542 -0.218284 -3.19 2.61 -0.449 -1.094 -0.066 -0.23
1.66864 -1.07457 1.24878 -3.33998 -0.235215 -0.0917881 1.595 -0.846 0.165 -3.061 -0.017 -0.047
-4.49412 2.47301 0.564931 -0.683217 0.0013957 -0.569389 -4.18 2.614 -0.169 -0.587 -0.094 -0.343
0.567336 -0.772096 1.12827 1.02264 -0.119538 0.0618052 0.588 -0.688 -0.013 1.044 -0.048 -0.041
-8.27139 -1.58545 -0.429724 4.77317 -0.0538238 0.0341897 -7.518 -1.016 0.466 4.76 -0.025 0.048
-0.0880753 0.229459 2.25399 0.972189 -0.275424 0.302927 -0.355 -0.101 0.041 0.871 -0.069 -0.075
-0.85252 -0.185829 0.870197 0.453918 0.0650018 0.274069 -0.567 0.094 -0.47 0.46 0.285 -0.054
-2.22727 -2.82905 -0.936338 0.30762 -0.193019 -0.0801434 -1.633 -2.227 -0.236 0.298 -0.037 0.062
-3.94623 1.27551 0.224178 -0.117258 0.0519028 -0.068322 -3.448 1.217 -0.144 -0.445 0.013 0.013
0.809055 -0.954416 0.485167 -0.809618 -0.340088 -0.0989969 1.678 -0.035 -0.313 -0.863 -0.498 -0.129
-1.11079 -1.04115 0.206659 0.102338 0.206065 -0.0157637 -0.762 -0.671 -0.413 0.103 0.202 -0.048
0.47382 -0.471732 1.00694 0.809735 -0.0954405 0.110002 0.46 -0.415 -0.109 0.84 -0.025 0.001
-0.819627 -0.475376 -0.364295 0.337123 -0.299488 -0.0782114 -0.214 0.007 0.266 0.236 -0.243 -0.136
-1.01863 -1.04446 0.0144917 0.0446066 0.0767326 0.149076 -0.604 -0.675 0.293 -0.015 0.075 0.152
-4.99289 2.89232 1.90797 -0.700442 -0.208116 -0.276662 -4.974 2.349 -0.32 -0.905 -0.148 -0.346
-0.962485 -0.389293 0.846394 0.372128 0.059459 0.306121 -0.717 -0.142 -0.589 0.384 0.295 -0.052
0.897939 -1.96457 0.19169 1.07467 0.288768 -0.436696 1.121 -1.628 -0.438 1.102 0.085 -0.123
-11.5827 -5.43782 0.134792 6.24899 -0.149384 -0.0688549 -11.218 -5.063 0.285 6.254 -0.068 0
0.137069 -3.52625 -0.0917832 -1.62424 0.189594 -0.0754459 0.738 -3.094 -0.138 -1.57 0.146 -0.094
0.31958 2.08531 2.43162 1.75099 0.0699674 -0.246269 0.025 1.657 0.021 1.539 0.1 -0.195
2.24509 -2.45851 0.164013 0.786342 -0.0511639 0.277426 2.651 -1.761 -0.053 0.83 0.099 0.079
-1.06932 -0.610266 0.81143 0.283465 0.0338433 0.317822 -0.852 -0.382 -0.68 0.302 0.282 -0.069
-1.02825 -0.94531 0.102027 0.124781 0.282403 0.0246638 -0.699 -0.595 -0.482 0.116 0.259 0.017
-4.57243 2.37911 1.85223 -0.502889 -0.223441 -0.280514 -4.572 1.854 -0.383 -0.731 -0.167 -0.352
-1.58002 2.12382 1.19073 -0.835665 -0.308027 0.479407 -1.652 1.846 -0.134 -0.884 -0.03 0.007
4.20502 -3.58045 1.18505 1.93123 0.118267 0.00583036 3.731 -3.767 -0.51 1.655 0.152 -0.086
0.632008 -2.2229 0.110462 2.38126 0.277158 -0.086876 0.896 -2.189 -0.285 1.956 0.187 0.141
-2.17145 1.8682 2.15495 -1.05317 -0.124506 0.383933 -2.401 1.375 -0.088 -1.049 0.14 0.055
-0.528408 1.7116 1.36015 2.20086 0.106152 0.395851 0.743 2.535 1.148 1.909 0.024 0.273
-2.47938 2.28797 1.36806 -0.713427 -0.246748 -0.0381399 -2.476 2.173 -0.328 -0.695 -0.183 -0.151
-0.279638 -0.117923 0.668661 0.303239 -0.387183 0.103032 -0.081 0.145 -0.828 0.301 -0.12 -0.4
-4.13056 4.16777 0.742319 -1.86918 0.0172706 0.195113 -3.979 3.571 -0.36 -1.885 0.086 0.122
-0.995428 -0.380956 1.09483 1.23665 0.182777 0.2942 -1.002 -0.677 -0.168 0.985 0.328 0.097
-8.65786 -3.66805 0.6613 4.39539 -0.352651 -0.127472 -7.968 -2.927 -0.48 4.315 -0.427 -0.142
-1.25967 -0.405158 -0.164265 0.712195 -0.0973432 0.110081 -0.809 -0.068 0.082 0.614 -0.04 0.009
-1.17353 -0.934408 0.729837 0.147548 -0.0730131 0.286397 -0.987 -0.718 -0.834 0.175 0.192 -0.152
-1.52801 -0.952861 -0.705217 0.396544 -0.109916 0.0997393 -1.019 -0.544 -0.089 0.313 -0.057 0.019
-1.72494 1.97424 1.31396 -0.539716 -0.27202 -0.0366654 -1.758 1.856 -0.403 -0.526 -0.219 -0.154
-0.549235 -0.142413 0.749257 0.42014 -0.225698 -0.284581 -0.48 -0.049 -1.05 0.46 -0.121 -0.472
6.10865 1.17061 0.372708 -4.16578 0.0751489 -0.0848497 6.22 1.587 -1.736 -3.919 0.306 0.275
-1.52064 -1.03623 -1.56617 0.373069 -0.282361 -0.159932 -0.934 -0.493 -0.242 0.314 -0.263 -0.224
-1.63258 -1.0392 -1.55801 0.444961 -0.244143 -0.119102 -1.055 -0.511 -0.276 0.388 -0.22 -0.187
1.56118 -2.94498 -0.811053 1.11274 0.0610684 0.20869 2.414 -1.697 -0.291 1.074 0.109 0.097
-0.826339 -0.0702929 1.00244 0.693822 -0.0409009 -0.198961 -0.791 -0.01 -0.303 0.695 -0.073 -0.156
0.0539304 1.93677 0.259709 -1.94369 0.12198 0.0963631 0.449 2.411 -0.048 -2.028 0.103 0.07
-1.03088 -0.915408 0.666509 0.13358 -0.22267 0.211462 -0.864 -0.704 -0.93 0.154 0.053 -0.269
-0.854988 -0.517615 1.00588 1.56028 0.220732 0.31825 -0.883 -0.829 -0.248 1.297 0.365 0.125
-0.869809 -0.767658 0.650542 0.171413 -0.292714 0.172934 -0.702 -0.551 -0.941 0.184 -0.015 -0.323
-2.01052 0.752228 0.971112 0.235536 -0.408946 0.107395 -1.704 0.564 -0.281 -0.17 -0.298 -0.134
3.09626 -2.88569 1.88944 1.89381 -0.0259475 0.551088 2.349 -3.264 -0.18 1.808 0.252 0.076
-0.880206 -0.785846 -0.329751 0.114479 0.0193064 -0.580642 -0.528 -0.459 -0.065 0.101 -0.223 -0.164
-3.20648 3.40603 2.07295 -1.64349 -0.225621 0.284508 -3.506 2.717 -0.254 -1.59 0.026 -0.053
-10.4335 -2.6677 0.825241 6.10302 -0.318108 -0.113223 -9.888 -2.182 -0.843 5.984 -0.206 -0.024
1.982 -2.98201 3.34938 -0.663532 0.190245 0.0895542 3.149 -1.994 0.557 -0.583 0.228 -0.119
-2.71614 -1.64216 0.435192 0.492329 0.0699191 0.0788872 -2.021 -0.994 -1.965 0.468 0.4 0.456
-0.378506 -0.188566 -0.140137 0.204059 0.22793 0.326755 -0.108 0.034 0.078 0.128 0.237 0.32
-8.08357 -4.91977 2.34507 3.67293 -0.597754 -0.156935 -6.631 -3.754 1.446 3.451 -0.556 -0.006
-0.558425 -0.235502 -0.17111 0.313408 0.436514 0.0900519 -0.275 0.057 -0.623 0.279 0.361 0.162
-13.2356 -2.26009 -0.148394 9.34625 -0.0110347 0.0439517 -12.945 -2.175 0.396 9.247 0.043 0.031
15.0301 2.48223 -0.332984 -10.8987 0.010454 -0.286234 14.357 2.606 0.577 -10.019 -0.078 -0.262
-7.85823 -1.9688 1.51005 5.30386 -0.0313144 0.066641 -6.685 -1.26 0.745 4.99 -0.461 -0.071
6.32852 1.53361 2.40813 -4.60719 -0.322822 -0.26018 7.166 2.493 1.06 -4.469 -0.589 -0.222
10.8347 1.9649 1.56052 -7.86981 -0.304102 0.0334044 11.211 2.807 1.246 -7.367 -0.365 -0.037
-1.64145 -1.24679 2.05707 0.0290269 -0.27852 -0.0970468 -0.212 0.158 1.421 0.056 -0.235 -0.064
-8.29985 -3.40928 0.522843 3.70566 0.110412 0.111591 -7.805 -2.975 -2.179 3.691 0.576 0.512
14.6816 4.04696 0.463971 -8.74826 -0.14647 -0.177335 13.961 4.29 0.057 -8.009 -0.513 -0.319
14.722 3.55267 0.47985 -8.78312 0.0293683 -0.310936 14.042 3.615 -1.414 -8.196 0.246 0.014
-5.42341 -4.72909 3.11536 0.860773 -0.754161 -0.679644 -4.12 -3.557 1.301 0.742 -0.766 -0.508
0.807583 -0.0347218 1.8127 -1.00373 -0.170377 -0.185942 2.122 1.043 0.905 -1.13 -0.546 -0.224
-3.96928 6.14729 -1.04226 -1.78406 -0.120996 -0.0641583 -2.94 6.581 0.345 -1.899 -0.139 -0.069
-1.24539 1.10501 -0.260316 -2.58388 0.0578114 0.0343929 -0.636 1.401 0.257 -2.605 0.022 0.032
2.55409 1.34546 -0.61324 -0.225054 0.355177 0.341092 3.234 2.08 -0.167 -0.592 0.287 0.271
2.86625 3.36665 2.77417 -0.220217 0.0365913 -0.381711 4.153 4.129 1.588 -0.691 0.093 -0.049
-4.09488 -4.27128 3.08606 0.866183 -0.625061 -0.678014 -2.875 -3.059 1.232 0.859 -0.661 -0.548
3.37928 -3.22511 -0.68945 -0.929983 0.0469945 -0.520103 3.791 -2.202 -0.3 -1.199 -0.083 -0.707
-4.22302 -2.79234 1.92598 0.756798 0.346082 -0.821521 -3.291 -2.483 0.115 0.739 0.627 -0.34
-17.3137 -20.7319 4.08498 1.48907 -1.27454 0.12661 -16.553 -19.881 1.741 1.342 0.079 -0.306
0.523261 7.99267 7.60872 2.4823 -0.406941 -1.86535 -1.629 1.851 -0.676 2.595 -3.939 -1.619
8.93685 3.43509 4.5296 0.462731 3.09749 -0.164575 5.772 -3.09 -3.426 0.195 -1.494 -1.058
0.710768 9.84454 0.127591 -2.88073 1.39378 0.124213 1.481 9.981 0.189 -2.854 1.48 0.162
-0.665489 2.74859 3.66322 0.578341 -0.930819 -1.09027 0.167 3.624 1.16 0.608 0.159 -0.953
4.47061 9.16435 8.55023 0.78333 -2.03195 -0.352788 1.672 2.633 0.376 0.928 -5.122 -0.364
4.02173 0.0993023 -0.363913 1.7313 0.0845197 0.960407 4.742 0.829 0.082 1.89 -0.602 0.607
4.16637 8.28053 7.75694 1.06375 -1.10797 -0.598736 1.398 1.167 -1.59 1.296 -5.291 -0.614
4.13502 2.17575 3.1112 1.57975 3.59817 -0.885274 1.714 -4.855 -6.032 1.204 -2.001 -1.488
-1.10781 4.1629 2.14507 4.22152 -0.805691 0.539996 -0.64 5.565 0.652 4.574 -0.298 0.658
1.84123 -2.06652 3.41339 1.21652 -1.28423 0.451004 2.394 -1.792 -0.413 1.305 -1.408 0.519
-15.2468 18.1527 2.49103 -7.16216 0.286092 -0.183871 -11.773 17.325 9.878 -5.473 -0.068 -0.02
1.421 2.34844 2.92673 0.996244 3.32624 -0.330807 -0.79 -4.88 -6.646 0.778 -2.461 -0.906
0.643484 2.57959 3.05211 0.629414 3.109 -0.0286109 -1.525 -4.691 -6.603 0.481 -2.657 -0.625
-2.84073 6.50519 6.71715 -2.16459 -0.234797 1.42977 -4.959 0.063 -0.857 -2.109 -3.604 0.685
-0.65478 3.27131 3.5761 -0.225205 2.5136 0.620345 -2.762 -4.025 -6.107 -0.247 -3.097 -0.036
-2.52539 6.09209 6.18859 -2.15206 0.17247 1.63268 -4.7 -0.856 -2.307 -2.049 -3.907 0.86
-2.11839 5.27617 5.38721 -1.77633 0.885069 1.5616 -4.286 -1.938 -3.781 -1.664 -3.848 0.795
-4.4604 0.0203491 0.521873 1.89068 -1.03952 0.41604 -3.21 0.238 -0.06 1.559 -0.891 0.085
0.740017 5.21288 4.88134 -2.19101 0.833971 1.21504 -1.221 2.332 3.166 -2.101 0.303 0.978
0.117661 -10.5119 3.77146 -1.57219 0.33524 -7.49991 -0.504 -12.554 2.283 -0.397 -0.555 -8.972
-5.6301 2.4613 -0.953845 1.2611 -3.81968 -1.35892 -5.523 1.279 -2.124 1.582 -4.106 -1.666
0.74617 -1.82576 -1.2382 6.08791 0.234564 -0.8427 1.375 -0.503 -0.49 5.829 0.285 -0.765
0.352661 -11.2963 2.09592 -3.04882 0.51492 -7.29201 -0.087 -13.47 0.605 -2.074 -0.458 -8.36
-2.69927 -4.37169 -8.58622 3.3872 1.54479 -4.64252 -4.307 -5.383 -9.844 4.518 1.896 -6.593
-2.43609 -6.54266 -7.33325 2.68065 1.8233 -5.67706 -4.131 -7.744 -8.529 3.941 2.079 -7.84
2.78604 5.19388 -4.54951 0.750293 -1.71951 -6.8588 2.498 3.906 -6.05 2.06 -2.096 -8.173
3.90473 4.22484 4.59802 -0.273826 2.01985 0.992421 1.202 0.599 2.051 -0.738 0.996 0.459
-0.437072 2.8153 -11.7568 2.10512 -1.4584 -7.90721 -1.062 1.229 -12.803 3.713 -1.725 -10.066
-0.567086 3.29861 -9.43242 3.53173 -1.17583 -7.30563 -0.904 2.229 -10.082 5.139 -1.31 -9.657
-1.42283 -8.83641 -2.63954 0.76875 1.80864 -7.64552 -3.054 -10.248 -3.706 2.161 1.715 -9.838
1.81985 -0.830453 2.38972 -0.444183 5.00214 0.947443 0.972 -0.745 2.497 -0.871 4.185 1.176
-1.05583 1.07211 -0.534385 -2.43447 -1.26389 1.43586 -0.4 2.223 -0.094 -1.857 -1.116 1.493
-3.16526 2.71605 -6.34333 4.84367 3.65295 6.69003 -3.928 2.865 -7.193 3.707 4.868 7.509
2.88039 -5.53388 1.46382 3.5933 3.74818 2.56866 1.747 -6.014 -0.519 3.443 3.574 2.89
5.4856 0.791935 -1.34955 -5.66862 -1.08295 -0.379627 5.919 1.337 0.401 -5.369 -1.14 -0.399
-0.378754 3.56554 1.13034 6.73502 -0.236255 -4.30253 0.166 4.306 1.358 7.999 0.049 -6.716
3.76398 -1.16247 2.10056 -0.775872 5.28 1.38089 2.758 -0.947 2.21 -1.233 4.381 1.596
0.917388 -2.42284 11.2015 5.74167 3.57184 6.54104 0.303 -1.776 9.524 4.816 4.147 6.972
-5.65661 -1.58757 -6.75974 6.965 1.51446 -0.516712 -9.995 -3.259 -4.509 9.052 1.673 -0.4
7.7587 -0.116467 1.81553 -0.558502 4.23007 0.786875 6.129 -0.511 1.192 -1.134 3.175 0.968
-5.62954 -5.79505 -5.58639 3.46697 -0.338113 1.17099 -8.027 -10.185 -3.998 4.446 -0.377 1.412
-7.93144 -4.50922 -2.87459 2.09042 -1.32126 -0.775894 -11.1 -7.822 -0.617 1.671 -1.841 -0.398
6.92993 -0.75301 1.80146 -0.95581 4.8243 1.3815 5.488 -0.809 1.516 -1.483 3.818 1.56
-2.17678 -6.07316 5.7929 -2.97414 2.80946 7.71607 -3.338 -5.955 5.348 -4.839 3.676 9.388
-0.140903 3.43167 -5.93044 0.192412 -0.112131 -1.36392 -0.961 1.729 -3.003 0.381 -0.248 -1.439
-3.31419 3.42046 4.41253 1.70973 2.6396 -0.605175 -5.105 0.77 3.501 1.098 2.199 -0.838
-6.39836 2.85185 -3.94607 3.94168 -0.510661 -1.22905 -9.078 1.314 -1.418 2.946 -0.939 -0.798
-5.49951 3.84938 4.67523 1.83582 2.32751 -1.29378 -6.96 1.621 4.273 1.301 2.084 -1.365
-7.19981 -7.07902 -15.1574 -0.104644 -0.0348275 -0.798281 -9.377 -8.343 -16.564 -0.318 -0.661 -1.469
-5.58807 3.66742 4.63071 2.0503 2.49281 -1.32027 -7.071 1.404 4.198 1.476 2.218 -1.409
1.55202 -2.72511 -3.51465 1.93369 -1.42632 0.896212 0.747 -6.061 -1.427 3.05 -1.461 0.957
1.63361 -7.34783 -4.5851 -7.51807 -0.0258719 -4.9108 2.059 -8.506 -5.43 -7.719 -1.109 -4.082
-3.25181 13.0217 3.21909 3.42508 -2.48504 4.72751 -2.635 13.457 3.811 2.388 -1.676 5.227
-11.4292 -1.51924 -8.16963 6.11457 0.990491 1.66469 -15.117 -4.704 -6.029 6.527 1.554 1.419
-5.67126 -3.3568 -2.54321 7.73484 0.445995 -0.199418 -8.101 -7.327 -0.67 9.481 0.523 -0.281
0.46368 -1.68444 -0.35017 -7.46578 -4.34874 -4.38904 0.18 -2.829 -1.386 -7.602 -4.769 -4.336
2.81241 -5.28856 -0.247736 1.09531 -1.64023 -0.769153 3.696 -5.547 -1.115 1.078 -1.521 -0.764
6.85818 3.51871 -0.743616 -2.94067 0.181723 2.4878 8.3 1.941 2.911 -5.061 0.825 1.922
1.82865 0.752457 6.86425 -5.12299 -3.26636 -6.83314 2.789 0.502 7.706 -5.045 -4.126 -7.067
0.98614 5.52681 -1.27932 -4.99205 -3.75837 -1.8205 2.436 5.011 -0.613 -5.657 -4.539 -0.673
0.905258 -1.2433 -2.35872 0.59311 -0.958308 -0.305162 -0.149 -1.279 -2.817 0.361 -0.331 -1.2
10.2823 2.87602 1.55236 -7.85105 -0.414744 -0.303521 10.224 3.859 5.329 -7.962 -0.204 -0.755
-5.08066 5.02576 -1.53333 4.79568 1.02144 0.747134 -5.342 2.074 1.144 5.53 1.558 0.737
-3.54954 -1.445 -1.20319 1.65002 6.00044 -0.457213 -3.618 -1.256 -1.172 1.082 4.538 0.114
11.5142 3.71461 1.33319 -6.9584 -0.86006 -0.284527 12.011 4.805 5.176 -6.883 -0.496 -0.826
5.91909 2.51252 -0.484086 -2.10686 0.145808 2.85939 7.018 0.984 2.994 -4.384 1 2.026
-4.42656 -9.30248 -0.984217 2.00874 0.758653 -0.732611 -3.815 -9.486 -1.134 1.606 0.664 -0.309
1.42443 1.19424 1.68366 1.47943 -0.379181 0.730771 0.266 0.698 3.572 1.372 -0.653 0.463
8.41564 2.23768 -1.59077 -0.176036 -2.31074 0.63495 9.352 1.088 1.445 0.823 -1.834 0.226
5.86449 5.53664 -4.25272 -3.87867 -0.511649 -0.35 7.981 3.358 -0.635 -4.572 -1.203 0.107
-2.83097 5.51959 -5.23993 5.24676 0.383945 0.849684 -4.957 5.261 -2.492 3.52 0.987 0.234
4.67603 4.52962 -4.923 -3.34313 -0.6668 -0.489889 6.483 2.163 -1.476 -3.83 -1.357 -0.108
3.12057 9.6483 3.79085 -3.27011 -5.58836 -8.51728 4.381 8.504 1.055 -2.028 -6.607 -8.519
-1.64252 -0.368682 -1.54624 -0.252589 0.267058 1.37444 -0.018 -0.197 0.123 0.036 0.026 0.12
1.07814 -2.13029 4.84449 -1.94204 1.53769 -8.44886 0.382 -2.221 5.502 -1.428 1.44 -9.591
-3.15402 -1.75136 -1.51908 0.864354 6.31685 0.188991 -3.081 -1.269 -1.093 0.276 4.797 0.749
9.67846 -3.53907 -5.63579 -4.015 1.91007 -0.584015 10.36 -6.135 -2.678 -3.129 1.795 -0.381
2.23475 4.3799 -5.56533 -10.0766 -1.72999 -1.21202 3.491 3.786 -5.358 -10.859 -2.561 1.166
-2.76021 0.129446 3.0254 -3.00692 -2.56411 -1.49262 -2.342 0.949 0.756 -3.584 -1.347 -1.327
7.51763 0.606885 -3.50889 -11.3455 -1.22147 -0.439243 5.86 1.243 -0.085 -12.587 -0.911 -1.026
1.88209 -2.7095 3.29175 -2.15291 2.26933 -8.29818 0.713 -2.875 4.056 -1.768 2.274 -9.426
2.55158 -3.13499 -1.14252 -2.10891 2.89917 -6.74625 0.621 -3.631 -0.354 -2.083 3.156 -7.786
-2.5175 1.118 2.74385 0.743709 -0.785495 -1.8898 -0.556 1.097 1.825 0.18 -1.04 -0.871
9.51117 -0.0807244 -1.70377 -6.33523 -0.124078 -2.77514 9.556 -1.069 1.467 -9.37 -1.154 -1.881
8.97128 10.2843 -1.52605 -2.02689 -0.484257 -1.06936 9.406 12.308 2.217 -3.964 -1.631 0.13
13.6132 -5.18084 -5.90192 -19.2694 11.3141 23.0362 8.065 -6.461 -6.255 -16.569 11.826 20.389
0.839722 -0.73783 -0.171849 1.94097 -0.0501275 3.11836 0.458 -2.057 2.868 -0.706 1.151 1.695
-3.04911 0.612731 -3.58809 3.46963 2.26862 -0.85247 -6.9 1.196 -0.771 4.416 2.085 0.281
-1.49382 -2.0839 -1.89903 -0.514476 -0.489562 0.501145 0.281 -2.015 -0.729 0.281 -0.571 -0.904
-1.64444 1.30596 -3.21547 0.199647 -0.310426 -0.652431 -4.734 1.048 -0.441 2.057 -0.827 0.263
1.7844 -1.04554 -3.20809 -1.17131 -0.439164 0.408506 4.407 -0.621 -1.727 -1.17 -0.598 -0.414
0.309022 -1.07575 -1.62283 -1.07767 -0.698614 1.35649 1.675 -0.58 -0.171 -0.49 -0.955 -0.545
-1.61207 2.66029 -2.52735 -0.111961 1.23777 1.71377 1.467 3.496 -0.861 0.06 0.764 0.524
-1.22012 1.55051 -3.24368 0.230745 -0.0674695 -0.729069 -4.084 1.365 -0.565 2.172 -0.786 0.459
0.613816 1.29576 -1.64356 -1.35608 -0.00679366 1.09181 1.42 1.112 -0.373 -0.596 -0.229 -0.146
4.1221 -3.00932 -1.4788 -0.381669 -1.49267 0.641519 5.02 -2.807 0.226 0.196 -1.538 -0.711
0.963884 0.443571 -1.60719 -1.3277 0.018292 0.123629 1.341 0.175 0.147 -1.184 -0.218 -1.088
4.23234 -0.72741 -0.6152 0.126332 -1.78263 0.332634 4.999 -0.504 1.159 0.509 -1.728 -1.124
2.77964 -3.42043 -3.57006 -1.16921 -0.825073 3.30328 4.07 -3.124 -1.78 -0.718 -1.001 2.35
-3.98709 -1.09795 -2.4599 -3.98893 -0.523752 2.75681 -3.315 -1.799 -0.696 -3.166 -0.469 2.559
-0.235162 2.16356 -1.31548 6.83805 0.135908 -2.47379 -0.487 2.532 -0.764 6.885 0.125 -2.52
4.61982 2.17344 0.559445 0.646566 -1.72199 -0.136077 5.372 2.441 2.196 0.89 -1.623 -1.661
-5.54275 1.84146 -0.320588 0.313982 0.383273 0.357475 -3.843 2.147 1.313 1.207 0.399 -0.513
-0.0207861 3.70273 -1.33698 -0.891812 -0.224597 2.07846 0.424 2.922 -0.904 -0.427 -0.397 0.502
-0.115049 1.62276 -3.42057 0.0544238 0.395235 -0.774783 -2.461 1.533 -0.836 2.075 -0.627 0.769
-1.53349 0.382083 -6.56604 0.105388 -0.161661 2.88709 -0.956 -0.091 -4.702 0.629 0.225 1.956
1.69131 1.37714 -7.24807 3.44575 1.39987 2.87782 2.637 0.637 -6.062 3.728 1.595 1.592
-3.69838 -3.05661 -1.50839 -1.24731 -0.767149 1.9252 -2.697 -3.22 -1.105 -0.732 -0.876 0.863
4.62582 -0.0221642 2.00611 1.54336 -0.592849 -1.10393 5.715 0.228 2.879 1.781 -0.577 -2.481
-10.3986 -5.49304 -1.89125 -0.631297 -1.34246 -1.39973 -10.715 -5.223 -2.207 -1.044 -1.678 -1.079
-0.525819 1.67124 -7.396 2.20731 0.42211 2.75119 0.195 1.086 -5.767 2.55 0.766 1.6
3.28042 6.43827 -0.649491 -0.541991 -0.654095 -1.55964 3.646 6.872 0.515 0.012 -1.066 -3.34
0.218939 0.564567 -0.693954 2.6922 1.31547 -2.39894 1.711 0.59 0.223 2.432 0.558 -3.446
-6.1988 -2.81433 -1.10571 -0.732822 -0.662262 0.951068 -4.383 -2.401 0.062 -0.074 -0.805 0.21
-1.89736 -0.608435 -1.40556 -0.0981579 -1.27342 0.176388 -1.034 -0.955 0.431 -0.149 -2.036 -0.992
-4.67569 2.39347 -0.378705 0.305003 0.773436 0.413087 -3.163 2.393 1.201 1.305 0.899 -0.519
0.827579 0.827576 -2.04171 -5.37555e-06 1.01083e-05 -6.39459e-06 -0.003 -0.003 -0.026 0 0 0
0.0676992 1.72008 -6.71046 -0.231067 0.843468 -0.848359 -1.445 -1.308 -4.45 -1.348 1.263 -1.142
-0.270482 3.44607 -1.01868 0.678324 0.0875429 -1.23965 0.644 3.065 0.494 0.664 -0.742 -2.334
2.58522 4.15897 -2.00717 2.01162 -0.133159 3.77028 3.383 3.931 -0.579 2.446 -0.392 2.656
2.71524 -0.883393 -4.85871 0.447919 0.553255 -0.728312 3.581 0.532 -1.021 0.993 0.767 -0.437
0.672111 -2.54636 -0.361053 1.66489 0.305106 3.51385 3.053 -2.143 1.381 1.597 0.173 1.986
-1.52133 -1.63252 -2.73532 -3.53726 -1.32441 0.0175719 0.731 -1.103 -1.68 -2.694 -0.961 -0.423
21.0003 15.9946 -0.509155 -0.0865985 -0.0807718 -3.67848 18.412 14.976 -0.981 0.367 -0.58 -2.986
1.67934 1.77414 -2.53804 0.545213 -1.10892 -0.188083 0.503 0.643 -0.444 0.412 -0.932 -0.078
0.122389 1.37485 0.0806412 -3.04605 2.52379 2.73781 0.676 0.953 1.229 -2.291 2.132 2.677
0.645201 2.86031 -0.750782 1.46248 3.84622 0.293287 1.723 3.053 -1.172 1.019 3.488 0.409
3.30016 -0.655502 -0.370356 -5.6163 4.7676 4.7487 3.388 0.542 1.477 -5.749 3.67 4.882
-1.04892 -2.71833 -17.7835 -5.20845 0.267676 -5.3381 -2.33 -5.409 -16.608 -3.682 0.121 -4.411
-2.87172 1.39507 -1.3388 -0.810634 1.10473 0.492849 -1.59 1.157 -0.073 0.369 1.434 -0.452
-5.55222 -6.29416 3.33953 -9.81225 -5.56917 -12.5203 -2.748 -2.768 7.58 -10.552 -5.418 -13.048
-8.56083 -6.25852 -10.6924 2.41708 0.115388 0.165871 -7.274 -4.42 -9.22 1.237 -0.155 -0.712
-0.147371 19.5528 0.994593 1.12538 -4.88912 -0.547894 -0.349 17.156 -0.726 1.17 -5.493 -0.742
4.5772 2.06871 -6.28069 0.977162 -5.83513 -3.78427 3.218 0.291 -5.101 0.426 -6.677 -5.065
-0.206796 1.8095 2.81744 2.05206 1.69714 1.57839 -1.831 -0.004 2.224 1.849 1.191 1.142
4.97079 7.78898 -2.02202 0.197075 1.32398 0.855039 7.048 8.048 -1.444 0.944 0.914 -0.415
-5.24983 -4.45328 -5.49578 0.916033 4.92903 4.37321 -5.158 -4.367 -3.713 0.766 5.376 5.375
-2.85373 -3.55053 -7.34077 -1.2916 6.50178 5.33893 -2.506 -3.183 -6.18 -1.454 7.852 6.277
-5.3409 -4.69211 -6.14372 0.883305 4.68876 4.10735 -5.346 -4.66 -4.564 0.723 5.045 4.857
-0.273362 -2.69279 -4.56618 -2.18242 1.01676 1.4374 -0.82 -3.154 -1.932 -2.208 1.171 1.883
-5.17329 -4.92823 -7.37324 0.689046 3.61029 3.10152 -5.518 -5.106 -6.201 0.538 3.706 3.268
2.75166 0.409858 -5.09952 0.56994 -5.08882 -3.53013 1.534 -1.024 -3.963 0.074 -5.733 -5.22
1.41869 8.65059 -4.31497 -1.09797 0.514112 0.00109805 -0.196 6.614 -1.57 -0.564 0.302 0.167
15.6866 9.46863 3.9892 -0.0642423 4.58162 -0.318434 21.847 13.986 10.791 -0.004 3.08 -0.595
0.41883 0.279381 -3.26147 -0.583753 -4.11272 -4.40316 -1.039 -0.631 -2.458 -0.674 -5.58 -6.562
3.48527 0.873228 -1.46274 -0.238367 -0.444654 -1.04399 3.437 0.95 1.864 -0.216 -0.479 -0.931
-33.9238 1.05484 1.64119 -0.733521 -0.463223 -0.15963 -32.549 -0.447 0.171 -0.453 -0.234 0.025
-3.4812 -2.50899 -9.52811 -0.207903 -2.58531 -2.57998 -4.063 -2.814 -8.92 -0.292 -4.14 -4.571
-1.33411 -6.6676 -3.40993 -1.18672 -1.54681 -1.60571 -2.725 -8.306 -5.298 -1.086 -1.398 -1.582
0.945288 2.01343 -2.35144 -1.27818 -1.93419 0.077616 1.729 2.761 1.95 -0.803 -1.641 0.214
5.4362 0.222478 6.84827 8.53883 -19.9682 -4.37195 4.043 -1.644 4.694 8.438 -18.28 -3.633
-3.10702 -1.93708 -4.70319 -0.532365 2.72165 1.90479 -4.219 -2.149 -3.712 -0.541 3.029 1.555
-2.3736 -1.16942 -5.14964 -0.307338 2.06058 1.97226 -3.652 -1.66 -4.173 -0.343 2.443 1.694
0.839906 2.00533 1.89616 0.611436 2.13931 0.773735 0.128 2.365 4.491 0.522 3.831 0.611
3.01186 3.68118 1.6838 -0.201056 -5.41594 -5.90229 1.868 3.082 2.692 -0.528 -7.215 -8.198
18.1497 -8.13128 16.003 -8.39756 6.57901 -5.00466 20.608 -4.455 15.533 -7.87 4.838 -3.856
1.40545 -0.465025 1.07463 0.322209 1.49744 -0.672988 0.438 -0.984 1.754 0.719 1.304 -0.517
-4.79215 -4.09709 -0.856338 -0.951371 4.49064 1.23831 -5.135 -3.208 0.534 -0.893 4.53 0.594
4.22564 4.34237 -2.07246 -0.392711 0.339803 0.505943 2.707 3.351 0.122 -0.322 1.685 0.772
0.195313 1.12703 -5.13272 0.530669 -0.0356628 1.74456 -1.46 0.065 -3.866 0.368 0.571 1.684
1.86762 1.62903 -2.57231 1.12969 1.94192 1.44908 1.602 2.323 -1.326 0.874 2.901 1.048
-5.82323 -1.36879 1.54232 1.68912 -0.409931 2.3684 -3.767 -0.652 2.404 1.399 -1.413 2.16
-1.29425 -0.7691 0.0541833 1.25528 1.22035 -0.15308 0.303 0.242 0.678 0.858 0.391 -0.444
4.3815 5.40929 4.32891 0.262545 -5.73221 -6.24568 3.57 5.204 5.519 -0.193 -7.509 -8.399
2.49441 1.92006 -0.845606 0.30337 -2.20898 -0.542693 1.363 1.875 1.798 0.528 -1.788 0.607
-3.89288 -2.89656 -3.82976 1.08416 1.6484 -0.103933 -3.645 -1.434 -1.941 0.812 1.27 -1.954
-2.06127 -3.4292 1.0222 -0.242514 0.159945 -1.07346 -2.366 -2.902 2.702 -0.434 -0.015 -2.558
-11.2636 0.745495 -5.62906 -0.655779 0.507959 -3.21918 -8.793 0.51 -4.78 -0.452 -0.308 -3.384
-2.74974 -3.85525 1.8707 -0.338165 1.19039 -0.645327 -2.909 -3.01 3.622 -0.487 1.052 -2.029
-4.35343 -4.57251 2.52561 -0.65133 3.6525 0.380731 -4.247 -3.203 4.325 -0.682 3.585 -0.689
-4.31928 3.26227 1.75878 -2.7219 -1.0761 8.49986 -2.847 4.022 2.139 -2.713 -1.221 7.494
-1.69078 -0.0131137 -2.97287 2.27141 2.79662 1.92458 -2.186 0.864 -2.198 2.235 3.243 2.995
-1.69658 -0.340287 4.18469 -0.661645 5.26754 -0.680466 -0.997 0.415 4.086 -1.032 4.764 -0.392
9.8283 -2.18105 2.25158 2.35983 5.58705 4.08824 9.767 -0.218 2.082 2.012 5.292 3.247
3.25263 4.72009 -10.57 -11.6608 1.84002 3.25183 3.36 3.753 -8.117 -12.097 1.865 2.788
11.1897 -1.97295 0.920025 0.30597 0.296662 -0.0514937 10.944 -0.288 1.394 0.377 -0.411 -0.421
-9.51068 -0.236866 -4.15364 -2.16132 -0.726593 -0.851549 -8.218 -1.267 -3.712 -1.378 -1.136 -1.228
-6.41257 -1.52524 -5.15757 0.537416 -2.20029 0.978877 -5.138 -0.648 -4.297 1.167 -2.251 0.154
-4.79812 -2.08716 5.66077 1.54388 1.48442 0.0732669 -3.5 -1.008 6.948 1.024 0.354 -0.275
12.9704 -4.37015 1.84586 4.06717 4.4175 2.99854 12.607 -2.106 1.877 3.615 3.93 2.223
8.84501 -1.87561 2.38526 1.07735 0.760358 -2.457 9.165 -0.018 2.829 0.82 -0.322 -2.393
-1.00894 -4.02963 3.32997 0.243983 1.35586 -0.0882952 0.241 -3.953 3.28 0.135 0.685 -1.172
-15.1934 0.494293 -1.85839 1.67271 2.15844 -6.80739 -12.103 0.946 -0.996 1.495 1.165 -6.181
3.5348 2.51725 -7.26518 -4.26456 -0.388519 7.72222 4.909 2.71 -6.58 -3.538 -0.643 7.091
-15.0395 0.493125 -1.05829 1.72342 2.76183 -6.97813 -12.246 0.852 -0.419 1.578 1.706 -6.176
7.85909 -1.85597 4.45568 -8.81558 0.230358 -0.852067 9.312 -1.331 4.426 -7.539 0.044 -2.362
1.77415 -0.651523 -2.57141 0.617922 -0.612073 5.70083 3.329 -0.133 -2.177 0.478 -1.085 5.439
5.4561 -5.3992 1.23008 3.44774 -0.197813 4.51421 5.215 -4.322 1.425 2.301 -0.691 3.108
2.72557 0.728266 0.235444 -0.417719 1.83396 0.375991 3.732 2.026 -0.084 -0.218 1.359 -0.118
2.05527 -1.81118 4.52364 -1.51076 0.761838 3.03148 1.86 -1.504 4.83 -0.839 0.483 1.508
-4.42464 -4.06814 3.93818 3.38581 2.08228 -3.93752 -2.957 -3.788 3.27 2.812 1.519 -3.255
-13.7177 -5.18429 -5.40437 2.51415 -3.89807 0.676792 -13.236 -5.871 -5.078 2.136 -3.793 -0.55
-3.70636 -4.29765 4.68053 3.81738 1.6581 -2.69647 -2.149 -3.94 3.987 3.176 1.132 -2.146
-15.136 -4.51936 -2.89524 1.8511 -0.600925 -8.46958 -14.848 -5.285 -2.917 1.316 -1.058 -8.408
-2.96719 -4.3578 5.19562 4.12357 1.27285 -1.39798 -1.349 -3.918 4.555 3.437 0.781 -0.981
4.48968 3.05009 -4.81626 -5.51876 1.42044 7.77942 5.621 3.29 -4.656 -4.422 1.159 7.088
-3.24372 -1.89403 -0.397321 1.08663 0.959473 -8.72037 -2.125 -0.574 0.087 0.28 -0.649 -7.27
-1.4469 -3.95147 5.08386 4.16738 0.596756 1.20818 0.212 -3.371 4.635 3.489 0.158 1.327
-13.1514 -3.76835 -1.78065 1.03448 0.309135 -11.0913 -12.267 -3.866 -1.646 0.333 -0.453 -10.312
15.1203 1.32343 4.92377 -11.1445 0.668764 6.27376 14.607 2.775 6.66 -10.717 0.658 5.455
2.54595 0.545156 1.36554 -1.08009 2.75492 3.64814 4.812 0.881 0.218 -1.674 1.754 2.752
-11.2788 -3.73933 -3.60626 0.737916 -4.67815 4.27014 -10.423 -3.998 -3.403 0.606 -4.392 2.719
-5.08345 -1.04943 -2.51617 -1.16069 0.630391 -1.19544 -4.863 -1.236 -2.608 -1.722 -0.26 -1.145
0.63423 0.735493 -1.00409 -3.21201 -1.141 2.22048 0.159 1.192 -1.268 -2.398 -1.17 1.908
3.10932 0.692252 1.25283 -3.32081 -0.734551 4.59715 2.907 1.667 1.073 -2.852 -0.79 4.327
14.2075 10.7148 8.2713 -10.6032 3.20957 6.36772 14.792 7.893 6.039 -11.042 2.163 6.6
-26.9167 13.4133 10.8873 -2.89865 0.110672 1.73878 -23.8 16.814 7.469 -1.168 1.139 1.133
6.42722 0.815164 -1.85724 1.40734 2.78821 4.42687 5.391 1.258 0.645 1.574 2.687 4.95
10.7452 2.22948 -1.47859 1.14627 2.11213 4.63035 9.863 2.45 0.943 1.252 2.097 5.19
10.5465 -1.99914 3.51525 -6.66768 2.27054 1.60762 11.193 0.313 5.389 -6.893 1.805 0.951
-8.25191 -1.85761 0.0550868 1.10952 -0.474975 -1.13359 -5.44 -0.381 -0.606 0.177 -0.411 -1.673
0.419455 1.93644 3.56943 -2.22218 0.0364634 -0.0259183 0.111 0.039 0.008 0.105 0.038 -0.027
-3.99186 -0.929876 -0.0118803 6.98328 3.11915 2.09046 -5.685 -2.002 1.811 4.767 -0.789 3.058
8.45935 1.13646 -0.237184 -0.584795 -0.270327 0.0362774 3.793 0.604 1.637 -0.28 -0.825 -0.184
13.0758 1.94987 -2.19274 -2.25842 3.08599 -4.83719 11.848 -1.042 3.121 -1.951 2.363 -6.011
11.2483 1.37446 -6.87256 -1.96638 -0.541479 -2.12763 9.293 1.871 -3.457 -2.111 -0.918 -2.824
7.92611 0.0830431 -6.53085 -1.36787 -0.397114 -1.78864 5.7 0.669 -3.174 -1.559 -0.874 -2.517
5.12999 -0.637184 -10.8212 -2.40702 3.44899 -3.88139 4.383 1.6 -7.572 -2.803 2.553 -4.614
21.7102 5.77428 -0.200513 -0.328796 -1.34139 4.73543 20.815 5.307 2.083 -0.506 -1.209 5.454
13.0422 0.637844 -9.95738 1.3353 -0.75207 2.60016 11.615 1.517 -5.502 1.437 -0.813 3.092
-0.344449 0.222627 -1.62026 -3.89147 2.22381 0.919355 -0.04 2.007 1.88 -3.373 1.787 0.724
3.21255 -0.657757 -10.501 -2.67656 3.11498 -3.13732 2.517 1.685 -7.182 -3.069 2.12 -3.715
25.2689 9.9393 -0.52696 -16.7978 -2.55209 5.07468 24.409 10.658 -0.246 -16.069 -2.593 5.234
-0.938835 27.0369 2.91587 -0.856629 0.974485 -2.33932 -4.448 33.898 -0.226 -0.658 -0.096 -2.683
3.20609 0.470306 -0.943823 -4.84135 -1.38538 -0.224409 0.774 0.292 0.942 -4.056 -1.012 -0.061
18.4756 3.8529 -0.232817 -1.5259 2.84802 -4.11231 18.207 1.03 5.583 -1.233 2.663 -5.186
-5.46084 -1.44439 -4.94293 -0.919356 -4.61912 1.22379 -8.786 -2.066 -1.981 -1.656 -4.575 1.537
-0.734392 -0.937642 -9.75448 -2.72913 2.59505 -1.53616 -1.483 1.642 -6.218 -3.074 1.415 -1.755
0.423408 -1.74886 -4.2734 -2.10481 2.21644 -5.16743 2.557 0.047 -5.861 -2.384 2.566 -5.112
-4.0217 -1.34933 -8.89894 -2.30599 2.44951 0.138394 -5.092 1.363 -5.12 -2.546 1.104 0.332
-5.19407 -1.52619 -8.42444 -1.98379 2.5301 0.987286 -6.502 1.192 -4.532 -2.161 1.115 1.392
-8.52 -2.50671 -5.84096 -0.698048 -4.30557 0.68071 -12.13 -3.082 -2.716 -1.419 -4.308 0.828
4.50561 1.82485 -2.9432 -4.3186 -3.24765 0.563394 0.641 1.225 -0.505 -3.572 -2.144 0.962
11.3031 4.80395 -8.72903 -2.68585 -0.283319 -3.91366 11.105 7.171 -5.01 -2.627 0.78 -3.796
-1.48809 0.302103 5.44641 0.1925 2.52805 3.72006 -7.598 -4.159 7.562 0.088 2.571 5.086
-4.53516 -3.98567 -10.9037 3.66844 -3.05206 0.447219 -8.527 -0.788 -6.932 3.607 -2.47 1.37
-6.28281 -3.55612 -4.81961 -2.034 4.44785 1.00372 -6.493 -2.136 -0.47 -2.854 3.563 0.222
-4.06083 -3.37377 2.53377 0.141877 0.827483 0.2974 -6.634 -3.199 5.216 -0.473 0.34 -0.667
-5.4026 -3.69403 1.4432 -0.157696 1.53752 0.385671 -7.605 -3.264 4.453 -0.866 0.908 -0.582
0.537772 1.36641 -3.24851 0.889485 3.14653 7.06754 -3.196 2.601 0.725 0.836 2.435 8.159
1.88691 3.51469 1.34328 2.4549 1.24389 -1.42025 1.087 0.756 6.887 2.768 2.101 -2.19
9.88141 -1.13447 -5.23101 -2.59056 3.57201 -3.4108 7.585 -4.119 -1.213 -3.461 4.029 -3.521
3.72807 1.31204 5.64379 -4.46725 -0.527871 3.8904 1.303 1.03 3.645 -1.524 -1.818 3.121
-12.167 -1.07435 2.73881 1.84479 2.55409 1.38583 -16.31 -4.204 6.849 2.433 2.772 1.431
-11.2254 -3.74277 -11.4611 1.45062 -2.33972 -1.66324 -14.988 0.278 -7.742 1.513 -1.253 -0.62
3.60669 1.73809 4.42862 -4.80739 -0.0889557 0.798331 3.487 0.946 -0.224 -2.675 -0.049 0.98
-15.3716 1.75632 5.74347 1.58888 -6.20614 -6.0768 -12.72 3.75 6.323 0.54 -7.272 -5.352
13.0969 -0.816701 4.36459 -4.64018 -0.101323 -0.50367 12.91 -0.591 5.02 -4.899 -0.434 -0.31
-7.05646 0.508949 -10.4921 -0.728021 -0.412526 -3.58356 -8.967 4.536 -6.921 -0.657 0.929 -2.743
1.11747 1.00218 1.23901 -0.140953 1.66164 6.7737 0.329 -0.338 -2.027 1.401 1.754 6.943
9.88638 2.04254 -2.30277 6.95218 -2.65854 -0.196796 7.297 3.997 1.524 5.563 -2.341 -0.315
-3.87543 10.859 -10.4272 -7.62558 -2.82341 -2.43907 -0.235 9.714 -4.943 -5.028 -3.364 -3.043
-0.710055 -4.21444 -1.60696 2.71595 5.99878 1.74309 -1.666 -4.781 -4.812 4.234 5.761 2.278
-3.18537 0.375904 3.60191 0.189513 1.739 1.07461 -3.671 0.324 3.332 0.088 1.197 0.882
-0.247892 -1.5623 5.58983 -5.22004 2.56402 0.0271038 -1.604 -2.374 2.56 -2.161 1.926 -0.539
2.15051 8.39586 5.76607 -4.58877 -4.02963 9.90801 1.465 6.045 2.234 -2.849 -3.563 9.522
3.13617 -2.87563 -3.46692 0.286295 -3.48103 6.61697 4.711 -1.036 -2.835 0.148 -4.206 5.571
1.7319 -0.494168 3.3419 -2.05418 2.25786 -4.09292 1.106 -0.88 -0.501 0.515 1.307 -3.428
-5.87769 -0.616247 -0.753599 0.424512 0.00933264 -0.423512 -5.543 -0.484 -0.316 0.435 -0.089 -0.39
5.2712 -0.0504039 -0.913344 -0.417641 0.370507 -1.29615 4.455 0.109 -0.969 -0.225 -0.114 -0.583
16.7129 -4.4273 9.23947 20.2359 -15.0941 -11.7802 16.551 -5.371 8.368 21.194 -15.637 -12.631
-2.6944 -0.916385 -5.94922 0.605837 -1.67535 1.2259 -2.719 -0.594 -4.996 0.568 -1.58 1.164
-3.51178 0.356351 2.44719 0.574892 1.42173 2.27458 -3.349 -0.08 1.493 0.587 0.699 2.115
-4.39721 -0.388983 -1.0753 0.28597 0.102783 -0.397994 -3.982 -0.228 -0.474 0.353 0.094 -0.221
0.514088 12.1563 7.75336 -6.49196 -6.74239 9.68019 0.182 9.489 4.247 -4.918 -6.202 9.049
0.715902 -0.562182 -3.4146 1.13693 -0.791182 1.55732 -0.191 -0.397 -2.98 1.083 -0.968 1.337
4.25921 10.5418 -0.527511 1.16655 -4.80892 1.91946 2.476 12.695 3.245 0.514 -4.761 2.686
-4.18107 -1.52306 -6.31802 -0.133258 -1.96006 -0.314921 -3.751 -0.873 -5.165 0.068 -1.992 -0.019
-5.07879 0.0607239 -0.336594 -0.119237 0.402222 -0.155094 -3.952 -0.134 -0.455 0.025 -0.019 0.322
-3.25814 13.2503 7.66721 -6.22525 -7.39332 7.14489 -2.916 10.844 4.579 -5.22 -7.002 6.508
-4.52094 -0.263022 -2.48364 -0.492392 -0.538984 -1.29358 -3.069 -0.437 -2.328 -0.392 -0.82 -0.8
-1.14772 0.0424211 0.22119 0.161299 0.122958 -0.0515119 -1.915 -0.162 0.451 0.01 0.293 -0.184
-4.75658 -0.170505 -1.97609 -0.411744 -0.312165 -1.13461 -3.306 -0.337 -1.818 -0.293 -0.6 -0.608
-2.98572 -0.475523 1.70907 -0.212135 0.989823 -0.705151 -3.088 -0.005 1.763 -0.254 0.439 -0.474
3.82752 -0.253888 1.29279 -0.352892 0.516323 -0.323008 3.443 -0.023 1.366 -0.217 0.086 -0.212
14.2294 8.33395 7.21375 -15.86 -24.3999 8.49289 13.828 4.718 3.191 -11.96 -22.803 6.479
5.24843 -0.737099 -1.50063 0.305879 -0.163558 1.20894 3.711 -0.305 -1.901 0.087 -0.721 0.929
0.577739 -0.202498 -1.36942 -1.0512 0.0559995 -0.817696 0.319 -0.572 -2.339 -1.045 -0.688 -0.738
1.57163 0.173109 -0.205629 0.263421 0.596843 0.518082 0.942 0.082 -0.206 0.347 0.492 0.764
-0.531643 -0.295003 1.98828 -1.45402 1.21467 -2.33509 -0.846 0.232 3.067 -1.282 1.148 -1.919
2.60722 0.198408 -0.129171 0.341597 0.573609 0.824263 1.763 0.056 -0.248 0.407 0.446 1.018
-0.694659 -0.398436 -2.78972 -1.06058 -0.595748 -1.24142 -0.34 -0.718 -3.39 -1.047 -1.166 -1.046
-0.740886 0.245795 3.20549 0.02827 1.49736 -0.378321 -0.218 0.258 3.506 0.139 1.091 -0.147
-3.33823 -0.431864 -1.03091 0.207823 0.337435 -0.378805 -3.349 0.029 -0.624 0.402 0.019 -0.34
1.64551 0.388493 2.6728 1.34759 1.49073 2.58742 1.635 -0.118 1.72 1.169 0.907 1.909
-0.400562 -0.197772 1.84996 -0.147468 1.27832 -0.803809 0.582 0.617 3.567 -0.041 1.346 -0.586
-4.46606 -5.31728 -4.41846 4.11863 7.23094 -1.48943 -5.533 -3.64 0.485 2.929 5.542 -2.165
-1.80633 37.1066 -0.743569 -5.30826 0.525742 -1.41153 -0.483 36.915 -0.843 -5.598 1.052 -1.397
0.400425 -1.87885 -1.63743 -0.807986 -0.568894 0.961515 1.289 -1.503 -1.1 -0.961 -0.99 0.538
-0.773759 5.37892 1.08699 -1.312 -2.80858 1.21033 -0.222 6.751 2.378 -0.261 -1.984 1.92
-2.50032 -1.61549 6.65458 1.32578 2.35002 -2.64178 -0.504 -0.531 5.027 1.338 1.969 -4.501
-7.70934 2.93082 -4.41408 -5.12271 -3.19556 4.89456 -9.326 2.649 -6.064 -4.712 -4.047 5.664
-8.95841 -1.37457 0.431353 0.0856468 1.13415 1.14562 -8.365 -0.675 1.008 -0.134 1.159 0.636
-10.7907 -1.81586 -3.40485 -0.156639 -1.62161 -1.40315 -11.151 -2.152 -3.474 -0.356 -1.876 -0.892
-3.82045 -0.0923926 -2.35121 0.207226 -0.013633 -0.809641 -3.92 -1.058 -3.01 0.426 -0.393 -0.642
-5.90697 0.411819 -3.8367 -3.05966 -1.88866 -4.43791 -3.786 -1.368 -2.74 -2.541 -0.964 -2.77
10.4324 18.9743 -4.85506 -6.6084 2.41334 -5.9743 12.519 18.795 -8.41 -8.053 2.626 -4.293
-7.03581 -2.46385 -10.0697 -1.30591 -3.06243 -3.3283 -3.573 -2.31 -9.051 -1.387 -3.104 -2.978
3.11339 -3.11853 1.3975 -1.35961 2.00555 -3.47622 5.572 -1.18 1.509 -1.204 1.816 -2.439
-3.51085 -6.22673 -7.86119 -0.127954 -3.67545 2.66784 -1.027 -6.689 -6.213 0.379 -3.215 2.514
35.4899 44.1648 -0.700764 -14.5296 -0.339109 -1.37895 31.801 48.411 0.072 -23.088 0.054 -0.982
-0.362087 -1.3063 -1.79001 -0.176009 0.352418 0.29536 -1.076 -0.332 -1.475 -0.139 0.517 -0.098
0.664826 -0.266061 0.597852 -0.577756 -0.268865 -0.524856 -0.171 0.755 1.115 -0.225 -0.229 -0.689
-0.101488 0.040607 -1.10627 0.977072 -0.343391 0.230606 -0.829 1.209 -0.537 1.206 -0.455 -0.196
0.325755 -2.17836 -1.11983 0.153896 -1.02814 0.939599 -0.556 -1.311 -0.728 0.386 -1.087 0.538
-0.491902 -2.23479 -1.87678 0.170342 -0.997534 0.650119 -1.445 -1.662 -1.58 0.19 -1.087 0.413
-0.408556 -2.29265 -1.97579 0.138743 -1.02952 0.618137 -1.344 -1.65 -1.678 0.151 -1.097 0.378
-0.116206 0.00190602 -0.738159 0.761263 -0.290493 0.192959 -0.838 1.192 -0.05 0.959 -0.325 -0.227
0.812913 -0.443371 -1.20189 -1.08867 0.370085 0.50136 0.02 0.457 -0.978 -1.054 0.502 0.013
2.35753 -0.400517 0.657418 -0.70662 -0.181258 -0.40475 1.647 0.819 1.06 -0.58 -0.134 -0.633
0.0386399 -2.9675 -0.960064 0.368583 -0.335672 0.0242085 -0.674 -1.724 -0.328 0.674 -0.115 0.007
-1.14893 -1.90653 -1.83071 0.371317 0.116752 0.000854081 -1.854 -0.845 -1.432 0.441 0.312 -0.273
-1.22599 -3.83562 -1.92741 -1.48488 0.402396 1.22844 -2.091 -2.889 -1.543 -1.221 0.357 1.184
0.624707 -1.35487 -0.945915 -0.475939 0.647839 0.807467 -0.257 -0.371 -0.333 -0.217 0.827 0.403
-0.498617 -2.88955 -1.58061 0.272482 0.31101 0.00801911 -1.363 -1.871 -1.093 0.644 0.434 -0.058
-1.23282 -3.67631 -2.14907 -0.525792 0.695504 0.879871 -2.254 -2.859 -1.875 -0.199 0.652 0.859
1.19832 -0.152109 -0.892136 -1.34911 0.354741 0.511426 0.357 0.696 -0.691 -1.287 0.478 0.011
-0.953941 -2.95861 -1.78251 0.24475 0.68068 0.232979 -1.928 -2.177 -1.454 0.622 0.678 0.167
1.10763 -0.287173 -0.179305 0.619048 -0.730693 -0.948496 0.36 0.853 0.147 0.753 -0.755 -1.046
1.90533 -0.290989 0.449872 -1.07213 0.179898 0.248162 1.032 0.533 0.708 -0.986 0.19 -0.229
0.531566 -1.03206 -2.29857 -0.678502 0.622861 0.675665 -0.359 -0.183 -1.914 -0.457 0.834 0.27
0.688314 -2.19518 0.631992 0.909457 -0.339768 -0.0176812 -0.029 -1.006 1.087 1.075 -0.237 0.055
0.560821 0.926285 0.157038 0.860579 -0.627716 0.0418887 -0.144 1.921 0.514 0.851 -0.664 0.044
0.695972 -1.14152 -2.10963 -0.660365 0.702351 0.761686 -0.192 -0.278 -1.683 -0.412 0.916 0.353
0.806916 -1.23697 -1.89184 -0.636563 0.753202 0.840413 -0.081 -0.358 -1.424 -0.372 0.963 0.432
0.334615 -0.543637 0.368062 -0.653513 -0.968658 0.362111 -0.571 0.297 0.629 -0.26 -0.91 -0.048
1.12273 -2.23585 -2.38229 0.368694 0.253852 0.185541 0.008 -1.539 -2.307 0.354 0.101 -0.072
0.927705 -2.22698 -2.30447 0.29816 0.131509 0.228109 -0.16 -1.524 -2.209 0.26 -0.011 -0.04
-1.37855 -0.0686228 0.79999 -1.1051 -0.626445 0.730191 -0.792 1.391 1.912 -0.17 -0.783 0.749
2.40016 1.86226 0.792175 0.98 -0.604032 -0.00463208 1.508 2.665 1.312 1.361 -0.571 -0.141
2.5253 0.989314 0.47214 1.37882 -0.71653 -0.363669 1.699 2.074 0.829 1.476 -0.734 -0.481
1.17112 1.21122 1.08473 1.02262 -0.880083 0.580146 0.571 2.144 1.874 1.093 -0.881 0.37
1.42463 1.9981 1.40197 -0.137816 -0.398406 -0.629818 0.976 3.034 1.958 -0.032 -0.532 -0.863
3.55099 0.365702 0.938066 0.665713 -0.316811 -0.224263 2.867 1.533 1.423 0.79 -0.429 -0.458
-0.247654 0.0215448 0.445646 -0.0179886 0.146046 0.315613 -0.339 -0.334 0.114 -0.281 -0.126 -0.127
0.126798 -0.183828 0.287605 -0.518652 0.257549 0.745262 -0.189 -0.367 -0.145 -0.698 -0.034 0.421
-1.3301 0.30955 -0.313518 0.603062 0.252965 0.806763 -1.213 -0.008 -0.551 0.282 -0.12 0.302
0.435981 0.324254 1.1624 0.0836657 0.531891 0.178671 0.432 -0.018 0.656 -0.184 0.353 -0.315
0.902026 0.254856 1.53692 -0.100577 0.64448 0.30291 0.908 0.081 0.888 -0.308 0.452 -0.231
-0.138867 1.05392 1.44064 -0.900464 -0.246827 1.05083 -0.194 0.86 0.931 -1.091 -0.451 0.935
-1.14969 -0.808133 -0.478399 0.887185 0.291217 0.792723 -1.167 -1.274 -0.721 0.795 -0.062 0.348
-1.06847 -0.883244 -0.463385 0.855886 0.266403 0.836124 -1.131 -1.377 -0.723 0.806 -0.088 0.391
-0.130316 0.0673662 0.276523 0.758874 0.23942 0.333718 -0.54 -0.27 -0.228 0.665 -0.238 -0.114
-0.160574 0.218115 0.340982 0.629915 0.0912515 0.394474 -0.559 -0.115 -0.178 0.541 -0.386 -0.059
-0.183875 0.351145 0.382414 0.498896 -0.0432413 0.445191 -0.574 0.02 -0.138 0.409 -0.517 -0.015
-0.646263 -1.33732 -0.752622 0.29696 0.71796 -0.212635 -1.197 -1.952 -1.334 0.449 0.413 -0.762
0.602882 1.70272 1.70469 -1.04574 0.482358 1.10477 0.5 1.439 1.303 -1.295 0.226 0.974
2.95463 1.51102 1.4967 1.80599 -1.35482 -0.030877 2.187 2.444 1.933 1.72 -1.215 -0.029
0.0343713 -4.52814 -4.19617 0.565305 -1.21743 -0.465864 -0.055 -4.098 -4.616 1.486 -1.255 -0.607
-1.48665 0.792496 -1.63649 -0.0371909 0.574021 -0.521567 -1.869 0.396 -1.841 -0.163 0.031 -0.885
3.13049 1.7056 2.46053 -0.988448 2.29397 3.14381 3.024 1.244 1.948 -1.731 1.677 2.534
1.63002 -0.756136 3.33621 2.64093 1.18304 2.75245 1.693 -0.011 3.504 2.706 1.209 2.58
0.0894099 3.57493 0.958223 0.868688 -0.134831 0.953664 -0.095 3.473 -0.024 0.408 -0.423 0.818
-1.72032 1.89281 -2.54782 0.357685 -0.398249 -0.557272 -2.005 3.959 -1.749 0.32 -0.861 -0.413
-1.39339 -2.32488 -0.0891445 1.06406 -0.764748 -0.277714 -1.208 -3.553 -1.682 0.721 -0.751 -0.173
3.84757 2.47531 -3.25871 -6.85311 0.96428 3.52191 3.209 2.853 -3.069 -6.776 0.848 3.772
1.28948 -1.5541 2.28827 -0.678319 1.90735 -2.43612 0.286 -1.774 3.175 -1.165 2.006 -0.917
7.32806 2.55042 3.43315 -0.238536 -1.47998 2.77776 6.605 2.164 2.695 -0.11 -1.958 2.253
4.38882 1.51155 9.40524 1.80108 -1.83145 -0.00430903 1.644 -0.421 6.714 1.38 -1.183 -0.017
3.65228 -3.94396 -1.53531 -2.32196 -3.12982 -0.214733 2.836 -3.401 -1.77 -1.396 -3.26 -0.768
7.43662 3.08777 4.33036 -0.817089 -1.69271 2.46896 7.437 2.814 3.891 -0.585 -1.954 2.006
7.82971 5.01781 4.15381 -0.452796 -3.7262 2.70291 7.516 4.79 3.466 -0.33 -3.994 1.983
7.99467 3.12355 4.11636 -0.893879 -2.52935 3.22191 7.78 2.765 3.245 -1.07 -2.717 2.74
9.19441 2.34389 3.76489 0.575725 -2.26793 2.93658 8.947 1.753 2.893 0.801 -2.378 2.484
13.3106 16.2264 13.1869 -3.12223 1.6295 1.53116 12.647 15.714 11.213 -3.617 0.967 2.624
13.6577 9.84096 16.5615 -1.39467 3.47389 -2.63117 12.761 9.371 14.51 -1.183 2.209 -4.176
3.75756 1.5187 5.29512 -0.741733 0.418365 1.49749 2.644 0.225 4.606 0.041 0.249 1.298
16.4505 13.737 10.092 1.25436 0.738583 -0.22689 15.943 13.611 9.452 0.879 0.843 -1.076
-1.14823 -0.788924 4.40589 1.72508 -0.945152 -0.20394 -0.707 -4.362 3.608 1.857 -0.53 -1.173
2.81249 4.61117 0.264648 -2.00792 3.59711 2.51248 3.361 6.129 -1.98 -2.19 4.91 1.568
0.607406 1.61093 0.125345 -0.367601 -1.73038 -1.7416 -0.113 1.944 0.429 -0.05 -1.221 -1.359
-0.31389 -1.9188 -2.08622 -0.0343693 -0.00645625 0.542616 -0.981 -1.488 -2.028 0.149 0.08 0.979
0.0797932 -0.820688 -1.2143 0.366189 0.78142 0.694588 -0.628 -0.634 -1 0.52 0.977 1.034
0.816061 -0.726595 -0.191234 0.214918 -0.597881 -0.807416 0.234 -0.57 0.05 0.503 -0.133 -0.406
0.311182 -3.21404 -1.40718 -0.559214 -0.365901 0.0728378 -0.383 -3.045 -1.446 -0.296 -0.032 0.438
0.759513 1.40191 0.982786 -0.401078 -1.40618 -2.04362 0.046 1.842 1.089 -0.065 -0.891 -1.695
-0.293626 0.932852 -0.344402 0.291136 0.493773 -0.717476 -1 1.371 -0.355 0.553 0.691 -0.36
0.350862 -3.30596 -1.06951 -0.618934 -0.346212 0.0166764 -0.311 -3.077 -1.161 -0.356 -0.027 0.402
1.44748 1.57444 -1.30703 -0.478096 -1.8801 0.263506 0.751 1.755 -1.232 -0.191 -1.507 0.611
0.154703 0.734286 -0.576344 -0.228837 -1.1466 -1.85661 -0.499 1.221 -0.451 0.048 -0.503 -1.674
-0.502378 -2.36668 -1.52854 -0.32645 0.62855 -0.344603 -1.054 -1.874 -1.225 -0.077 0.706 0.141
-0.474254 -2.24235 -1.65413 -0.365892 0.578322 -0.308707 -1.014 -1.791 -1.424 -0.112 0.673 0.159
1.33225 -0.635631 0.748703 0.110887 -0.959492 -0.765664 0.744 -0.43 0.907 0.407 -0.507 -0.347
1.68438 1.723 -0.245469 -0.614114 -1.34491 0.0314794 1.067 2.015 -0.165 -0.308 -1.058 0.428
0.438218 -1.88543 -2.97716 -0.83727 0.0601798 0.775309 -0.27 -1.811 -2.879 -0.728 0.284 1.207
1.40999 1.36728 -0.958614 -0.357736 -2.03092 0.248936 0.711 1.521 -0.833 -0.08 -1.618 0.588
0.466347 -1.90619 -2.95417 -0.891021 0.0963841 0.703351 -0.223 -1.821 -2.891 -0.775 0.338 1.151
-0.514365 -1.96803 -1.62035 -0.35282 0.399739 -0.143732 -1.055 -1.591 -1.557 -0.108 0.517 0.292
0.231481 0.172931 0.221788 -0.245528 -0.0854721 0.371708 0.005 -0.012 0.004 0.017 -0.003 -0.012
0.568501 0.0670342 0.413363 -0.408991 0.065094 -0.546721 -0.005 -0.004 0.018 -0.019 -0.01 -0.008
-0.28663 -0.541194 -0.235122 -0.00199954 -0.541216 -0.58297 -1.518 0.054 0.661 0.522 -0.592 -0.088
0.423281 0.925678 0.407536 0.672307 -0.756409 0.252783 -0.234 0.648 0.419 1.061 -0.075 0.992
0.606075 -0.575459 -0.0821969 -0.605395 -0.919292 -1.53805 0.079 -1.198 0.229 -0.351 -0.421 -0.985
-0.205316 -1.53359 -1.15336 -0.35163 0.282871 -1.61191 -0.9 -1.882 -0.903 0.051 0.722 -1.036
0.589051 1.31425 0.760397 0.799069 -0.557414 0.317504 -0.046 0.994 0.774 1.195 0.095 1.07
-0.316184 -1.22698 -1.10996 -0.308466 0.23035 -1.58599 -1.006 -1.56 -0.813 0.091 0.668 -0.985
0.363218 0.39188 -0.725423 -1.22179 0.0964851 -0.580898 -0.447 -0.239 -0.69 -1.124 0.979 -0.069
0.022071 1.83374 0.0882945 -0.424327 0.377548 -0.593527 -0.939 1.123 -0.313 -0.081 0.932 -0.082
0.79175 2.10134 -0.837953 -0.640578 -1.2484 -0.974139 0.145 1.706 -0.308 -0.379 -0.747 -0.066
-0.042059 0.629585 -0.49289 -1.38806 -0.620961 -0.628608 -1.017 0.004 -0.561 -1.265 0.01 -0.012
0.953955 -2.1445 -1.51205 -0.165905 -0.296562 -1.36451 0.451 -2.61 -1.51 0.185 0.231 -0.782
0.76462 0.858284 -1.49435 -1.20321 -1.51646 -0.567465 0.466 0.474 -2.857 -0.776 -0.903 -0.423
0.697347 1.72932 -1.04816 -0.615442 -2.58865 -0.831982 0.037 1.102 -0.913 -0.27 -2.346 -0.17
0.434307 0.469016 -0.500708 -1.06072 0.285721 -0.488451 -0.376 -0.19 -0.47 -0.981 1.137 0.02
0.854129 -0.789687 0.0626948 -0.315962 -0.667947 -0.528671 -0.01 -1.048 0.314 0.129 -0.415 0.147
0.297967 0.0727256 1.498 -0.960333 -1.69922 -0.0458024 -0.542 -0.37 0.465 -0.277 -0.75 0.177
0.216331 1.11329 -1.29454 -1.05049 -1.24532 -0.638593 -0.05 0.651 -2.659 -0.644 -0.693 -0.531
1.09664 1.02307 -0.209602 -0.233744 -0.0273191 0.324843 0.182 -0.011 -0.145 -0.038 0.337 0.95
0.33352 0.149212 1.66392 -0.999896 -1.68072 0.070182 -0.532 -0.278 0.646 -0.309 -0.728 0.288
1.79084 2.28605 3.64688 -0.627101 -0.565691 0.212016 1.036 1.974 2.967 -0.086 0.399 0.623
1.85329 2.1331 3.34042 -0.666295 -0.560803 0.255062 1.07 1.852 2.684 -0.119 0.434 0.662
1.40726 2.51502 4.67685 -0.445083 -0.530861 -0.0114572 0.724 2.119 3.87 0.081 0.341 0.405
1.88086 1.97935 3.06044 -0.702204 -0.554923 0.28756 1.068 1.718 2.414 -0.149 0.464 0.689
1.09398 -0.619558 -0.113623 -0.214827 -0.196629 -0.463494 0.189 -1.074 0.148 0.189 0.108 0.201
1.22775 2.4503 4.99599 -0.355517 -0.478696 -0.119263 0.563 2.049 4.152 0.169 0.363 0.298
0.748269 -1.37898 -1.49455 -0.237184 -0.407943 -0.851616 0.234 -1.839 -1.311 0.191 0.164 -0.241
0.171779 0.516265 -0.268625 -1.34171 -0.204447 -0.386035 -0.759 -0.133 -0.414 -1.228 0.515 0.142
1.14895 1.61707 1.79209 0.963815 -0.0805157 0.727461 0.533 1.281 1.834 1.375 0.486 1.468
-0.712828 1.16618 -1.74345 0.0819831 -0.652805 -1.54349 -1.471 0.788 -1.458 0.443 -0.093 -0.936
0.722796 -1.0724 1.4891 -0.859971 -1.24931 -1.27431 0.179 -1.739 1.592 -0.65 -0.747 -0.713
1.16593 -0.5128 -0.130514 -0.171769 0.0422709 -0.420742 0.263 -1.043 0.149 0.215 0.398 0.253
-0.0374665 1.96602 0.895456 0.16544 0.975778 0.307198 -0.894 1.279 0.745 0.41 1.208 0.97
1.1682 0.341372 -0.493481 -0.63059 -0.369473 -1.00157 0.44 -0.348 -0.236 -0.387 0.029 -0.436
0.887653 2.25483 -0.577495 -0.461642 -2.18821 -0.573861 0.239 1.712 -0.358 -0.12 -1.918 0.16
-0.208541 0.597005 0.382764 -0.048801 -0.686265 -1.30894 -1.1 0.568 -0.936 0.663 0.062 -1.099
0.590232 0.685462 1.11011 -0.776895 -1.4196 -0.399864 -0.585 -0.476 1.036 -0.648 -1.198 -0.066
0.621194 -1.41861 0.157859 -0.74903 -2.30872 -1.59233 -0.111 -2.168 0.055 -0.367 -1.527 -1.013
1.25081 -0.286655 -0.123472 -0.121496 0.511617 -0.337715 0.363 -0.976 0.189 0.221 0.981 0.367
1.10997 0.477601 1.46992 -0.482666 -0.242541 -0.488173 0.425 0.419 0.263 -0.024 0.461 -0.202
1.10238 -1.28621 1.70814 -1.22542 -0.407351 0.795549 0.476 -1.489 0.616 -0.767 0.325 1.035
1.57757 1.35344 2.15535 -0.919909 -0.747183 0.392688 0.628 1.08 1.434 -0.305 0.293 0.721
0.245543 0.45573 -1.74422 -0.308447 -0.209634 -0.329537 -0.146 0.022 -2.985 0.273 0.143 -0.152
-0.930498 -1.31367 1.4638 -0.874309 -1.47006 -0.0216384 -1.18 -1.769 0.653 -0.377 -1.093 0.129
0.872717 1.24773 1.10946 -0.383012 -0.603998 -0.648761 0.143 1.154 -0.128 0.102 0.101 -0.366
0.556325 -1.29091 0.232561 -0.821862 -2.46154 -1.66082 -0.164 -2.018 0.156 -0.446 -1.636 -1.074
0.188742 0.570625 4.0062 0.733595 1.17863 -1.08225 -0.57 0.443 2.752 1.261 2.003 -0.687
0.340449 2.04165 0.753513 -0.192492 -1.20656 -0.903518 -0.487 1.944 -0.53 0.415 -0.487 -0.626
2.05208 -0.178611 2.55306 0.428807 -0.0447886 1.05141 1.436 -0.481 2.703 0.911 0.545 1.737
0.702019 -1.5634 1.52707 -1.10232 -0.448767 0.839556 0.072 -1.801 0.347 -0.67 0.265 1.064
1.14303 -0.364846 -0.298531 -1.45897 -2.00298 0.0181245 0.647 -0.657 -1.444 -0.899 -1.303 0.221
1.0138 -1.29477 -1.86306 -0.364921 -2.12599 -0.403255 -0.01 -1.291 -3.023 0.065 -1.241 0.069
0.598568 0.935031 5.33559 -0.827682 0.0825312 -0.578351 0.014 1.464 4.892 -0.311 0.252 -0.502
0.213195 0.484263 3.67348 0.805143 1.38058 -1.10838 -0.574 0.377 2.387 1.338 2.217 -0.717
-0.0902093 -0.12061 -0.683992 0.452506 0.269526 0.862417 -0.324 -0.384 -0.888 0.555 0.356 0.491
-0.410811 -1.52648 1.96559 -1.06209 -2.16201 0.184464 -0.762 -1.91 1.025 -0.52 -1.653 0.336
0.526367 -1.0592 0.966151 -1.34529 -2.22775 0.179937 0.057 -1.383 -0.124 -0.771 -1.584 0.367
0.0299766 -1.39047 1.64286 -1.21 -2.27752 0.21399 -0.385 -1.739 0.618 -0.646 -1.694 0.382
0.25663 0.430419 3.33414 0.846231 1.54488 -1.0943 -0.559 0.332 2.013 1.391 2.391 -0.708
0.255376 -0.169189 0.839257 0.105062 -0.229898 0.165757 -0.003 -0.473 0.387 0.546 -0.042 -0.096
0.312245 0.392726 2.98544 0.85438 1.66263 -1.036 -0.533 0.297 1.628 1.419 2.515 -0.654
-0.606856 0.170727 0.00890522 -0.575338 -0.451563 0.70247 -0.983 -0.229 -0.55 -0.406 -0.149 0.548
0.125649 1.01811 0.603812 -1.35816 -0.94495 0.440707 -0.4 0.323 0.275 -1.301 -0.756 0.127
0.411308 1.75621 -0.625764 -0.101209 -0.0946615 -0.20385 -0.529 1.229 -0.461 0.242 0.224 0.204
0.0234189 -0.384814 -0.0596709 -0.174059 0.0767377 0.0638028 -0.452 -0.787 -0.48 0.041 0.255 -0.107
-0.76748 0.455 -0.134925 -0.672054 -0.631419 0.816754 -1.161 0.044 -0.714 -0.525 -0.306 0.663
0.454975 -0.00103824 -1.41635 -0.186432 -0.0988719 -0.651097 -0.303 -0.437 -1.511 0.034 0.002 -0.927
0.568278 0.0625064 0.293504 -0.268572 -0.32315 0.581764 0.033 -0.52 -0.3 -0.056 -0.167 0.296
-0.0539133 -0.501375 -0.817547 -0.141295 -1.26386 -0.237817 -0.791 -0.655 -1.186 0.368 -1.235 0.225
1.31603 1.07772 0.0971298 -0.247144 -0.438114 0.252863 0.843 0.942 -0.128 -0.035 -0.322 -0.258
1.35896 -0.824709 1.66169 -0.373313 0.950414 -0.465649 0.837 -0.852 1.642 0.357 0.778 0.267
1.69138 -1.32527 1.06823 -0.402857 0.577327 -0.418868 1.178 -1.329 0.988 0.186 0.44 0.272
0.701832 -0.626513 1.31705 -0.0601622 -0.0370976 -0.825035 -0.079 -0.885 0.553 0.534 -0.251 -0.511
-0.466338 -0.512639 0.910694 -0.267274 -1.04296 -0.150154 -0.769 -0.741 0.424 0.072 -0.782 -0.531
-0.0395415 -1.00061 0.140154 -0.279259 -0.784624 -0.203641 -0.358 -0.967 -0.139 -0.064 -0.712 -0.449
0.359661 0.599124 -0.0275388 0.232085 -0.495162 -0.912973 -0.284 0.706 -0.633 0.748 -0.387 -0.526
0.0196407 -0.866024 -0.186137 -0.29404 -0.813273 -0.121031 -0.26 -0.832 -0.401 -0.094 -0.78 -0.376
1.50919 -0.286338 1.24411 -0.64695 -0.23144 -0.523655 0.981 -0.608 0.898 -0.019 -0.457 0.038
-0.119301 -0.967917 0.518836 -0.222579 -0.793241 -0.22194 -0.457 -0.966 0.155 0.036 -0.663 -0.487
0.0585597 -0.420312 -0.484364 0.119821 0.315734 0.766766 -0.145 -0.675 -0.688 0.241 0.412 0.363
-0.725853 0.16661 0.94496 -0.700586 -1.08657 0.180741 -1.057 -0.26 0.517 -0.459 -0.839 -0.207
-0.754605 2.29955 1.05142 -1.4832 1.2597 -0.960861 -1.5 2.022 0.481 -0.944 1.01 -0.524
0.349259 0.325007 1.19288 -0.280555 -0.265635 0.177243 -0.078 0.07 0.84 -0.135 -0.215 -0.152
0.458461 2.02952 0.415619 0.462759 0.526788 -0.195423 0.208 1.839 0.32 0.711 0.541 -0.519
-0.535622 0.310065 0.411241 -0.0519277 0.44644 1.16447 -0.624 0.222 0.11 0.315 0.448 0.687
-0.638131 -1.40765 -1.84453 -0.553525 -0.753813 0.0628109 -1.37 -1.57 -2.479 -0.253 -0.793 0.388
-0.076085 2.06217 0.418748 -0.422571 0.26778 -1.09346 -0.756 1.867 -0.094 0.148 0.18 -0.758
-0.0424217 0.273917 0.248716 -0.328291 -0.372281 -1.59871 -0.928 0.421 -0.859 0.321 0.386 -1.376
0.107416 -0.235811 -0.343721 -0.0998238 0.0602607 -0.314149 -0.403 -0.662 -0.667 0.139 0.185 -0.495
0.00518732 -0.626013 1.76381 -0.2824 0.777771 -0.319695 -0.69 -0.779 1.099 0.069 0.508 0.01
1.08614 2.34027 0.964286 -0.937714 1.56524 -0.417532 0.66 1.999 0.421 -0.538 1.341 0.083
0.516426 -3.35168 -0.0925216 -0.0581683 -0.880457 -0.722851 -0.257 -3.146 -0.387 0.374 -0.959 -0.393
0.799801 -0.0722647 0.402094 -0.157554 -0.647868 0.167099 0.168 -0.731 -0.275 0.083 -0.457 -0.105
1.34823 0.553881 2.17805 -0.0349133 -0.307582 0.181352 1.002 0.368 1.928 0.182 -0.261 -0.179
0.395311 0.0623197 0.907099 -0.55223 0.0944801 0.82192 0.384 -0.244 0.455 -0.171 0.06 0.248
0.880226 -0.216202 0.650971 0.151681 -0.595259 -0.0732705 0.407 -0.733 0.067 0.518 -0.381 -0.332
0.187485 0.828515 0.754709 0.209235 0.63076 1.1901 0.103 0.504 0.383 0.447 0.694 0.987
0.486817 -0.974889 -1.48846 0.0645301 0.0106251 0.122923 0.064 -1.128 -1.589 0.3 0.168 -0.179
0.855464 1.88451 0.973842 -1.35182 1.56915 -0.544442 0.433 1.552 0.492 -1.108 1.3 -0.174
-0.379228 -0.824589 -1.57666 -1.00422 -0.19358 0.505491 -1.032 -1.127 -2.177 -0.679 -0.028 1.128
0.84379 1.30703 -0.0667009 -0.492947 -0.0454548 0.808707 0.822 1.275 -0.015 -0.235 -0.065 0.609
0.422921 -0.698089 -1.5102 -0.00272906 0.0563355 0.0845888 -0.006 -0.826 -1.588 0.248 0.227 -0.176
-0.591309 0.662781 0.947907 -0.990288 -1.07417 0.331321 -0.955 0.114 0.541 -0.815 -0.852 -0.042
0.908298 -0.125913 0.53124 0.042179 -0.699818 -0.0583325 0.362 -0.756 -0.122 0.362 -0.483 -0.322
0.975146 2.20194 0.925387 -1.24671 1.63834 -0.542529 0.563 1.883 0.421 -0.965 1.404 -0.124
1.02177 2.31326 0.931256 -1.164 1.65741 -0.510805 0.61 1.985 0.414 -0.845 1.428 -0.063
0.0380922 1.01684 0.408092 0.840062 0.0102838 0.60063 -0.288 0.67 0.06 0.969 0.087 0.366
0.270801 1.09664 1.78746 0.0553436 0.208364 0.425934 0.197 0.963 1.536 0.329 0.259 0.019
1.28729 0.658193 -0.155566 -0.0836104 -0.695007 0.0947829 1.038 0.186 -0.823 0.223 -0.532 -0.542
-1.08864 1.26144 -1.05497 -0.837208 -0.905874 0.910661 -1.485 0.948 -1.527 -0.759 -0.542 0.779
-0.219445 -0.513538 -0.226319 -0.391908 0.28468 0.651931 -0.434 -1.16 -0.793 -0.274 0.333 0.304
0.358639 0.0939937 -1.04382 -0.0919943 -0.189104 -0.804704 -0.34 -0.385 -1.204 0.14 -0.091 -1.041
-0.517275 -0.573585 -1.4424 -0.56607 -0.0617323 0.419922 -1.152 -0.972 -1.969 -0.233 0.106 1.017
0.246373 -0.738139 -0.23457 -0.314367 0.630838 0.337464 0.032 -0.98 -0.446 -0.139 0.728 -0.066
0.592848 -0.453055 -0.274167 0.156876 -0.0822794 -0.111298 -0.103 -0.162 -0.741 0.732 0.166 0.37
0.395732 2.76987 5.32022 -1.84265 -0.18651 -1.76156 -0.189 3.1 5.001 -1.347 -0.04 -1.45
2.19731 -0.225805 1.06266 -0.0250786 0.445729 0.167025 1.688 -0.681 0.988 0.069 0.459 -0.193
-0.408673 2.24034 6.68091 -1.60154 0.868503 -1.45061 -0.692 2.857 6.229 -1.143 0.917 -1.079
0.968586 0.887268 0.790289 -0.131517 0.652492 0.530377 0.681 0.654 0.729 0.014 0.722 0.134
0.184163 2.00304 6.30482 -0.995301 0.894654 -2.08911 -0.239 2.455 5.818 -0.641 1.058 -1.775
1.57836 1.22643 2.35069 -1.26599 0.35865 0.808612 1.339 0.74 1.49 -1.034 0.564 0.246
1.06521 1.65054 6.03663 -0.829767 0.906019 -0.609995 0.818 2.25 5.687 -0.418 1.075 -0.366
-1.08346 1.17014 -1.16397 -0.213911 -0.183774 -1.78088 -2.168 0.907 -1.884 0.086 -0.153 -1.505
-1.05457 1.14177 -1.26058 -0.0545133 -0.289124 -1.91212 -2.165 0.905 -2.013 0.201 -0.246 -1.667
1.14256 -1.45417 -0.44548 -0.548816 -0.198416 1.04858 0.909 -1.701 -0.568 -0.412 -0.232 0.699
0.071318 0.747796 -1.17784 -1.2683 0.954483 0.0387637 -0.339 1.242 -0.88 -0.709 0.91 0.706
2.02469 0.114599 -0.678084 -0.589734 -0.902881 -0.309348 1.83 1.393 0.186 0.109 -0.899 -0.032
0.673145 2.79191 6.70696 -1.51464 -0.0359779 -1.35665 0.38 3.428 6.38 -1.108 0.225 -1.033
0.0933549 -0.634635 -1.37077 -0.140358 0.731542 -0.326019 -0.116 -1.243 -1.658 0.014 0.966 0.153
-0.481799 1.48112 7.59489 -0.463267 0.699826 -1.45195 -1.002 1.829 7.351 -0.008 0.829 -1.413
0.543638 0.292289 2.04101 -0.484429 -1.00978 -1.68302 -0.17 0.464 0.783 0.281 0.016 -1.37
2.10399 3.22239 1.5502 0.946974 -2.83685 -0.845911 1.222 2.669 1.194 0.997 -3.238 -0.45
-0.303473 0.983822 0.695759 -0.226289 0.570194 -1.11253 -1.278 1.118 -0.681 0.354 1.266 -0.937
0.0814497 2.00629 1.07909 -0.595723 0.222374 -1.31023 -0.889 2.326 0.117 0.029 1.13 -0.943
0.551888 2.00237 1.76503 -0.867369 -0.80598 -1.45546 -0.389 2.033 0.376 -0.04 -0.082 -1.056
0.770871 1.98289 1.61826 -0.129153 -1.43375 -1.58956 -0.255 2.077 0.384 0.746 -0.597 -1.439
0.708758 2.2984 2.15823 -0.109099 -0.429487 -1.00401 -0.136 2.381 0.937 0.611 0.302 -0.651
1.91753 0.487349 4.5987 0.815382 -0.172522 1.45645 1.351 0.253 4.851 1.344 0.527 2.111
2.90653 1.69922 4.45637 0.980181 0.353483 1.67259 2.221 1.42 4.4 1.516 0.818 2.314
0.318306 1.86737 8.8761 -1.09667 -0.288309 -1.93571 -0.176 2.607 8.734 -0.769 0.082 -1.471
-0.095102 1.77237 -0.884084 0.164495 0.227959 -2.29716 -0.84 1.462 -1.86 0.255 0.239 -1.951
0.347286 -0.0625885 -0.267696 0.815036 0.539046 -2.26446 -0.311 -0.181 -1.3 0.877 0.462 -2.047
0.236946 0.354877 0.0707489 0.431959 -1.16926 -2.4626 -0.504 0.256 -1.187 0.496 -1.157 -2.084
-0.544639 0.997289 -0.237675 0.388832 -0.282076 -2.82823 -1.242 1.011 -1.387 0.336 -0.224 -2.448
-1.06032 0.718054 -1.21794 -0.285205 -1.03336 -2.32277 -1.644 0.233 -2.1 -0.095 -1.088 -2.105
0.300616 1.90839 -1.49468 0.736152 1.24222 -2.51996 -0.489 1.915 -2.15 0.797 1.315 -2.35
0.136151 1.52807 -0.0991122 0.554362 0.398677 -1.84922 -0.507 1.376 -1.158 0.551 0.289 -1.591
-0.970093 -0.656107 -0.975057 -1.31025 2.13263 1.20684 -1.105 0.418 -0.548 -0.583 2.024 1.448
-0.491585 2.29541 0.153528 0.393661 -0.222001 -0.750138 -0.645 1.166 -0.419 0.913 0.822 -0.449
10.0237 9.02121 6.81928 -2.35491 1.29561 0.892408 8.574 8.67 7.552 -1.982 0.528 0.598
0.584997 -2.40112 3.32312 -1.83317 -0.499751 -1.27908 0.05 -2.884 3.128 -1.456 0.141 -0.69
-0.613071 -0.0209811 -0.259127 0.641037 0.525932 1.17678 -1.031 -0.617 -0.765 0.026 0.507 0.695
0.880875 -1.02098 -0.537911 2.06391 0.382544 0.604822 0.657 -0.935 -1.058 1.422 0.675 0.099
0.33494 -0.199351 -0.74301 -0.487059 -0.134366 -0.297479 0.085 -0.239 -1.221 -1.158 0.184 -0.661
-0.478627 -1.34139 -1.44873 0.639468 -0.868569 0.688075 -0.349 -1.183 -1.726 -0.241 -0.647 0.268
0.907437 -0.231117 -0.410345 1.64467 0.264892 0.971336 0.605 -0.254 -0.761 1.084 0.689 0.44
-1.4052 -0.642799 0.213715 0.725283 -0.674559 0.0976273 -1.267 -0.747 -0.322 -0.066 -0.81 -0.171
0.425843 -0.361799 0.278301 0.435162 -0.5547 0.261633 0.467 -0.256 -0.028 -0.244 -0.284 -0.266
-0.666909 -1.93912 0.00326011 1.70472 -0.950384 0.838663 -0.853 -2.451 -0.689 0.922 -0.939 0.334
-0.631402 -2.01722 -0.442928 0.166449 -0.880072 0.562143 -0.472 -1.901 -0.729 -0.666 -0.624 0.146
1.03134 0.338642 0.171196 1.00018 -0.266919 0.304057 0.456 0.384 -0.247 0.098 0.087 -0.036
1.54976 0.51609 0.291915 1.20755 -0.366795 0.427085 0.952 0.563 0.008 0.288 0.01 0.003
-0.165103 -2.34846 -0.64882 1.89382 -1.06896 0.436028 -0.523 -2.856 -1.313 1.047 -1.008 -0.043
-2.45924 -0.334983 0.261727 0.308367 -0.517429 0.433669 -2.527 -0.443 0.125 -0.519 -0.237 0.079
-0.742984 -0.0420371 -0.488427 0.784293 -0.714575 0.0572408 -0.652 -0.076 -0.921 0.014 -0.712 -0.229
1.39662 1.57707 0.358338 0.692998 -0.465013 1.16621 0.985 1.553 0.269 -0.067 -0.165 0.622
-1.14669 0.439193 -0.306426 0.435895 0.738993 0.667068 -1.324 0.365 -0.905 -0.029 0.912 0.232
1.67535 1.44184 0.323361 1.00124 -0.459315 0.824096 1.171 1.412 0.202 0.15 -0.101 0.305
0.585639 -1.07341 0.0937091 1.91091 0.132665 0.0160877 0.508 -0.96 -0.582 1.198 0.357 -0.433
-1.14463 1.25929 -0.243494 0.457713 0.677917 0.909046 -1.246 1.097 -0.89 -0.257 0.997 0.564
-1.02997 -0.543204 -1.2299 0.317985 -0.876501 0.773737 -1.268 -0.7 -1.262 -0.451 -0.62 0.323
-1.20285 -1.07825 2.23793 1.37937 -0.879228 -0.114031 -1.613 -1.941 2.019 0.58 -0.651 -0.759
-1.18241 0.717173 -0.199664 0.413462 0.664226 0.644574 -1.362 0.661 -0.845 -0.057 0.851 0.212
-0.565494 -0.217447 1.68889 1.51331 -0.0956303 0.471762 -0.9 -0.863 1.508 0.632 0.101 -0.237
0.553473 0.635976 0.946451 1.61316 -0.386481 1.20642 0.56 0.604 0.474 0.679 -0.327 0.423
0.524025 0.103998 0.309532 0.768428 -0.337268 0.493785 0.402 0.082 0.059 0.268 0.194 0.054
0.432781 -0.9405 0.566446 1.53973 0.0504074 -0.356831 0.448 -0.791 -0.138 0.798 0.244 -0.776
7.90863 2.89612 8.65625 -2.12441 1.01779 -1.12236 7.454 3.617 8.418 -1.607 1.033 -1.63
0.742294 -1.54865 2.03695 -0.669477 -0.750226 -1.14558 -0.75 -1.908 1.173 -0.289 -1.119 -0.455
1.51602 -2.75883 0.295665 -0.246146 -2.4335 -0.254733 0.836 -2.881 -1.462 -0.152 -1.786 0.087
-0.0271867 -0.581559 3.8191 -0.139399 1.1718 0.842155 -1.214 -1.799 3.484 -0.749 0.946 0.762
1.5943 1.24934 0.677724 0.70415 -0.263762 0.623031 1.589 1.068 0.245 -0.047 -0.277 -0.1
1.03088 0.800934 1.29257 1.37619 -1.27194 1.08063 1.065 0.326 0.807 0.484 -1.2 0.316
1.1227 0.583181 1.2876 1.65315 -1.16682 1.2949 0.968 0.462 0.65 0.801 -1.186 0.56
0.775554 1.50914 1.65749 2.37007 0.136964 0.514854 0.911 1.33 1.169 1.305 0.115 -0.088
0.223279 -1.84502 -0.429884 0.247506 1.31151 -0.402838 -0.197 -1.931 -0.6 0.262 0.632 0.028
2.24747 1.41299 1.3171 1.38155 -1.34166 1.13482 2.117 1.356 0.658 0.404 -1.36 0.479
-0.750525 0.56918 0.0138259 0.0867756 0.187839 -0.800607 -1.055 0.435 -0.277 -0.07 -0.539 -0.396
0.249694 -1.69952 -0.425307 0.0149066 1.09354 -0.26221 -0.165 -1.649 -0.488 -0.014 0.499 0.159
0.436935 -0.466246 -0.643877 0.381338 1.1772 -0.0869668 0.263 -0.337 -0.817 0.255 0.664 0.289
0.232848 -0.344751 -0.682376 0.233994 0.985538 -0.128067 0.055 -0.214 -0.808 0.114 0.495 0.283
-0.00447559 -0.549153 0.20322 -0.32695 0.630841 0.419054 -0.604 -0.75 -0.089 -0.323 0.208 0.711
-0.0312649 -0.350259 0.124677 -0.268964 0.653068 0.324625 -0.662 -0.55 -0.17 -0.263 0.255 0.628
0.0307485 -0.880545 0.415041 -0.438515 0.559438 0.565347 -0.482 -1.064 0.127 -0.433 0.093 0.837
1.63934 1.02164 0.0189324 2.56771 -0.126124 1.12288 1.65 1.063 -0.118 1.495 -0.132 0.323
2.06051 -0.654012 0.60875 -1.23897 0.547295 2.2839 1.478 -0.762 -0.082 -1.362 0.311 1.827
0.0657328 -0.775095 0.346538 -0.0868615 0.683493 -0.02984 -0.214 -0.777 0.527 -0.374 0.116 0.316
0.611228 0.48063 0.974807 -0.446468 -0.130335 0.146449 0.615 0.358 0.779 -0.564 -0.791 0.282
-0.285511 -0.943045 0.739901 -0.436649 0.457525 -0.56054 -0.462 -1.03 0.875 -0.831 -0.264 -0.217
0.0977368 -0.616859 0.172033 0.161078 0.855431 0.257442 -0.337 -0.574 0.314 -0.029 0.387 0.627
-1.05204 0.377903 -1.07867 0.214061 0.402888 -0.285789 -1.229 0.48 -1.673 0.206 -0.069 0.213
-0.405093 -0.963119 0.87758 -0.484924 0.375394 -0.678769 -0.572 -1.073 0.977 -0.903 -0.366 -0.333
0.795275 0.377478 0.830661 -0.253754 -0.0233491 0.107785 0.73 0.217 0.631 -0.398 -0.731 0.23
-0.366407 0.105722 1.17743 -0.624018 -0.184962 -0.20088 -0.317 0.072 1.084 -0.64 -0.771 0.054
-0.971576 -0.28398 -1.46535 0.488867 0.796014 -0.647008 -1.396 -0.334 -2.096 0.485 0.217 -0.223
-0.56161 -0.192252 1.00429 -0.477445 0.0620609 -0.382462 -0.63 -0.277 0.891 -0.425 -0.527 -0.081
-0.188294 0.630826 0.279105 -0.363135 -0.364041 -0.788369 -0.588 0.597 0.1 -0.602 -0.967 -0.436
0.405798 1.10096 -0.278445 0.295036 0.0351588 -1.14155 0.136 1.019 -0.167 0.255 -0.478 -0.847
-0.950516 -0.11128 -1.56789 0.556765 0.76905 -0.622668 -1.355 -0.143 -2.216 0.539 0.197 -0.18
-0.659614 -1.00724 1.09397 -0.511149 0.218762 -0.828784 -0.817 -1.144 1.133 -0.968 -0.55 -0.49
-0.779695 -1.03891 1.13603 -0.491819 0.149822 -0.854719 -0.933 -1.175 1.156 -0.96 -0.631 -0.528
0.878401 -2.83722 -4.12443 -1.01082 -2.08092 -2.79759 0.185 -4.204 -3.311 -0.945 -1.692 -2.241
3.75015 2.87743 1.82298 1.01275 -0.308572 0.292545 2.936 1.829 0.315 0.356 -0.488 0.375
2.54661 0.952764 1.53 2.66318 0.307824 1.62723 2.27 0.787 1.524 1.661 0.499 0.817
0.572631 0.432797 1.8931 0.934952 0.742749 0.311834 0.559 0.47 1.788 0.838 0.123 0.552
1.64579 0.700296 1.01124 -0.232362 0.787769 -0.208958 1.323 0.528 0.658 -0.313 0.307 0.029
0.881684 -0.904895 -0.51113 0.748653 -0.369086 0.503051 0.88 -0.817 -0.24 0.719 -0.848 0.786
1.40373 2.40173 1.34221 -0.243817 0.555023 0.326574 1.248 2.111 1.409 -0.098 -0.033 0.56
0.910527 -0.25904 0.242282 -0.203697 0.26564 0.442754 0.585 -0.4 0.204 -0.267 -0.336 0.87
0.552947 -0.933688 1.09651 1.076 -0.463555 0.729288 -0.004 -1.005 0.462 1.007 -1.419 1.113
-0.331289 3.02354 0.904247 1.64219 1.33106 -1.17342 -0.551 2.847 0.898 1.429 0.776 -0.65
-3.24037 -2.07884 -3.22748 -1.4221 0.9808 -0.461631 -3.805 -3.059 -4.393 -1.614 0.699 -0.13
0.421469 0.00585183 0.994283 -0.356012 0.286062 -0.397617 0.437 -0.392 1.052 -0.445 -0.324 0.149
4.24565 0.626451 4.43016 0.35329 3.15557 0.13161 2.815 -0.513 2.062 0.04 2.615 -0.829
4.48885 3.65375 3.3262 -0.359111 1.11885 -1.06979 3.342 2.974 2.371 -1.338 0.714 -1.137
-0.463114 -2.44361 -2.30404 1.40577 0.979929 -0.58338 -0.756 -1.679 -3.179 2.294 0.879 -0.635
3.32119 5.15678 5.27054 0.75722 -3.63212 0.490777 2.382 3.96 3.286 1.165 -2.53 0.452
-1.49367 2.34866 -2.37972 1.58938 0.606456 -0.291985 -1.251 3.038 -2.228 0.383 0.508 -0.012
-0.97859 -1.62247 -3.71358 -0.0560556 -0.0883556 -1.30709 -1.221 -1.809 -3.621 0.277 -0.487 -1.266
-5.90886 -5.11216 -1.92638 4.33654 1.22374 -1.91603 -4.75 -4.855 -1.378 4.115 1.186 -2.871
-0.51244 0.512522 -0.328536 0.119711 0.500009 0.900351 -1.039 -0.139 -0.19 0.276 0.225 0.78
-0.668586 0.665075 -0.770669 0.285652 0.652196 1.06416 -1.158 0.067 -0.554 0.479 0.389 1.003
-0.343895 0.888816 -1.23663 0.341136 0.132384 -0.0142942 -0.326 0.471 -0.657 0.511 -0.064 0.026
0.000649136 -0.154762 0.845503 -0.00496787 -0.150091 0.258842 -0.145 -0.71 1.21 -0.061 -0.639 -0.046
0.137873 1.0607 -0.723294 0.412745 0.188556 -0.196623 0.276 0.978 -0.139 0.572 0.085 -0.288
-0.206257 -0.202369 0.844237 -0.0536391 -0.108141 0.328767 -0.293 -0.719 1.258 -0.099 -0.605 0.044
-0.363344 -0.463146 0.325519 -0.0425236 0.379576 0.470886 -0.601 -1.091 0.181 0.107 0.144 0.369
0.84521 0.35162 0.32837 0.160595 -0.331195 0.0926252 0.588 -0.268 0.584 0.072 -0.769 -0.243
0.507948 1.45459 -1.06582 0.462005 0.0370555 0.222102 0.574 1.295 -0.523 0.643 -0.153 0.115
1.01106 -0.162273 -1.69946 0.0401879 0.694153 -0.615026 0.912 -1.162 -1.274 -0.248 0.505 -0.831
0.44828 1.46553 -1.07083 0.471398 0.0278555 0.137714 0.543 1.345 -0.496 0.658 -0.149 0.045
-0.659369 -1.06993 -0.150606 0.0273613 0.338715 -0.684924 -0.867 -1.719 0.288 0.049 0.087 -0.677
-0.543096 -1.12994 -0.159301 0.0173647 0.168346 -0.887948 -0.679 -1.709 0.396 0.115 -0.079 -0.927
-0.35071 -0.237778 -0.49725 -0.803934 0.16805 -0.204643 -0.635 -1.025 -0.219 -0.819 -0.13 -0.334
-0.569983 0.879218 -0.543503 0.175751 0.747825 -0.305653 -0.564 0.657 -0.038 0.415 0.613 -0.314
0.115606 -0.0279098 -0.0435197 -0.289155 -0.0611019 -0.0230645 -0.256 -0.805 0.044 -0.253 -0.367 -0.211
0.309653 -0.688624 -0.510803 0.196612 0.790588 -0.0811929 -0.034 -1.663 -0.545 -0.188 0.673 -0.135
-0.728489 -0.177496 0.591574 -0.195855 -0.0491672 0.497543 -0.621 -0.536 1.165 -0.212 -0.556 0.295
-2.04933 -0.69176 -1.76425 -0.772604 0.496969 0.282509 -2.062 -1.242 -1.504 -0.473 0.265 0.149
-0.216668 1.59922 -1.7273 0.0125564 0.670888 -0.345057 -0.191 1.361 -1.111 0.188 0.511 -0.267
-0.539712 -0.990224 -0.0791372 0.0567976 0.517637 -0.0641611 -0.828 -1.713 0.095 -0.083 0.317 0.011
-1.76757 0.310809 -1.62904 -0.72716 -0.653343 0.405377 -1.871 -0.09 -1.285 -0.683 -0.864 0.224
0.691104 1.86446 -1.89091 -0.0105662 0.0971575 0.159019 0.693 1.438 -1.478 -0.018 -0.14 0.084
-0.454092 -0.208524 -0.601191 -0.823784 0.570862 -0.134764 -0.524 -0.859 -0.067 -0.832 0.287 -0.207
-2.13138 -0.368665 -2.6357 -0.892005 0.416113 0.35705 -2.168 -0.867 -2.232 -0.654 0.27 0.187
-1.19789 -0.0353929 0.0449765 -0.349957 -0.222364 0.31924 -0.902 -0.244 0.784 -0.323 -0.687 0.254
1.65362 1.49137 1.12482 0.609825 0.729136 0.671441 -0.247 0.928 0.947 0.94 0.54 1.384
-3.90996 -4.70473 -2.13863 -0.414637 -3.47305 2.47242 -4.987 -4.879 -3.454 -0.32 -2.913 2.327
3.83516 12.6245 7.95191 0.466472 -0.295028 -4.56489 2.539 11.114 7.219 1.502 -0.094 -4.478
-0.0853271 -2.22775 -0.295182 -1.84464 0.521943 -2.4467 -1.716 -3.317 -2.815 -0.997 0.435 -3.068
0.206785 0.103675 1.50591 0.666011 0.334731 0.131235 -0.163 -0.535 1.535 0.668 0.024 -0.152
1.29483 2.08318 1.59243 -0.308379 -0.805498 1.44743 1.462 1.651 1.636 -0.03 -1.068 1.403
5.79155 0.0854355 -3.49082 0.102769 -2.44572 -3.07308 5.072 -2.562 -4.7 0.052 -1.565 -2.904
0.187265 0.656545 0.575672 -0.0109257 -0.410376 -0.284409 0.188 0.079 0.781 -0.081 -0.596 -0.453
0.341737 0.0907809 0.1865 -0.205769 0.169868 -0.187303 0.227 -0.579 0.368 -0.143 -0.082 -0.282
-1.14939 0.863678 2.83377 -0.724385 -0.112313 -0.095733 -0.882 0.54 3.346 -0.432 -0.3 -0.113
0.988011 0.0173914 2.68871 0.298113 -0.670638 1.81451 1.011 -0.363 2.573 0.242 -0.847 1.609
11.7135 11.9891 11.5868 1.19136 3.85496 0.833868 9.684 11.387 10.325 0.017 2.462 0.223
0.537219 9.54565 -5.06651 -1.45202 -3.13621 0.0692156 -2.058 7.407 -7.237 -1.709 -2.243 -0.421
14.4157 14.0541 14.4142 -1.98965 -0.326136 -1.56712 12.117 10.816 10.905 -2.328 -0.851 -0.679
-5.00429 -4.42199 -3.91561 -2.58009 -0.871045 -0.724126 -4.839 -4.813 -5.111 -1.76 -0.644 -0.6
2.13259 2.27723 3.94026 0.178585 -0.143675 0.680415 2.273 0.926 3.78 0.4 0.11 1.184
0.826874 5.23827 2.27004 0.0401735 0.386101 0.330634 0.064 4.188 1.836 -0.411 1.039 0.649
-0.578822 -4.55691 -1.75367 -0.148701 0.32796 -1.0878 -2.878 -4.727 -3.593 -0.395 -0.303 -0.802
0.98917 10.0337 4.2755 -1.70679 -1.32459 -1.74591 -1.145 9.022 3.743 -1.642 -1.096 -1.601
-0.244642 -5.5842 -0.93828 -0.495022 -0.411575 1.01358 -0.534 -5.761 -1.114 -0.753 -0.241 1.273
-0.483442 2.85945 -5.89189 0.104981 1.67619 -2.54973 -1.637 1.639 -6.442 -0.197 1.722 -2.842
12.7481 11.9025 15.1466 -1.12348 0.259733 -1.25131 10.28 9.933 11.855 -1.045 -0.542 -1.644
2.97553 5.47073 1.2118 0.422212 -3.5066 -2.03379 -0.082 2.841 -1.041 0.381 -3.472 -2.683
5.68556 6.04144 3.45059 0.374113 -1.35949 -1.37993 4.881 5.953 1.942 0.665 -1.041 -1.11
-3.7343 -4.33974 -4.67658 1.11942 -0.488958 -1.179 -5.375 -5.05 -6.185 0.566 0.455 -0.615
-0.464111 -2.46131 0.833717 -0.101974 -0.99383 -2.10218 -0.562 -2.959 -1.258 -0.392 -1.292 -2.668
6.57787 0.0899909 5.85403 3.1853 -1.57903 -0.592279 5.042 -0.529 7.384 4.347 -1.445 -0.804
-2.92517 -4.6153 -5.10183 -0.419273 -2.286 -1.69364 -3.705 -3.984 -5.72 0.233 -2.205 -0.892
-3.61787 -1.41105 1.34049 1.12559 4.16475 -0.247598 -4.011 -2.239 -0.412 0.997 3.86 -0.386
-4.11482 -6.03334 0.242496 1.03817 1.05512 0.511467 -5.112 -5.831 -0.683 0.513 1.286 0.562
-0.614206 3.38134 1.48366 -0.0772986 -2.6169 -0.467692 0.005 4.264 1.44 0.359 -2.925 0.872
8.90989 13.2798 12.757 4.05071 -4.4799 3.03449 10.867 11.467 12.495 3.492 -5.25 2.948
-6.00398 -7.46746 3.2362 3.04192 1.17931 -1.29082 -7.954 -10.572 2.792 2.734 0.546 -1.032
6.55066 8.32636 0.823818 -2.78364 0.444964 3.35308 3.978 6.286 -1.243 -3.61 0.317 2.449
11.7789 -0.0256214 -3.45283 3.5272 0.22546 9.87556 11.715 0.176 -6.027 3.887 0.938 11.06
-4.74474 -3.96415 -5.87888 0.03893 -5.45072 0.466931 -2.469 1.483 -4.506 1.993 -3.756 -1.362
-5.70481 -8.05002 -7.64986 0.970657 -2.47038 2.14841 -5.354 -3.735 -7.045 1.149 -1.336 2.903
-4.46987 -9.35224 -7.85164 0.844274 -1.2899 1.92312 -3.955 -5.514 -7.232 0.821 0.082 3.26
-3.63684 -9.72631 -7.76705 0.715066 -0.744494 1.73765 -3.115 -6.176 -7.157 0.576 0.765 3.331
-6.06918 -2.41074 -4.78235 0.615696 -5.48471 1.70674 -6.91 2.328 -4.654 1.11 -4.78 0.776
-2.69743 -9.90498 -7.5627 0.544129 -0.229794 1.53004 -2.206 -6.678 -6.972 0.281 1.429 3.334
-2.26354 -0.295693 1.79197 -2.83591 -0.487305 -1.71113 -0.83 -0.775 0.631 -1.072 1.273 0.63
2.35758 1.65246 -5.46828 -5.8731 -1.95229 3.26537 3.881 4.257 -6.112 -4.131 -0.701 3
5.52745 3.50976 -0.652671 -2.09118 4.14841 -2.2859 3.108 3.649 -3.936 -0.353 4.201 -1.537
1.76585 1.64851 -2.92149 -5.72264 -2.29338 2.68119 2.02 3.354 -3.232 -3.969 -1.061 2.517
-1.45213 -4.56308 -3.57377 2.92943 -6.38478 0.921624 -2.55 -0.994 -4.955 4.534 -5.603 0.141
1.0895 -5.83718 -8.85593 -2.29786 -2.23056 3.85965 5.862 -0.838 -9.009 -0.225 0.984 3.439
-1.61039 1.09803 -3.2574 -1.76053 -1.43515 -1.80008 -4.06 0.42 -3.688 1.488 -4.901 -2.514
4.03973 1.03205 -1.3275 -2.65131 6.34217 0.0737745 2.895 1.534 -2.948 -0.328 7.181 0.004
-2.15366 -0.344793 2.03665 -3.01519 -0.451627 -1.69166 -1.019 -0.836 0.779 -1.404 1.532 0.737
3.09766 -0.354442 -1.18509 -2.86784 6.59283 1.30938 2.255 0.061 -1.985 -0.176 7.689 0.89
-3.72859 -6.41702 8.5458 -1.47594 -2.07508 1.93496 -7.383 -8.276 10.498 0.777 -0.817 2.223
-3.00876 -5.51001 4.49467 2.60195 -4.8661 -4.74067 -1.682 -3.568 3.68 4.085 -1.383 -4.98
-3.53188 -0.197162 6.53499 2.41972 -5.48922 -5.2646 -4.236 1.22 4.745 3.314 -3.63 -6.355
-2.65535 -7.11627 2.87263 2.477 -4.48304 -3.71164 -0.532 -4.633 2.512 4.157 -0.537 -3.841
-3.5373 0.846293 6.61769 2.31659 -5.60329 -5.04502 -4.617 2.358 4.678 3.08 -4.077 -6.353
-2.43304 -7.71095 1.94052 2.35926 -4.25603 -3.0594 0.055 -4.941 1.759 4.121 -0.14 -3.176
0.0100633 0.411871 1.78368 -2.08046 0.0234261 -3.00523 1.648 0.34 0.908 0.149 0.888 -1.311
-1.00102 1.35857 0.842966 -2.86826 -3.22364 -2.00916 1.899 0.739 -0.142 -0.541 -2.66 -0.59
9.52197 5.50139 13.069 -4.36228 1.56016 -0.987887 5.409 0.896 8.02 -4.543 4.143 -1.124
-1.26609 1.06684 4.58775 -3.73213 0.108324 -0.772689 0.455 -0.429 1.319 -0.943 1.449 1.684
-3.74567 -0.857158 -1.11748 -2.20742 -1.9392 0.326022 -3.088 1.272 -1.084 -0.856 0.984 0.703
-2.08144 -0.351521 2.1188 -3.17622 -0.519815 -1.54422 -1.275 -0.671 0.817 -1.716 1.739 0.841
-2.16952 -3.61976 8.37835 -2.6442 -3.56124 0.788198 -5.654 -4.509 9.608 -0.699 -2.354 1.268
-3.35765 4.14617 4.8785 1.43133 -6.44979 -2.83284 -5.803 6.879 2.882 1.718 -6 -4.974
-1.90472 2.43336 0.00311947 -1.5293 1.47345 -0.559154 1.564 3.148 0.516 1.298 2.762 1.097
-2.68114 0.979716 0.839895 -4.00029 0.29304 -0.310986 0.832 2.262 2.007 -2.635 0.656 2.107
-2.89099 1.39722 5.14754 -3.61741 -0.273841 -1.525 -1.906 0.04 2.602 -0.855 0.617 -0.579
-2.71194 1.86225 -4.33964 4.39942 -1.00955 -0.78788 0.923 2.555 0.252 4.508 2.521 3.298
-10.1124 -13.0215 -6.7981 -10.6089 3.02538 -1.42018 -0.355 -3.427 -0.669 -9.842 5.04 8.037
-12.7017 -6.0987 -12.3885 -1.09356 3.43401 -6.34909 -8.243 -7.945 -18.089 1.613 -0.561 -9.601
-11.1511 -21.4562 -19.5482 -2.55816 5.37106 -0.867917 -7.463 -13.898 -20.145 2.512 7.423 -3.416
6.53859 -6.95041 3.28193 -2.26699 3.95939 2.06867 6.213 1.954 -0.815 2.802 -0.866 -3.751
9.30884 39.9925 47.569 -15.8795 8.46695 -22.7542 13.916 23.096 44.484 -14.935 7.944 -30.43
-0.165147 -0.16464 0.348919 0.000245387 -1.97969e-07 -5.01176e-07 -0.173 -0.173 0.167 0 0 0
0.543138 -0.767397 0.88573 0.244001 0.0450105 -0.0869107 0.908 -0.701 0.168 -0.03 0.012 0.015
-3.52273 -1.02142 -0.332703 0.820435 0.00776034 0.0335725 -2.287 0.146 0.334 0.822 0.009 0.005
-2.60261 1.91827 1.96339 0.0989206 -0.0307876 -0.156634 -2.5 1.641 -0.04 -0.133 0.017 -0.215
-0.885714 -0.702198 -0.0645843 0.117889 -0.0896184 0.143526 -0.22 -0.141 0.587 0.028 -0.03 0.035
2.12753 -2.83118 1.29269 1.9467 0.00238121 -0.0395463 1.924 -2.835 0.104 1.724 -0.007 -0.011
-0.780497 -0.516992 -0.122788 0.210975 -0.108986 0.123173 -0.101 0.048 0.567 0.121 -0.044 0.029
-0.733844 -0.737611 0.88898 -0.105398 0.14597 -0.277275 -0.339 -0.334 0.394 -0.102 -0.001 -0.013
-4.85412 0.688903 -0.414754 -1.6565 0.0244857 -0.0194949 -3.325 1.818 0.308 -1.519 -0.016 -0.006
2.2857 -1.95996 0.60493 0.383586 0.297532 -0.309752 2.452 -1.397 -0.059 0.408 0.133 -0.039
-1.3389 -0.80035 -0.385717 0.539697 -0.103126 0.211625 -0.647 -0.238 0.461 0.404 -0.003 0.027
-0.933062 -0.77713 -0.0282114 0.0929628 -0.108172 0.114543 -0.288 -0.233 0.556 -0.001 -0.056 0.009
1.18019 -1.15837 2.22698 1.16605 -0.114773 0.389789 1.015 -1.279 0.28 1.13 0.108 0.063
-0.78987 -0.167404 0.839349 0.473159 -0.0161323 0.026383 -0.399 0.214 -0.189 0.477 0.122 -0.176
-0.760496 -0.900882 0.941401 -0.238496 -0.0716688 0.0311869 -0.533 -0.609 -0.587 -0.178 0.104 -0.266
2.87648 -4.17192 2.24778 2.68388 -0.12548 0.477426 2.438 -4.269 0.367 2.519 0.086 0.041
-2.06142 -0.624072 -0.295673 -0.575566 -0.0757194 -0.0792703 -0.744 0.685 0.204 -0.578 -0.08 -0.067
-1.47134 -3.36926 -0.386204 1.75381 0.0175071 0.0762497 -0.321 -2.082 0.24 1.708 0.06 0.027
3.21428 -3.36833 1.34132 1.34896 0.231793 -0.00761626 3.085 -3.083 0.047 1.344 0.184 -0.01
1.79601 -0.555908 2.03417 0.129139 0.0401712 0.171574 1.705 -0.762 0.118 -0.122 0.113 0.056
-1.39601 0.912766 1.80198 -0.541655 -0.34033 0.363325 -1.438 0.889 0.385 -0.453 -0.121 -0.014
-1.35452 -1.17157 0.197114 0.211761 -0.0349436 -0.00691422 -0.794 -0.685 0.514 0.138 -0.05 0.012
2.02605 -3.47175 1.91354 2.00849 -0.122946 0.514859 1.747 -3.563 0.269 1.876 0.115 0.051
-2.80479 -2.66128 1.77145 -0.168196 -0.0380506 -0.0552526 -2.986 -2.713 -0.096 -0.163 -0.039 -0.06
-1.75983 1.05286 1.69887 -0.553961 -0.170106 0.246458 -1.748 0.786 0.202 -0.696 0.034 -0.047
-1.29375 -0.923845 0.044311 0.395639 -0.0159228 0.211769 -0.7 -0.39 0.63 0.314 0.044 0.099
-2.36201 2.28133 0.904853 -1.46913 0.0430739 0.0401356 -2.036 2.038 0.002 -1.601 0.062 0.046
0.27754 -1.16937 1.37129 1.17506 -0.110053 -0.00705208 0.352 -1.068 0.138 1.179 -0.034 -0.097
-3.58081 1.82328 0.72392 -0.367218 0.0399222 -0.495099 -3.277 2.021 -0.097 -0.291 -0.047 -0.289
-0.509596 -0.364948 0.528974 -0.551014 0.0707821 -0.447136 -0.107 0.173 -0.207 -0.485 -0.081 -0.207
-1.30761 -1.24657 0.137702 0.107439 -0.0119446 0.0364954 -0.782 -0.785 0.454 0.047 -0.025 0.044
-0.201208 -0.0687817 0.423594 0.098772 0.0894111 -0.458829 0.255 0.348 0.349 0.083 -0.118 -0.073
-2.23669 2.25515 2.01087 -1.0554 -0.232246 0.42069 -2.397 1.947 0.29 -0.977 0.015 -0.013
-1.11378 -0.232388 -0.363771 0.800769 0.0457728 0.307345 -0.461 0.295 0.364 0.66 0.126 0.154
0.508515 -1.01525 1.2527 1.15074 -0.123779 0.0219492 0.543 -0.93 0.051 1.162 -0.051 -0.074
0.257493 -2.02215 0.432018 -0.862399 -0.264118 -0.0384686 0.635 -1.559 0.202 -0.867 -0.141 0.132
1.7367 -0.452846 2.71476 -2.08339 0.0359326 -0.0805571 1.536 -0.594 0.049 -2.065 0.037 -0.072
0.396131 -0.585784 0.704263 -0.645223 -0.230788 -0.169234 1.264 0.17 -1.026 -0.739 -0.071 0.017
-0.906956 -0.715931 0.0560701 0.0607922 -0.0785968 0.1178 -0.49 -0.34 0.413 0.02 -0.042 0.051
-3.13456 3.17558 0.872084 -1.84899 0.0389475 0.0850058 -2.857 2.779 -0.088 -1.916 0.074 0.065
-0.745538 0.353732 1.22539 -0.194375 -0.472133 0.432468 -0.62 0.202 0.099 -0.357 -0.194 -0.024
3.28068 -1.53728 1.96416 1.15836 0.0993995 0.184568 2.969 -1.807 -0.148 0.891 0.149 0.08
-0.151524 -0.00765613 0.273097 0.145587 0.0434807 -0.518489 0.303 0.403 0.294 0.127 -0.174 -0.115
-1.03237 2.29163 2.34221 3.27821 0.0305134 -0.199461 -1.302 1.796 0.021 2.982 0.075 -0.145
2.28985 -3.1368 0.317516 2.61486 0.184 -0.135363 2.403 -3.023 -0.106 2.186 0.092 0.102
-1.16415 -0.213609 0.0749396 0.773636 0.288577 -0.0833202 -0.687 0.206 0.369 0.683 0.167 0.162
-1.28576 -1.03743 -0.67671 0.203139 0.0192718 0.195752 -0.725 -0.601 0.099 0.093 0.098 0.097
-2.63345 2.5592 1.25754 -0.689386 -0.121536 -0.191775 -2.548 2.293 -0.523 -0.866 -0.086 -0.215
-0.716915 -0.454733 0.00241964 0.109512 -0.023912 0.161968 -0.347 -0.13 0.323 0.066 0.01 0.103
-2.20601 2.3474 0.895963 -0.674657 0.146545 -0.000676612 -2.315 2.036 -0.313 -0.721 0.092 0.093
-3.71129 3.82743 0.829361 -2.05019 0.0326782 0.127442 -3.483 3.314 -0.183 -2.073 0.081 0.086
-1.85131 0.470983 1.26905 0.479809 -0.162408 0.0746236 -1.84 0.183 -0.155 0.258 -0.038 -0.101
13.9311 6.72126 1.09434 -7.08372 -0.234624 -0.09378 12.917 6.47 0.173 -6.4 -0.002 0.034
0.946694 -1.38554 1.66059 1.12842 -0.415191 0.345356 0.715 -1.451 0.134 1.143 -0.193 -0.01
-1.10655 -0.898202 -1.52256 0.198488 -0.246743 -0.179582 -0.446 -0.262 -0.013 0.141 -0.243 -0.21
-1.49775 1.15457 2.19526 -0.588415 -0.104967 0.408565 -1.706 0.769 -0.016 -0.619 0.157 0.081
0.591301 -0.873396 1.72328 0.678315 -0.16935 0.402551 0.267 -1.088 0.025 0.707 0.064 0.021
-4.27983 1.83881 -0.0961125 -1.41593 0.0960885 0.190022 -3.393 2.346 -0.024 -1.235 0.129 0.085
4.88275 0.437194 0.453011 -2.89465 -0.317969 -0.0866559 5.392 1.26 -0.253 -2.806 -0.504 -0.129
-0.240761 -0.3925 1.01217 0.462935 -0.215157 -0.253198 -0.451 -0.708 -0.338 0.432 -0.244 -0.22
-1.03952 -0.784522 -0.103709 0.21674 -0.285629 -0.0870745 -0.519 -0.365 0.266 0.092 -0.258 -0.178
-0.926398 -0.585725 -0.455956 0.327638 -0.335033 -0.114007 -0.349 -0.13 0.166 0.227 -0.281 -0.169
-3.83265 0.72581 1.32811 4.17686 0.130748 0.381353 -2.615 1.439 1.133 3.841 0.042 0.243
-0.281121 -1.32812 0.121561 0.753524 0.226601 -0.503629 -0.054 -1.036 -0.496 0.789 0.022 -0.194
-1.16626 0.0491503 0.786658 0.826795 -0.0129337 0.178749 -1.169 -0.203 -0.433 0.644 0.056 0.093
-0.707507 -0.268943 -1.07888 0.288237 0.146116 0.209844 -0.184 0.13 -0.092 0.176 0.199 0.174
-7.55317 -4.45671 1.59785 3.28092 -0.276345 0.0970647 -7.648 -4.294 0.081 3.379 -0.085 0.126
-3.40734 1.23403 -0.113952 -1.26832 0.135743 0.221152 -2.597 1.747 -0.09 -1.106 0.181 0.109
-0.787168 -0.080971 0.916972 0.199251 -0.21044 -0.261805 -0.995 -0.426 -0.412 0.174 -0.246 -0.221
1.9996 -2.27246 0.0697852 0.614261 0.0274609 0.29032 2.416 -1.612 -0.141 0.669 0.164 0.108
-12.8764 -4.96133 0.0721762 7.55836 -0.113122 -0.0467357 -12.552 -4.659 0.319 7.559 -0.037 -0.007
-0.480861 -0.123705 -0.0585164 0.26917 0.309157 -0.0490867 -0.151 0.202 -0.477 0.253 0.221 0.056
-1.38594 -1.00519 -1.5728 0.309265 -0.299848 -0.181997 -0.78 -0.434 -0.178 0.248 -0.281 -0.241
2.92174 0.162476 0.380736 -2.50167 0.0754779 -0.0199436 3.36 0.733 -1.813 -2.389 0.326 0.347
-2.10509 3.16882 1.11978 -1.39112 -0.362075 0.468616 -2.189 2.745 -0.197 -1.378 -0.081 -0.004
-9.85492 -2.09083 1.25024 6.78229 0.0662319 0.290308 -8.753 -1.425 1.073 6.523 -0.014 0.125
1.50894 -1.13394 1.75789 1.45851 -0.0724522 -0.0385064 1.324 -1.542 -0.483 1.19 -0.036 -0.125
14.3102 6.03469 0.830272 -7.02675 -0.283448 -0.0148454 13.499 5.984 0.165 -6.467 -0.081 0.176
-0.555869 -0.012433 -1.09481 0.387125 0.204837 0.259533 -0.068 0.343 -0.155 0.264 0.259 0.227
2.0397 -1.06043 0.669044 -3.09347 -0.332321 -0.141301 2.762 -0.185 0.208 -2.914 -0.747 -0.335
-0.776241 0.68891 2.99572 0.221052 -0.30568 -0.404331 0.704 1.761 1.521 -0.141 -0.251 -0.1
-1.26488 -0.233786 0.970142 1.53108 0.0812365 0.240983 -1.301 -0.545 -0.313 1.278 0.218 0.052
-0.808651 0.249397 0.872584 -0.440941 0.209161 0.323425 -0.876 0.212 -0.223 -0.403 0.293 0.152
-0.652707 -0.571064 -0.257164 0.132708 -0.0129731 -0.612923 -0.291 -0.235 -0.024 0.117 -0.259 -0.191
-2.1698 -0.196948 -0.0538587 1.3731 0.339683 -0.0443505 -1.837 -0.249 -0.382 0.994 0.256 0.147
3.93025 -3.23315 1.01298 1.71513 0.0550637 -0.0136178 3.472 -3.434 -0.639 1.451 0.093 -0.099
0.715975 -1.45802 -0.0647506 0.0328686 0.145195 0.295192 1.202 -0.86 -0.231 0.111 0.253 0.145
-0.640601 -0.166608 1.71809 0.902363 -0.169351 -0.164423 -0.784 -0.634 -0.547 0.642 -0.129 -0.246
1.87417 -1.18394 1.9263 -3.23527 -0.35589 -0.223755 2.947 0.034 1.382 -3.006 -0.346 -0.244
-12.6555 -6.04375 0.624066 5.33973 -0.187744 0.119261 -11.604 -5.211 0.902 5.323 -0.249 -0.082
-4.69491 1.72268 0.0672418 -0.70046 0.0179852 -0.69823 -4.428 1.844 -0.551 -0.636 -0.164 -0.414
-1.132 -0.596504 -0.208371 0.45074 -0.319705 -0.114907 -0.686 -0.263 0.067 0.329 -0.284 -0.205
4.73018 1.01944 2.67009 -3.19457 -0.308899 -0.315404 5.565 1.989 1.114 -3.125 -0.5 -0.247
-1.17078 -0.535045 -0.22057 0.530234 -0.285303 -0.0784425 -0.738 -0.215 0.034 0.414 -0.245 -0.171
-0.787793 -0.110459 0.956863 0.687688 -0.158824 -0.293528 -0.761 -0.049 -0.297 0.671 -0.198 -0.253
9.16746 1.77471 0.55436 -6.43185 -0.214326 -0.186617 9.038 2.258 0.139 -5.918 -0.617 -0.359
-3.97981 -3.11634 0.796074 0.225071 -0.41084 -0.045163 -2.923 -2.109 0.259 0.224 -0.832 -0.259
0.705063 2.01361 2.94873 0.0511566 -0.165479 -0.36272 2.13 2.948 1.55 -0.384 -0.112 -0.045
-6.50217 -1.32484 0.434363 4.69161 0.0648319 -0.0484925 -6.091 -1.406 -2.612 4.413 0.762 0.436
-7.88557 -4.40357 2.31208 3.8595 -0.538455 -0.07882 -6.455 -3.223 1.451 3.672 -0.497 0.057
-0.404068 -0.140081 -1.03488 0.436986 0.00102412 0.0301705 0.344 0.058 -0.148 0.413 -0.028 0.01
10.087 2.4519 1.50947 -6.65391 -0.224754 0.14706 10.629 3.373 1.209 -6.231 -0.283 0.074
-10.3735 -2.77422 1.34751 6.81263 -0.0700621 0.178753 -9.295 -2.094 0.642 6.542 -0.502 -0.001
-2.26817 0.397386 0.3751 2.64175 0.0030376 0.0153629 -1.876 0.245 -2.741 2.301 0.744 0.513
-11.0077 -3.16897 1.26915 6.96303 -0.118867 0.206146 -9.964 -2.45 0.572 6.749 -0.547 0.013
-3.0018 -1.29455 2.11032 1.345 -0.25566 -0.0298658 -1.59 0.065 1.437 1.342 -0.21 0.024
0.773929 -2.15552 1.50453 0.437049 0.450945 0.341533 0.48 -2.378 -0.354 0.322 0.454 0.391
-4.26272 -1.57372 2.15583 2.40255 -0.262675 0.0194367 -2.865 -0.261 1.455 2.366 -0.218 0.092
-13.6324 -3.69633 0.840439 7.86414 -0.339706 -0.115092 -13.286 -3.264 -0.724 7.814 -0.267 -0.086
-0.7587 -1.86163 2.99682 0.0840889 -0.390735 -0.528307 0.46 -0.629 1.195 0.037 -0.457 -0.419
-1.34678 1.32256 -0.175526 -2.7048 0.0536573 0.684411 -0.518 2.226 0.429 -2.725 0.086 0.62
-2.02474 -2.7292 3.03385 0.492064 -0.458451 -0.587486 -0.789 -1.508 1.202 0.47 -0.512 -0.471
8.96694 7.87904 0.177212 -1.60081 -0.285785 -0.139648 8.358 7.078 -0.68 -1.427 -0.418 -0.108
-5.85419 -6.38559 0.159585 0.323313 -0.0759395 0.0229842 -5.557 -5.99 0.079 0.387 -0.034 -0.033
-3.02137 6.11919 -0.274721 2.00617 0.341211 -0.112857 -1.453 6.989 0.259 2.058 0.338 -0.092
-6.8796 10.6253 -0.41484 2.6501 0.855251 -0.28063 -6.617 9.731 0.012 2.89 0.811 -0.251
-0.994769 -9.86848 -0.5391 2.35273 -0.110502 0.0797111 -0.118 -9.959 -0.116 2.259 -0.182 -0.032
10.1948 4.09802 5.00452 -0.356963 2.69646 0.502476 6.759 -2.052 -2.217 -0.536 -1.26 -0.491
10.5326 4.38001 5.15517 -0.730838 2.48958 0.82782 7.006 -1.526 -1.62 -0.878 -1.115 -0.189
6.07998 3.26882 4.10536 -3.46951 2.39262 2.84094 3.109 -1.506 -1.684 -2.901 -0.393 2.334
4.25423 8.98704 8.39222 0.84122 -2.03539 -0.405915 1.5 2.813 0.785 0.94 -4.764 -0.377
4.41328 8.79872 8.21815 0.908488 -1.55386 -0.460765 1.599 1.794 -0.833 1.117 -5.379 -0.489
-6.04641 2.99898 -1.68909 0.257902 1.64863 0.206699 -5.402 2.768 -1.056 0.479 1.547 0.003
-6.56876 -5.99742 0.0262779 -0.0524965 -0.0884476 -0.111657 -6.444 -5.801 -0.076 -0.074 -0.082 -0.138
0.752232 0.752515 0.715961 0.027655 -0.0119635 0.0114191 -0.005 0.006 -0.032 0.025 -0.003 -0.004
4.88851 7.17465 6.26976 3.99781 -0.768899 -3.55928 2.172 2.583 0.986 3.442 -2.65 -3.201
5.95033 -4.90244 -0.353259 -3.46427 -1.1639 0.347687 7.01 -4.306 0.113 -3.033 -1.001 0.626
-3.22154 6.10068 6.56606 -1.62535 -0.172595 0.748782 -5.07 0.925 0.963 -1.666 -2.432 0.175
-3.17562 3.78352 4.97889 -0.571319 1.23559 -0.0676543 -4.421 0.959 2.388 -0.74 0.088 -0.266
9.30728 -3.65276 -0.800766 0.26551 -0.687859 0.309686 10.094 -3.518 -0.125 0.223 -0.748 0.189
-2.68946 6.35042 6.50844 -2.20062 -0.076236 1.56783 -4.848 -0.369 -1.569 -2.12 -3.804 0.798
2.43946 0.963405 2.22574 1.49038 4.27954 -0.820843 -0.207 -5.683 -7.381 1.715 -1.015 -0.757
2.1112 2.62691 3.24726 2.1035 3.123 -1.41066 -0.483 -4.398 -6.794 2.311 -2.322 -1.272
6.26228 5.88919 5.10479 3.69585 -0.156728 -3.45641 3.559 2.195 1.063 3.007 -1.604 -3.079
2.84079 -5.1159 -5.80426 3.66413 3.85675 -1.20034 1.16 -6.058 -7.203 4.222 3.935 -2.139
-0.648358 -6.83967 5.87279 1.78935 -0.356962 -7.24456 -1.051 -8.126 4.724 3.182 -0.999 -9.346
-1.54255 0.953064 3.30911 -0.0808377 3.35217 0.0357386 -2.353 0.125 2.791 -0.384 2.67 0.159
-5.80425 2.10916 -4.11674 1.55697 -3.27372 0.951792 -6.424 0.714 -5.641 1.56 -3.431 1.097
-1.1426 -4.12397 6.02484 3.61516 -0.80016 -6.74764 -1.213 -4.895 5.172 5.006 -1.277 -9.06
-0.835332 0.376887 3.0241 -0.0981727 3.88382 0.218436 -1.606 -0.122 2.771 -0.44 3.18 0.389
-2.81696 4.83094 -7.56731 4.42253 -0.295408 -1.24928 -3.638 4.423 -8.487 4.851 0.261 -2.302
-0.033096 1.62688 -13.857 -0.915292 -2.14629 -8.35787 -1.005 -0.635 -15.46 0.481 -2.61 -10.061
0.204744 1.03215 -13.4905 -2.39569 -2.5525 -8.22559 -0.833 -1.372 -15.249 -1.188 -3.086 -9.666
-0.474476 1.88283 -2.01758 3.82322 -0.781216 1.24537 -0.279 2.23 -1.749 3.862 -0.346 1.399
-4.79973 0.60794 -6.13342 1.29572 -0.968609 3.14244 -6.209 -0.606 -7.703 0.798 -0.784 3.783
31.6088 18.1056 18.5657 -13.0421 -11.415 10.6356 25.733 16.724 19.019 -11.531 -6.363 7.615
-4.89316 0.503524 3.84431 3.71197 -0.1517 0.542511 -3.994 1.118 1.222 3.94 0.803 1.007
-2.15059 2.22134 4.32508 7.19698 -1.60375 -5.06886 -1.376 2.502 4.2 8.395 -1.687 -7.55
0.689639 3.79687 4.42864 0.571377 2.30066 0.386696 -1.567 0.63 2.689 0.029 1.593 -0.012
2.79242 -1.04572 2.23397 -0.615008 5.18995 1.18581 1.882 -0.866 2.365 -1.056 4.328 1.409
8.082 0.838908 2.05792 0.21314 3.3981 -0.159254 6.243 -0.081 0.951 -0.424 2.34 0.055
-4.55106 -3.6087 -7.46527 2.62213 -0.0301751 -0.305302 -6.972 -6.957 -5.4 3.845 0.019 -0.579
-17.0961 -0.570971 -0.324158 -3.58171 -1.61737 -0.296167 -16.503 -0.912 -1.299 -3.432 -1.882 -0.631
-2.90379 12.4874 -1.18374 4.07084 -2.25746 2.34142 -2.643 12.634 -1.218 3.571 -1.54 2.3
-0.197692 3.13133 5.04785 7.3191 0.209963 -2.95874 0.554 4.34 5.251 8.363 0.603 -5.183
-9.38651 -7.68381 -6.12553 4.59622 -0.620143 0.728267 -13.761 -10.887 -4.026 6.441 -0.824 1.304
-7.58331 -5.85324 -6.31911 3.94992 0.01513 1.28082 -10.426 -10.268 -4.698 4.863 0.057 1.489
-9.1893 -5.38251 -6.98276 4.45678 0.335712 1.3919 -12.381 -9.655 -5.258 5.287 0.49 1.527
0.675403 -0.171828 -1.40812 1.01459 -0.614448 0.318687 0.126 0.143 -1.317 0.873 -0.125 -0.421
-3.28607 -0.743846 -4.19441 0.851517 2.09976 3.80232 -4.317 -1.078 -5.158 -0.083 2.619 4.658
1.43297 2.76767 -5.99535 -0.602415 0.115259 -1.26901 0.918 0.881 -3.087 -0.254 0.088 -1.477
-3.06691 13.3043 1.17242 3.78022 -2.52761 3.55216 -2.558 13.627 1.471 2.983 -1.761 3.799
4.15641 -0.507545 -2.7347 -3.14548 0.84877 0.109044 2.377 -1.801 -0.005 -3.213 0.58 0.483
-3.64519 -4.19776 2.26551 1.19302 2.24718 8.34808 -5.03 -4.382 2.396 -0.551 3.11 9.479
-4.25606 3.40197 4.4623 1.96195 2.68103 -0.886698 -5.945 0.877 3.722 1.338 2.291 -1.07
-0.102294 5.16394 6.73025 1.78758 -3 7.65744 0.649 4.882 4.959 0.358 -3.257 9.653
-3.63168 -1.02474 -0.795075 2.16306 5.55261 -0.91288 -3.862 -1.126 -1.115 1.638 4.163 -0.349
-0.425353 -7.17434 -0.771269 -3.23311 0.36068 -0.0272259 -1.021 -8.557 -3.376 -3.751 0.246 0.83
3.87582 2.66844 1.14429 -0.737717 0.25687 1.65895 3.316 2.191 4.466 -0.469 0.257 1.291
8.23944 2.93382 -0.177677 -2.93662 -0.255338 -1.49066 10.61 1.008 3.631 -4.551 -0.972 -1.056
1.6476 -3.49893 8.63757 -4.27097 -1.59228 -8.85199 1.705 -4.17 8.796 -3.559 -2.487 -9.792
0.411999 3.94661 8.59505 2.08759 -2.267 7.50976 1.147 3.786 6.584 0.741 -2.646 9.56
2.03975 -1.35912 8.55023 2.91709 1.02915 5.72228 2.016 -1.485 6.195 2.068 0.561 7.29
2.39432 -0.0773648 -3.57392 -0.228481 -0.341557 0.560529 0.611 -0.458 -0.535 0.061 0.061 -0.323
-1.15581 2.06795 -9.52537 -1.64346 0.317199 6.93052 -0.688 1.442 -10.885 -3.484 0.102 9.687
-1.00005 -1.01992 -7.01173 -0.269293 -0.685164 -0.483062 -1.437 -4.251 -4.413 0.158 -0.996 -0.564
-10.6079 1.81563 -8.00511 7.04989 1.07678 1.72488 -14.161 -0.356 -5.679 6.984 1.874 1.193
-4.80029 -0.1511 -6.17057 7.32924 2.03317 -0.727849 -9.109 -0.779 -3.464 9.303 2.03 -0.257
0.726466 -1.60182 -2.41304 0.0278287 -1.15646 -1.00599 -0.393 -2.177 -3.543 -0.238 -0.624 -1.702
-2.8231 11.5934 -3.64369 11.1793 -1.19362 -0.132951 -1.817 12.8 -3.097 11.596 -0.489 -1.819
-0.348422 -2.59363 -4.47316 -2.56144 0.0395475 -1.4738 -1.895 -3.746 -1.289 -1.609 0.005 -0.722
1.43176 9.21478 -2.22448 -8.70728 -2.24737 2.09215 2.675 8.854 -1.555 -9.923 -2.634 4.761
-1.36732 2.99901 -1.94759 0.0930668 -1.09678 -1.43024 -3.173 2.195 0.64 -1.052 -2.181 -0.398
12.3091 4.3931 1.02038 -5.86667 -1.30104 -0.191232 13.302 5.525 4.893 -5.591 -0.798 -0.809
-9.56537 -1.86846 -3.82754 4.98616 1.02247 0.891756 -11.921 -5.626 -1.581 6.34 1.476 1.165
-4.73891 5.56303 -5.88852 6.28279 0.563934 1.18682 -7.196 5.102 -3.245 4.898 1.319 0.473
2.13644 -1.57344 -5.99001 -9.21141 -0.866374 -3.17799 3.003 -2.444 -6.337 -9.731 -1.861 -1.46
-0.885373 5.1237 -4.62465 3.87955 0.210261 0.433425 -2.642 5.004 -1.715 1.83 0.621 -0.032
2.07317 -2.37193 -5.66902 -1.5926 2.35561 -3.90319 -0.125 -3.236 -5.047 -1.984 2.845 -4.708
1.05654 -0.338883 -3.42516 -0.447481 -0.649638 0.553758 -1.385 -0.611 -0.642 0.117 -0.155 -0.628
-1.75859 -0.490002 0.813238 1.17324 4.25556 2.58161 -1.258 0.632 1.208 0.12 4.807 3.45
-0.389285 1.58911 -0.381924 0.157513 0.124833 -1.12588 -1.384 0.056 2.407 -0.032 -0.053 -0.743
-0.295505 -0.346709 -3.26003 -0.493375 -0.827525 0.284599 -3.224 -0.72 -0.505 0.326 -0.384 -0.714
-0.867913 -5.40973 11.8554 -6.83914 -1.58694 3.03529 -1.166 -4.976 11.671 -8.225 -1.408 4.501
-1.06709 -1.25754 -1.42867 0.265637 0.379535 1.59508 0.268 -1.164 0.067 0.553 0.125 0.188
3.54266 0.655577 -0.226748 -0.128246 0.044195 3.26007 3.943 -0.743 3.012 -2.648 1.179 1.998
6.56369 1.65118 -2.46774 -3.31024 -0.152085 -1.78629 6.016 1.152 0.705 -6.214 -0.735 -1.309
5.04692 -12.3508 12.9955 -10.4034 -9.10005 6.11768 9.229 -10.082 14.53 -9.331 -6.712 2.726
6.75838 9.27925 -1.47776 -1.49063 -0.638844 -1.32857 6.765 10.871 1.959 -3.237 -1.87 -0.062
8.51013 1.83924 -3.72438 -10.9422 -1.4663 -0.529876 7.181 3.149 -0.058 -12.027 -1.119 -1.251
-0.832694 -0.318437 -0.537917 -4.08873 1.67407 -0.140355 -4.074 0.041 2.251 -4.239 1.475 0.548
-2.69912 1.28624 3.13633 1.06903 -0.38091 -1.56736 -0.442 1.679 2.632 0.445 -0.594 -0.515
-2.7673 1.26959 3.38008 1.52027 0.766465 -0.654984 -0.298 2.298 3.652 0.785 0.737 0.332
9.47113 3.09814 -3.89372 -9.9487 -1.65698 -0.518239 8.444 5.053 -0.055 -10.81 -1.323 -1.386
10.243 4.24299 -4.08482 -8.45574 -1.82728 -0.450888 9.48 6.773 -0.072 -9.028 -1.522 -1.419
10.0599 -3.90593 -5.3433 -4.05286 2.33035 -0.424234 10.825 -6.094 -2.52 -2.978 1.64 0.311
1.53249 -0.51313 -2.75092 -0.84889 -0.321927 -0.0207096 4.257 -0.076 -1.381 -0.856 -0.497 -0.87
0.793394 -0.431654 -1.40543 0.512055 0.231113 -1.22412 3.557 -0.006 -0.406 0.482 -0.052 -2.157
11.7501 5.3375 14.733 -1.17571 1.48452 0.70144 12.895 10.936 15.807 -1.613 -0.482 1.121
1.59883 6.62501 4.29015 -13.5434 1.16316 14.7716 2.394 9.395 7.228 -11.612 4.012 12.602
-9.22985 -10.0871 -1.40259 0.05147 0.40894 -0.323145 -9.777 -10.042 -1.764 0.49 0.736 -0.137
-6.18807 -9.56284 0.573506 -3.3925 -0.517241 1.00899 -5.888 -8.38 0.136 -3.136 -0.381 0.957
-4.28017 -1.0112 0.858513 -3.06003 1.18033 -2.85631 -4.994 -0.948 -0.335 -2.429 0.91 -2.415
5.05121 -3.51814 -3.07221 -1.59958 -0.336548 1.62502 6.176 -3.479 -1.701 -0.606 -0.542 0.441
-6.14587 0.74082 -0.471735 0.0304581 -0.0486518 0.429668 -4.304 1.137 1.073 0.839 -0.114 -0.377
-6.31612 -0.0525651 -0.610862 -0.159667 -0.246113 0.520258 -4.425 0.375 0.862 0.604 -0.341 -0.258
0.756512 -2.6469 -10.9423 -2.2325 -0.0920231 -2.31259 0.733 -1.998 -9.92301 -1.701 -1.307 -2.849
-4.10879 0.46316 -2.07362 3.74961 -1.93492 2.25698 -4.861 0.291 -0.124 3.229 -2.029 0.821
17.7583 19.847 28.0526 0.300107 3.03395 -1.75722 28.088 31.158 36.347 0.536 2.452 -1.148
5.97879 -1.62099 -3.6523 -1.89918 0.444564 2.27546 7.185 -1.714 -2.45 -0.816 0.178 1.142
-6.39481 -0.956356 -0.774934 -0.356839 -0.418478 0.642361 -4.474 -0.511 0.613 0.363 -0.534 -0.114
4.81509 1.68938 1.49283 1.20168 -1.15542 -0.711437 5.672 1.922 2.704 1.39 -1.096 -2.188
0.376131 -1.17602 -0.483685 2.66389 1.29806 -2.43073 2.375 -0.975 0.212 2.457 0.674 -3.438
1.43291 4.28665 -2.51088 3.72048 0.656156 2.98486 2.394 4.077 -1.304 4.003 0.394 2.02
-2.79101 -2.35861 -1.79628 0.0212945 -1.42796 0.529352 -1.69 -2.671 0.056 -0.102 -2.125 -0.682
0.64878 0.617082 -1.59611 -0.418765 -0.682175 2.78721 2.401 1.074 0.261 0.297 -0.772 1.422
-8.48111 -0.285488 1.6537 -1.10371 -1.21736 2.27419 -7.621 -1.175 3.282 -0.799 -1.259 2.44
-4.29853 -3.89303 -1.51255 -1.20543 -0.795235 1.79143 -3.136 -3.93 -1.004 -0.674 -0.917 0.824
2.51508 0.600483 -3.94529 -0.875726 1.15788 -0.614375 1.132 0.353 -1.345 1.063 -0.137 1.072
-5.36631 -1.82158 -1.63648 -2.17863 1.7407 -0.688809 -5.236 -2.249 -0.752 -1.893 1.307 -1.803
-8.34796 -5.16857 1.12286 5.78132 0.713076 -0.688282 -7.612 -4.211 0.743 6.288 0.893 -0.262
5.99615 1.91736 -5.72124 1.59448 2.1453 3.54223 7.125 1.269 -4.883 2.156 2.034 2.294
-0.128411 3.37399 -0.99958 1.12317 0.418412 -1.55165 0.868 3.021 0.406 1.046 -0.414 -2.629
-8.0696 0.105669 1.55496 -1.77266 -1.19308 2.31474 -7.17 -0.788 3.155 -1.372 -1.233 2.536
-2.09367 -2.54284 -2.80774 -2.09737 -1.02083 0.195641 0.296 -1.975 -1.725 -1.341 -0.748 -0.178
-0.723916 2.4108 -1.05804 0.0857798 -0.577268 -0.607427 0.054 2.1 0.598 0.097 -1.382 -1.729
-3.55212 -1.4183 -1.93864 -2.30582 1.45942 -0.0513905 -3.011 -1.5 -1.18 -2.148 1.042 -1.378
-1.80091 -2.04992 -2.74799 -2.88853 -1.21971 0.0969419 0.53 -1.499 -1.682 -2.091 -0.901 -0.304
-0.916525 3.08437 0.51608 2.26355 2.13077 1.72958 0.541 2.315 1.771 2.035 1.752 0.894
-2.75182 0.00457413 -2.02523 -2.03301 1.24761 0.381461 -1.927 0.081 -1.184 -1.976 0.834 -1.01
-1.06137 -1.17682 -3.01508 -4.1165 -0.433373 -0.0209219 0.571 -0.863 -2.009 -3.032 0.06 -0.756
-6.60016 1.08103 0.848137 -3.48027 -0.921114 2.38941 -5.677 0.177 2.39 -2.841 -0.987 2.649
-22.2194 11.7125 16.6579 -6.62954 -11.27 9.69639 -19.959 15.083 17.184 -5.402 -6.451 9.317
-2.34726 -4.07077 -4.70878 -0.783395 -0.44951 -0.258689 -2.813 -4.95 -4.693 -1.153 -0.808 -0.269
-2.03358 3.6773 -1.17598 -1.96192 1.92005 -2.4957 -0.149 3.717 -0.204 -1.636 1.151 -3.541
-2.18907 0.32357 -2.12178 -1.79226 0.909627 0.370872 -0.894 0.183 -0.961 -0.587 1.33 -0.521
-13.1656 -16.3935 3.06036 5.06276 -1.0698 1.45726 -12.59 -15.514 0.517 4.829 -0.84 0.876
5.33374 -0.00511718 0.433455 -7.09672 4.02651 5.68718 5.241 1.157 2.323 -7.079 3.109 5.66
-0.207109 1.25213 0.197881 -0.379225 1.56362 -1.50611 -1.523 0.384 0.434 0.258 1.293 -1.316
-3.40263 -0.20054 -17.4539 -0.1364 0.488385 -0.535886 -4.276 -1.457 -16.666 -0.061 0.323 -0.476
4.54469 2.10801 -5.32682 0.503671 -3.0088 -1.01132 3.545 0.944 -3.692 0.272 -3.151 -0.684
-5.03557 -4.14935 -4.84937 0.910841 4.95143 4.47747 -4.893 -4.029 -2.863 0.779 5.462 5.694
1.2571 0.581425 -1.4854 -0.939375 2.32383 1.29729 1.876 1.176 2.144 -0.748 1.845 1.011
-6.35502 1.23776 -8.23885 -2.89141 -0.181621 3.23876 -8.553 -1.206 -6.661 -2.454 -1.276 0.977
4.13025 3.05937 -0.62956 -2.18552 1.34661 0.0895661 4.592 2.813 -0.678 -2.15 1.427 0.126
0.681643 -0.838164 -0.161748 -0.52309 -6.15624 -4.65124 -0.929 -2.009 2.866 -0.538 -7.895 -5.349
-1.37101 -1.84604 -6.07571 -0.558447 -2.72244 -2.91842 -2.824 -2.785 -5.385 -0.541 -3.857 -4.74
0.613901 -2.05278 -2.96151 -2.0688 -1.50594 -0.453415 -0.337 -2.847 0.141 -2.061 -1.939 -0.364
-0.492906 -0.828537 -4.77051 -0.605217 -3.46436 -3.70195 -1.967 -1.772 -4.03 -0.628 -4.774 -5.713
7.00718 1.185 -2.05429 -0.149543 0.35669 0.369126 5.253 0.116 -0.073 -0.037 0.203 0.456
8.27813 13.5163 3.15689 -3.02448 -0.127731 5.28201 9.721 12.216 3.698 -2.292 -0.301 3.388
2.44824 0.303077 -6.32169 -1.31489 -1.85534 0.256373 1.124 -1.051 -5.469 -1.443 -1.575 0.516
-1.01461 2.50584 -0.0204977 1.39846 -1.39781 0.0720336 -0.427 2.916 2.338 1.558 -1.121 0.104
1.32374 1.4375 -1.62639 -0.505575 -4.65764 -5.01089 -0.065 0.598 -0.748 -0.675 -6.263 -7.269
1.12708 -0.989209 -3.40235 0.26394 -3.78053 -2.84887 0.188 -1.895 -2.126 -0.154 -4.223 -4.614
-4.5164 5.56148 -1.84825 -5.22159 0.415984 2.20939 -4.568 2.775 1.33 -4.78 0.791 0.784
2.19412 2.59505 0.0589774 -0.376228 -5.08875 -5.51431 0.917 1.858 1.004 -0.626 -6.813 -7.819
-1.0736 -2.33479 -0.00510872 0.774449 1.91145 0.202062 -1.048 -2.044 1.018 0.417 1.229 -0.049
-0.153999 -0.326133 -5.14043 0.748152 4.35759 3.59659 -0.166 0.552 -4.108 0.546 5.846 3.596
1.77553 2.74409 0.956889 0.3268 1.65968 0.648415 0.798 2.754 3.459 0.304 3.346 0.63
-4.5717 -3.70513 -2.00671 -0.930971 4.24501 1.43059 -5.118 -3.089 -0.759 -0.874 4.334 0.871
-5.66182 -9.3905 -4.01577 -3.3848 -1.99243 0.245789 -5.382 -9.592 -2.503 -2.524 -1.489 -1.036
-0.558501 -1.76431 0.203585 0.93917 1.87386 0.0842259 -0.569 -1.381 1.347 0.611 1.202 -0.171
1.0156 0.219665 -0.374257 0.422424 -0.811927 0.977215 0.174 0.275 2.668 0.59 -0.279 2.49
-0.524775 -2.32923 -1.17016 -0.0229258 -1.94124 -1.98642 -1.15 -2.534 0.312 -0.32 -2.22 -3.651
2.74004 3.78764 -3.14206 0.224557 -2.37105 -2.39488 1.584 3.544 -1.58 0.319 -2.278 -1.874
3.44434 2.99249 -2.34968 0.0301676 1.38207 1.82467 3.663 3.092 1.718 0.198 1.277 1.472
6.70601 -17.87 -1.32335 2.07099 0.589605 1.19838 5.283 -17.083 -3.397 0.946 1.081 1.099
1.30253 0.756813 -1.34736 1.0083 0.509458 -1.231 0.937 1.056 -0.074 0.784 -0.027 -1.349
-18.4465 -0.0879166 -1.11195 3.3371 -4.8869 3.13181 -17.438 0.735 -1.038 3.495 -4.281 2.994
2.6929 2.43833 -1.26697 0.272108 -2.42604 -1.01541 1.542 2.354 1.176 0.49 -2.064 0.013
-5.19144 1.65822 -18.6477 -15.0667 -33.3598 -20.0897 -1.81 -1.852 -19.249 -16.426 -30.307 -19.669
-0.497043 -0.725926 1.41718 -1.16422 1.48849 2.25541 0.655 -0.012 2.013 -1.311 0.747 2.069
-3.56465 -2.50203 -0.393303 1.56944 3.04662 0.843794 -3.085 -0.715 2.012 1.221 3.182 -0.775
6.93619 -3.52751 -1.3026 3.23742 1.77668 -1.68605 7.902 -1.267 0.12 2.702 0.736 -1.693
10.2626 15.4528 -8.40458 -4.72299 -0.381153 -8.50917 10.906 15.859 -4.508 -1.2 -0.782 -7.42
-1.82177 -0.0733126 -3.54151 2.37692 1.55261 0.910041 -2.515 0.586 -2.732 2.333 1.631 1.807
8.75838 -4.16903 -0.468588 3.69242 2.17683 -0.60715 9.438 -1.782 0.686 3.11 1.206 -0.762
-9.93787 -0.0811819 -4.8846 -1.91986 -0.477107 -1.47487 -8.462 -1.029 -4.394 -1.217 -0.942 -1.818
10.3981 -4.58956 0.315298 4.01956 2.60249 0.427627 10.752 -2.159 1.177 3.439 1.723 0.11
-5.79975 -1.35981 -5.12487 0.196092 -2.28417 1.53718 -4.812 -0.612 -4.387 0.878 -2.302 0.698
-2.8044 0.602367 -4.42429 0.827745 0.529123 -5.33349 -0.575 1.95 -2.285 0.537 -0.65 -5.063
1.66464 -5.22311 -0.648845 3.20386 -0.51789 4.07102 1.812 -4.357 -0.155 2.062 -0.939 2.948
12.5452 -3.93717 1.88334 3.7658 4.81844 3.26672 12.207 -1.747 1.844 3.348 4.416 2.451
-1.54365 -4.24445 -1.73717 2.22046 -0.402291 3.03294 -1.287 -3.732 -1.365 1.23 -0.916 2.257
8.94721 3.17236 -1.07795 2.63088 1.61262 2.27818 10.15 4.479 4.23 2.308 1.252 1.923
-6.021 1.60963 -4.71655 0.290599 0.498653 -5.46833 -3.501 2.637 -2.757 0.081 -0.684 -5.242
12.3518 -1.32192 -1.02844 -1.35777 0.756794 3.30554 11.701 -0.144 -0.844 -0.77 0.32 2.684
-7.81481 -0.567336 1.40874 -2.95591 -2.00093 2.53446 -6.83 -1.369 1.232 -2.104 -2.453 2.033
7.51561 -1.75592 2.84068 1.35954 1.06123 -3.56729 7.984 0.128 3.23 0.929 -0.203 -3.233
2.27272 -0.65802 2.4817 -2.62255 -1.72364 3.42802 2.5 0.479 2.831 -2.304 -2.296 3.287
12.0636 -0.853933 -1.20584 -2.00669 1.25187 4.19108 11.421 0.137 -1.244 -1.246 0.811 3.576
-6.45326 0.488497 -6.47982 -1.55672 0.800156 -3.90701 -5.445 0.292 -5.649 -2.056 -0.282 -3.511
-3.62759 -2.9853 6.63996 1.47437 3.18862 -0.170177 -2.668 -2.262 7.688 1.437 2.037 0.359
8.39753 -3.89633 -0.379609 0.154311 1.23851 1.23042 9.462 -2.987 -0.297 0.181 0.929 -0.077
-4.37844 -2.35318 -3.15023 0.618058 -1.2655 2.94132 -2.32 -2.75 -2.794 1.175 -1.605 2.095
3.04604 -1.46478 2.60041 1.6446 1.59393 -6.14567 3.821 0.297 2.768 0.847 -0.061 -5.132
2.18645 -0.525768 -2.73405 -1.18195e-06 -1.62272e-05 -3.21764e-06 -0.253 -0.415 -0.067 0 0 0
8.16035 -6.68248 3.04781 2.94792 -1.63192 -2.83394 4.873 -4.693 5.983 1.226 0.644 -0.061
3.38998 -0.425964 -1.28508 0.457882 -0.515857 -0.0010944 0.599 -0.614 1.111 0.4 -0.518 -0.168
7.18035 -5.24699 2.19609 3.37633 0.0358186 4.6477 6.764 -4.098 2.19 2.253 -0.519 3.156
11.928 3.20985 0.659878 0.240636 -1.99644 1.24905 7.876 0.084 0.319 0.997 -1.046 1.084
-11.5325 -0.379502 1.00715 1.3406 4.48392 -7.88128 -9.802 -0.257 1 1.271 3.363 -6.635
-6.39991 -2.48601 -1.50211 0.869584 0.548464 -9.9508 -5.185 -1.409 -0.913 0.058 -0.812 -8.581
-0.508644 0.399363 -1.95404 -2.69227 -1.42526 2.13042 -0.832 0.817 -2.145 -1.876 -1.454 1.705
-10.2046 -0.210402 -4.5292 0.391658 -0.270334 -5.33622 -7.212 0.717 -3.163 0.558 -0.757 -5.621
9.54222 -3.73646 3.97416 2.46177 0.383853 6.74245 9.078 -2.301 3.147 1.618 -0.458 5.189
5.01869 2.99797 -3.58748 -5.57256 2.14176 7.61906 6.01 3.279 -3.643 -4.41 1.844 6.962
32.8723 29.3441 -25.5373 -3.56534 -2.48483 5.27945 35.742 31.221 -21.486 -1.764 -1.492 1.433
9.94798 -4.03288 4.14482 2.64096 0.520479 6.09849 9.461 -2.648 3.416 1.746 -0.304 4.513
3.74048 -0.0209055 -2.03802 3.63721 -2.6 0.236539 1.714 0.766 0.677 2.791 -2.038 0.276
4.34828 -0.671842 1.81901 1.00162 -1.18876 -0.000959641 0.937 -1.39 3.674 0.884 -1.17 -0.479
-5.74241 0.268966 -3.43801 -2.58579 0.976498 -3.3707 -5.509 -0.173 -3.424 -2.99 -0.054 -2.98
-2.87599 -6.52496 2.40393 -1.31414 -2.09388 -0.328428 -2.87 -6.599 2.41 -1.513 -2.555 -0.274
-8.8075 7.40457 0.193039 -14.2122 -33.3905 -14.0128 -7.455 1.474 -2.398 -15.058 -30.102 -13.585
9.83962 3.68124 -0.143339 -2.81581 -6.13175 4.05535 8.516 2.272 2.208 -3.517 -5.806 5.124
14.7372 3.48225 -1.09583 0.829836 1.32792 4.7757 13.948 3.52 1.286 0.872 1.376 5.37
-6.85739 -24.7971 2.1745 1.93468 2.31433 -2.55561 -9.646 -30.825 5.584 3.566 2.061 -1.257
4.76287 2.29384 -1.52945 -2.06406 -7.2367 3.41346 3.881 1.968 0.825 -2.783 -6.764 4.225
1.02193 0.692644 -1.92841 4.68799 -0.245982 0.681754 0.631 2.064 1.397 3.65 -0.644 0.712
-11.765 -6.27437 -2.96714 2.10055 3.91025 3.0761 -14.143 -4.638 0.005 2.415 3.26 3.179
0.67017 2.94915 4.27459 -3.78007 -1.45698 0.443703 0.474 1.316 0.471 -1.121 -1.69 0.402
3.10488 -4.87357 0.754027 -1.59936 4.01735 -3.12688 4.848 -2.065 2.863 -2.399 3.155 -3.544
-0.190096 0.549109 -2.99981 -1.0892 -7.43106 2.53913 -1.077 1.08 -0.717 -1.747 -6.901 3.042
2.15402 0.970139 -3.06908 -1.29871 -4.88859 2.25987 -0.458 0.234 -0.398 -2.003 -4.792 2.843
8.19983 -0.254122 -9.68712 -2.35478 1.8494 2.2616 8.452 0.678 -4.974 -2.331 1.769 2.305
21.69 5.92714 -0.10195 -0.6999 -2.18246 4.56495 20.659 5.304 2.174 -0.967 -2.066 5.315
12.5331 0.382977 -9.93606 2.35749 -1.26643 2.5588 10.65 1.445 -5.531 2.405 -1.326 3.128
5.83644 -0.775402 -9.38758 -2.82929 2.55949 2.09337 6.32 0.28 -4.655 -2.914 2.408 1.999
0.968912 3.20378 4.52331 -4.14323 -1.77945 0.34857 0.759 1.701 0.651 -1.406 -2.105 0.344
3.33592 -1.31939 -8.95486 -3.07849 3.22768 1.90985 3.969 -0.11 -4.2 -3.295 2.97 1.676
1.62863 1.66294 -3.59838 2.04944 2.29741 0.540532 0.446 3.211 -0.503 1.414 2.74 -0.003
6.89058 -1.39262 -10.078 4.30868 -2.45336 2.0444 3.796 0.478 -5.873 4.208 -2.354 2.785
3.40221 -5.12268 -11.0866 3.33827 4.04718 -5.7607 0.948 -2.842 -8.393 3.954 3.497 -7.646
18.3529 4.22896 0.227599 -0.939601 2.59943 -3.77633 18.321 1.52 6.148 -0.665 2.634 -4.822
-9.34127 -5.4769 1.97733 2.08198 -1.22737 -0.469463 -8.455 -5.521 2.943 1.921 -1.357 -2.153
1.09852 -2.88515 -10.4389 4.37438 -2.90058 1.36247 -2.536 -0.323 -6.345 4.261 -2.588 2.194
6.75439 3.79585 -3.03036 -0.632604 -0.240518 5.40211 3.951 4.605 1.643 -0.633 0.114 5.921
17.2225 4.50769 0.590925 -0.230589 2.29809 -3.42384 17.329 1.843 6.547 0 2.563 -4.434
-8.98959 -6.66128 -4.51521 1.32597 0.856597 0.184419 -12.328 -5.093 -1.382 1.127 0.138 -0.457
-2.12108 -6.29492 -10.5809 3.35073 2.52477 -4.28174 -4.881 -4.017 -8.072 4.08 1.981 -6.197
-7.14244 -3.31317 -7.00868 -0.324267 0.869596 -3.99632 -10.526 -5.171 -2.769 -0.477 0.015 -5.214
-14.8107 -8.65156 -3.55611 2.0496 2.07347 1.39061 -18.136 -6.695 -0.442 2.061 1.294 0.968
-7.01571 -3.78823 -3.62766 -1.63381 4.09452 0.854595 -7.606 -2.508 0.511 -2.494 3.185 0.007
-7.06985 -3.965 -1.06263 -0.848961 2.95092 0.596019 -8.467 -3.065 2.565 -1.69 2.121 -0.338
4.70418 3.85306 -9.23342 -2.0263 -0.00388573 -4.02179 4.307 6.953 -5.566 -1.98 1.256 -3.631
-8.89596 -4.31746 -11.3021 2.58397 -2.86478 -0.608132 -12.934 -0.631 -7.47 2.595 -2.006 0.397
4.01727 2.42817 6.17859 -5.87738 -1.39181 0.691309 3.72 1.096 2.49 -3.955 -1.835 0.683
3.85376 1.06972 6.59189 -4.4788 -1.37178 1.87315 4.32 -0.112 3.049 -0.955 -2.095 2.045
-2.27111 4.48079 4.11681 -2.42725 -0.0227777 -1.50068 -1.81 0.478 0.071 -1.167 0.524 -0.322
4.4815 2.91115 -2.28914 1.05051 2.72059 7.7666 0.523 3.816 1.672 0.909 2.417 8.714
-0.206937 1.21509 7.05586 -5.36828 1.14334 0.365355 0.218 0.137 1.396 -2.432 0.008 0.484
0.653954 -0.554838 -1.7422 -1.4446 -0.47993 -2.70461 0.742 -0.73 -2.322 -1.295 -0.964 -2.362
-4.65119 1.47887 -10.162 -1.05676 -0.156067 -3.79022 -6.091 5.356 -6.581 -0.997 1.192 -3.038
0.789307 -0.5287 -1.95999 -1.33151 -0.49628 -2.59795 1.081 -0.672 -2.478 -1.197 -0.954 -2.306
-0.833031 -0.0361822 0.906193 -0.154204 0.963907 -0.0614945 -0.405 0.39 1.68 -0.177 0.627 -0.111
2.52956 -3.09665 5.18595 -1.82783 2.89159 -0.313582 0.772 -4.149 2.479 0.82 2.319 -0.449
0.813624 -0.495186 -0.559538 -1.45426 -0.148387 -2.55899 0.46 -0.754 -1.292 -1.319 -0.684 -2.227
1.78838 0.63611 3.87171 -2.82506 1.0347 -3.17477 1.28 0.061 -0.023 -0.148 0.17 -2.643
0.643961 -0.458088 -1.02328 -0.978813 -0.568701 -2.13289 -0.26 -0.589 -1.144 -0.99 -0.579 -2.388
-4.79916 0.13684 0.312005 1.32706 0.737884 4.5152 -4.707 0.176 0.308 0.763 0.278 2.782
0.525856 -0.10912 -0.0972821 -0.683684 0.550293 -0.507821 0.06 -0.432 -1.057 -0.665 -0.243 -0.488
-2.4726 -0.237232 -0.897039 -0.402222 0.855227 -0.363751 -1.969 0.287 -0.534 -0.309 0.222 -0.219
0.521123 0.301934 4.47255 -0.948861 2.18458 -1.67324 -0.696 0.479 4.479 -0.734 1.734 -1.319
-0.151548 0.155815 3.89799 -1.19458 1.97389 -1.98455 -1.12 0.422 4.193 -0.97 1.629 -1.565
-4.59149 0.225554 1.29708 0.296083 1.01934 1.35639 -4.068 -0.097 0.652 0.377 0.394 1.494
7.58276 3.24481 7.15479 -8.72532 -2.95991 5.42377 6.706 3.367 3.447 -5.176 -4.083 5.001
0.834411 -0.0632685 1.56748 -0.159318 0.959161 -1.10557 0.973 -0.185 1.359 -0.027 0.356 -0.877
0.990452 -0.413528 0.345425 -1.36247 0.151783 -2.34499 0.438 -0.716 -0.469 -1.253 -0.407 -2.068
0.98372 0.628729 4.03889 0.0677268 2.27403 0.0362982 -0.151 0.707 3.197 0.15 1.404 -0.121
-5.04671 0.118608 0.20344 0.010137 0.617503 0.323839 -4.108 -0.108 -0.084 0.142 0.126 0.715
-4.76866 2.94811 -2.6025 3.40422 -5.15208 -3.06909 -4.404 2.886 -1.37 2.989 -5.09 -4.994
-2.79016 0.431697 3.00052 0.704006 1.61679 2.62874 -2.759 -0.063 1.927 0.681 0.865 2.327
-1.13837 13.0904 8.00322 -6.65952 -7.35803 8.6862 -1.178 10.468 4.639 -5.326 -6.867 8.027
2.1458 -0.965809 -1.40056 -0.537539 0.0239363 -2.35736 1.022 -0.721 -1.405 -0.356 -0.556 -1.631
0.0224323 -0.138391 0.564381 0.240015 0.538505 0.106836 -1.166 -0.286 0.117 0.15 0.069 0.089
-1.41757 -0.000369854 0.0302203 0.146482 0.0855775 0.157292 -2.044 -0.169 0.39 0.012 0.31 0.072
-1.50666 -0.0521645 -0.167306 0.111452 0.0421068 0.363383 -2.002 -0.185 0.301 0.001 0.311 0.33
0.726167 -0.568272 -1.86281 0.139522 -0.619232 2.06063 0.365 -0.6 -1.528 0.157 -0.437 2.084
-1.41338 -0.114065 -0.372203 0.0724744 -0.0119996 0.58319 -1.793 -0.214 0.172 -0.009 0.287 0.598
-2.26456 -0.466226 -3.32442 -0.882428 -0.868799 -1.40317 -1.403 -0.725 -3.592 -0.847 -1.305 -1.107
-1.16138 -0.187781 -0.595967 0.0439397 -0.0844293 0.830309 -1.451 -0.259 -0.014 -0.008 0.227 0.884
-0.788251 -0.273893 -0.854597 0.0356303 -0.182655 1.11118 -1.023 -0.322 -0.277 0.011 0.123 1.186
-2.48371 -1.00159 -6.43721 0.0406473 -1.86384 -0.18467 -2.189 -0.726 -5.459 0.02 -1.682 -0.013
-1.4505 -0.443973 -3.12628 -0.982169 -0.762797 -1.3378 -0.844 -0.735 -3.561 -0.959 -1.264 -1.094
-4.09618 -0.950041 -3.65119 0.0784573 -0.76881 -0.524786 -3.804 -0.375 -2.795 0.296 -0.912 -0.346
1.84492 -0.784113 -1.1079 -0.823004 -0.0339069 -1.10656 1.304 -0.19 -0.262 -0.818 -0.184 -0.981
-0.113531 -0.904531 -4.96465 0.143873 -1.4364 -0.525063 -0.435 -0.789 -4.485 0.107 -1.457 -0.343
0.699955 0.0889013 2.59742 -0.0826328 1.25158 -1.26105 1.278 0.041 2.809 0.093 0.802 -0.901
-10.3177 -12.2858 -10.3881 1.89507 0.394267 -2.67437 -14.394 -14.945 -9.325 0.619 -1.87 -3.727
2.22906 0.180454 1.34774 1.19532 1.01132 1.85471 2.414 -0.21 0.573 1.044 0.51 1.281
0.656993 -0.645376 0.0118207 -1.16159 0.401154 -1.77962 0.432 -0.026 1.207 -1.088 0.373 -1.538
5.00759 0.257845 2.4317 1.04967 1.33627 0.727338 3.104 0.197 1.999 1.06 0.765 0.563
-2.34161 -0.175414 3.18675 -0.182788 1.28859 -0.626243 -2.949 -0.451 2.504 -0.286 0.788 -0.815
-1.18096 -0.119137 3.46695 -0.383096 1.35923 -0.843754 -1.92 -0.448 2.659 -0.464 0.82 -0.983
3.02826 -4.1576 0.486103 -11.8804 1.00777 -1.48214 2.898 -2.72 -0.194 -10.734 0.963 -1.293
-11.4964 -0.00552851 -8.6156 -9.21704 -3.71801 2.41005 -11.213 -1.019 -7.408 -7.297 -2.649 2.627
3.63067 -11.0562 -1.52191 -4.3053 -0.844349 1.3206 3.577 -11.74 -1.567 -3.115 -0.282 -0.511
-20.0596 -2.89986 0.353127 3.85253 -3.58876 -1.46301 -19.543 -4.046 0.673 3.816 -3.717 -1.214
30.5037 9.09002 -1.55918 -0.506754 -1.70767 -1.76787 29.256 3.195 -5.333 -0.882 0.604 -2.373
26.6339 36.4376 17.4833 5.19237 -3.89713 -2.84164 21.888 30.726 14.558 7.902 -1.839 -2.864
-21.3341 3.93174 29.2015 1.03147 15.8438 -16.8486 -19.109 5.844 31.735 0.812 13.973 -14.805
-1.85062 -3.74974 3.40513 -1.64946 2.50991 -9.21693 -1.135 -1.918 1.791 -3.548 2.638 -8.588
-3.69513 -24.2323 -28.0126 5.31483 -1.58662 -2.56336 -3.893 -23.759 -24.811 5.085 -1.273 -2.265
3.05872 -0.473003 8.20126 1.453 5.84534 -15.6843 3.909 3.742 8.024 0.848 4.175 -14.932
-7.90646 -4.83111 1.75771 0.664557 -3.66665 -5.24247 -7.511 -5.633 -0.959 1.766 -4.743 -1.762
27.6482 16.4375 -0.527575 -1.82383 0.0922276 -0.0457834 28.936 13.777 -0.027 -2.182 -0.007 -0.067
-0.00621552 -1.04762 -1.66566 -0.464781 0.379951 0.38647 -0.728 -0.095 -1.381 -0.44 0.529 -0.043
0.809934 -0.255619 0.68937 -0.649247 -0.265792 -0.938109 0.014 0.785 1.274 -0.316 -0.221 -1.046
0.187148 -2.06681 -0.918558 0.0807665 -1.14534 0.885706 -0.673 -1.186 -0.546 0.33 -1.2 0.47
0.751129 -0.489655 0.0864361 -0.0328454 0.080754 0.453341 0.046 0.517 0.172 -0.145 0.063 0.353
-0.571168 -2.1301 -1.77586 0.149479 -0.913635 0.666895 -1.543 -1.622 -1.488 0.187 -1.025 0.435
0.940341 -2.55644 -1.97848 0.548391 -0.384239 0.959112 0.017 -1.714 -1.567 0.697 -0.42 0.618
1.62307 -0.444328 0.223543 -0.0114616 -0.0780334 0.101748 0.853 0.441 0.631 0.014 -0.155 -0.345
0.746083 -0.921551 -0.581152 0.782607 -0.523821 -0.413785 0.01 0.124 -0.204 0.855 -0.493 -0.653
1.7166 -0.447313 0.328534 -0.324857 -0.000147118 0.111706 0.911 0.411 0.691 -0.277 -0.058 -0.34
-1.23962 -3.84317 -2.1719 -0.710804 0.634874 1.03141 -2.243 -3.003 -1.888 -0.403 0.586 1.015
0.372725 -1.11895 -0.511692 -0.267472 0.497992 0.530476 -0.467 -0.046 0.152 -0.049 0.646 0.125
-0.141188 -2.25584 -2.13086 0.067414 -0.868195 0.546184 -1.093 -1.538 -1.865 0.045 -0.925 0.291
0.28807 -0.905129 -0.343351 -0.138182 0.407323 0.374719 -0.546 0.197 0.319 0.078 0.525 -0.017
-0.323617 -2.85602 -1.47951 0.227374 0.154292 -0.0332689 -1.157 -1.788 -0.942 0.598 0.307 -0.086
1.04949 -0.0571669 -0.150845 0.625528 -0.810718 -0.888413 0.328 1.088 0.185 0.76 -0.84 -0.959
0.472145 -0.10327 -0.832845 0.533828 0.262123 0.586148 -0.256 0.905 -0.733 0.722 0.152 0.178
1.06723 -0.508058 -0.262518 0.652522 -0.652861 -0.880353 0.308 0.613 0.068 0.774 -0.666 -1.016
-1.54306 -2.46775 -1.76881 0.328189 -0.148889 -0.0423913 -2.27 -1.372 -1.332 0.466 0.006 -0.216
-1.21019 -3.60091 -1.84152 -1.63428 0.374586 1.11873 -2.064 -2.651 -1.438 -1.346 0.325 1.076
1.86481 0.546853 -0.594965 1.17364 -0.548392 0.31524 1.198 1.638 0.101 1.161 -0.657 -0.058
0.787757 -1.86457 0.666982 0.84609 -0.321853 -0.0692414 0.061 -0.679 1.094 0.982 -0.228 0
1.91197 -0.190863 0.375737 -1.2453 0.222324 0.309832 1.036 0.648 0.614 -1.164 0.263 -0.18
1.35179 -2.17796 -2.61968 0.513183 0.345949 0.269526 0.251 -1.511 -2.504 0.546 0.204 0.006
0.584995 -0.133882 0.616546 -0.615831 -0.536552 0.174223 -0.341 0.752 0.949 -0.206 -0.476 -0.132
-0.737804 -0.633603 -1.70713 -0.912192 0.0385858 0.0436038 -1.733 -0.102 -1.513 -0.687 0.013 -0.184
0.691727 -2.21347 -2.27102 0.230941 -0.0455331 0.311659 -0.352 -1.495 -2.129 0.171 -0.164 0.024
2.43369 -0.99832 1.74827 -0.62592 -0.0196962 -1.32737 1.685 0.129 2.256 -0.421 0.015 -1.455
2.40314 1.64841 -0.755041 1.08515 -0.472678 0.349438 1.636 2.607 0.002 1.128 -0.582 0.03
2.66233 0.130827 0.44631 0.174857 -0.949274 0.047899 2.003 1.154 0.853 0.202 -1.049 -0.257
1.83972 1.27147 1.09356 0.925098 -1.74735 1.01579 1.244 2.522 1.965 0.917 -1.729 0.787
2.83481 1.70873 0.981617 1.37883 0.0965414 0.91226 2.148 2.686 1.518 1.465 -0.045 0.706
2.10379 1.35606 -0.380953 1.36133 -0.687576 -0.0957545 1.717 2.516 0.44 1.571 -0.738 -0.309
1.24256 1.26388 0.806344 1.40077 -0.821176 -0.212615 0.678 2.258 1.478 1.471 -0.922 -0.499
2.19332 -0.0539825 0.35231 2.05691 -0.838031 0.336115 1.371 1.106 1.101 1.978 -0.888 0.208
1.07932 -0.318821 1.10941 -0.200395 0.144416 1.03544 1.015 -0.336 0.564 -0.361 -0.145 0.538
3.05486 1.04136 1.3138 0.298557 -0.220876 -0.515517 2.221 2.135 2.128 0.256 -0.479 -0.593
-1.31465 -0.589232 -0.501487 0.898847 0.309387 0.713861 -1.262 -1.006 -0.732 0.719 -0.04 0.26
1.03362 0.183962 1.55231 -0.124243 0.602388 0.415934 1.028 0.052 0.885 -0.314 0.393 -0.125
-0.304252 0.973002 1.3357 -0.826735 -0.381919 0.968642 -0.343 0.792 0.811 -1.01 -0.58 0.864
-0.0675029 -0.57241 -0.208337 1.18944 0.755031 -0.00413292 -0.549 -0.94 -0.584 1.041 0.363 -0.468
-0.0713723 -0.253976 0.0846226 0.997711 0.525066 0.187741 -0.516 -0.602 -0.365 0.882 0.071 -0.261
-1.00346 -0.941783 -0.455991 0.811606 0.239106 0.863022 -1.113 -1.462 -0.736 0.802 -0.117 0.417
-0.937318 -1.02122 -0.463696 0.696967 0.208744 0.818894 -1.14 -1.584 -0.796 0.758 -0.151 0.37
-0.754041 -1.27696 -0.687275 0.331139 0.603446 -0.068887 -1.26 -1.893 -1.245 0.485 0.283 -0.589
0.738907 1.98595 1.5784 -0.90862 0.802397 0.911558 0.63 1.694 1.242 -1.201 0.507 0.76
-0.899709 0.327151 -0.924486 -0.526938 0.566727 0.121881 -1.331 -0.028 -1.17 -0.648 0.186 -0.121
-0.194692 -1.57459 -1.10751 0.402469 1.09087 -0.557115 -0.852 -2.146 -1.597 0.45 0.88 -1.226
-1.10956 0.422214 -1.17683 -0.461976 0.597461 -0.018552 -1.532 0.045 -1.384 -0.579 0.187 -0.27
-1.41521 0.897743 -1.58122 0.0818907 0.535341 -0.602939 -1.797 0.508 -1.816 -0.047 -0.039 -1.011
-7.41433 -3.6169 -0.626297 1.182 -0.000664895 1.58654 -8 -3.484 0.601 1.027 0.351 1.534
0.504367 1.51012 -0.336085 0.513493 0.0614844 -0.304543 0.056 1.21 -0.75 0.417 -0.563 -0.946
-1.67385 2.38224 0.810729 0.375082 0.962639 -0.258481 -1.992 1.239 -0.317 0.603 0.167 0.024
0.716109 2.84548 0.0402721 -0.572973 -3.75525 -1.83252 1.484 2.804 -1.425 -0.789 -3.352 -2.306
6.1364 4.55473 5.3827 -0.665054 0.862104 1.65561 4.569 2.367 3.954 -0.714 0.771 1.893
7.33595 1.91147 2.62273 0.220753 -1.43287 1.76029 6.788 1.367 2.007 0.139 -1.89 1.248
6.01297 2.1912 3.86207 -0.820996 -2.03102 2.31619 5.804 1.932 3.524 -0.767 -2.539 1.799
7.60628 2.50727 2.92784 -1.23179 -1.53539 3.16495 7.26 2.178 2.452 -1.187 -1.932 2.696
3.173 7.42249 6.45823 -2.95466 -5.1056 0.8808 0.966 6.649 5.445 -2.764 -5.546 0.613
8.87402 2.2724 3.33874 0.17301 -1.47685 3.06046 8.329 1.878 2.737 0.102 -1.72 2.478
8.25199 4.63357 3.75775 -1.42213 -2.12313 3.85904 7.831 3.712 3.239 -1.153 -2.192 3.372
10.2136 3.23967 3.30653 -1.16564 -2.07756 2.54532 9.251 3.008 2.567 -1.064 -2.367 1.705
8.77108 1.75824 2.08277 -0.722583 -3.57564 -1.08768 9.063 1.959 3.175 -0.306 -3.146 -1.251
7.13376 4.21341 3.6879 1.9011 -0.75752 0.182602 5.306 3.991 2.887 1.608 -0.849 0.832
9.79219 12.4715 4.68738 -0.464144 0.280005 4.37537 8.941 10.121 3.78 -0.599 -0.192 4.464
2.65861 0.531372 -0.687602 -0.67471 2.80239 -0.809547 0.748 -0.692 -1.776 -1.064 2.948 0.055
4.62263 -0.742604 -6.28768 0.124471 1.49459 -3.01725 5.862 -2.604 -5.289 0.336 0.805 -2.532
-1.44276 1.09108 1.40848 0.866386 3.18227 4.68159 -0.597 -0.837 1.312 1.492 3.484 5.046
0.919355 8.30597 -0.143691 -0.619914 -4.58375 -0.166881 -1.385 7.866 -2.311 -0.353 -4.115 -0.248
0.503951 -0.548076 -0.58881 -0.248915 -0.228145 -0.397926 0.002 0.004 0 0 -0.003 0
1.58693 0.054732 -0.577091 -0.0343964 -1.86441 -0.0301416 0.963 0.283 -0.157 0.243 -1.382 0.305
0.542441 -0.706777 -0.748288 0.265262 -0.401608 -0.767532 -0.041 -0.58 -0.424 0.542 0.066 -0.383
-0.494962 -2.58143 -1.63949 -0.0446952 0.611096 -0.0746305 -1.35 -2.135 -1.554 0.102 0.528 0.415
-0.35767 1.01876 -0.629139 0.281581 0.3162 -0.796756 -1.044 1.46 -0.594 0.546 0.525 -0.464
1.4918 1.63687 -1.36499 -0.529539 -1.77928 0.252461 0.812 1.844 -1.278 -0.237 -1.428 0.606
0.402847 0.970541 0.0238748 -0.312039 -1.20644 -2.04959 -0.264 1.514 0.201 -0.006 -0.576 -1.863
-0.0106346 -1.38962 -0.628753 -0.255249 0.586113 -0.918551 -0.863 -1.176 -0.744 0.113 0.883 -0.681
0.741566 1.64567 0.127097 -0.386501 -1.4291 -0.432235 0.191 1.957 0.481 -0.071 -1.076 0.039
0.559891 1.68999 0.184103 -0.342479 -1.51715 -0.523144 -0.013 1.973 0.489 -0.027 -1.154 -0.034
0.466586 -2.72078 -1.06126 -0.213881 0.229632 -0.157949 -0.347 -2.445 -0.892 -0.018 0.23 0.219
0.904071 -2.81613 -1.94256 -0.818987 -0.219566 0.336154 0.249 -2.578 -1.901 -0.606 0.077 0.72
-0.2246 0.827536 0.0496126 0.27805 0.660353 -0.666915 -0.939 1.246 -0.068 0.541 0.835 -0.291
0.0753974 0.16275 0.137482 0.140616 0.755002 -0.511894 -0.616 0.491 -0.067 0.418 0.932 -0.124
-0.476074 -2.12901 -1.67098 -0.385345 0.52591 -0.271485 -1.007 -1.713 -1.51 -0.131 0.632 0.181
0.492122 -1.89776 -0.79352 -0.251376 0.13115 0.00667563 -0.275 -1.983 -1.202 0.024 0.381 0.323
0.35037 -2.50385 -0.975134 -0.357113 -0.122904 0.110909 -0.444 -2.561 -1.32 -0.094 0.173 0.434
0.502042 -1.94606 -2.94046 -0.928322 0.101269 0.623698 -0.171 -1.855 -2.901 -0.802 0.362 1.079
0.304799 1.9035 0.59462 -0.276577 -1.87167 -1.21313 -0.371 2.094 0.879 0.024 -1.421 -0.725
0.28574 1.90411 0.693831 -0.266598 -1.8141 -1.06145 -0.373 2.093 0.961 0.036 -1.382 -0.56
1.41631 1.67025 0.814101 -0.552277 -1.11996 -0.308195 0.88 2.008 0.935 -0.236 -0.846 0.161
-0.3249 0.180345 -1.79935 -0.220308 -0.755677 -1.15517 -1.401 0.574 -1.112 -0.16 -0.722 -0.844
0.518821 -1.04772 -0.627069 -0.437849 -1.03129 -0.662003 -0.17 -1.323 -0.308 0.012 -0.624 0.025
-0.34879 -0.537353 -1.81226 -0.671798 -2.04554 -0.534297 -1.199 -1.078 -2.155 -0.415 -1.376 0.103
0.525851 -1.21199 -1.01779 -0.439744 -0.986591 -0.677328 -0.085 -1.566 -0.689 0.018 -0.501 0.004
-0.0859208 0.801913 -0.544891 -1.33186 -0.74553 -0.712516 -1.113 0.173 -0.619 -1.235 -0.199 -0.096
0.0842435 -1.51002 -2.04984 -0.892698 -1.4657 -1.10214 -0.793 -2.175 -2.217 -0.621 -0.852 -0.458
1.11419 0.237084 -0.778136 -0.283822 0.739424 -0.510226 0.298 -0.687 -0.426 -0.034 1.373 0.282
0.394675 0.891024 0.42195 -0.382489 0.204435 0.623212 -0.561 -0.086 0.697 -0.139 0.691 1.22
0.710104 -0.812842 -0.0100309 -0.344087 -0.815747 -0.557313 -0.104 -1.035 0.259 0.098 -0.529 0.119
1.12351 0.661669 -0.686293 -0.266837 0.767349 -0.470529 0.304 -0.351 -0.486 -0.06 1.293 0.286
0.08099 -1.90136 -1.06622 -0.372583 0.424098 -1.54504 -0.64 -2.294 -0.88 0.038 0.902 -1.007
-0.415086 -0.849133 -1.05249 -0.25393 0.174179 -1.54757 -1.102 -1.168 -0.696 0.142 0.624 -0.922
-0.282657 -0.414901 -1.86715 -0.756971 -1.85653 -0.742498 -1.131 -1.033 -2.201 -0.516 -1.22 -0.089
0.645206 2.18875 -1.43655 -0.47198 -0.540975 -1.01523 -0.271 1.765 -1.014 -0.373 -0.124 -0.204
-0.0456421 2.01455 0.240494 -0.226373 0.486438 -0.247968 -0.956 1.296 -0.171 0.09 0.872 0.336
0.705877 -0.805773 0.827501 -0.697074 -0.77458 -1.45225 0.187 -1.416 1.067 -0.462 -0.293 -0.888
0.929205 -0.768509 -0.0130911 -0.296662 -0.567283 -0.523742 0.048 -1.075 0.254 0.142 -0.305 0.152
0.800837 -1.64561 -1.7598 -0.201445 -0.277169 -1.1437 0.31 -2.104 -1.65 0.196 0.302 -0.553
1.18553 -0.0112467 -0.441991 -0.207838 0.792313 -0.403221 0.338 -0.886 -0.109 0.069 1.389 0.362
1.24098 0.568086 -1.59838 -1.37072 -1.70731 -0.359305 0.861 0.251 -2.893 -0.904 -1.028 -0.178
0.737616 2.18453 -1.31973 -0.470991 -0.483318 -0.999283 -0.111 1.786 -0.846 -0.344 -0.03 -0.149
-0.198018 -0.415744 -1.79265 -0.769673 -1.70895 -0.785866 -1.054 -1.076 -2.126 -0.538 -1.108 -0.134
0.391679 0.240965 1.84038 -1.04062 -1.64837 0.173196 -0.497 -0.17 0.85 -0.345 -0.695 0.391
0.716607 -1.30226 -1.31734 -0.272103 -0.524555 -0.724126 0.171 -1.761 -1.128 0.158 0.015 -0.117
1.3265 0.433578 -1.49454 -1.41572 -1.75861 -0.28184 0.918 0.134 -2.753 -0.93 -1.061 -0.092
1.87555 1.83282 2.80637 -0.738065 -0.556654 0.314541 1.033 1.585 2.159 -0.177 0.479 0.706
0.610186 0.106862 0.505948 -0.361294 -0.197927 0.11659 0.166 -0.091 0.214 -0.214 -0.169 -0.305
0.136332 -0.0529608 0.194135 0.291026 -0.971695 0.498096 -0.614 -0.412 0.052 0.617 -0.28 1.188
0.292152 0.168805 -1.40151 0.161683 0.34415 -0.241136 -0.103 -0.24 -2.759 0.819 0.685 -0.012
0.0977094 0.047557 1.18391 0.145927 1.17886 0.0667941 -0.727 -0.242 -0.25 0.96 1.895 0.351
0.84733 2.11421 5.47914 -0.133465 -0.295032 -0.367151 0.204 1.729 4.517 0.392 0.503 0.053
0.512224 1.60608 5.47305 0.128005 0.0167946 -0.617473 -0.138 1.276 4.405 0.654 0.801 -0.2
-0.440308 0.980529 -1.63962 -0.620061 -0.76424 -0.499499 -0.782 0.51 -2.907 -0.203 -0.282 -0.405
1.77669 1.57549 2.39144 -0.821506 -0.6102 0.357925 0.876 1.33 1.717 -0.236 0.442 0.72
0.540651 0.545519 0.112987 -0.677231 0.681511 -0.232695 -0.286 -0.167 0.093 -0.626 1.428 0.263
-0.172897 0.0310615 0.711166 0.114835 1.17093 -0.142771 -0.803 -0.331 -0.695 0.919 1.729 0.115
0.436275 -1.20258 0.291165 -0.978412 -2.68103 -1.76959 -0.251 -1.922 0.248 -0.649 -1.855 -1.19
0.239724 1.85626 0.715946 -0.155095 -1.2 -0.932376 -0.601 1.779 -0.571 0.481 -0.475 -0.661
-0.352411 0.623369 -2.02985 -0.571709 -0.621351 -0.599855 -0.655 0.206 -3.199 -0.136 -0.166 -0.499
0.216974 2.16156 -0.184702 -0.611905 -0.358291 -0.593081 -0.999 1.527 -0.242 -0.623 -0.107 -0.017
-0.987364 -1.22325 1.21767 -0.853534 -1.26148 -0.0798152 -1.224 -1.688 0.429 -0.363 -0.9 0.073
0.807891 0.268459 1.7961 -0.438012 0.623155 0.481938 0.746 -0.051 1.503 -0.209 0.72 0.027
0.040563 0.0963362 -0.279739 0.238936 1.13276 -0.402609 -0.462 -0.317 -1.649 1.012 1.551 -0.172
0.910125 -1.42411 1.60942 -1.16927 -0.419289 0.819429 0.282 -1.647 0.475 -0.723 0.304 1.051
0.496647 0.269995 1.73301 0.600229 1.66862 -0.460334 -0.455 0.125 0.293 1.303 2.526 -0.114
0.211724 0.0433965 0.591972 -0.578493 -0.133719 0.440125 0.17 -0.312 -0.046 -0.156 -0.084 -0.201
1.76327 -0.688794 2.62843 -1.06448 0.0603396 0.255929 1.129 -0.692 1.528 -0.612 0.767 0.541
1.15064 1.00048 2.17579 -1.06011 -1.08227 0.419495 0.172 0.672 1.375 -0.401 -0.093 0.701
1.07234 -1.56936 -2.02077 -0.229072 -2.07017 -0.452063 0.04 -1.562 -3.156 0.191 -1.184 0.018
0.782058 -3.21666 -2.03344 0.15742 -1.74946 -0.557356 -0.175 -3.015 -3.069 0.521 -0.953 -0.111
0.473452 0.30769 1.98851 0.694938 1.72646 -0.632323 -0.458 0.18 0.557 1.359 2.587 -0.273
0.442413 2.12489 0.783012 -0.230122 -1.16906 -0.868098 -0.371 2.011 -0.497 0.348 -0.452 -0.589
-0.5885 -1.52092 1.96676 -0.997463 -2.03673 0.146738 -0.909 -1.925 1.065 -0.468 -1.565 0.294
-0.505137 -2.41655 0.707702 -0.727404 -1.10029 0.625741 -1.18 -2.598 -0.685 -0.346 -0.427 0.881
0.622584 0.746713 0.506882 -1.22495 -0.732557 0.39274 0.081 0.095 0.232 -1.158 -0.569 0.097
-0.809922 -0.00686712 0.418388 -0.14465 0.682368 1.35767 -1.006 -0.395 -0.079 0.1 0.687 0.94
-0.721703 -0.453682 -0.683042 0.191117 -1.18057 -0.140576 -1.511 -0.957 -1.123 0.764 -1.359 0.374
0.868856 0.584213 0.515914 -1.11587 -0.599643 0.373112 0.347 -0.032 0.262 -1.03 -0.461 0.077
0.371813 0.363496 2.63192 0.829655 1.73062 -0.935341 -0.503 0.264 1.244 1.421 2.588 -0.557
0.766562 -0.652309 -1.07977 -0.763551 -2.2507 -0.26695 -0.202 -0.678 -2.281 -0.309 -1.388 0.211
1.03726 -1.55703 -1.76024 0.405537 -0.430395 0.327143 0.652 -1.855 -1.996 0.535 -0.33 -0.174
0.538214 -0.837218 1.30699 0.0965714 -0.0411117 -0.760607 -0.27 -1.095 0.463 0.633 -0.261 -0.434
0.478037 0.190036 0.30393 -0.268228 -0.169685 0.738154 -0.002 -0.371 -0.251 -0.055 -0.027 0.452
-0.257068 -0.5231 -0.729768 -0.0424787 -1.36564 -0.233944 -1.019 -0.811 -1.134 0.471 -1.426 0.245
-0.128034 0.0592312 -1.83312 -0.223915 0.142145 0.100361 -0.532 0.035 -1.875 0.026 0.356 -0.074
1.46287 -1.07154 1.45698 -0.369905 0.824731 -0.449478 0.946 -1.079 1.415 0.309 0.662 0.271
-0.0327069 0.531228 -0.531942 0.894823 0.367465 0.792515 -0.295 0.278 -0.746 1.007 0.442 0.497
-0.0251536 -1.10671 -0.883314 -0.408385 0.250316 -0.163067 -0.255 -1.661 -1.336 -0.232 0.326 -0.506
-0.658081 -0.178666 0.296043 -0.220256 0.576098 1.24769 -0.869 -0.694 -0.262 -0.036 0.59 0.869
0.506657 -0.243079 0.783905 0.145038 -0.383798 0.0586886 0.19 -0.61 0.29 0.566 -0.183 -0.205
-0.0674106 -0.635651 -0.327189 -0.269258 -0.820802 0.0703747 -0.314 -0.606 -0.502 -0.05 -0.8 -0.214
-0.708405 1.80818 1.55393 -1.37472 1.10009 -0.821465 -1.503 1.564 0.911 -0.843 0.842 -0.307
0.0786367 -0.336429 -0.193877 -0.125001 0.0924623 -0.125455 -0.417 -0.749 -0.568 0.101 0.241 -0.301
-0.056347 0.230186 0.119451 -0.363829 -0.371052 -1.60605 -0.94 0.409 -0.983 0.293 0.383 -1.376
0.234284 -1.11967 -0.680569 -0.504648 0.804315 -0.383644 -0.027 -1.406 -0.959 -0.28 0.916 -0.763
0.276236 0.683143 0.529424 -0.12304 0.31452 1.12137 0.003 0.22 0.091 0.101 0.409 0.862
-0.782372 2.15939 1.19464 -1.48247 1.24775 -0.916645 -1.547 1.894 0.596 -0.952 0.99 -0.453
0.939282 0.347421 2.15766 -0.511892 1.29088 -0.485562 0.408 0.203 2.225 0.284 1.091 0.262
-0.0152289 1.8209 0.292205 -0.202657 0.0385461 -1.10689 -0.677 1.692 -0.233 0.343 -0.003 -0.776
0.432582 0.0319548 -1.35044 -0.148732 -0.165231 -0.761977 -0.317 -0.425 -1.467 0.075 -0.062 -1.024
0.965215 0.469445 1.3856 -0.531258 -0.487497 0.717955 0.775 0.123 0.675 -0.19 -0.268 0.219
0.0634292 1.84098 0.552888 -0.496222 0.766907 1.2482 -0.358 1.628 0.451 -0.277 0.807 0.93
0.426731 -1.08326 0.0479945 -0.480657 -0.19828 -0.787007 -0.148 -1.044 -0.42 -0.084 -0.177 -0.315
-0.0739962 1.96478 0.707362 -0.498322 0.789958 1.24154 -0.468 1.767 0.585 -0.26 0.828 0.94
0.849532 -0.615853 1.31035 -0.235377 -0.0857448 -0.837019 0.091 -0.87 0.651 0.394 -0.271 -0.522
0.874735 -0.0947179 0.97007 -0.572124 -0.0285559 0.707515 0.665 -0.435 0.691 -0.298 -0.079 0.286
0.935521 -1.42025 0.136541 -0.4156 -0.376221 -0.603225 0.403 -1.407 -0.317 0.01 -0.382 -0.145
0.0780119 -0.971238 1.70251 0.0108583 0.445787 -0.387707 -0.675 -1.112 0.946 0.407 0.218 -0.044
0.576089 0.0389448 -0.0511175 0.284886 -0.456113 -0.627123 -0.081 0.229 -0.67 0.803 -0.305 -0.21
-0.141622 -0.672242 0.917272 -0.168187 -0.946997 -0.259814 -0.521 -0.811 0.423 0.171 -0.713 -0.588
1.63172 -1.44821 0.466408 -0.575898 -0.540753 -0.350495 1.156 -1.579 0.041 -0.034 -0.632 0.144
0.40366 1.55005 0.197026 -0.444482 0.766827 1.15182 -0.078 1.257 0.132 -0.26 0.783 0.795
0.698076 -0.453344 -1.35648 -1.01894 0.926057 -0.0174773 -0.037 -0.531 -1.498 -0.628 0.873 0.233
-0.641184 -1.35175 -1.89642 -0.434978 -0.713323 -0.0676343 -1.388 -1.494 -2.511 -0.137 -0.764 0.228
1.25365 1.93243 2.4936 0.155578 0.216959 0.375232 1.206 1.732 2.127 0.405 0.399 -0.041
1.76227 -0.849991 0.92529 -0.648826 -0.447088 -0.432466 1.268 -1.118 0.543 -0.015 -0.631 0.098
-0.379034 1.85815 1.01601 -0.353668 0.864731 1.01293 -0.652 1.708 0.822 -0.017 0.92 0.749
-0.264669 2.06245 0.931621 -0.455496 0.854713 1.15481 -0.596 1.903 0.776 -0.171 0.896 0.88
1.29052 -0.558943 -0.213394 -0.877452 0.615519 -0.204713 0.659 -0.641 -0.264 -0.511 0.554 0.211
0.0622478 0.94691 -0.11229 1.00639 0.298618 0.69977 -0.22 0.625 -0.385 1.122 0.359 0.441
0.300356 -0.412309 -0.727075 -0.134743 -0.684251 -0.0840019 -0.395 -0.287 -1.046 0.398 -0.475 0.39
0.14728 -0.533922 -0.361384 -0.0393659 0.400995 0.658709 -0.048 -0.781 -0.565 0.1 0.5 0.25
0.731826 1.5074 1.14841 -1.37109 1.51734 -0.45206 0.263 1.129 0.682 -1.093 1.199 -0.1
0.405329 1.2744 2.58877 -0.489397 0.14088 -0.510915 -0.32 1.074 1.933 0.085 -0.036 0.044
-0.415019 -0.746641 -1.53726 -0.871719 -0.130146 0.489774 -1.063 -1.07 -2.114 -0.55 0.047 1.114
0.97465 1.89667 0.0798386 0.180102 -0.551368 0.198267 0.716 1.892 0.046 0.437 -0.472 -0.169
1.8603 -1.1009 0.577832 -0.48208 0.330221 -0.415458 1.311 -1.136 0.481 -0.028 0.242 0.194
1.06392 0.911511 1.68037 0.746462 0.206724 -0.344894 0.878 0.537 1.31 0.994 0.289 -0.822
1.02596 -2.88948 0.651764 -0.489404 -0.903105 -0.747847 0.376 -2.825 0.242 0.034 -1.017 -0.415
0.644745 -0.485528 -0.164765 0.265478 -0.138367 -0.224389 -0.032 -0.188 -0.708 0.824 0.083 0.244
-0.746719 -0.382012 -1.26991 -0.176487 -0.050204 0.327764 -1.404 -0.943 -1.735 0.224 0.014 0.879
0.515549 1.99222 1.00355 -0.471215 -0.0278621 1.10098 0.159 1.673 0.784 -0.334 -0.041 0.734
1.40902 0.664377 -0.367014 0.0326024 -0.753945 0.139529 1.132 0.156 -0.997 0.29 -0.598 -0.498
1.10221 1.75099 5.13686 -1.31559 -0.14607 -0.838533 0.778 2.035 4.869 -0.886 0.352 -0.646
-0.382664 -0.998594 -1.9956 -0.279652 -0.178362 -0.3088 -1.162 -1.046 -2.485 0.019 -0.227 -0.081
1.01222 2.17435 5.35624 -0.563157 0.393445 -1.26379 0.578 2.766 5.075 -0.114 0.829 -0.972
0.190685 1.53519 5.70247 -0.92123 1.66062 -1.23435 -0.103 2.049 5.635 -0.419 1.828 -0.791
1.18107 2.75192 0.594801 -0.265366 0.550425 0.125179 0.947 2.371 0.557 -0.039 0.647 -0.242
0.475771 2.11445 6.27011 -0.750735 0.0613603 -1.27276 0.209 2.573 5.875 -0.373 0.476 -0.977
-0.260987 3.38609 5.72202 -0.249218 0.00262905 -1.3172 -0.636 3.977 5.114 0.139 0.304 -1.105
2.2431 -0.0559253 2.75083 0.757431 -0.418608 0.388128 1.657 -0.41 2.951 1.257 0.183 1.056
0.85774 1.6766 6.33885 -1.12448 0.10794 -1.25744 0.403 2.314 6.126 -0.79 0.378 -0.947
0.362671 1.70361 7.09886 -0.530932 0.583716 -0.544038 -0.219 2.241 6.545 -0.137 0.852 -0.46
-0.85986 -2.48207 0.646341 0.425255 1.26257 -1.05287 -1.599 -2.908 0.814 0.489 1.451 -1.105
-0.049814 1.40254 -0.0348645 -0.829373 -0.747421 -2.05926 -1.113 1.222 -1.432 -0.143 -0.197 -1.963
0.84226 1.35765 1.74552 -0.187882 0.21302 -1.32579 -0.082 1.732 0.522 0.503 0.933 -1.133
2.44882 0.0415207 2.40116 0.767615 -0.930557 0.482047 1.813 -0.239 2.61 1.28 -0.532 1.18
-0.267217 2.10179 -0.60365 -0.186704 -0.31074 -2.01525 -1.111 2.151 -1.835 0.642 0.39 -1.793
2.68146 0.959056 2.94742 0.781205 0.710865 1.1855 2.191 0.832 2.966 1.242 1.306 1.862
1.80468 0.0475077 1.74025 -0.662137 -0.621215 -0.504679 1.256 -0.581 1.117 -0.549 -0.545 -0.664
0.307348 3.84835 5.20865 0.431116 0.0565669 0.11519 -0.126 3.372 4.881 0.455 0.18 0.079
0.153403 1.17712 0.711619 -0.00632453 -0.7393 -1.15762 -0.554 1.429 -0.38 0.587 -0.033 -0.923
0.0086386 1.47496 1.34673 -0.674141 0.228971 -2.237 -0.719 1.478 0.118 0.135 0.758 -1.94
0.849041 1.56925 0.727866 -0.54697 -0.867081 -1.82756 -0.048 1.68 -0.319 0.194 -0.012 -1.656
0.420297 1.05256 0.956948 -0.287694 -1.0279 -1.3919 -0.411 1.091 -0.099 0.585 -0.283 -1.138
-0.348765 1.0465 -1.25384 0.774906 -0.77004 -2.56159 -1.434 0.918 -2.087 0.823 -0.689 -2.42
0.083103 0.174938 2.6059 -0.815754 0.292577 -1.59792 -0.816 0.065 0.959 -0.138 0.997 -1.279
1.98058 1.63672 3.72841 1.25832 0.407833 1.22546 1.339 1.398 3.806 1.776 0.816 1.872
2.78942 1.21723 5.16142 0.722541 0.0379521 1.79573 2.101 0.941 5.011 1.167 0.634 2.33
0.0447645 0.254246 -0.385286 0.555166 -0.44974 -2.85312 -0.706 0.121 -1.501 0.665 -0.361 -2.611
-1.38987 1.55012 -0.338368 -0.437046 0.280103 -3.07633 -2.037 1.273 -1.133 -0.383 0.338 -2.825
-0.422086 0.870939 -0.764703 1.10007 -0.705194 -1.50903 -1.002 0.721 -1.492 1.175 -0.677 -1.12
-0.694299 1.75163 -0.267346 0.667497 0.183041 -2.10045 -1.55 1.438 -1.371 0.737 0.243 -1.928
-0.597304 1.57042 0.34904 0.268558 -0.251894 -3.00801 -1.515 1.076 -0.745 0.485 -0.248 -2.65
0.411195 2.52807 -0.378575 -0.159478 0.701912 -2.25354 -0.455 2.247 -1.508 -0.058 0.837 -2.087
2.02446 -2.07172 -0.222581 -0.73335 -0.115586 0.685642 1.196 -2.445 -1.082 -0.176 0.122 1.372
-0.0551817 -0.790478 -2.63902 -0.0463077 0.746307 -1.10238 -0.073 0.058 -1.25 1.238 0.84 -0.821
0.452344 -0.854638 1.68004 -0.467539 4.07876 -1.01586 0.669 -0.457 1.641 -0.237 3.867 -0.767
10.2089 8.93842 6.33024 -1.68007 -1.55309 0.641346 7.517 8.627 7.505 -1.244 -1.989 0.151
0.507365 -0.712302 -1.79849 -0.443514 -0.266854 -0.0151045 0.152 -0.818 -2.167 -1.117 0.06 -0.409
0.948709 -0.902089 -0.634592 2.01711 0.438624 0.762128 0.687 -0.813 -1.098 1.4 0.755 0.239
0.962342 -0.458458 -0.560952 1.80624 0.381493 0.951157 0.659 -0.449 -0.94 1.228 0.768 0.414
-1.46249 -0.817174 0.399048 0.766074 -0.647225 0.188007 -1.323 -0.953 -0.152 -0.01 -0.794 -0.102
0.533597 0.118951 0.379092 0.987455 -0.616074 0.7546 0.561 0.144 -0.005 0.199 -0.444 0.072
-1.08012 -0.0110147 -0.511365 0.488032 0.830447 0.739548 -1.244 -0.107 -1 0.024 0.991 0.305
0.715139 1.24748 0.28105 0.631179 -0.0514696 1.47803 0.36 1.125 0.075 -0.036 0.139 0.909
-0.552786 -1.85671 -0.760558 0.297272 -0.915745 0.601174 -0.397 -1.709 -1.048 -0.554 -0.666 0.181
-2.44872 -0.783093 0.582926 0.222134 -0.432665 0.388745 -2.449 -0.853 0.33 -0.586 -0.152 0.049
0.0210281 -0.0500587 -1.90756 -0.802283 1.57735 -0.481668 -0.283 0.703 -1.105 0.018 1.58 -0.043
-1.11234 0.187315 -0.41744 0.458607 0.797802 0.699352 -1.285 0.101 -0.961 -0.004 0.962 0.264
-0.733343 -2.11339 -0.184344 0.0633018 -0.800186 0.53131 -0.584 -2.024 -0.459 -0.746 -0.545 0.117
1.24351 1.463 0.337195 0.627691 -0.405482 1.27189 0.854 1.468 0.227 -0.103 -0.13 0.722
-2.14144 -1.15502 0.651097 0.126193 -0.456263 0.409226 -2.109 -1.205 0.382 -0.66 -0.197 0.052
0.00606553 -2.35287 -0.679003 1.84899 -1.08249 0.330557 -0.385 -2.844 -1.323 1.01 -1.011 -0.149
-1.46567 -1.77614 0.475951 -0.0245443 -0.488769 0.448337 -1.375 -1.78 0.216 -0.792 -0.24 0.06
-1.21445 1.09385 -0.738507 0.615593 0.307584 0.859845 -1.293 0.985 -1.334 -0.159 0.661 0.529
-0.892522 -0.110242 -0.384594 0.734315 -0.734057 0.00360589 -0.785 -0.14 -0.841 -0.052 -0.767 -0.262
-1.92935 -0.227358 -0.325737 0.355354 -0.826768 0.617206 -2.081 -0.394 -0.414 -0.456 -0.544 0.217
1.61467 1.58749 0.346929 0.892347 -0.4842 0.938073 1.146 1.543 0.254 0.07 -0.142 0.407
0.274495 -0.0903329 0.187682 -0.337165 -0.103524 -0.482294 0.118 -0.058 -0.346 -1.03 0.181 -0.846
-1.21528 -1.23573 2.15163 1.33054 -0.928184 -0.169927 -1.65 -2.118 1.932 0.558 -0.726 -0.784
-0.0651866 -0.812876 -1.93407 0.113158 -0.657519 0.72163 -0.411 -1.036 -2.023 -0.587 -0.384 0.255
-0.404342 -0.0804007 1.51943 1.48955 0.0501385 0.628027 -0.737 -0.683 1.337 0.618 0.23 -0.075
-0.756693 1.45954 0.133446 0.409187 1.02126 1.07244 -0.972 1.072 -0.495 -0.229 1.196 0.653
0.822339 -1.81234 -0.260811 0.954215 -0.904741 0.0815325 0.442 -2.16 -0.744 0.272 -0.751 -0.473
0.455851 0.0330679 0.392568 0.550782 -0.38823 0.279324 0.399 0.016 0.195 0.062 0.128 -0.135
0.385672 -0.84652 0.780002 1.28801 0.0373886 -0.507915 0.428 -0.685 0.087 0.539 0.221 -0.916
0.183697 -0.0187432 0.0506833 0.0862423 0.558398 -0.28319 -0.001 -0.002 0.001 0 -0.001 0.001
7.17608 3.79511 5.13311 1.0389 -1.21259 -1.7545 6.797 2.918 3.856 1.546 -0.446 -1.127
2.02498 0.291885 1.79281 1.68409 0.258988 0.570771 1.774 0.43 1.455 0.825 0.282 -0.275
1.2908 0.998225 1.27051 2.11064 -0.634343 1.34731 0.953 0.899 0.53 1.301 -0.717 0.546
1.40621 1.47033 2.07305 2.08552 -0.105794 1.72129 1.445 1.575 1.703 1.162 0.02 0.861
3.6633 1.57024 3.12599 1.83515 1.51062 0.109533 4.184 1.756 3.065 1.667 1.41 -0.503
2.84145 0.323596 0.352011 1.31129 -0.84309 0.838605 2.801 0.399 -0.13 0.242 -0.796 0.202
-0.274032 -0.939933 -0.372768 0.465571 1.22569 -0.812621 -0.618 -1.16 -0.574 0.478 0.476 -0.337
2.97521 1.83734 1.37935 1.11376 -0.722993 0.938461 2.712 1.834 0.72 0.343 -0.492 0.253
-0.765988 0.285319 -0.161651 0.410661 0.645375 -0.93544 -1.033 0.068 -0.412 0.34 -0.114 -0.47
-0.71508 0.133696 -0.198342 0.467216 0.78331 -0.960591 -0.985 -0.099 -0.433 0.417 0.022 -0.483
-0.0490507 -0.655491 -0.573032 -0.0550071 0.701541 -0.330883 -0.331 -0.542 -0.557 -0.137 0.179 0.13
0.00651507 -0.316649 -0.661654 0.0456539 0.733233 -0.233752 -0.206 -0.199 -0.706 -0.061 0.242 0.215
0.268292 -0.564655 -0.0569824 0.0236129 -0.462672 -0.986458 0.098 -0.4 0.003 -0.261 -1.208 -0.696
1.03915 -0.175833 -0.196428 -0.0877694 -0.553989 -0.842333 0.872 0.111 -0.03 -0.269 -1.299 -0.56
0.145594 0.447999 1.14258 -0.681786 -0.349036 0.0962573 0.246 0.4 0.981 -0.764 -0.954 0.272
7.40233 9.12968 12.23 -0.388326 -0.00204271 2.02667 6.972 6.509 11.09 -0.009 -0.349 2.068
0.924098 2.32628 0.92611 1.69132 -0.360345 1.68529 1.128 2.278 0.608 0.84 -0.287 1.009
1.57951 0.0409266 -0.109442 -0.346805 -0.534673 -0.592276 1.429 0.349 0.071 -0.432 -1.333 -0.35
0.103685 -0.722946 0.277201 0.00343624 0.729632 0.0819232 -0.221 -0.706 0.454 -0.252 0.201 0.433
-1.0188 -0.686518 -0.222946 0.019569 0.687883 -0.590419 -1.382 -0.833 -0.619 0.092 0.115 -0.25
1.78126 1.46775 1.404 1.43186 -0.390812 1.61128 1.729 1.235 0.859 0.566 -0.255 0.684
-0.593418 -0.302135 0.00277396 0.560516 1.71871 0.353293 -1.326 -0.265 0.049 0.519 1.362 0.811
-0.347162 0.662023 0.264211 -0.358686 -0.282129 -0.755378 -0.76 0.622 0.018 -0.609 -0.916 -0.405
-0.159423 1.0393 -0.43483 0.148725 0.388119 -0.358482 -0.814 0.869 -0.689 0.139 0.076 -0.058
1.59716 -0.150675 0.0986945 -0.455363 -0.330182 -0.726782 1.416 0.008 0.152 -0.539 -1.171 -0.524
-0.436907 0.00832164 1.12901 -0.580093 -0.108757 -0.266665 -0.421 -0.037 1.036 -0.574 -0.697 0.004
-0.143121 1.2664 -0.550282 0.209059 0.297902 -0.495674 -0.781 1.096 -0.775 0.19 -0.013 -0.203
1.56671 -0.191097 0.128054 -0.43454 -0.275795 -0.763442 1.371 -0.088 0.134 -0.531 -1.125 -0.571
1.74354 1.77386 3.06737 1.33348 -0.142991 0.328059 1.68 1.593 2.417 0.427 -0.146 -0.475
2.49544 3.17151 0.592157 1.21314 -0.797804 1.47887 2.298 2.899 0.077 0.207 -0.722 0.742
0.126026 1.74164 -0.926454 0.32422 0.0167397 -1.07779 -0.351 1.622 -0.938 0.275 -0.369 -0.8
-0.0331238 0.62962 0.298923 -0.267508 -0.351491 -0.827932 -0.39 0.581 0.21 -0.468 -0.925 -0.479
0.0455332 0.652623 0.312849 -0.193361 -0.309639 -0.849821 -0.282 0.593 0.273 -0.369 -0.869 -0.505
0.333911 0.868593 0.186327 0.139249 -0.06199 -0.985721 0.092 0.791 0.287 0.069 -0.585 -0.674
0.654558 -1.1031 -0.24686 -0.714126 -2.83538 -0.0618044 -0.128 -1.604 -0.347 -0.314 -2.247 0.338
0.488575 1.60559 0.953734 0.353834 0.785267 -0.48586 0.273 1.269 0.849 0.172 0.427 -0.148
1.47687 0.453382 0.521525 -0.793422 0.194512 -0.188695 1.279 0.195 0.534 -0.837 -0.427 0.106
1.31662 1.00366 1.95476 0.32422 0.463232 1.58396 0.893 0.85 1.768 0.253 -0.21 1.739
9.15265 9.16699 10.7049 0.442461 1.03355 -2.51761 7.942 7.759 9.83 0.497 1.358 -1.654
0.857482 0.0847001 0.599946 0.0727328 0.194848 -0.585031 0.386 -0.234 0.699 0.059 -0.182 -0.162
1.73265 1.4279 2.24799 1.27135 1.10067 -0.135833 1.471 1.371 2.159 1.162 0.605 0.202
0.621592 1.93643 1.49966 -0.0555054 1.12895 0.700095 0.412 1.983 1.712 -0.1 0.796 1.047
0.642275 1.32545 1.33833 0.261469 1.65652 -0.272697 0.504 1.287 1.332 0.258 1.14 0.005
0.0133903 -2.38664 -0.99018 0.579578 0.419997 0.54091 -0.663 -2.431 -1.005 0.565 -0.081 1.004
1.77447 2.16146 -0.992669 1.74008 -0.170485 -0.761014 0.896 2.469 -2.024 2.257 -1.042 -1.269
1.84075 2.73795 0.521484 2.14375 -0.857109 1.0986 1.025 1.778 -0.561 1.272 -1.012 1.148
2.61245 5.17867 1.37313 -0.471285 -1.03859 -0.164868 1.502 3.497 1.35 -0.324 -1.01 -0.736
1.82293 -1.66974 4.67346 1.3297 -2.56624 -2.20467 1.987 -2.187 4.721 1.565 -2.347 -2.547
-0.101859 0.462317 -0.425187 -0.0135166 0.240513 0.0430556 0.019 -0.001 -0.002 0.008 0.006 0.007
0.158645 0.177409 -0.18985 -0.0431745 -0.412898 0.0329041 0.299 -0.197 0.338 0.001 -0.589 0.042
-0.326911 0.504892 -0.142945 0.103537 0.428741 0.552849 -0.759 -0.116 0.009 0.238 0.181 0.372
-0.560009 0.539556 -0.435059 0.149656 0.542005 0.983356 -1.096 -0.108 -0.289 0.314 0.267 0.882
-0.690084 0.712514 -0.867626 0.333787 0.667818 1.02836 -1.142 0.138 -0.615 0.533 0.409 0.976
0.747643 1.28253 1.24277 -1.00333 0.690482 2.15404 0.321 1.299 -0.671 -0.984 0.601 2.055
0.172745 0.693963 -0.208819 0.31282 0.42784 -0.150004 0.135 0.369 0.14 0.429 0.31 -0.33
-0.123393 -0.403158 0.440686 -0.0100071 0.375174 0.535172 -0.38 -1.052 0.309 0.12 0.139 0.426
0.0829251 0.777291 -0.918195 0.228481 -0.164508 -0.287954 0.217 0.404 -0.238 0.363 -0.338 -0.22
0.963943 -0.243453 -1.59641 0.0864926 0.751906 -0.588313 0.811 -1.28 -1.252 -0.238 0.574 -0.801
-0.595132 -0.520277 0.195053 -0.0934258 0.396102 0.401063 -0.808 -1.126 0.052 0.078 0.157 0.309
1.15431 0.878485 -0.424057 0.173689 -0.390552 0.131767 0.937 0.279 -0.185 0.076 -0.764 -0.165
-1.23334 0.465808 -0.506322 -0.16666 -0.111152 0.475091 -1.272 0.047 -0.242 -0.109 -0.383 0.264
0.376905 1.4406 -1.04816 0.471659 0.0296799 0.0498586 0.494 1.349 -0.452 0.658 -0.127 -0.029
-0.458375 -1.11528 -0.232489 -0.0666654 0.092273 -0.828958 -0.539 -1.656 0.383 0.065 -0.154 -0.895
-0.569435 -0.207783 0.70662 -0.149668 -0.0532286 0.458744 -0.525 -0.621 1.229 -0.174 -0.559 0.226
-1.49648 0.409378 -0.874532 -0.437811 -0.420502 0.464749 -1.561 -0.012 -0.592 -0.398 -0.678 0.268
1.0389 1.56529 -1.38873 0.0565236 -0.217217 0.242234 0.959 1.048 -1.1 -0.019 -0.495 0.073
-0.195478 0.052828 -1.40254 -0.413915 -0.112157 -0.450623 0.089 -0.472 -0.62 -0.392 -0.412 -0.536
0.0307947 1.77229 -2.03784 -0.0256854 0.535423 -0.179511 0.056 1.476 -1.457 0.091 0.345 -0.136
-0.707718 0.00458242 -1.00362 -0.446699 -0.307452 -0.340609 -0.365 -0.364 -0.194 -0.386 -0.653 -0.379
-0.513097 1.04323 -0.73536 0.14505 0.756607 -0.379353 -0.508 0.829 -0.208 0.381 0.627 -0.351
-1.60309 -0.725175 -0.692148 -0.48119 0.514409 0.196646 -1.674 -1.275 -0.655 -0.207 0.245 0.122
-1.85248 0.269552 -1.93044 -0.778882 -0.659518 0.375206 -1.964 -0.125 -1.563 -0.731 -0.854 0.194
-0.87624 -0.138247 0.458399 -0.240882 -0.0670273 0.504068 -0.71 -0.445 1.082 -0.248 -0.568 0.336
-1.07188 -0.0256894 -0.594158 -0.429928 -0.382409 -0.158884 -0.712 -0.277 0.217 -0.364 -0.774 -0.174
0.114826 -0.801259 -0.267465 0.18728 0.725376 0.0745847 -0.233 -1.697 -0.308 -0.158 0.597 0.081
-0.216396 -0.932717 -0.1014 0.141014 0.61179 0.127131 -0.546 -1.721 -0.076 -0.115 0.45 0.195
-1.23827 -0.0237331 -0.0938198 -0.374178 -0.285495 0.205437 -0.916 -0.223 0.672 -0.336 -0.733 0.166
-3.13206 -3.88302 -2.92932 0.234791 1.2625 -0.666693 -4.326 -4.383 -3.057 0.928 1.038 -0.2
-1.96728 0.488425 -2.67393 0.873309 1.16096 1.96656 -2.274 -0.267 -3.894 1.322 1.465 2.199
0.626053 0.671654 0.429733 -0.279258 0.403314 1.19717 0.669 -0.018 0.458 -0.297 0.192 1.128
0.206474 0.145263 0.988681 -0.249154 -0.455749 -0.285773 0.233 -0.384 1.14 -0.242 -0.858 -0.362
3.95517 -0.181234 2.38025 1.68491 -2.32773 -0.951183 0.821 -2.225 1.276 1.204 -2.459 -0.629
0.342526 0.753677 1.14343 -0.854278 -0.415155 0.0852781 0.512 0.222 1.489 -0.894 -0.762 0.084
0.880123 0.810889 1.16896 -0.0393985 -0.381263 -0.187039 1.053 0.142 1.33 0.021 -0.615 -0.195
0.741408 0.356252 1.0266 0.107747 0.466312 0.32924 0.682 -0.113 1.342 0.228 0.272 0.122
0.206278 0.851536 2.35756 -0.0692353 -0.674113 0.773605 -0.097 0.328 2.07 -0.12 -0.971 0.696
-0.262082 -0.42983 3.16048 1.16452 -0.568106 -0.491831 -0.654 -1.558 1.841 1.69 -0.58 -0.689
-0.176085 0.275065 1.67975 0.159755 -0.697546 1.74585 -0.083 0.117 2.376 0.193 -0.747 1.614
1.83035 0.920563 1.9485 0.588403 -0.891168 0.0315117 1.613 1.512 -0.193 0.194 -1.087 -0.769
0.185665 2.66061 6.0728 0.947638 4.28543 -2.98949 -0.246 1.051 6.272 1.688 4.351 -2.265
2.95353 0.58255 4.22044 -0.286092 2.09382 0.311016 2.097 -0.806 2.712 -0.941 2.293 0.017
-0.954708 -0.753806 -0.416137 0.788477 2.68543 0.467895 -3.34 -0.667 -1.202 0.517 2.665 -0.043
-0.485444 -1.81235 1.0006 1.6381 -1.27842 -2.77185 -2.691 -2.6 -0.375 2.034 -0.55 -2.556
-3.13542 -6.79787 -0.9508 1.05434 0.692573 0.535985 -4.584 -6.51 -2.08 0.974 0.494 0.735
1.03306 2.57963 12.7168 -0.274034 -0.0454966 -2.34858 0.136 1.508 10.046 -1.019 0.219 -2.588
9.29136 11.4173 14.7091 -1.03353 0.839087 0.415354 7.899 9.865 14.128 -0.502 -0.217 -0.125
7.81679 5.76019 7.62307 2.90764 -2.69351 -3.61601 6.815 3.73 4.809 2.873 -1.985 -4.012
-0.412989 -6.37294 4.17486 0.498241 0.487136 -1.60837 2.285 -7.902 3.858 -0.303 0.455 -2.292
8.74954 9.25354 14.3479 4.26796 -4.35389 -2.09149 4.546 3.732 9.265 3.896 -5.497 -2.904
-1.15818 3.60584 1.18606 -0.209193 1.74841 0.975658 -2.044 3.021 -0.527 -0.777 1.127 0.698
12.0727 17.1944 15.2609 4.96084 -6.49894 -6.04046 12.828 14.401 12.87 5.935 -6.827 -5.542
-3.86933 -1.03529 -1.05924 1.15745 3.3275 1.24193 -4.224 -2.929 -2.541 1.396 2.707 1.273
1.65698 -1.75919 -3.7985 -2.66391 -2.58889 -0.641546 1.106 -3.258 -4.186 -3.211 -2.839 -0.894
-2.88049 -0.191436 -1.44562 -5.34773 3.88567 -0.364322 -5.007 -1.805 -2.205 -4.964 3.573 0.629
-2.54975 1.97377 0.872055 -1.37325 1.9158 -2.00962 -3.899 0.934 -0.096 -1.37 2.234 -2.225
2.39504 2.86865 3.08783 0.372943 -1.59058 0.850216 1.58 -0.766 2.113 0.474 -1.921 1.277
1.69397 4.31854 0.607936 0.758472 1.02376 1.99618 0.517 3.215 -0.289 1.377 0.684 1.483
1.56509 6.41076 9.93181 -1.35474 1.35679 3.39724 0.41 5.205 6.84 -2.462 0.614 3.031
1.08093 0.350683 2.13294 -1.07341 1.00577 0.303741 -0.061 -0.351 0.824 -0.719 1.886 0.422
0.737855 8.85752 1.77014 -4.15913 -0.126305 -2.52184 -0.903 6.627 0.242 -5.523 0.346 -2.761
5.64867 12.3939 10.2855 -2.32284 -2.26271 -5.26561 4.164 10.163 9.067 -2.318 -2.301 -5.212
-2.04649 0.222326 0.82556 -2.06121 -0.869456 -1.46933 0.434 0.261 0.165 0.271 0.169 0.215
-4.45895 -4.16734 -6.02868 0.375219 -5.77888 0.379658 -2.143 1.384 -4.754 2.333 -4.212 -1.409
-6.41499 -4.96854 -6.39298 0.795363 -4.33891 2.08953 -6.618 -0.223 -5.933 1.237 -3.491 1.826
-3.01915 -0.528597 -5.14163 -0.670705 -2.33047 -0.289105 1.289 0.436 -5.849 3.534 -3.173 -3.747
-3.78694 -4.44045 -6.04733 1.13399 -6.29983 0.296445 -1.732 1.088 -5.187 2.983 -4.946 -1.274
2.59666 -0.322854 -8.94847 -5.43702 -1.77684 4.12652 6.199 3.856 -9.786 -3.539 -0.196 3.758
-1.61675 -5.58494 2.24474 -2.35985 2.57989 3.67954 -3.698 -6.933 4.018 0.697 4.16 3.162
1.0768 -3.42576 1.38774 2.66256 -4.82171 1.58366 -2.152 -2.735 -1.741 4.104 -4.351 1.067
-3.65524 -6.83104 6.86144 -1.57418 -0.930802 2.64485 -7.012 -8.734 8.96 0.913 0.433 2.719
-0.534845 -4.38003 -1.85343 3.03395 -5.86966 1.26492 -2.653 -1.896 -3.927 4.592 -5.268 0.633
-3.77468 -1.77795 -3.9037 -1.27098 0.127955 -1.4709 -5.405 -2.29 -2.94 2.11 -2.926 -2.495
-2.68566 -0.346984 -3.61603 -1.50971 -0.681043 -1.64172 -4.735 -0.944 -3.346 1.813 -3.958 -2.52
-3.74948 -6.68552 7.77565 -1.49463 -1.52996 2.29666 -7.278 -8.594 9.813 0.871 -0.225 2.482
4.46859 1.67572 -1.27861 -2.50718 5.97766 -0.556748 3.068 2.155 -3.322 -0.366 6.663 -0.429
-0.589389 2.51129 -2.83391 -2.00519 -2.1145 -1.93994 -3.41 1.76 -3.963 1.147 -5.738 -2.48
6.17154 6.29956 1.47972 -1.73137 0.180627 -3.53158 2.092 5.747 -3.62 -0.314 -1.387 -2.295
1.83983 -8.42521 -5.16048 -0.578562 1.68905 0.581745 1.702 -6.973 -5.025 -1.301 3.914 2.744
-4.94764 1.28082 -1.47501 0.479737 -6.62676 0.587448 -6.754 5.646 -2.121 0.932 -6.133 -1.159
-1.56528 -0.031959 1.60167 -3.70659 -0.94344 -1.41867 -0.14 0.918 1.245 -1.804 0.914 -0.313
6.15566 6.84258 1.86097 -1.76256 -0.55648 -3.50601 1.792 6.171 -3.516 -0.351 -2.475 -2.274
-0.0735508 -0.435824 3.24448 -4.4597 -3.18765 1.39468 -2.188 -0.197 3.711 -2.656 -1.947 1.59
2.118 6.22162 -1.22732 -2.59563 -3.55572 -2.24698 -1.794 5.237 -4.368 0.162 -7.451 -2.249
6.10275 7.37665 2.15424 -1.83457 -1.23395 -3.41632 1.476 6.583 -3.449 -0.402 -3.5 -2.215
-0.498087 1.0809 -0.689003 -2.08198 -1.6617 -1.99832 3.327 1.688 0.63 -0.041 -1.073 -1.373
-0.597909 -8.26064 -4.63075 0.567925 -2.79086 1.44118 3.589 -4.018 -4.358 2.558 1.368 1.133
-3.02312 2.76085 3.33227 -3.00696 -3.33049 -2.16597 -2.623 2.009 1.798 -0.588 -1.247 -0.701
-1.4931 -0.132948 1.7731 -2.21256 -0.0881771 -3.4728 1.503 -1.198 0.711 0.488 0.982 -1.913
4.93257 8.82713 1.63783 -2.54931 -3.57112 -2.65174 -0.097 7.728 -3.863 -0.62 -7.178 -1.914
-1.66412 -2.82362 7.4232 -3.08216 -3.57306 0.814645 -4.924 -3.464 8.454 -1.174 -2.357 1.253
-3.85771 3.71126 2.05265 0.794013 -6.8663 -1.04262 -6.29 7.353 0.621 1.103 -6.515 -3.222
-3.44741 4.2297 4.05734 1.20113 -6.6279 -2.24378 -5.966 7.277 2.215 1.473 -6.252 -4.451
10.3333 6.02495 13.2061 -5.08162 2.90316 -1.30939 6.457 1.226 8.249 -5.56 5.683 -1.329
8.99523 0.553848 5.40018 -3.82941 4.45861 -0.988005 6.72 -2.3 2.676 -4.842 7.194 0.205
10.0891 3.13262 8.68045 -4.6925 4.62301 -1.24734 7.239 -0.684 5.061 -5.616 7.44 -0.53
5.27752 4.46242 4.40992 3.63274 3.10369 4.41561 -5.058 2.174 -2.292 2.515 0.192 7.923
-31.8641 -24.2453 -17.6053 2.28342 5.20444 -5.6313 -19.034 -13.234 -4.989 3.184 7.246 -2.525
9.46126 -5.02508 13.9782 8.07455 2.47933 -8.30216 -8.251 -21.767 4.779 9.083 3.181 -8.233
36.8025 26.5891 6.13141 29.5569 -17.8977 10.2664 34.354 16.314 4.791 26.575 -16.45 6.122
23.523 7.50469 -5.26893 -5.38231 10.8301 -16.5623 14.504 -6.226 -3.47 -15.227 5.136 -14.042
58.7223 79.5377 61.3781 -13.6076 -21.4682 -33.1181 60.935 69.783 53.056 -7.069 -26.016 -33.914
0.369878 -0.0842717 1.49805 0.208856 -0.00629491 -0.00640613 0.213 -0.242 0.088 0.206 -0.007 -0.006
-0.736168 -0.731662 -1.28475 0.00857373 -0.00655741 -0.00617477 0.036 0.039 0.349 0.002 -0.007 -0.006
1.17674 -1.89951 1.23817 0.97631 0.213255 -0.140247 1.356 -1.595 0.107 1.005 0.149 -0.068
0.816647 -2.42529 1.57992 2.00584 -0.224164 0.439459 0.993 -2.421 0.33 1.719 0.013 0.028
-0.595758 -0.71725 0.935551 -0.214505 -0.0808964 0.127342 -0.327 -0.369 -0.493 -0.163 0.129 -0.232
-0.255604 0.0525469 1.7913 0.85092 0.0496258 -0.0888426 -0.201 -0.154 -0.102 0.607 0.09 -0.155
-1.70885 1.87075 1.96228 -1.11045 -0.290919 0.289168 -1.727 1.601 0.323 -1.208 -0.06 -0.051
-1.4309 -1.18904 -0.933438 0.261322 -0.0769116 0.073712 -0.651 -0.52 0.375 0.16 -0.019 -0.01
2.6621 -2.93372 0.644328 1.94034 0.0876713 -0.169964 2.873 -2.763 0.129 1.558 -0.001 0.038
-0.879517 -0.368614 0.781142 0.395254 -0.0241234 -0.0287838 -0.482 0.026 -0.18 0.403 0.089 -0.2
-3.8019 -0.886981 -0.432002 -0.353528 0.107692 -0.00621503 -2.317 0.391 0.268 -0.323 0.05 0.044
0.705295 -0.26565 0.914468 0.422656 -0.0769601 0.220275 1.329 -0.161 0.256 0.003 0.039 0.059
1.37339 -1.42881 0.601213 0.0312605 0.222351 -0.357353 1.657 -0.871 -0.086 0.067 0.062 -0.095
-1.28183 -0.764589 0.275784 0.487771 -0.000466472 -0.0583248 -0.689 -0.255 0.592 0.395 -0.035 0.009
-0.837823 -0.847741 0.949799 -0.0940268 0.109259 -0.270495 -0.486 -0.475 0.341 -0.092 -0.022 -0.042
-3.81263 2.36132 1.67793 -0.984341 0.0111509 -0.286661 -3.688 2.023 -0.273 -1.125 0.012 -0.27
-1.22771 -0.55132 -0.347377 0.658544 -0.0521369 0.245251 -0.544 0.004 0.448 0.517 0.041 0.07
2.55382 -4.05235 2.05233 2.37622 -0.112268 0.511224 2.179 -4.137 0.32 2.227 0.115 0.053
-3.89633 4.28203 2.18661 -1.92066 -0.397627 0.456059 -4.062 3.681 0.443 -1.727 -0.104 -0.047
-0.0982889 -1.80295 -0.440231 -2.41009 -0.132178 -0.125533 0.805 -1.013 0.502 -2.329 -0.135 -0.076
-4.39077 3.06218 2.01147 -0.50996 -0.112354 -0.21748 -4.289 2.668 -0.097 -0.729 -0.057 -0.278
-1.46252 -0.0567973 1.80879 0.443712 0.04865 -0.318831 -1.393 -0.341 -0.349 0.222 0.018 -0.283
-0.485322 0.816664 1.13044 0.280122 0.139994 0.0220247 -0.563 0.667 -0.043 0.157 0.1 0.104
-0.677341 -0.670818 0.674299 -0.053218 0.0659514 -0.317914 -0.287 -0.269 0.01 -0.037 -0.017 -0.15
-1.36063 -0.669834 -1.06672 0.678691 0.0670693 0.169108 -0.594 -0.019 0.278 0.567 0.116 0.11
-2.95938 3.19966 2.08954 -1.52962 -0.274064 0.430801 -3.113 2.765 0.361 -1.39 -0.017 -0.022
0.733443 -0.667543 1.31742 0.759832 -0.118717 -0.127682 0.543 -0.89 -0.084 0.735 -0.129 -0.117
-4.96114 0.728722 2.03458 5.75936 -0.118907 -0.00937688 -5.129 0.414 0.022 5.531 -0.02 0.043
-1.88134 1.39552 1.39934 -1.3201 -0.315268 0.347374 -1.786 1.387 0.311 -1.191 -0.123 -0.01
1.44429 -2.00146 2.3165 2.00282 -0.210827 0.377011 1.188 -2.217 0.205 1.86 -0.009 -0.021
-2.2012 -0.566199 -0.379219 -0.615372 -0.125716 -0.133059 -0.912 0.719 0.128 -0.627 -0.135 -0.112
-3.70986 3.00746 1.48719 -1.09814 -0.0597669 -0.243122 -3.61 2.649 -0.381 -1.221 -0.039 -0.244
-3.50833 -3.63969 0.340345 1.07429 -0.237456 -0.0619523 -3.115 -3.206 0.223 1.042 -0.134 0.091
2.99977 -1.30048 2.00582 0.834041 0.102382 0.200104 2.732 -1.54 -0.043 0.571 0.159 0.092
-0.821554 -0.54816 1.19014 0.181353 0.212657 -0.0988859 -0.557 -0.274 0.066 0.197 0.167 0.027
-1.52761 -2.71109 -0.603114 1.62295 0.196309 0.0177459 -0.262 -1.424 0.044 1.576 0.127 0.105
-2.88198 -1.26165 0.740577 1.36987 -0.264859 -0.14502 -2.055 -0.551 -0.975 1.256 -0.118 0.017
-1.93454 1.3878 2.04672 -0.175846 -0.419755 0.42876 -2.212 1 0.194 -0.152 -0.109 -0.087
-1.3458 1.24266 1.91853 -0.521599 -0.199398 0.412996 -1.554 0.976 0.204 -0.461 0.041 -0.003
-0.734587 -0.733615 0.880277 -0.0518474 -0.129938 -0.106606 -0.569 -0.524 -0.765 0.003 0.013 -0.35
-1.19217 -1.20541 0.0726115 0.0521762 0.0242168 0.0883796 -0.722 -0.786 0.375 -0.005 0.019 0.092
-3.53686 1.67322 1.55723 -0.740563 -0.0906804 -0.0290931 -3.453 1.606 -0.075 -0.722 -0.004 -0.121
0.123116 -0.561245 1.72003 0.571274 -0.402882 0.347903 -0.042 -0.611 0.226 0.611 -0.181 -0.017
-6.85078 -1.94592 1.81274 5.10447 -0.21002 0.0794382 -6.936 -1.905 0.072 5.105 -0.065 0.12
-2.06681 0.375702 0.382792 -0.810334 -0.0154752 -0.489739 -1.668 0.858 -0.398 -0.714 -0.154 -0.276
1.92452 -2.46493 0.272689 1.30541 0.345465 -0.373308 2.159 -2.067 -0.337 1.323 0.146 -0.059
-1.20191 -0.290328 -0.471766 0.762177 0.0814414 0.313605 -0.606 0.191 0.198 0.638 0.151 0.185
-1.41543 0.195135 1.38569 0.342542 0.0161506 0.260375 -1.399 -0.079 0.026 0.144 0.19 0.016
-2.09507 -0.907383 0.55855 0.598583 -0.0542347 0.263401 -1.823 -0.575 0.076 0.633 0.083 0.038
3.27134 -1.64578 1.91175 1.4096 0.0750955 0.148366 2.974 -1.935 -0.223 1.139 0.119 0.048
-0.828179 0.653861 1.0932 -0.503785 -0.415673 0.281319 -0.757 0.665 0.13 -0.421 -0.237 -0.053
-1.32569 1.33595 1.12959 -0.802824 -0.516127 0.431924 -1.224 1.103 0.013 -0.924 -0.236 -0.034
3.80652 -3.29008 1.2946 1.88871 0.130083 0.00237833 3.417 -3.468 -0.421 1.613 0.163 -0.088
-2.62338 0.554856 0.301937 -0.78677 -0.0171711 -0.484637 -2.222 1.013 -0.489 -0.68 -0.145 -0.283
-1.2987 -0.438965 -0.540813 0.684858 0.0634896 0.285471 -0.732 0.018 0.109 0.573 0.128 0.169
-0.874428 -0.263747 1.12804 0.484127 0.157806 -0.0756744 -0.746 -0.122 -0.148 0.502 0.126 0.001
2.28641 -0.260643 2.69128 -2.4099 0.060431 -0.137021 2.054 -0.393 0.047 -2.37 0.062 -0.122
-1.26951 -0.405944 -0.0727024 0.74538 0.0174597 0.225597 -0.762 -0.01 0.239 0.653 0.086 0.122
0.266087 -0.148939 0.897993 0.54156 -0.0532002 0.162271 0.227 -0.117 -0.188 0.579 0.018 0.047
-10.058 -1.34926 -0.410478 6.65442 -0.0160202 0.0651391 -9.436 -0.949 0.452 6.59 0.012 0.062
-1.40067 -0.624412 -0.608139 0.58721 0.022017 0.237208 -0.85 -0.178 0.047 0.487 0.082 0.133
1.30312 -1.11851 1.57655 1.73241 0.0866207 -0.16853 1.205 -1.449 -0.776 1.461 0.062 -0.135
-0.879973 -0.629322 0.986123 0.291182 -0.132435 -0.336233 -0.733 -0.438 -0.019 0.268 -0.207 -0.235
-0.281234 -0.161532 -0.0306119 0.170117 -0.0235333 -0.611976 0.125 0.205 0.116 0.153 -0.258 -0.184
1.8193 -2.16613 1.59809 1.62758 -0.412291 0.349736 1.424 -2.245 0.046 1.619 -0.188 0
-2.61681 2.14296 0.781566 -0.852663 0.0552954 -0.0778769 -2.763 1.763 -0.465 -0.87 -0.002 0.007
-1.05823 -1.13014 0.460361 1.03268 -0.19923 0.220513 -0.905 -0.905 -0.072 1.063 -0.062 -0.018
-0.263323 -0.632098 -0.7563 -0.155826 0.0326381 0.175779 0.839 0.537 -0.232 -0.125 0.07 0.073
-1.4843 -0.807615 -0.665508 0.48599 -0.0380728 0.172865 -0.964 -0.389 -0.046 0.396 0.018 0.081
3.00647 -2.28856 1.26727 0.829773 -0.0466092 0.0375966 2.68 -2.22 -0.34 0.796 -0.047 -0.073
-2.53963 1.76817 0.755992 -0.783544 -0.00921407 -0.127482 -2.703 1.375 -0.506 -0.795 -0.065 -0.05
-3.86531 1.75215 1.79897 -0.207031 -0.228278 -0.272259 -3.893 1.252 -0.452 -0.457 -0.176 -0.346
-1.52781 -0.592862 0.0690028 0.376008 0.164999 -0.56835 -1.298 -0.35 -0.551 0.419 -0.039 -0.263
-0.3041 -1.57026 0.0302143 2.10464 0.314848 -0.0664416 -0.022 -1.567 -0.334 1.692 0.227 0.152
-7.31184 -5.27881 1.5183 2.13772 -0.283026 0.0826391 -7.408 -5.072 0.093 2.274 -0.086 0.107
-3.56357 0.852756 -0.0178047 0.610763 0.272965 -0.0483574 -3.177 0.761 -0.36 0.263 0.2 0.106
-5.554 2.81951 0.208214 -1.07233 -0.0336153 -0.698909 -5.297 2.822 -0.456 -0.952 -0.177 -0.434
11.7574 1.15043 -0.364082 -9.50947 -0.046303 -0.27273 11.428 1.393 0.559 -8.788 -0.116 -0.237
2.11383 -1.36143 1.24657 0.5541 -0.126338 0.0159513 1.897 -1.342 -0.397 0.527 -0.116 -0.1
-0.584136 -0.491341 -0.0950087 0.135431 0.187518 0.276561 -0.273 -0.226 0.136 0.065 0.193 0.274
-1.76464 0.693585 0.933634 0.0401043 -0.350059 0.125902 -1.438 0.521 -0.282 -0.362 -0.236 -0.109
-2.95629 0.394116 -0.0509106 0.980304 0.317955 -0.0435624 -2.598 0.318 -0.382 0.618 0.239 0.13
-0.963641 -2.56135 -0.89659 1.2871 -0.139734 -0.266149 0.095 -1.356 -0.326 1.179 -0.194 -0.168
0.497056 -0.70213 1.72875 1.22595 -0.124857 -0.104754 0.327 -1.143 -0.528 0.961 -0.087 -0.189
-1.31258 -0.202392 -0.12198 -0.679934 0.180505 0.272149 -0.679 0.364 -0.219 -0.579 0.255 0.144
2.28442 -2.9415 1.86029 2.04146 -0.169353 0.456407 1.694 -3.321 -0.186 1.984 0.116 -0.03
-0.0364984 -1.04406 0.454197 1.26649 -0.366841 0.177686 0.026 -0.92 -0.157 1.291 -0.225 -0.08
-1.73371 -1.348 -0.0294056 -0.248461 -0.0162616 0.0223349 -1.635 -1.166 -0.047 -0.326 -0.017 0.025
2.89713 -3.17421 1.51149 2.12093 -0.227259 0.390153 2.332 -3.327 -0.14 2.095 -0.001 0.044
3.29394 -2.62658 0.961527 1.47054 0.00989195 -0.0333411 2.925 -2.839 -0.686 1.218 0.051 -0.113
-1.09445 -0.957804 -0.372377 0.115534 0.0700645 -0.528733 -0.745 -0.634 -0.083 0.103 -0.166 -0.12
0.443663 -0.657447 0.568286 1.07489 -0.478407 0.169117 0.467 -0.602 -0.141 1.102 -0.328 -0.113
2.61726 0.586558 2.6195 -1.89699 0.100632 -0.240805 2.326 0.429 0.02 -1.856 0.107 -0.209
-0.520595 0.09322 -1.02309 0.485078 0.252905 0.32356 -0.075 0.398 -0.203 0.349 0.316 0.28
-0.875768 -0.521334 0.92014 1.82012 0.205176 0.319184 -0.927 -0.844 -0.334 1.553 0.347 0.126
-0.658886 -0.396178 -0.134274 0.276449 0.433106 0.0994246 -0.373 -0.099 -0.62 0.244 0.366 0.156
-10.7933 -4.08332 0.726904 5.64999 -0.354544 -0.132473 -10.192 -3.395 -0.531 5.601 -0.393 -0.14
-0.703446 -5.22012 -0.440997 -1.11947 0.114926 -0.162974 -0.137 -4.212 0.179 -1.176 0.126 -0.126
10.6126 1.28621 1.61547 -8.41119 -0.368964 -0.0807489 10.911 2.082 1.246 -7.876 -0.425 -0.147
12.3008 3.21752 0.409533 -6.78914 -0.241143 -0.088366 11.948 3.661 -0.148 -6.292 -0.491 -0.159
-5.17605 -4.15982 3.10785 0.802914 -0.726968 -0.638974 -3.821 -3.001 1.338 0.627 -0.728 -0.444
-15.1979 -6.27156 1.06067 7.46205 -0.151833 0.125568 -14.194 -5.425 0.982 7.476 -0.204 -0.064
13.7324 3.3543 0.439344 -8.23786 0.047808 -0.272381 13.116 3.432 -1.503 -7.681 0.269 0.06
-8.10547 -4.0216 0.924742 3.10982 -0.399299 0.0693946 -7.057 -3.072 0.327 3.065 -0.826 -0.153
1.941 2.98293 2.89671 -0.115113 -0.0532604 -0.348594 3.312 3.822 1.584 -0.59 0 -0.019
-13.0533 -3.36721 0.844991 7.62512 -0.331681 -0.112572 -12.669 -2.942 -0.755 7.553 -0.244 -0.066
0.561803 -2.07502 0.706127 1.11077 -0.687109 -0.373252 1.125 -0.993 -0.27 1.049 -0.208 -0.404
16.0604 4.64963 0.4113 -8.99543 -0.165262 -0.130132 15.246 4.881 -0.041 -8.252 -0.477 -0.235
-13.7188 -3.97482 0.830396 7.76821 -0.341899 -0.120251 -13.36 -3.509 -0.681 7.734 -0.292 -0.105
-0.370601 -1.16505 0.666127 -0.553132 -0.306988 0.00430039 0.496 -0.409 -0.698 -0.464 -0.338 -0.061
17.3732 12.3319 0.0734833 -1.85149 -0.0543416 -0.118529 16.316 11.567 0.818 -2.299 0.044 -0.153
2.33496 2.71141 2.71113 -0.067779 0.00238635 -0.415546 3.619 3.505 1.588 -0.509 0.06 -0.091
14.642 20.8059 3.608 -0.957944 -0.00163267 -0.939367 13.946 18.801 1.421 -0.742 0.441 0.288
-11.1802 -10.5287 -0.507275 -4.14189 0.198114 -0.375406 -9.883 -8.937 0.223 -3.929 0.142 -0.506
-4.67236 -9.0321 0.712937 1.34682 -0.0516372 -0.0124768 -3.512 -8.265 0.381 1.302 0.114 0.301
-1.02775 7.30595 7.14323 1.38023 0.314088 -0.833033 -2.972 0.909 -1.979 1.795 -3.867 -0.613
-0.500199 2.03563 1.30197 -0.0390443 -0.46132 0.156937 -0.527 1.575 -0.299 0.322 -0.435 0.065
8.09804 3.09198 4.21914 0.852089 3.26346 -0.45419 5.09 -3.564 -4.018 0.531 -1.594 -1.282
7.16265 2.77616 3.89055 1.18084 3.40071 -0.689677 4.311 -3.997 -4.599 0.816 -1.69 -1.445
4.5132 3.166 -0.7505 2.14318 0.256927 -0.67903 4.92 3.609 -0.96 2.416 0.624 -0.682
10.6453 4.60723 5.24456 -1.03344 2.29395 1.10564 7.041 -1.037 -1.053 -1.172 -0.945 0.098
5.27712 1.56761 3.00935 -1.86058 3.70273 1.85698 2.348 -3.931 -4.379 -1.406 -0.18 1.494
4.74916 1.10299 2.66031 -1.20727 4.04059 1.38437 1.891 -4.598 -5.187 -0.809 -0.157 1.103
0.763598 0.763752 0.763823 -0.000290926 -5.93953e-05 -0.000188995 -0.018 -0.018 -0.017 0 0 0
3.43811 6.82949 6.50854 1.48091 0.0342093 -0.944482 0.783 -0.381 -3.261 1.735 -4.738 -0.923
2.26827 2.20193 2.89414 1.28788 3.48224 -0.587802 -0.008 -4.984 -6.572 1.005 -2.287 -1.154
0.977592 5.40137 5.07893 1.9959 0.0814991 -1.28836 -1.005 1.731 0.889 1.825 -1.279 -0.949
-3.2851 4.49402 5.4488 -0.817778 0.764593 0.0754601 -4.701 1.057 2.136 -0.952 -0.6 -0.225
-2.98505 6.52219 6.80363 -2.04594 -0.310774 1.23275 -5.034 0.429 -0.189 -2.021 -3.307 0.531
-8.84528 -7.5348 -0.109138 1.54615 0.076852 0.0856598 -8.299 -7.118 -0.265 1.174 0.262 0.154
-6.79063 0.575032 -1.01657 2.35585 -0.478376 1.48948 -6.603 0.534 -1.017 2.475 -0.514 1.656
-2.33621 5.72855 5.82116 -2.00896 0.50135 1.63617 -4.514 -1.382 -3.048 -1.895 -3.916 0.86
-2.62287 2.30835 4.06629 -0.214917 2.27893 -0.15242 -3.583 0.6 2.695 -0.449 1.451 -0.168
0.98701 -0.450498 1.17174 -7.27965 0.0955328 0.465979 1.113 0.766 0.197 -7.161 -0.125 0.615
-0.220141 -9.0144 5.08426 0.044935 0.0354525 -7.49174 -0.826 -10.741 3.71 1.365 -0.744 -9.312
20.4233 24.6209 0.83258 -8.59782 -0.960679 1.76266 18.693 22.34 0.333 -8.16 -0.507 1.337
0.573837 0.546868 -0.0574795 0.504716 -0.244982 0.234902 0.079 0.282 -0.36 0.448 -0.048 -0.072
0.965803 -1.62389 -0.570876 -6.41496 -0.543276 -0.462453 1.021 -1.221 -0.573 -6.398 -0.572 -0.651
-2.82816 -1.62744 -9.04982 3.91321 1.07635 -3.55524 -4.237 -2.417 -10.259 4.858 1.5 -5.234
-2.42482 -2.3416 -0.755148 -1.55296 -0.179533 -0.217445 -1.828 -2.18 -0.416 -1.845 -0.078 -0.44
-9.39313 -8.99221 1.00013 -1.13168 -0.409755 0.0310023 -9.003 -8.926 -1.028 -0.975 -1.201 -0.278
0.499917 0.414355 -0.454052 0.711368 -0.358125 0.326768 0.112 0.361 -0.557 0.627 -0.068 -0.125
-0.793196 -4.04055 0.574633 0.338167 -0.174823 -0.0459812 -0.191 -3.73 0.171 0.284 -0.223 -0.018
7.81949 2.78527 2.94493 1.83258 1.84371 -1.87399 5.602 0.855 0.889 1.106 0.777 -1.559
0.986634 -0.588674 -1.01883 -0.240606 0.233751 -0.00863115 0.136 -1.249 -2.178 -0.104 0.565 -0.124
-5.77655 -3.56555 -7.31194 4.61969 0.57058 -0.294203 -9.291 -6.512 -5.4 6.323 0.766 -0.522
-2.65132 -3.8266 0.059062 -0.199353 3.99509 8.26303 -4.014 -3.928 -0.604 -1.905 5.134 9.698
-4.33086 0.123888 -5.94368 1.13612 -0.0673408 3.50876 -5.787 -0.895 -7.38 0.494 0.233 4.244
-5.91298 -2.3734 -6.9715 6.34771 1.20633 -0.41508 -10.078 -4.525 -4.891 8.376 1.414 -0.447
-0.709785 -8.90484 0.343957 -0.339879 1.47945 -8.43497 -2.206 -10.322 -0.613 1.036 1.172 -10.498
-4.27584 -1.8722 -1.81308 2.06962 0.377808 -1.05367 -3.75 -1.217 -1.189 1.828 0.201 -1.31
-9.27994 -7.88534 -2.82311 5.42954 -0.644782 -0.219029 -12.696 -12.581 -1.133 6.326 -0.635 -0.271
-0.801656 3.62129 4.38305 0.988203 2.43687 0.0529724 -2.881 0.648 2.978 0.422 1.843 -0.29
-0.364429 2.20001 -7.88876 -0.139554 -0.970449 2.831 -1.416 1.108 -8.033 -1.265 -0.434 3.121
-2.50189 0.352717 5.24035 -0.546316 -1.54126 -6.48095 -1.879 0.069 5.367 0.081 -1.773 -7.575
1.33507 -9.33235 -3.24648 -6.5942 0.289342 -5.67659 1.499 -10.889 -4.319 -6.484 -0.807 -5.331
0.897786 -0.57366 13.7218 7.10974 2.58881 3.49501 1.008 0.831 12.726 6.857 3.177 2.845
2.72987 -4.53148 4.25259 3.39864 3.06788 3.71641 1.945 -4.859 2.077 3.009 2.772 4.504
-5.15917 4.05412 4.70119 1.49619 2.12812 -1.16825 -6.605 1.855 4.318 1.015 1.908 -1.231
-4.40077 3.84485 -4.99835 2.59219 -0.490098 -1.45295 -6.392 2.361 -2.289 2.128 -0.904 -1.109
0.510147 0.825729 0.129001 5.66669 0.379154 0.913893 1.039 2.144 0.184 5.686 0.267 0.965
4.42709 0.97213 -5.86613 -1.99191 0.643953 -1.02557 4.351 -1.344 -3.07 -1.404 0.783 -1.4
0.33891 7.97947 0.684502 -5.55699 -1.56898 4.30553 1.098 7.797 1.27 -7.11 -1.561 6.597
-1.22154 -1.9384 -4.63685 0.994171 2.93115 9.37772 -1.456 -2.576 -6.761 -0.89 3.127 11.976
-11.1445 -3.10498 -7.94787 5.55469 0.83636 1.59284 -14.756 -6.728 -5.933 6.141 1.26 1.49
-4.95942 3.43535 4.51858 2.11017 2.6738 -1.10839 -6.563 1.02 3.912 1.489 2.323 -1.252
2.51414 0.0425173 -3.48031 -0.211037 -0.271065 0.448724 0.792 -0.466 -0.457 0.046 0.075 -0.248
7.9947 5.34885 -1.5447 -4.11892 0.175638 1.53301 10.013 3.65 2.437 -5.878 0.314 1.511
-1.24058 7.33101 -0.519992 3.68888 0.596924 0.436467 -0.201 4.928 2.669 3.851 0.97 0.368
-3.03234 9.8334 -7.59591 9.51334 1.23121 3.61486 -2.817 10.674 -7.785 9.112 2.319 3.232
-3.61425 2.58452 4.98063 2.02041 0.447353 8.12668 -4.3 2.861 5.61 0.326 1.312 9.225
0.925184 9.03958 -0.763608 -7.34559 -2.02424 3.22358 1.967 8.761 -0.098 -8.736 -2.22 5.761
4.02005 -1.04886 -2.80515 1.33239 -1.80447 0.815018 3.832 -3.738 -0.464 2.442 -1.683 0.738
-3.4711 9.22947 5.54753 2.69838 -1.43155 6.79273 -3.315 9.677 6.381 1.281 -0.582 7.682
14.2062 -2.19288 -11.3851 -5.18416 1.9431 -5.62557 13.297 -3.428 -11.066 -4.887 0.633 -5.393
9.65621 1.5441 -0.258299 -4.46824 -0.22641 -2.02421 11.889 -0.405 3.432 -6.409 -1.19 -1.387
0.281412 -6.14515 -0.191686 0.590542 -2.18946 -0.891131 0.841 -5.943 -1.738 0.664 -1.993 -0.807
0.0925107 5.70561 -6.65564 -3.97714 -2.59871 2.03885 1.259 5.023 -6.717 -5.161 -3.217 4.033
0.869709 -1.47237 -2.4526 0.314492 -1.05625 -0.649231 -0.268 -1.767 -3.245 0.067 -0.462 -1.466
-2.89097 11.942 -5.43858 11.0647 -0.521985 1.15739 -2.095 13.062 -5.06 11.234 0.334 -0.124
-9.57052 3.27072 -7.6237 7.29259 1.00782 1.70469 -12.931 1.607 -5.252 6.926 1.881 1.045
0.00894775 -1.37554 5.7232 -1.58167 0.597341 -8.16655 -0.18 -1.453 6.234 -0.983 0.425 -9.311
3.13669 3.32941 -2.33385 3.54716 2.03908 -0.133618 2.228 1.918 0.211 4.712 1.368 0.338
-7.40397 -0.155747 -1.84099 5.48317 -0.254656 -0.145598 -10.439 -1.811 0.63 3.492 -0.273 -0.119
-6.54868 5.20141 -6.52793 6.95913 0.737707 1.44123 -9.354 4.411 -4.002 5.923 1.592 0.685
-1.99682 -7.5531 -0.745343 0.335011 1.08485 0.987129 -1.155 -6.789 -0.543 -0.217 1.113 1.537
3.25904 0.0823331 1.26587 -8.02023 0.893152 -0.00199059 0.957 0.304 4.223 -8.505 0.818 0.082
1.82911 8.43415 -3.57989 -9.60026 -2.24639 0.96017 3.17 8.001 -3.002 -10.656 -2.807 3.639
11.4774 4.39106 -0.46196 -2.2233 -2.25814 0.316376 13.041 4.67 3.181 -1.439 -1.601 -0.304
1.97734 1.33515 3.76612 -4.59887 -3.34741 -5.16245 2.534 0.078 0.369 -4.215 -4.188 -4.309
-1.36415 -0.91282 -1.48472 0.0301955 0.336169 1.49518 0.115 -0.776 0.099 0.318 0.087 0.16
0.388342 -0.36688 -3.33201 -0.489135 -0.750451 0.44377 -2.316 -0.688 -0.595 0.197 -0.266 -0.691
1.53968 4.47172 -2.20776 6.76778 2.24884 -0.293967 0.807 2.657 0.192 8.511 1.595 0.038
-1.49709 -0.130061 -3.26422 -0.378957 -0.872391 -0.135695 -4.778 -0.641 -0.366 0.734 -0.612 -0.614
3.47367 -0.584921 -2.6413 1.56169 2.05284 0.632908 2.228 -0.019 0.969 0.924 1.592 0.608
-0.515991 -4.58939 11.0944 -7.42524 -2.59362 1.43571 -0.68 -4.348 10.804 -8.559 -2.578 2.718
-6.31738 -1.23593 -1.14431 5.52427 -0.138962 0.654694 -8.947 -2.793 1.511 3.182 0.193 0.272
-2.05222 0.378822 -3.08255 -0.142847 -0.764501 -0.347542 -5.497 -0.148 -0.284 1.3 -0.778 -0.336
-2.17808 -2.9592 1.06562 -0.879368 1.04098 -1.66393 -2.017 -2.081 0.12 -0.239 0.895 -1.656
-2.08372 0.687984 -3.1084 -0.00983982 -0.647518 -0.446085 -5.489 0.218 -0.306 1.594 -0.823 -0.149
10.0747 -3.91308 -5.53485 -4.10824 2.18534 -0.526519 10.862 -6.345 -2.592 -3.148 1.767 -0.031
-2.6022 1.04684 3.23548 1.65359 1.76301 0.133063 -0.27 2.344 3.938 0.846 1.909 1.021
35.5542 16.7651 0.051377 -1.52584 0.99716 0.0399568 35.033 15.138 -0.325 -1.297 1.09 -0.253
-0.522329 -1.20678 -0.173123 2.89433 -0.0949868 2.84561 -1.321 -2.519 2.756 0.221 1.07 1.474
10.6748 5.72381 -4.50317 -4.49416 -2.09446 -0.185211 10.067 8.862 -0.278 -4.387 -1.879 -1.182
-26.9961 -1.96386 -1.27021 -4.65696 -0.439975 -0.824114 -27.451 -1.834 -1.936 -4.747 -0.561 -0.895
1.25301 -0.246259 -2.2807 -0.449 -0.172396 -0.441438 4.053 0.201 -1.029 -0.461 -0.372 -1.319
-1.25615 1.5799 1.63497 0.558681 0.444467 -0.817421 0.876 3.767 0.397 -0.495 -0.243 -0.205
-2.56961 0.823499 -1.18282 1.80506 0.538609 0.606556 -1.197 0.761 0.785 1.48 0.122 -0.95
22.5225 3.41561 -0.860171 -23.3003 3.05817 28.9797 15.229 1.245 -1.463 -19.731 4.604 25.386
0.50933 -1.07923 -0.8059 1.5085 0.730703 -1.87513 3.052 -0.699 -0.001 1.453 0.307 -2.84
-3.1747 -1.53202 -3.76647 -3.24159 -0.482058 2.89725 -2.621 -2.132 -1.936 -2.445 -0.309 2.474
-0.0202756 -2.49415 -0.598485 1.22167 0.853259 1.72771 1.121 -2.386 1.046 1.102 0.466 0.549
-0.272421 -1.6661 -1.46676 -2.49397 6.00047 2.66136 -0.054 -0.571 -0.028 -2.919 4.59 3.055
-0.45979 3.68955 -1.50123 -2.59826 -0.395062 1.46154 1.141 3.773 0.053 -2.059 -0.309 0.676
4.50508 1.50285 0.203814 0.494474 -1.81034 0.0329846 5.232 1.755 1.915 0.761 -1.708 -1.485
-3.59765 -2.6792 -2.32211 0.0468642 -1.05628 0.820111 -2.112 -2.858 -0.605 -0.168 -1.701 -0.429
-1.81865 -0.19464 -6.11522 -0.656116 -0.279483 2.92931 -1.291 -0.665 -4.224 -0.066 0.089 2.089
0.295104 3.78194 -1.30779 -0.686728 -0.105001 2.03768 0.74 2.989 -0.773 -0.223 -0.298 0.42
-2.63616 -3.46116 -3.10446 0.677715 -0.0816676 0.620453 -0.254 -2.917 -2.016 1.332 0.049 0.249
-7.37191 1.92439 0.00183027 0.218449 1.10327 0.188451 -7.356 1.11 1.393 0.261 0.793 -0.546
-3.16444 -2.81369 -1.99867 0.0767572 -1.382 0.651106 -1.922 -3.094 -0.17 -0.089 -2.053 -0.575
-3.40041 -0.554352 -2.47485 -0.397263 -0.230566 0.975402 -1.736 -0.513 -1.009 -0.612 -0.827 -0.341
0.670259 1.38132 -3.57882 -0.198194 0.645304 -0.738753 -1.372 1.267 -1.004 1.816 -0.487 0.89
-11.4882 13.8241 13.4132 7.20416 -3.27067 5.58674 -10.407 15.508 14.435 8.698 -1.853 6.722
4.42467 -0.845715 2.201 1.677 -0.274987 -1.26647 5.677 -0.572 2.943 1.949 -0.289 -2.574
-3.14875 0.261815 -2.4385 -0.628467 0.0632697 0.992507 -1.521 0.367 -1.074 -0.822 -0.508 -0.353
4.13905 -1.46799 2.34393 1.75448 0.0558432 -1.38178 5.59 -1.149 3.003 2.073 0.009 -2.613
1.94496 4.78942 -2.29979 3.24599 0.406325 3.29142 2.804 4.484 -1.014 3.58 0.135 2.259
-2.40574 2.72547 -1.82368 -3.48461 1.07031 1.89916 0.453 3.231 0.039 -3.101 0.65 1.179
-2.8788 0.921943 -2.37539 -0.875838 0.33881 0.981009 -1.324 1.078 -1.112 -1.044 -0.201 -0.39
6.01451 -1.24719 -4.59438 -2.30909 1.98331 -0.397433 5.793 -1.969 -1.908 -0.609 0.55 1.162
1.93413 -4.17503 -2.17588 -4.3246 2.52969 -2.15817 1.132 -4.835 -2.693 -4.107 2.417 -2.051
-5.66885 -4.16424 -1.36314 -0.993767 -0.777695 1.29688 -4.055 -3.873 -0.45 -0.394 -0.928 0.519
-1.05108 1.53388 -1.12213 -0.0595281 -0.865755 -0.314342 -0.29 1.194 0.6 -0.057 -1.657 -1.451
-10.8479 -4.40916 -0.49186 -5.97684 0.957285 0.903111 -10.363 -3.487 -0.625 -5.247 1.096 0.616
7.3541 2.40649 -4.83097 -0.38109 1.99389 3.53184 8.569 1.955 -3.935 0.484 1.724 2.373
1.16871 -0.292656 -12.6966 -2.31533 -1.32893 -1.36602 -0.84 -2.943 -9.03401 -0.879 -0.971 -0.286
-7.59816 0.527324 1.3867 -2.41214 -1.12697 2.3421 -6.676 -0.37 2.965 -1.923 -1.171 2.599
-1.01367 -1.15237 -2.90267 -4.40422 -1.00767 -0.0802816 0.873 -0.736 -1.891 -3.412 -0.548 -0.696
-7.09862 0.882909 1.15847 -2.98955 -1.02738 2.36475 -6.17 -0.021 2.71 -2.421 -1.084 2.634
-0.443505 -0.808812 -1.5108 1.15782 0.0964342 0.246853 1.312 -0.567 -0.663 1.265 -0.23 -1.268
34.8123 15.091 6.42027 9.76565 -0.856107 -1.1513 39.798 21.368 12.789 9.075 -0.553 -0.267
-1.6284 -0.622128 -2.72123 -2.8518 0.484892 0.205214 -0.239 -0.559 -1.642 -1.666 0.961 -0.645
-1.90068 -0.18623 -2.45875 -2.32399 0.724031 0.2877 -0.56 -0.234 -1.34 -1.124 1.177 -0.581
-2.51075 0.867261 -1.73469 -1.27968 1.03788 0.443165 -1.228 0.668 -0.518 -0.081 1.416 -0.476
-9.36227 -4.91742 5.88371 -0.505071 -1.00772 0.0169417 -11.631 -1.545 3.409 -0.577 -0.83 -0.299
6.96741 2.93835 7.63821 -1.05263 1.38986 0.213303 6.128 2.412 9.219 -0.924 1.137 0.172
0.575638 -1.65089 -6.56574 -1.34335 -1.92197 0.0160821 -0.495 -2.913 -6.19 -1.563 -1.866 0.194
3.59337 -7.9059 0.194497 -1.77291 0.581866 0.278942 4.281 -7.971 -0.017 -1.917 0.189 0.356
3.48402 5.34979 7.66833 -1.41212 -1.00283 -1.71899 3.131 7.876 6.236 -0.747 -2.756 -0.906
2.75783 1.21346 -3.97396 -0.196365 -0.0723332 1.20201 2.176 0.666 -2.379 -0.214 0.719 2.387
-2.46168 -3.5164 -7.00518 -1.56125 5.66991 4.74166 -2.246 -3.298 -5.586 -1.695 6.83 5.649
-4.12821 -4.50237 -8.3913 0.109713 0.956787 0.679317 -5.075 -5.056 -7.609 0.068 0.56 -0.084
-4.58035 -4.77336 -8.24456 0.324953 1.92056 1.569 -5.333 -5.202 -7.367 0.24 1.698 1.112
0.914194 -0.982665 -0.415455 -0.932326 -5.52792 -3.96374 -0.613 -2.15 2.765 -0.933 -7.045 -4.549
-2.14397 -1.87286 -8.44463 -0.435255 -4.51826 -3.18095 -3.121 -2.996 -7.832 -0.415 -6.256 -4.908
0.888124 -1.73473 -2.1799 -1.88942 -2.68318 -1.39213 -0.228 -2.653 1.076 -1.873 -3.409 -1.491
-3.1374 -3.13642 -7.66248 -0.434828 7.57788 6.17667 -2.657 -2.413 -6.958 -0.653 9.33 6.974
7.59786 0.706749 1.35012 -8.56994 3.18432 6.57357 7.288 1.811 3.268 -8.397 2.479 6.345
-0.802301 3.4712 15.6666 3.35617 -1.16427 0.117042 -0.297 2.391 16.528 1.994 -0.643 1.269
-2.43875 -2.34316 -7.23137 0.0868909 6.97852 5.73629 -2.083 -1.495 -6.523 -0.13 8.79 6.279
-0.538725 0.381366 -0.497997 -0.132827 5.90657 4.52001 -0.164 1.11 0.529 -0.191 8.139 6.59
-1.82268 -1.77228 -6.74699 0.320149 6.30781 5.20151 -1.567 -0.895 -5.961 0.113 8.064 5.583
-2.62525 -0.832996 -2.53612 1.36003 2.24748 0.367466 -1.812 -1.26 -1.847 0.782 0.993 -1.094
4.84535 11.4982 5.73309 -3.61415 -3.03633 0.00824132 7.164 8.041 10.572 -4.923 -1.681 -0.581
1.03208 0.958872 1.3695 2.0531 -2.68823 -2.47653 0.899 0.684 3.014 1.268 -2.475 -2.118
-0.611237 0.0765561 -0.757215 -4.76179 2.01012 -2.04883 -1.384 0.1 1.028 -2.3 2.269 -0.261
6.63792 5.69944 -3.02073 0.605479 -1.11848 -1.07755 4.618 3.511 -1.029 0.112 -0.91 -0.795
-3.90462 -2.79099 -8.23937 0.215778 -0.92847 -1.74484 -4.152 -2.39 -7.236 0.066 -2.105 -3.75
2.69759 3.44336 -0.0514104 0.0670679 1.2089 0.570226 1.482 3.07 2.343 0.089 2.815 0.666
0.843768 0.600825 -3.95812 0.950402 3.1748 2.57093 0.705 1.419 -2.804 0.726 4.437 2.371
-0.857345 0.456816 3.25716 1.15754 3.0272 1.10636 -1.017 1.517 6.03 0.944 4.582 0.6
4.6126 3.14457 -5.16483 -1.05914 -1.17339 0.462714 3.009 1.698 -3.589 -1.056 -0.475 0.827
2.26753 3.09575 -3.44723 0.574883 -1.26496 -2.5299 1.464 2.978 -2.255 0.426 -1.53 -2.371
4.71145 4.43019 -3.00268 -0.592787 -0.0771227 0.496781 3.104 3.223 -0.932 -0.518 1.114 0.822
4.91297 3.81137 -4.56075 -0.928305 -0.841893 0.481945 3.28 2.396 -2.783 -0.888 0.02 0.858
1.62738 1.41488 -2.00478 0.92345 0.031551 -1.64567 1.158 1.604 -0.756 0.708 -0.448 -1.695
-3.96712 -2.90547 -5.51141 0.793972 0.830532 -0.659361 -3.871 -1.775 -3.931 0.559 0.161 -2.588
-2.13906 -0.845113 3.50944 1.57901 3.68063 1.38157 -1.846 0.722 6.354 1.271 4.852 0.489
-8.09418 -15.9951 0.297602 7.17784 0.989458 1.84168 -8.376 -15.457 -0.301 6.483 1.121 1.712
-2.62203 -1.37184 3.08228 1.70335 3.811 1.42296 -2.19 0.344 5.895 1.362 4.736 0.331
-3.75867 -2.75819 -2.08174 1.35667 2.4029 0.413503 -3.369 -1.069 0.096 1.04 2.293 -1.337
4.94773 -2.74489 -2.14696 2.73567 1.42618 -2.74386 6.225 -0.653 -0.473 2.244 0.323 -2.611
-1.43739 0.169956 -1.57709 1.93735 4.96412 3.61204 -1.546 1.312 -0.871 1.868 6.141 5.014
0.868838 -1.00819 -3.57512 1.7104 0.862203 -4.45673 2.744 0.727 -1.538 1.304 -0.31 -4.166
-1.55692 0.0653717 -2.29316 2.12336 3.95337 2.84019 -1.857 1.11 -1.555 2.079 4.766 4.076
0.5429 3.26908 -23.2598 10.7183 -3.39516 -5.81156 1.421 2.169 -18.441 7.961 -2.111 -4.025
-1.02996 -0.146738 -4.0663 1.22804 0.663207 -4.99876 1.045 1.384 -1.956 0.887 -0.519 -4.707
2.26537 4.60762 2.54438 1.85544 -0.350564 3.61844 0.72 3.257 3.524 3.449 -0.209 2.93
-5.96019 33.274 -11.6803 -9.28953 -37.9545 -23.7168 -9.016 23.749 -15.854 -10.254 -32.594 -22.628
-5.03754 -1.09934 -4.86866 -0.266082 -2.26221 1.87932 -4.316 -0.477 -4.335 0.459 -2.279 1.085
10.1201 -1.95817 1.72553 0.734248 0.482595 -1.27845 10.166 -0.168 2.189 0.634 -0.406 -1.446
6.76869 10.5297 -2.64277 -1.10211 -3.48308 -3.75111 3.661 13.796 1.048 -0.659 -1.436 -1.561
-12.7574 -15.0959 -7.20731 -13.6916 -8.32646 -12.3874 -9.304 -15.355 -3.673 -14.165 -8.013 -12.507
13.6192 1.83993 3.87357 -11.4827 0.956075 7.65334 12.87 3.112 5.832 -10.981 0.914 6.904
-4.88952 4.25725 -37.5475 -5.63159 0.532434 -1.60494 -8.437 -0.54 -35.816 -7.647 1.681 -2.17
3.31417 2.10719 -7.23677 -3.52132 -0.673865 7.46926 4.704 2.319 -6.501 -2.932 -0.984 6.931
-9.46278 3.90706 -7.71134 -10.5625 -3.86746 0.167476 -6.598 3.239 -1.701 -8.109 -2.121 1.85
2.28159 0.132155 -4.30538 -0.463585 -0.766521 6.26573 3.773 0.583 -3.761 -0.441 -1.207 5.938
-2.96569 -0.381627 -3.76809 -1.4582 -1.97211 2.14226 -2.8 0.059 -3.627 -0.659 -1.989 1.485
-7.34003 -1.53739 -5.01987 0.824463 -1.81077 -0.653316 -5.448 -0.448 -3.922 1.317 -1.958 -1.381
-1.30485 18.4876 -1.8957 0.54837 0.476806 0.395039 -2.623 18.925 5.262 -0.467 0.482 0.343
-15.3997 -5.04486 -4.31179 2.47885 -1.72145 -5.64393 -15.379 -6.012 -4.265 2.021 -1.985 -6.051
-10.0531 5.08015 -0.485473 0.297159 4.6054 -0.684067 -8.83 4.908 -1.616 0.373 4.578 -0.801
14.7959 1.75861 4.52831 -11.5906 0.694004 7.15962 14.096 3.085 6.397 -11.08 0.673 6.34
-7.75291 -1.38561 -4.94461 0.788378 -1.52424 -1.66222 -5.559 -0.24 -3.729 1.206 -1.74 -2.31
-1.77342 -0.00372963 -2.91622 -2.07391 -1.72042 2.13908 -1.844 0.426 -2.96 -1.279 -1.741 1.587
-8.8992 0.840581 -0.212685 -3.08568 -4.45153 6.78898 -7.847 1.019 -0.448 -2.785 -4.234 5.388
8.76501 -3.45457 3.58547 2.25692 0.149923 7.41269 8.397 -1.96 2.735 1.463 -0.675 5.909
-12.7098 -0.0158596 0.716237 1.45064 4.26845 -7.70627 -10.768 0.153 0.836 1.385 3.128 -6.513
3.81312 -0.485264 -0.515564 0.646239 -0.740317 -0.0013778 0.837 -0.858 1.734 0.571 -0.74 -0.25
-9.21567 -0.148923 -0.692353 -2.46951 -4.6049 6.48146 -8.182 0.003 -0.892 -2.24 -4.341 4.999
-9.08484 -1.38595 1.37407 1.3841 4.34251 -7.82534 -7.629 -1.312 1.136 1.233 3.339 -6.569
-6.59621 0.954805 -5.50196 -3.03892 0.926624 -4.84593 -5.918 0.444 -5.126 -3.392 -0.177 -4.255
4.13738 -0.531672 0.259908 0.799585 -0.926622 -0.00121805 0.995 -1.054 2.365 0.711 -0.922 -0.327
-9.55174 -1.12585 -1.29155 -1.73929 -4.70474 6.12548 -8.558 -1.052 -1.414 -1.583 -4.411 4.581
-9.99026 -2.08157 -2.0075 -0.923313 -4.75497 5.67001 -9.026 -2.084 -2.011 -0.856 -4.451 4.09
-6.33912 0.902187 -4.80375 -3.14167 0.983905 -4.64374 -5.838 0.368 -4.569 -3.487 -0.098 -4.078
-1.2518 0.0131883 0.328213 1.91989 1.98468 -0.355022 -0.216 0.658 0.804 1.271 0.927 -0.608
-1.46122 1.07326 1.695 -4.50376 2.33098 -1.37064 -0.36 2.218 1.929 -3.989 1.444 -0.213
-5.43605 -0.310144 -2.89627 -1.95972 0.840512 -2.35788 -5.246 -0.651 -2.966 -2.429 -0.126 -2.121
13.2348 -0.441795 4.51131 -8.87721 1.38799 3.71944 13.39 1.48 6.244 -8.814 1.186 2.98
-4.25056 3.30911 8.18093 -0.802898 0.159143 2.56651 -5.532 4.791 6.635 -1.485 0.475 3.317
2.29844 1.03422 0.52691 -3.73557 -0.741692 2.93176 1.823 1.696 0.267 -3.016 -0.777 2.779
5.3046 0.75051 -0.655338 -6.85522 4.61813 -4.38162 3.661 0.05 -0.966 -6.211 4.38 -4.606
4.05411 2.86705 -4.6679 -3.36636 1.33498 -0.00416469 0.697 3.162 -1.776 -2.523 0.681 -0.323
15.5652 5.32416 3.43309 -2.56863 -1.90118 4.47581 11.756 1.105 5.277 -3.084 -1.731 6.031
-6.12637 -3.01112 -1.1497 6.1546 -0.846358 -2.29031 -5.912 -2.151 -0.604 6.158 -0.928 -2.136
9.70637 -2.11536 -11.5302 0.845391 4.69071 -6.36595 8.12 -0.097 -8.528 0.804 4.177 -7.706
6.84548 -0.717363 -11.093 -1.97578 3.78684 -4.56766 5.985 1.417 -7.914 -2.348 2.988 -5.439
16.3393 3.47878 -7.43749 -2.91995 -0.742758 -2.73851 14.963 4.044 -3.871 -2.968 -0.816 -3.311
15.7191 2.70511 -1.45294 -2.21245 3.10986 -4.65319 14.834 -0.287 4.05 -1.892 2.534 -5.797
11.8249 0.517691 -9.95811 -0.763374 0.457671 2.51557 11.336 1.302 -5.355 -0.629 0.42 2.81
2.6893 -0.720558 -4.69674 -1.47019 2.37434 -4.84363 0.306 -3.361 -0.001 -1.333 1.426 -6.091
18.2272 4.75034 -7.88939 -3.34501 -0.778677 -3.24498 17.367 5.671 -4.227 -3.32 -0.454 -3.631
0.991779 2.10515 -5.62448 -2.74629 1.50232 -0.628643 -1.117 3.268 -3.119 -1.976 1.585 -0.861
20.4011 5.73206 -0.165409 -1.01821 -2.95706 4.31684 19.2 4.999 2.122 -1.376 -2.854 5.091
5.70073 -0.154815 -1.63543 3.60444 -0.501792 -0.0277929 2.833 0.593 1.237 2.966 -0.673 -0.175
-4.13749 -1.46741 -4.60268 -0.0875558 -6.60904 1.53315 -5.413 -0.326 -2.407 -0.583 -6.159 1.635
6.39667 0.748625 1.81204 -0.837875 -1.94383 -0.922303 3.895 0.915 4.772 -0.49 -1.479 -1.395
-5.5796 -2.47744 -5.43088 0.383894 -5.88691 0.999085 -7.124 -1.12 -3.26 0.01 -5.511 0.868
10.503 4.26606 7.67994 1.02987 3.9813 0.337199 8.866 3.084 9.603 0.28 3.307 0.195
0.861731 -1.85251 -8.38962 -3.12039 3.80553 1.71842 1.521 -0.52 -3.651 -3.484 3.417 1.351
-7.27059 -4.28878 -7.05028 1.23222 -3.99123 -0.121137 -9.391 -2.626 -4.875 1.172 -3.856 -0.751
-6.28987 -1.63899 -7.33776 -1.21948 2.87527 2.69121 -8.218 0.908 -3.296 -1.282 1.409 3.477
0.950209 -1.97921 4.4055 0.862885 -0.899604 0.090136 -2.519 -2.509 6.232 0.537 -0.958 -0.764
0.646903 -0.013016 0.678862 -0.00686184 0.824429 0.0842011 -0.104 0.176 0.315 0.003 0.107 0.014
-24.4529 1.00501 -12.7897 -9.8284 -1.60593 -30.6609 -24.437 4.351 -13.812 -8.481 -2.854 -29.009
-0.321682 -3.07168 -1.32391 -2.43144 1.63248 0.102501 -1.051 -4.134 -1.634 -1.882 1.275 -1.22
15.1809 4.65297 0.863403 0.507499 1.98402 -3.06066 15.323 1.986 6.8 0.7 2.459 -4.029
-3.71213 -6.43629 -10.3169 3.16901 1.83413 -3.70717 -6.525 -4.224 -7.874 3.87 1.311 -5.541
1.43806 3.09317 4.69579 -4.316 -1.6702 -0.351503 1.193 1.881 0.765 -1.499 -2.188 -0.239
3.66576 2.25106 2.4072 -0.853761 -1.51515 0.484756 3.571 1.368 0.7 1.069 -1.111 -0.042
-6.42915 -3.88644 0.226593 -0.488536 2.25348 0.485076 -8.243 -3.223 3.547 -1.275 1.513 -0.472
-7.83066 -6.61097 -3.16721 4.27035 5.37346 -8.45513 -4.824 -3.61 -0.921 2.849 4.237 -8.602
8.56432 4.39327 -2.33136 -0.116024 0.936919 6.72574 5.19 5.054 2.028 -0.261 1.217 7.345
3.66488 0.434408 2.27411 -0.623502 0.181007 -1.0884 3.789 -0.649 -0.216 1.85 0.39 -1.452
-9.6821 0.299 2.00443 2.27171 1.94874 0.461794 -12.679 -2.593 6.69 2.877 2.421 0.144
-13.7651 -4.65435 -7.82316 -0.0700523 -2.87375 -1.00267 -17.908 -5.29 -4.281 -0.671 -3.103 -1.403
-1.88842 6.31143 -0.0165831 -1.26229 -1.07029 -0.898803 -5.036 9.217 4.515 -0.902 -1.079 -1.91
-6.59541 -3.97151 -11.0428 -1.11856 0.933243 2.84074 -5.268 -5.745 -11.483 -1.149 0.921 1.933
8.42011 4.35736 -1.91595 0.510082 1.79561 7.6111 4.617 5.003 2.183 0.306 1.929 8.333
3.07864 4.33229 4.01143 0.29507 2.05961 -0.229609 1.705 3.024 0.791 2.08 1.589 -0.273
-10.3819 -1.4645 -11.0736 0.0203221 -1.15147 -2.98225 -13.202 2.707 -7.48 0.099 0.139 -2.009
1.32318 6.43163 1.94931 0.603366 -1.8908 -1.22578 2.909 3.188 -0.783 1.285 -1.135 -0.029
-6.64813 -12.4802 45.6558 -3.76658 -1.05359 -1.90573 -13.39 -13.695 44.247 -4.011 3.611 -0.408
-3.09919 3.33834 2.44276 -6.7271 7.99129 -1.09276 -2.319 2.852 2.203 -5.559 7.086 -1.41
-14.0684 -7.68718 -15.097 0.837395 -1.27384 2.87438 -13.823 -6.408 -13.522 0.962 -3.133 2.381
0.971568 -0.667009 -1.73717 -1.02225 -0.849442 -2.27719 0.31 -0.721 -1.634 -1.005 -0.775 -2.466
-14.9908 -5.0315 -5.00607 6.97164 4.88043 -10.8325 -11.757 -2.45 -3.239 5.255 3.805 -10.754
-1.60978 0.177235 2.41677 0.194498 1.26871 0.561719 -2.723 0.009 1.829 0.084 0.701 0.436
1.1763 -0.0798633 -0.67742 0.189391 0.772831 1.38349 1.459 0.255 -0.311 0.177 0.421 0.899
1.40223 -0.402122 -1.80592 -0.890657 -0.310834 -1.99305 1.994 -0.517 -2.243 -0.82 -0.724 -1.887
0.443873 -1.45149 -5.188 0.22785 -1.70246 1.76159 -0.165 -0.905 -4.921 0.098 -2.033 1.581
-4.12531 0.286343 1.86799 0.43858 1.21931 1.84367 -3.797 -0.096 1.057 0.486 0.541 1.834
1.44686 0.427086 4.91769 -0.635104 2.3384 -1.29779 -0.016 0.507 4.664 -0.441 1.799 -1.033
-1.5026 0.217143 1.96116 -0.546351 1.45993 -1.32756 -0.889 0.499 2.165 -0.419 0.879 -1.084
-3.92624 -1.63384 -6.76806 -0.152442 -2.18742 -0.0557968 -3.542 -0.978 -5.632 0.016 -2.225 0.221
-2.58589 0.340351 3.486 0.159269 1.66497 0.760195 -2.627 0.34 3.504 0.131 1.192 0.7
-3.227 -0.964633 -6.32299 0.423348 -1.80036 0.95649 -3.05 -0.625 -5.28 0.392 -1.643 0.959
-13.0128 7.52988 1.85652 0.034541 -3.01908 -2.33927 -11.014 7.106 0.765 -0.671 -3.337 -2.402
-16.2785 3.09904 -1.56514 3.63765 0.0680404 -6.77348 -13.686 3.856 -1.595 2.315 -0.594 -6.597
-5.38402 -0.484385 1.18 0.256641 0.616049 -0.340081 -5.539 -0.574 0.989 0.164 0.282 -0.524
2.52749 0.514647 5.13492 -0.273455 2.40153 -0.883686 0.848 0.524 4.685 -0.111 1.792 -0.719
0.822993 -3.86445 1.09643 0.61737 5.76576 -5.38022 -0.155 -3.963 -2.556 2.773 4.804 -4.461
0.90948 -0.0219046 1.93191 -0.125738 1.05179 -1.25328 1.229 -0.112 1.889 0.03 0.505 -0.961
-5.70817 22.3596 -35.1295 -1.22846 0.74151 -3.06766 -10.375 28.747 -45.859 -0.203 -0.289 -2.807
-4.9184 -0.0834849 -1.43146 -0.327741 -0.0683519 -0.895185 -3.526 -0.249 -1.32 -0.193 -0.384 -0.355
-0.731874 0.0754434 0.393239 0.141605 0.153746 -0.27683 -1.641 -0.164 0.483 -0.016 0.265 -0.447
5.00632 -0.734217 -1.51066 0.15293 -0.15471 0.837496 3.529 -0.286 -1.797 -0.03 -0.68 0.629
-0.235915 0.0951937 0.51973 0.0791384 0.171084 -0.523763 -1.279 -0.172 0.48 -0.074 0.226 -0.722
3.60625 0.547834 5.02923 0.108628 2.34199 -0.454928 1.75 0.498 4.457 0.233 1.694 -0.391
-4.56676 -0.376444 1.92698 0.140063 0.875101 -0.378776 -4.875 -0.538 1.555 0.031 0.481 -0.589
5.18727 -0.777778 -1.65761 0.413301 -0.244223 1.53846 3.658 -0.352 -2.107 0.169 -0.811 1.201
2.06279 -0.105152 1.1251 0.277557 0.791331 -0.366619 1.548 0.04 0.887 0.372 0.133 -0.096
3.48444 -0.159069 -0.568541 1.26859 0.232241 1.29471 1.966 -0.13 -0.603 1.229 -0.159 1.06
-3.79281 -0.699515 -2.39999 0.152665 -0.235661 -0.462717 -3.642 -0.185 -1.756 0.36 -0.457 -0.355
-24.675 -7.11268 -13.8687 4.132 -0.828632 5.96217 -24.717 -7.494 -13.837 3.959 -1.433 6.276
2.46865 -0.00583389 0.129144 0.762945 0.564565 0.841251 2.905 -0.274 -0.48 0.661 0.126 0.425
4.4808 0.05847 0.978675 1.20724 0.797933 1.04158 2.727 0.028 0.72 1.189 0.309 0.832
-3.72639 -2.33742 -3.54915 -7.9624 -3.03492 1.88538 -1.542 0.723 0.364 -6.445 -3.215 2.333
0.0114972 1.7951 6.82416 -7.42144 -4.74571 0.271036 1.008 1.226 11.812 -5.012 -4.08 0.453
3.70035 -0.89749 -3.18008 -0.866458 -1.2363 -2.99668 3.604 -0.856 -2.656 -0.703 -1.027 -2.588
-6.15165 3.60053 -13.8382 -9.85921 -8.10742 12.4973 -6.038 2.222 -13.691 -8.03 -8.105 11.583
-1.95577 -0.241568 2.78132 1.40038 2.11984 1.62891 -1.622 0.674 3.091 1.081 1.633 1.269
-9.53113 -4.01734 12.6794 -3.41969 -0.840567 6.77663 -9.728 -4.643 12.949 -3.465 -1.835 3.871
-24.9697 5.14333 4.98955 5.26884 -4.37332 -0.0188696 -25.444 4.843 2.127 6.3 -2.818 -0.931
-1.141 -0.341485 -14.0871 -2.71283 -3.28795 -0.318888 1.513 0.717 -15.176 -1.655 -2.092 -1.034
-2.72711 -2.14119 1.89189 0.678556 0.5878 2.90727 -1.882 -1.97 2.563 0.307 0.409 1.966
7.26553 -12.0961 0.542631 15.4701 -0.931517 -0.964366 6.782 -10.708 -0.169 13.572 -0.908 -1.04
-2.18229 12.773 0.81848 -4.55945 -0.317918 2.4314 0.658 16.275 3.727 -4.002 -0.733 -0.005
2.6875 1.51147 2.05878 1.39103 0.78049 -2.21112 3.145 -0.912 2.094 1.941 0.738 -1.76
-29.0927 2.78931 3.14192 3.08726 -7.23248 4.702 -27.743 1.689 1.195 4.049 -8.093 5.55
22.7675 5.91106 41.7004 -1.68124 -6.20487 0.891081 16.942 7.85 40.686 -2.287 -5.346 2.369
1.91307 3.4627 -0.00179187 1.41303 0.0259681 -0.0630056 2.8 3.974 0.008 2.024 0.011 -0.03
23.1653 24.8187 0.181171 -0.0383197 0.0012628 0.0546802 23.024 21.136 0.105 -1.445 0.037 0.044
0.707975 -0.292048 0.617435 -0.601279 -0.267816 -0.733975 -0.098 0.768 1.175 -0.273 -0.224 -0.872
0.0667979 -1.96002 -0.719913 0.0103019 -1.23781 0.816871 -0.767 -1.06 -0.371 0.271 -1.28 0.385
-0.019548 -1.61987 -0.320802 -0.215908 -1.30644 0.637469 -0.842 -0.733 -0.023 0.098 -1.314 0.184
-0.1386 0.0511333 -0.894641 0.876178 -0.360047 0.197578 -0.862 1.238 -0.238 1.086 -0.429 -0.222
2.21355 -0.121624 0.365782 -0.742634 -0.209543 -0.224373 1.519 1.109 0.745 -0.657 -0.166 -0.47
1.61201 1.05836 -0.297781 -0.786872 -0.230397 0.121866 0.876 2.219 0.014 -0.819 -0.23 -0.102
1.25704 0.434191 -0.204156 -0.0227331 -0.432913 0.147135 0.498 1.652 0.158 -0.077 -0.368 0.035
1.42251 1.00578 -0.333525 -0.482603 -0.324847 0.183984 0.658 2.183 -0.005 -0.541 -0.302 0.003
0.16994 -0.0324755 -1.04547 0.813096 -0.00804809 0.417887 -0.556 1.049 -0.722 1.042 -0.126 -0.012
0.773175 0.421014 -0.142137 0.744632 -0.899587 -0.504394 0.121 1.543 0.244 0.843 -0.919 -0.557
-0.245499 -0.557679 -2.47612 -0.808393 0.264426 0.320267 -1.192 0.154 -2.21 -0.612 0.398 -0.017
0.134833 -0.77482 -2.53023 -0.739462 0.431255 0.497474 -0.781 0.021 -2.218 -0.544 0.615 0.121
0.933971 -0.720669 -0.402752 0.714141 -0.586322 -0.689706 0.18 0.369 -0.055 0.814 -0.58 -0.874
-0.415449 -0.508022 -2.34334 -0.835174 0.196664 0.237545 -1.366 0.161 -2.085 -0.64 0.303 -0.086
0.114452 -0.438596 -0.290466 0.215071 0.138657 0.199036 -0.674 0.715 0.391 0.415 0.199 -0.194
1.43338 -2.22653 -2.6674 0.678701 0.212596 0.616098 0.393 -1.525 -2.419 0.774 0.125 0.343
0.623495 0.861787 0.0421392 0.86818 -0.749132 -0.11944 -0.075 1.875 0.411 0.892 -0.791 -0.123
-1.45494 -2.29246 -1.77965 0.411517 -0.0858604 -0.0704604 -2.168 -1.191 -1.346 0.521 0.095 -0.274
0.447538 0.338718 0.295043 0.496758 -0.270154 0.353238 -0.229 1.422 0.575 0.423 -0.26 0.334
-1.04766 -3.02151 -1.84095 0.137442 0.749053 0.324235 -2.055 -2.283 -1.554 0.514 0.717 0.274
1.03768 -0.40242 -0.448424 -0.0363987 0.532462 0.64051 0.322 0.569 -0.611 0.046 0.435 0.276
0.249683 -2.18164 -2.21225 0.0877977 -0.470782 0.448577 -0.75 -1.462 -2.006 0.043 -0.556 0.174
1.54592 -0.579577 1.44672 -0.602409 -0.184195 -1.51684 0.817 0.494 2.069 -0.338 -0.12 -1.579
1.41142 -0.637336 -0.188796 -0.370159 0.629836 0.488537 0.699 0.33 -0.429 -0.356 0.534 0.169
1.26458 -2.20905 -2.49615 0.439757 0.325773 0.199109 0.145 -1.533 -2.414 0.45 0.171 -0.058
-1.34076 -2.95969 -1.76287 -1.40315 0.182257 0.668004 -2.141 -1.958 -1.319 -1.094 0.179 0.6
2.02577 -0.879259 1.82378 -0.6089 -0.087535 -1.64006 1.269 0.213 2.407 -0.354 -0.03 -1.695
2.90991 0.277027 0.397989 0.393872 -1.05987 0.0574733 2.317 1.406 0.581 0.351 -1.093 -0.32
2.57879 1.05269 0.261 0.579724 -0.725988 -0.477617 1.856 2.176 1.055 0.677 -0.713 -0.673
2.51988 -0.0914108 1.12836 1.15609 -0.177189 0.813068 1.889 0.716 1.484 1.09 -0.091 0.487
2.5119 0.264896 0.576985 1.39253 -0.608044 0.480474 1.906 1.111 1.309 1.508 -0.626 0.568
2.01817 -0.587224 0.682437 0.824237 -1.83352 0.691679 1.287 0.47 1.105 0.929 -1.905 0.594
0.533792 -0.384798 0.764555 -0.386606 0.109201 0.97672 0.374 -0.471 0.253 -0.561 -0.167 0.55
3.1258 1.30957 1.87774 0.0268177 0.0537178 0.219319 2.548 2.19 2.136 0.269 0.023 0.047
-1.42525 -0.101216 -0.455069 0.765011 0.26805 0.716205 -1.321 -0.456 -0.687 0.482 -0.091 0.235
-1.37521 -0.444242 -0.499059 0.873366 0.301045 0.693935 -1.301 -0.841 -0.732 0.654 -0.049 0.233
2.2664 2.61027 1.88192 0.932852 -1.09154 -0.424733 1.254 3.341 2.368 0.88 -1.277 -0.766
-0.339654 0.304119 0.258062 -0.110441 -0.199334 0.442808 -0.613 -0.035 -0.12 -0.288 -0.584 -0.015
1.26085 0.0129281 1.49495 -0.127917 0.447792 0.697456 1.234 -0.044 0.832 -0.292 0.201 0.151
-0.445182 0.903293 1.2026 -0.748331 -0.513832 0.89009 -0.475 0.732 0.667 -0.921 -0.707 0.797
-0.0973455 -0.092125 0.188506 0.881729 0.387509 0.264242 -0.523 -0.434 -0.288 0.779 -0.083 -0.181
-0.889991 -1.16689 -0.576045 0.436014 0.391114 0.276572 -1.296 -1.777 -1.062 0.578 0.047 -0.202
1.93321 1.92832 0.439628 0.874072 -1.08683 0.689863 1.352 3.056 0.828 0.975 -1.173 0.55
-0.264101 0.501164 0.338401 0.0234521 -0.275452 0.49756 -0.596 0.155 -0.099 -0.112 -0.7 0.03
0.47057 1.96514 1.1372 -0.497893 0.835347 0.862726 0.451 1.684 0.871 -0.833 0.478 0.625
-0.242493 1.53167 0.542153 0.0160326 0.562074 0.991178 -0.163 1.261 0.296 -0.338 0.155 0.596
-0.0337688 1.67511 0.700205 -0.105021 0.638663 0.968931 0.029 1.405 0.455 -0.459 0.241 0.616
3.51744 -0.103479 0.943007 0.748587 -0.868454 -0.172053 2.597 1.103 1.419 0.822 -0.88 -0.236
0.486512 -0.924344 1.9177 -1.2182 1.76409 -0.117822 -0.315 0.045 1.742 -0.931 2.31 -0.178
-0.621365 1.25547 -1.01334 0.403485 0.344979 -0.624218 -1.034 0.919 -1.351 0.284 -0.294 -1.18
1.2265 1.64307 0.0762038 0.513988 -0.146903 -0.0282238 0.767 1.36 -0.38 0.426 -0.752 -0.698
-2.46256 2.30164 -2.07752 -1.44612 1.84646 -0.869313 -2.876 2.691 -1.996 -0.907 1.758 -1.22
-0.205488 8.08905 4.21312 -0.204015 3.27096 0.460546 -0.115 8.948 3.274 -0.445 2.951 0.019
3.41678 -3.83028 -4.6425 2.87339 1.29163 -0.19694 3.9 -0.993 -2.301 2.749 1.506 -0.191
-4.32848 -1.4286 -1.58495 0.155618 0.03005 -2.73548 -5.328 -1.756 -1.576 0.75 -1.032 -2.645
-3.27928 3.21867 -6.3825 2.6625 -3.41969 -1.38711 -3.182 2.719 -8.047 2.839 -3.651 -1
7.05768 2.19568 3.06529 -0.954157 -1.26497 2.79625 6.831 1.831 2.608 -0.957 -1.565 2.374
7.75371 4.18946 4.27406 -0.4899 -2.23629 3.14546 7.443 3.899 3.843 -0.543 -2.741 2.461
8.16709 2.07082 5.34673 -0.598259 -1.87856 3.23204 7.902 1.743 4.534 -0.297 -2.183 2.699
9.10528 2.87019 3.83835 -0.896816 -2.14281 3.26808 8.744 2.394 3.164 -0.717 -2.542 2.485
10.9342 2.44056 3.53644 -1.24459 -1.5379 2.56454 10.293 2.164 3.234 -0.933 -1.784 2.036
9.48221 2.16121 4.07777 -0.287151 -2.2465 3.88759 9.346 2.059 3.599 -0.408 -2.682 3.499
2.23134 -2.61571 -3.12703 0.304323 1.66117 -1.51468 2.87 -1.754 -2.796 -0.143 2.365 -1.73
1.00045 -6.56541 -4.91627 1.97593 1.30579 -0.663885 2.414 -6.388 -3.943 2.215 2.026 0.425
0.112412 6.12019 -0.174601 2.55059 1.41719 -0.219946 -1.472 5.435 -1.434 2.381 1.173 -0.49
-1.15128 6.15696 -1.53261 -2.20599 -1.97057 -1.8571 -4.736 4.925 -2.756 -2.586 -2.943 -1.172
7.1006 9.1495 1.83297 -0.528469 0.40327 0.671254 6.175 7.875 0.629 -1.075 0.533 1.538
0.735343 5.96749 3.38186 -0.299709 1.03986 -2.30769 -1.159 2.005 0.406 -0.403 1.559 -2.439
0.152631 -0.569313 -0.5289 -0.377369 -0.226158 -0.441739 -0.351 -0.314 -0.099 -0.083 -0.077 -0.112
-0.541579 -1.1684 -1.1695 -0.101776 -0.669153 -0.937185 -1.161 -0.951 -1.018 0.146 -0.184 -0.651
0.307896 -1.15929 -0.861567 0.298198 0.594388 0.849996 -0.428 -0.859 -0.581 0.47 0.758 1.203
0.502373 -0.73066 -1.00601 -0.0382526 0.413076 -0.230048 -0.179 -0.569 -1.159 0.255 0.636 0.119
-0.593139 -2.61627 -1.37949 -0.0428189 0.664694 -0.152294 -1.418 -2.124 -1.278 0.112 0.588 0.351
-0.404915 -1.91547 -2.05087 -0.0968262 0.0603957 0.406272 -1.039 -1.503 -2.003 0.096 0.158 0.845
0.272908 0.869211 -0.380579 -0.270784 -1.18935 -1.95211 -0.387 1.388 -0.208 0.02 -0.55 -1.775
1.59955 -0.371682 0.409167 0.0272977 -1.40417 -0.449407 0.992 -0.134 0.663 0.321 -0.948 -0.044
0.380791 -1.97983 -2.12809 -0.486782 -0.214465 0.810801 -0.409 -1.936 -1.818 -0.373 -0.033 1.145
0.309962 -2.89733 -1.39352 -0.446924 -0.295704 0.132487 -0.445 -2.859 -1.587 -0.184 0.03 0.481
0.0444547 -1.53831 -0.265451 -0.281277 0.650477 -0.98071 -0.799 -1.256 -0.403 0.081 0.937 -0.711
0.0504953 -2.6127 -1.38005 -0.144317 0.334395 -0.0563336 -0.817 -2.321 -1.29 0.012 0.285 0.361
0.55116 -1.69118 -0.900344 -0.217312 0.18873 -0.0247473 -0.183 -1.753 -1.287 0.066 0.428 0.302
-0.360494 1.16915 0.0149408 0.139796 -0.000169195 -1.11938 -0.961 1.561 -0.055 0.429 0.222 -0.858
0.834869 -3.00629 -1.32049 -0.786539 -0.256251 0.217032 0.193 -2.745 -1.377 -0.558 0.037 0.61
0.741296 1.22221 1.50003 -0.395491 -1.19427 -2.22917 0.048 1.742 1.511 -0.059 -0.643 -1.935
-0.492517 -2.03518 -1.63737 -0.380799 0.466944 -0.219777 -1.025 -1.644 -1.534 -0.13 0.581 0.221
1.41045 1.2164 -0.830768 -0.294586 -2.08755 0.233463 0.72 1.368 -0.658 -0.021 -1.657 0.572
-0.638165 -2.64863 -0.290361 -0.154792 0.753001 -0.472658 -1.298 -2.068 -0.235 0.052 0.745 0.078
1.68546 1.722 0.368049 -0.612176 -1.19871 -0.0990297 1.087 2.034 0.413 -0.303 -0.931 0.321
1.59622 1.70132 0.758197 -0.591012 -1.11653 -0.218831 1.026 2.03 0.818 -0.279 -0.854 0.225
1.35977 0.33983 1.62159 0.402547 -0.631338 0.651181 0.833 0.169 1.941 0.949 0.128 1.524
0.493413 -1.15928 -0.876685 -0.464013 -1.06006 -0.693003 -0.144 -1.455 -0.516 0.003 -0.593 0.009
0.569417 -0.943923 -0.374115 -0.401899 -0.964476 -0.623585 -0.167 -1.192 -0.085 0.038 -0.609 0.054
-0.314838 -0.560692 -1.57963 -0.579796 -2.00788 -0.350319 -1.163 -1.08 -1.926 -0.316 -1.34 0.282
0.553172 1.1849 -1.2996 -0.658095 -2.58512 -1.03128 -0.092 0.494 -1.19 -0.303 -2.312 -0.419
-0.0788873 1.06172 -0.539354 -1.21729 -0.785969 -0.756319 -1.155 0.442 -0.59 -1.14 -0.305 -0.132
1.10874 0.434679 -0.791923 -0.286101 0.743043 -0.509767 0.296 -0.526 -0.491 -0.056 1.342 0.269
0.540825 1.28976 0.199519 0.366309 0.601719 -0.855718 -0.438 1.927 0.792 0.481 0.865 -0.343
0.592305 -1.23895 -1.09514 -0.385413 -0.843545 -0.649506 -0.002 -1.646 -0.832 0.058 -0.351 -0.005
0.567709 0.310229 -0.904609 -0.437578 -1.58448 -1.16396 -0.015 -0.392 -0.677 -0.121 -1.142 -0.615
0.928673 -2.0994 -0.191799 -0.41853 -1.47816 -1.31698 0.266 -2.825 -0.256 -0.025 -0.883 -0.709
0.57569 0.943455 -1.40086 -1.14917 -1.43366 -0.615648 0.295 0.532 -2.772 -0.732 -0.841 -0.482
0.841715 2.25263 -0.669528 -0.549287 -1.33644 -0.835358 0.184 1.824 -0.23 -0.292 -0.903 0.022
0.356504 -1.32478 0.345334 -1.13723 -2.72598 -1.79865 -0.28 -2.039 0.348 -0.854 -1.958 -1.217
1.11125 0.67685 -1.62234 -1.31768 -1.65087 -0.434937 0.76 0.342 -2.946 -0.866 -0.994 -0.264
1.15703 1.03072 -0.424695 -0.220094 0.267369 -0.0411448 0.287 -0.004 -0.325 -0.035 0.649 0.655
1.16234 1.02559 -0.443388 -0.222886 0.46866 -0.190572 0.309 -0.022 -0.363 -0.039 0.863 0.522
0.662655 -1.26071 -1.18511 -0.325295 -0.678266 -0.658409 0.089 -1.704 -0.969 0.109 -0.167 -0.039
0.257252 0.394581 -0.513213 -1.36555 -0.0794174 -0.465802 -0.599 -0.224 -0.581 -1.234 0.771 0.058
-0.82379 0.991175 -1.86336 -0.0515369 -0.735952 -1.67591 -1.562 0.657 -1.46 0.325 -0.204 -1.047
0.323357 -0.107434 1.03915 -0.927815 -1.74945 -0.496409 -0.443 -0.564 0.027 -0.309 -0.835 -0.219
0.79645 2.0052 -0.823935 -0.543436 -2.42722 -0.697778 0.14 1.423 -0.643 -0.199 -2.172 0
-0.136791 1.61183 1.33557 0.214568 1.41882 0.398019 -1.005 0.861 1.538 0.409 1.726 1.074
0.344772 -0.122292 0.921793 -0.959241 -1.78051 -0.563237 -0.416 -0.568 -0.089 -0.361 -0.872 -0.266
0.386459 -1.24938 0.308777 -1.06343 -2.73431 -1.79717 -0.279 -1.97 0.277 -0.761 -1.936 -1.223
0.876175 2.07105 -0.81102 -0.594461 -0.658726 -0.964074 0.177 1.69 -0.276 -0.391 -0.145 -0.055
0.362907 -0.129876 0.779845 -0.999169 -1.82467 -0.597084 -0.398 -0.558 -0.241 -0.42 -0.92 -0.278
1.03738 2.31302 5.25885 -0.2512 -0.396337 -0.23794 0.386 1.915 4.381 0.274 0.415 0.179
0.817667 2.17814 -1.1606 -0.480399 -0.445865 -0.974821 0.026 1.801 -0.64 -0.325 0.043 -0.09
0.3773 -0.135856 0.618998 -1.04003 -1.88115 -0.596388 -0.39 -0.536 -0.429 -0.479 -0.979 -0.254
0.312322 0.106983 1.27778 0.239953 1.30367 0.0323782 -0.604 -0.131 -0.167 1.044 2.094 0.328
1.21386 -2.32878 -0.25286 -0.0737019 -0.498831 -1.11215 0.636 -2.894 -0.333 0.275 -0.025 -0.5
0.20854 0.0830012 -0.927892 0.301173 0.816397 -0.356811 -0.222 -0.329 -2.297 1.022 1.183 -0.123
-0.690193 0.410083 -1.1194 -0.115635 -0.13793 -1.53228 -1.397 0.047 -0.763 0.259 0.28 -0.901
0.462255 0.189624 1.41094 0.402477 1.49265 -0.151504 -0.499 -0.002 -0.037 1.169 2.329 0.165
0.161275 0.0823512 -0.72084 0.295013 0.945666 -0.390599 -0.292 -0.331 -2.087 1.036 1.328 -0.158
1.22797 0.14301 1.66197 -0.544803 -0.0861446 -0.3953 0.559 0.087 0.466 -0.094 0.617 -0.108
-0.221218 -3.77081 -1.31811 -0.0675499 -1.6719 -0.258573 -1.025 -3.514 -2.472 0.281 -0.981 0.138
-0.423042 -3.76342 -1.03725 -0.147082 -1.68495 -0.1813 -1.197 -3.53 -2.222 0.201 -1.013 0.204
0.10465 0.0880379 -0.503437 0.271949 1.05196 -0.406891 -0.374 -0.325 -1.867 1.03 1.452 -0.176
0.990532 0.853989 1.27929 -0.429412 -0.418569 -0.572313 0.285 0.783 0.059 0.041 0.285 -0.289
-0.144292 0.0748934 0.346145 0.144692 1.2092 -0.280406 -0.708 -0.318 -1.045 0.943 1.701 -0.036
-0.163321 0.608327 -2.0986 -0.600033 -0.558615 -0.577366 -0.477 0.199 -3.247 -0.131 -0.136 -0.462
-0.091882 0.0934733 0.148234 0.171647 1.20867 -0.336686 -0.635 -0.312 -1.236 0.964 1.673 -0.099
0.497108 -1.21026 0.278495 -0.893804 -2.58254 -1.71858 -0.211 -1.934 0.217 -0.54 -1.748 -1.136
1.30376 1.12436 2.13174 -1.01861 -0.959568 0.416723 0.327 0.814 1.358 -0.373 0.048 0.712
0.125262 0.555612 -1.93057 -0.502317 -0.393669 -0.448765 -0.239 0.135 -3.107 0.032 -0.018 -0.302
0.950234 0.760405 0.422156 0.000756018 0.120056 1.29599 0.752 0.506 0.314 0.143 0.12 0.865
-0.311668 0.564119 0.932635 -0.0639404 0.365621 0.569623 -0.534 0.351 0.6 0.362 0.494 0.306
0.0924663 1.09235 1.23434 -0.331596 0.526803 0.445504 -0.139 0.861 1.029 -0.073 0.684 -0.007
1.01574 -2.73715 -2.1254 0.121116 -1.84191 -0.580086 0.015 -2.624 -3.166 0.499 -1.007 -0.12
1.19813 0.83515 0.0834052 -0.247729 -0.384026 0.222506 0.739 0.69 -0.147 -0.051 -0.291 -0.288
0.543138 2.0767 0.817694 -0.267311 -1.08292 -0.825602 -0.252 1.956 -0.456 0.282 -0.368 -0.545
0.205013 0.0500612 0.666151 -0.588405 -0.042157 0.551717 0.19 -0.297 0.065 -0.169 -0.018 -0.081
-0.151543 -2.09729 1.02389 -0.836829 -0.799566 0.78323 -0.812 -2.335 -0.331 -0.443 -0.115 1.009
0.365749 0.898511 0.537298 -1.30958 -0.851391 0.418267 -0.177 0.217 0.236 -1.252 -0.671 0.116
0.853888 -0.828338 -1.36947 -0.641855 -2.21967 -0.305796 -0.136 -0.839 -2.566 -0.195 -1.35 0.172
-0.615172 -0.484139 -0.670345 0.143755 -1.27437 -0.178122 -1.403 -0.94 -1.108 0.699 -1.432 0.332
0.895171 -1.66261 -1.77227 0.37892 -0.324124 0.306907 0.49 -1.921 -1.984 0.524 -0.22 -0.163
1.20588 1.95798 1.14722 -0.523494 1.04843 -0.23275 0.735 1.638 0.601 -0.042 0.845 0.31
0.4397 0.209983 0.989214 -0.336864 -0.217364 0.138709 0.01 -0.02 0.659 -0.191 -0.178 -0.222
1.82069 -0.689836 2.8655 -1.25327 -0.232399 0.543101 1.19 -0.683 1.911 -0.79 0.473 0.816
0.394158 0.351475 0.350922 -0.245092 -0.0045137 0.888685 -0.022 -0.185 -0.164 -0.029 0.123 0.606
0.212759 -1.28886 -1.04913 -0.379782 0.391072 -0.491632 -0.045 -1.743 -1.437 -0.158 0.489 -0.823
-0.96328 0.846847 -1.97643 -0.666141 -0.230997 0.445201 -1.329 0.842 -2.158 -0.539 0.082 0.334
0.408114 -1.02747 1.3919 0.180377 0.0146068 -0.622139 -0.411 -1.262 0.524 0.669 -0.197 -0.276
0.326564 0.525666 0.430839 -0.196486 0.161598 1.01967 -0.021 0.021 -0.045 0.022 0.271 0.746
-0.920886 -0.302821 -0.780064 0.181823 -0.574982 0.15636 -1.701 -0.985 -1.207 0.802 -0.773 0.678
0.628022 0.291417 -0.937385 -0.32648 0.3909 0.191644 -0.024 -0.01 -0.945 -0.125 0.436 -0.152
0.298717 -1.17744 -0.820828 -0.472041 0.760951 -0.518191 0.015 -1.495 -1.129 -0.24 0.872 -0.88
1.27786 -1.07702 -1.57583 0.395508 -0.646839 0.348255 0.931 -1.476 -1.886 0.505 -0.543 -0.208
-0.408036 -0.0939885 0.01476 -0.170657 -0.39861 0.650398 -0.547 -0.078 -0.176 0.15 -0.379 0.253
-0.765802 1.99325 1.36498 -1.44684 1.19543 -0.868923 -1.548 1.736 0.741 -0.918 0.933 -0.378
-0.00306748 -0.756784 -0.285861 -0.284805 -0.825155 -0.0389582 -0.266 -0.726 -0.478 -0.08 -0.802 -0.306
-0.935782 -0.293358 -0.822803 0.146027 -0.421089 0.236204 -1.706 -0.996 -1.244 0.754 -0.601 0.762
1.06563 1.88398 4.33907 -0.408704 0.0412507 -1.671 0.6 2.154 3.995 -0.004 0.15 -1.494
1.11455 2.2528 0.994402 -0.801272 1.43658 -0.361026 0.676 1.911 0.444 -0.368 1.217 0.157
-0.160294 1.24264 0.81049 -0.125348 0.131048 0.201806 -0.682 1.042 0.565 0.082 0.209 -0.269
0.784932 -0.575665 1.3269 -0.150139 -0.0453137 -0.834953 0.015 -0.838 0.612 0.467 -0.25 -0.521
0.104399 -0.162059 -1.70126 -0.136744 0.127638 0.0814393 -0.308 -0.227 -1.747 0.117 0.328 -0.125
1.04919 0.0644964 2.10189 -0.459301 1.24967 -0.482092 0.517 -0.048 2.155 0.343 1.054 0.269
0.696464 0.51174 -0.702265 -0.348927 0.519398 0.423955 0.071 0.227 -0.704 -0.155 0.55 0.076
0.0251345 0.771912 -0.343312 0.982398 0.365208 0.747952 -0.245 0.482 -0.583 1.095 0.427 0.472
0.226227 -1.03453 -0.520441 -0.51042 0.821267 -0.230243 -0.041 -1.307 -0.778 -0.297 0.925 -0.613
-0.246561 1.09196 0.780209 -1.32264 -1.04948 0.446778 -0.707 0.415 0.409 -1.239 -0.851 0.107
0.716933 -1.28226 0.094253 -0.419638 -0.301379 -0.697286 0.162 -1.252 -0.366 -0.014 -0.291 -0.231
0.192217 2.35172 5.00997 -0.535876 0.364965 -1.33969 -0.51 2.65 4.2 -0.194 0.697 -1.022
0.0194 -0.828571 1.74536 -0.120911 0.608235 -0.355 -0.708 -0.968 1.034 0.252 0.359 -0.019
0.398775 -0.622724 -1.71733 -0.840252 0.750804 -0.0831797 -0.363 -0.658 -1.959 -0.477 0.714 0.133
-0.0997644 -0.827497 0.80219 -0.167335 -0.85216 -0.256021 -0.456 -0.883 0.356 0.143 -0.663 -0.548
0.13248 1.25774 2.48377 -0.641766 0.279706 -0.596244 -0.617 1.06 1.818 -0.068 0.09 -0.044
-0.67183 0.416192 0.9542 -0.844389 -1.07926 0.261604 -1.017 -0.07 0.539 -0.636 -0.844 -0.12
-0.13787 -0.798374 -0.575752 -0.430108 0.213829 0.231615 -0.368 -1.424 -1.094 -0.295 0.275 -0.108
-0.0876802 -0.746876 0.88081 -0.156801 -0.896474 -0.270156 -0.466 -0.843 0.404 0.172 -0.683 -0.577
0.9771 -2.55565 0.737734 -0.505124 -0.805548 -0.797939 0.314 -2.532 0.305 0.04 -0.915 -0.472
-0.223158 2.39315 0.632843 -0.900187 0.723353 -1.06357 -0.936 2.096 0.133 -0.291 0.551 -0.709
0.957913 1.40655 1.36105 0.11925 -0.335341 -0.163746 0.634 0.973 1.013 0.312 -0.289 -0.492
0.854692 -0.0777171 0.443978 -0.0926302 -0.694958 0.0667893 0.226 -0.748 -0.237 0.168 -0.494 -0.2
-0.0099148 0.72877 1.13141 0.272963 -0.385503 0.425278 -0.417 0.398 0.719 0.416 -0.297 0.191
0.917979 2.05826 0.935046 -1.31068 1.60586 -0.556419 0.504 1.733 0.444 -1.055 1.356 -0.164
1.05873 2.36283 0.94593 -1.05969 1.63789 -0.467696 0.641 2.026 0.414 -0.7 1.411 0.009
0.893871 -0.0928681 0.487148 -0.0236339 -0.711533 -0.00875765 0.294 -0.755 -0.187 0.265 -0.501 -0.273
0.665697 -0.345026 -0.0884651 0.305639 -0.303416 -0.376343 0.004 -0.081 -0.684 0.836 -0.112 0.065
1.43086 -0.00919917 -1.02932 0.262762 -0.82918 0.300762 1.134 -0.509 -1.501 0.415 -0.699 -0.313
0.140027 0.546333 1.35087 -0.0652867 -0.380564 0.292907 -0.289 0.239 0.955 0.076 -0.311 0.02
0.0654734 1.03032 0.143953 0.957901 0.173819 0.651293 -0.235 0.687 -0.168 1.08 0.24 0.406
-0.824058 -0.351115 -1.1939 -0.0880651 -0.0629398 0.326861 -1.499 -0.961 -1.646 0.343 -0.042 0.873
1.37768 1.57747 2.29939 -0.254488 0.13277 -0.142857 0.728 1.235 1.71 0.355 -0.056 0.459
1.66536 -0.784388 0.220903 -0.629222 0.376418 -0.364147 1.058 -0.854 0.14 -0.252 0.315 0.16
0.245773 -0.842558 -0.272396 -0.415469 0.729689 0.145504 0.011 -1.089 -0.494 -0.226 0.827 -0.252
-0.182352 -0.88239 -2.0024 -0.417271 0.181582 -0.256192 -0.969 -0.906 -2.42 -0.109 0.147 -0.041
-0.661064 -0.42957 -1.33467 -0.284587 -0.0468086 0.343441 -1.307 -0.935 -1.817 0.086 0.06 0.906
0.989089 1.42344 2.60392 -0.309533 0.0248046 -0.312673 0.29 1.154 1.976 0.296 -0.153 0.272
-0.470673 -1.07964 -1.98355 -0.259088 -0.354556 -0.301285 -1.245 -1.147 -2.506 0.038 -0.41 -0.064
1.06402 -3.17794 0.576235 -0.452996 -0.978376 -0.691004 0.421 -3.08 0.186 0.047 -1.099 -0.351
0.939228 -3.73518 0.315963 -0.274717 -1.09178 -0.609161 0.265 -3.55 -0.027 0.171 -1.215 -0.262
0.208699 -0.372173 -1.49787 -0.780073 0.014544 -0.00455518 -0.373 -1.019 -2.012 -0.179 0.74 0.472
-1.10304 -0.740142 -0.422453 0.521287 1.00585 -0.230115 -1.566 -1.044 -0.807 0.671 0.564 -0.538
1.19015 1.83913 2.93954 -0.144748 0.919381 0.573795 1.046 1.436 2.336 0.014 1.135 0.205
2.32145 2.04048 6.48615 -0.936252 -0.0123897 -1.27538 1.86 2.794 6.138 -0.517 0.298 -0.988
2.27127 1.08628 2.59645 1.41393 -0.970671 0.511185 1.51 0.532 2.808 1.905 -0.443 1.199
-1.83908 1.21225 0.182788 -0.574495 0.683527 -0.656221 -2.403 1.418 -0.124 -0.465 0.979 -0.787
-1.45781 -0.918672 -0.241374 -0.636142 -0.377419 -0.438319 -1.799 -1.377 -0.949 -0.523 -0.476 -0.825
0.370765 1.02221 1.66486 0.198978 0.876777 0.57513 0.155 0.861 1.876 0.361 0.876 0.151
0.104091 1.51321 0.886129 0.0403933 -0.170641 -0.974709 -0.784 1.58 -0.458 0.802 0.694 -0.78
0.681648 3.23332 -0.786464 -0.0122605 -0.374453 -0.542556 -0.039 2.83 -0.583 0.365 0.145 -0.149
-0.630053 1.78542 6.01722 -1.52076 0.643151 -1.80897 -0.95 2.34 5.551 -0.949 0.93 -1.362
-0.673168 2.12063 6.58987 -0.601098 0.758453 -2.29216 -0.973 2.89 6.27 -0.194 1.052 -1.96
-0.228271 1.73236 0.687173 -0.552281 -0.82618 -0.818995 -0.827 1.658 -0.602 0.226 -0.107 -0.644
-0.486032 2.10167 2.826 -0.749851 -0.498469 -1.3608 -1.532 2.081 1.226 -0.267 0.32 -1.162
2.95589 -0.389196 4.56251 1.28736 1.0084 1.77357 2.243 -0.901 4.841 1.686 1.574 2.549
2.86396 1.37165 3.33755 -0.417241 -0.226273 1.29894 2.319 1.237 3.19 0.187 0.336 1.877
0.665917 1.24516 1.34308 -0.309333 0.47588 -1.55867 -0.531 1.478 0.158 0.256 1.234 -1.388
0.351877 1.13238 2.55445 -0.154895 0.082962 -1.39555 -0.655 1.241 0.846 0.59 0.96 -1.331
-0.242194 1.38855 1.87621 -0.282092 -0.179414 -1.49181 -1.15 1.298 0.466 0.304 0.63 -1.328
1.20092 2.13756 0.99793 -1.20721 -0.519512 -1.69581 -0.054 2.028 -0.008 -0.705 0.205 -1.405
3.04275 1.09079 2.86084 0.72275 0.530386 0.683559 2.451 0.806 3.153 1.122 1.161 1.509
0.0363351 0.960048 -1.19582 1.07629 -0.862062 -2.75524 -0.996 0.82 -2.051 1.034 -0.765 -2.624
-0.661287 1.51835 0.0441495 0.169192 -0.101999 -2.34372 -1.298 1.322 -1.037 0.246 -0.253 -2.057
0.278703 0.852788 -1.26899 0.562877 0.0949536 -2.41998 -0.4 0.628 -2.068 0.69 -0.05 -2.144
0.323631 0.384003 -0.72938 -0.657959 1.06591 -0.126963 -0.42 -0.484 -0.424 -0.455 1.876 0.602
-1.24011 2.07663 -0.158225 0.92698 -0.165084 -1.88127 -1.97 1.814 -1.084 1.065 -0.171 -1.837
0.377188 -0.514666 -3.58657 0.109114 0.190107 0.164249 -0.346 -0.847 -3.021 0.128 0.056 -0.211
-0.208138 2.74737 -0.0206841 0.704103 -0.123874 -2.64445 -0.829 2.417 -0.919 0.768 -0.219 -2.462
0.342625 1.52321 0.384908 1.12812 0.271282 -2.49715 -0.452 1.434 -0.308 1.074 0.322 -2.344
-0.356706 0.778544 0.539134 0.520071 0.32035 -2.63049 -1.341 0.497 -0.972 0.563 0.354 -2.33
0.258327 4.09947 1.89569 0.708498 -0.608584 -0.314724 -0.262 2.601 0.579 0.698 0.108 -0.003
-1.92229 -3.58323 -3.95676 -0.290195 -2.64233 -1.92262 -2.837 -4.022 -3.448 0.16 -2.604 -2.115
4.90833 1.54865 3.86215 -0.454995 -1.52228 -1.17513 5.462 0.699 2.477 -0.152 -0.359 -0.68
0.560418 -0.864141 -2.00582 -0.379034 -0.310244 0.0956439 0.178 -1.005 -2.336 -1.059 0.007 -0.313
-0.621261 -0.327374 -0.220348 0.720668 0.340172 1.09312 -1.074 -0.967 -0.691 0.105 0.299 0.611
0.178698 0.690095 -0.0748914 0.60491 -0.0104747 0.374781 -0.288 0.721 -0.67 -0.206 0.34 0.086
-0.63323 -0.58983 -0.112108 0.807813 0.142209 0.960914 -1.118 -1.265 -0.552 0.189 0.091 0.481
0.504068 -0.0445701 0.342407 0.779811 -0.615002 0.585574 0.532 0 -0.028 0.033 -0.406 -0.047
0.555256 0.264893 0.428819 1.20157 -0.594728 0.916905 0.588 0.291 0.041 0.37 -0.469 0.193
0.894014 1.31703 0.289392 0.590005 -0.184104 1.43474 0.53 1.246 0.109 -0.087 0.031 0.871
-0.554707 -2.09484 -0.232177 1.7933 -0.982132 0.758133 -0.793 -2.624 -0.92 0.984 -0.956 0.259
-2.51716 -0.620681 0.503562 0.259276 -0.435496 0.388173 -2.537 -0.694 0.282 -0.56 -0.147 0.05
0.296375 -0.130896 -0.288364 -0.43104 -0.105833 -0.388583 0.092 -0.12 -0.788 -1.112 0.191 -0.75
0.821214 -0.0476279 -0.218721 1.44974 0.107173 0.93543 0.538 -0.085 -0.546 0.906 0.568 0.418
0.276315 0.915913 0.449732 0.92563 0.279 1.42931 -0.07 0.631 0.224 0.22 0.432 0.828
-0.808357 0.274355 -1.95391 1.30292 -0.64045 0.85618 -0.805 0.294 -2.423 0.386 -0.309 0.489
-0.885849 -1.53465 0.535767 1.49144 -0.890606 0.909997 -0.969 -2.008 -0.16 0.761 -0.921 0.409
-0.910206 0.478692 -1.83988 1.23598 -0.543138 0.857072 -0.921 0.473 -2.322 0.327 -0.197 0.5
-1.18734 -0.310896 -0.10933 0.695294 -0.735703 -0.0104836 -1.059 -0.361 -0.61 -0.107 -0.828 -0.261
0.718801 0.0781233 -0.00236632 1.22832 -0.0794567 0.841404 0.474 0.034 -0.323 0.704 0.428 0.345
-2.15635 -0.20006 -0.0995763 0.341504 -0.714971 0.547188 -2.281 -0.358 -0.188 -0.476 -0.443 0.164
-0.746784 -1.14317 0.482517 1.04333 -0.397261 0.394149 -1.284 -1.909 0.162 0.4 -0.419 -0.08
-0.0289153 0.382051 0.938571 1.27712 0.326192 1.1049 -0.369 -0.07 0.738 0.481 0.474 0.45
0.187953 -0.897131 -2.08998 0.0311887 -0.571711 0.653869 -0.189 -1.13 -2.205 -0.66 -0.295 0.19
-1.06242 1.3393 -0.0480795 0.415138 0.825668 0.942179 -1.181 1.154 -0.703 -0.273 1.116 0.582
-0.364336 -0.72547 -1.73454 0.19213 -0.74564 0.764755 -0.675 -0.931 -1.801 -0.526 -0.477 0.3
0.552595 -2.14154 -0.502625 1.4337 -1.02818 0.111881 0.134 -2.557 -1.049 0.677 -0.915 -0.406
-1.21319 0.994819 -0.107764 0.38703 0.580517 0.631232 -1.396 0.958 -0.786 -0.095 0.786 0.205
-1.22768 1.26454 -0.0341694 0.356571 0.495157 0.622226 -1.417 1.22 -0.735 -0.147 0.723 0.209
0.370555 -0.207665 0.441827 0.234654 -0.402016 -0.0769833 0.419 -0.203 0.322 -0.264 0.069 -0.464
0.267685 -0.175975 0.962086 -0.0215418 -0.117907 -0.649715 0.217 -0.105 0.358 -0.745 0.149 -1.031
-0.889179 1.41858 -0.710797 -0.586752 -2.03292 -1.21061 -2.45 1.329 0.202 -0.957 -2.057 -1.205
0.840835 -6.34787 0.76211 2.4625 -3.16334 -0.198563 0.267 -6.496 0.521 3.382 -2.68 0.235
-1.97345 2.45448 -7.09019 0.16071 -0.179609 -2.83354 -2.581 2.683 -6.718 0.322 -0.451 -2.824
6.96203 9.35896 8.77534 -0.206305 0.738527 0.442513 5.681 6.916 7.927 -0.762 -0.192 0.496
0.782346 2.58392 2.67732 1.96409 -0.774284 1.3715 0.546 2.25 2.002 0.964 -0.432 0.487
0.118688 1.99188 0.890957 1.74626 -0.600611 1.32139 0.117 1.845 0.519 0.726 -0.471 0.684
0.872161 -0.616405 0.048872 0.519391 1.32955 0.0299146 0.737 -0.573 -0.082 0.417 0.758 0.305
0.734348 -0.62303 -0.416273 0.531982 1.34865 -0.0318776 0.565 -0.527 -0.621 0.41 0.793 0.288
1.06843 2.85715 2.00389 2.22373 -1.01637 1.404 0.806 2.384 1.209 1.313 -0.965 0.546
0.295716 -1.83617 -0.417608 0.0651072 1.17192 -0.260818 -0.131 -1.813 -0.512 0.047 0.56 0.157
-0.6366 -0.0758464 -0.238644 0.499006 0.918325 -0.96441 -0.918 -0.318 -0.462 0.469 0.157 -0.481
1.58072 3.17606 0.978544 1.53859 -0.368564 1.29441 1.083 2.743 -0.076 0.649 -0.273 0.489
-2.24388 -2.06577 -6.43679 0.992251 0.230942 -0.262674 -2.895 -1.626 -5.719 1.451 0.744 -0.388
0.538682 -0.429931 -0.129883 0.00353203 -0.498046 -0.96722 0.372 -0.216 -0.024 -0.245 -1.238 -0.675
-0.257104 -0.806864 0.163259 0.000428038 -0.382005 -0.948541 -0.435 -0.756 0.134 -0.356 -1.146 -0.664
-0.330876 -0.506767 -0.618204 0.0931433 2.49971 0.049823 -1.093 -0.553 -0.445 -0.006 1.999 0.48
-0.0757244 -0.867954 0.516945 -0.278292 0.586688 -0.29023 -0.291 -0.917 0.684 -0.622 -0.063 0.051
1.50839 0.0386825 -0.149413 -0.28556 -0.564403 -0.623163 1.355 0.358 0.038 -0.388 -1.346 -0.369
-0.956563 0.153444 -0.560421 -0.0944032 0.338258 -0.156257 -1.082 0.281 -1.098 -0.084 -0.12 0.318
-0.689046 -0.29875 -0.0865569 0.568203 1.85347 0.33263 -1.429 -0.264 -0.026 0.527 1.495 0.802
3.13301 1.55719 2.2928 2.04242 0.404871 1.79561 2.937 1.315 1.963 1.249 0.34 0.932
0.705629 0.436701 0.912845 -0.352393 -0.0692971 0.131924 0.677 0.297 0.717 -0.483 -0.752 0.26
0.0531581 -0.565037 0.140968 0.230298 0.942779 0.317952 -0.441 -0.513 0.256 0.074 0.498 0.699
0.363084 1.31514 -0.63751 0.324213 0.034446 -1.20483 0.034 1.225 -0.545 0.284 -0.456 -0.915
-0.475587 -0.322394 0.0662044 0.531287 1.57848 0.372253 -1.193 -0.28 0.102 0.485 1.217 0.818
-0.223986 -0.403447 0.116722 0.426382 1.29851 0.393112 -0.879 -0.352 0.159 0.353 0.912 0.812
-0.499849 -0.0911107 1.07068 -0.531111 -0.0261436 -0.328926 -0.525 -0.155 0.971 -0.501 -0.615 -0.041
0.802897 1.0256 0.45293 2.57 -0.00544616 1.54032 0.666 1.246 -0.059 1.446 0.015 1.048
-0.341961 -0.777899 0.745276 -0.600747 0.414175 0.243037 -0.498 -0.729 0.389 -0.561 -0.097 0.584
1.09934 0.0795181 0.330724 0.0149753 -0.0101571 -0.127332 0.914 -0.146 0.089 -0.172 -0.816 -0.01
-0.110766 0.622874 0.286381 -0.326145 -0.370976 -0.807655 -0.492 0.583 0.151 -0.548 -0.959 -0.456
-0.939111 -1.08503 1.06318 -0.397038 0.0126673 -0.844449 -1.093 -1.218 1.04 -0.872 -0.781 -0.544
0.399485 1.01501 -0.0963156 0.258779 0.0178229 -1.0901 0.15 0.935 0.018 0.214 -0.5 -0.793
1.57605 1.62254 1.90787 0.445303 -0.349122 0.853575 1.589 1.434 1.268 -0.248 -0.086 0.254
0.204196 0.743545 0.308628 -0.024141 -0.185622 -0.905819 -0.069 0.669 0.357 -0.143 -0.722 -0.574
-0.958093 -1.61015 -0.753422 -0.127254 -0.0538772 -2.48965 -1.989 -3.391 -2.027 0.465 0.548 -2.449
0.244265 1.833 2.02193 0.622241 0.753172 -0.233597 0.23 1.562 2.191 0.648 0.314 0.067
1.94384 -0.200149 1.32704 1.16363 1.22895 0.0686268 1.911 -0.48 1.054 1.077 0.674 0.247
1.28054 0.836648 1.65819 0.107164 1.70784 -0.248814 0.98 0.989 1.706 0.146 1.237 0.092
0.690433 1.99716 1.08695 0.397549 0.400269 0.0798664 0.531 1.833 1.388 0.415 -0.054 0.589
1.035 0.620526 0.413027 -0.0435518 1.20083 0.4564 1.006 0.512 0.576 0.002 0.407 0.77
-0.626721 2.50303 0.861731 0.958294 -1.72191 0.466979 -0.786 2.55 0.471 1.052 -1.641 -0.248
0.943453 0.738725 1.23795 0.621642 1.13913 -0.576522 0.729 0.685 1.138 0.517 0.449 -0.2
0.672413 2.53419 1.83094 0.604733 1.11846 0.650855 0.631 2.465 1.746 0.362 0.61 0.969
-1.33565 -1.01069 -2.00497 0.469771 -0.599598 -0.236407 -2.754 -1.069 -2.336 0.452 -1.003 0.068
0.171353 0.586088 -1.88717 0.873196 1.25947 0.473512 -0.695 0.455 -1.921 0.816 0.834 0.529
2.31472 1.89019 -1.57819 -1.24362 -0.776097 -0.992072 1.377 1.295 -1.518 -0.437 0.027 -0.189
-1.32251 -1.76401 4.65856 -0.958073 -3.2269 1.15744 -2.038 -2.538 3.618 -1.47 -2.755 1.127
-0.303791 -2.87485 -2.13335 -1.14618 -1.26378 -2.56852 -1.291 -4.913 -2.542 -0.965 -1.255 -2.043
0.336407 -6.55405 0.610053 0.156364 -5.41077 -0.188821 -0.372 -6.655 -0.06 0.195 -5.546 -0.464
12.4672 9.65496 9.72625 -0.608685 1.86175 2.0435 9.36 6.463 7.039 -0.6 1.331 2.287
-0.24564 0.526754 -0.130274 0.119615 0.429773 0.426115 -0.63 -0.072 0.033 0.248 0.199 0.23
-0.0642465 0.585602 -0.138468 0.1773 0.452693 0.188852 -0.338 0.05 0.062 0.293 0.263 -0.023
-0.546646 0.900992 -1.27752 0.393727 0.351118 0.293915 -0.641 0.45 -0.786 0.579 0.135 0.305
0.758774 -0.4138 -1.29982 0.149685 0.820618 -0.462461 0.512 -1.478 -1.111 -0.227 0.666 -0.647
0.130966 0.950276 -0.595142 0.396362 0.242744 -0.224562 0.25 0.839 -0.045 0.544 0.146 -0.33
0.643617 1.23278 -0.860914 0.346578 0.13443 0.46541 0.579 0.902 -0.458 0.495 -0.099 0.301
0.648042 1.12184 -0.728255 0.284578 0.159822 0.500465 0.542 0.724 -0.379 0.42 -0.086 0.323
0.566324 1.40373 -1.03048 0.436434 0.0642999 0.319466 0.592 1.19 -0.531 0.608 -0.141 0.192
-0.634495 0.553594 -0.0959908 0.269808 0.692998 0.0283347 -0.641 0.277 0.281 0.478 0.511 -0.089
1.14694 1.23143 -0.942262 0.120854 -0.345992 0.199728 0.997 0.669 -0.693 0.025 -0.666 -0.038
-0.817944 -0.574293 0.0501924 -0.158803 0.421628 0.33262 -1.003 -1.159 -0.078 0.038 0.176 0.252
-1.37392 0.439568 -0.679524 -0.305279 -0.276588 0.472883 -1.425 0.015 -0.41 -0.259 -0.544 0.269
-0.588795 -1.1151 -0.160516 0.0315449 0.226464 -0.852196 -0.748 -1.718 0.37 0.107 -0.024 -0.88
-0.734713 0.502637 -0.0453548 0.239992 0.502955 0.341307 -0.739 0.161 0.266 0.391 0.267 0.15
1.00043 -0.0875952 -1.77189 -0.0170363 0.618968 -0.618291 0.959 -1.04 -1.269 -0.264 0.418 -0.832
-0.0995994 -0.236434 -0.288691 -0.56452 -0.0441622 -0.202621 -0.465 -1.038 -0.133 -0.55 -0.356 -0.385
-0.3171 -0.728632 -0.59572 -0.481058 0.324477 -0.337871 -0.313 -1.241 0.087 -0.371 0.063 -0.416
0.592805 0.0672915 -1.77242 -0.238062 0.288528 -0.546983 0.726 -0.705 -1.092 -0.34 0.044 -0.717
-1.42714 -0.698841 -0.47392 -0.396711 0.503034 0.205447 -1.525 -1.249 -0.49 -0.137 0.236 0.136
-0.490578 -0.168202 -0.578672 -0.876176 0.45862 -0.144453 -0.639 -0.889 -0.146 -0.903 0.171 -0.225
-1.6853 0.347079 -1.34797 -0.653309 -0.611579 0.431025 -1.778 -0.061 -1.027 -0.613 -0.84 0.247
0.211761 -0.746958 -0.374351 0.19345 0.760545 0.00604338 -0.135 -1.682 -0.415 -0.173 0.64 -0.016
0.83221 1.80036 -1.74757 0.0073002 -0.0182358 0.208777 0.814 1.344 -1.381 -0.027 -0.267 0.103
-0.444865 -0.97778 -0.0760176 0.0856593 0.547163 0.0245485 -0.747 -1.717 0.045 -0.094 0.36 0.104
-1.01022 -0.097112 0.316461 -0.283384 -0.10609 0.473063 -0.79 -0.359 0.987 -0.279 -0.597 0.344
-2.17455 -0.18444 -2.90946 -0.898229 0.264164 0.337259 -2.234 -0.647 -2.477 -0.722 0.143 0.165
-2.54356 -6.87466 -5.48045 -1.81396 -0.662045 -1.6281 -2.861 -5.65 -3.961 -1.55 -1.255 -1.325
1.74788 4.76681 0.580079 -1.71697 -4.82557 0.763445 -0.67 4.614 -0.298 -1.735 -5.972 0.557
0.0180885 -1.64528 3.83763 -2.37186 0.689581 -0.0957704 -0.841 -1.866 2.291 -2.188 0.512 -0.294
1.25703 1.006 0.778184 -0.11295 -0.400249 0.841897 0.538 0.212 0.684 -0.148 -0.585 0.713
0.590391 0.329944 1.84026 -0.0865685 -0.123598 0.779645 0.486 -0.33 2.063 0.026 -0.129 0.766
1.71304 0.869815 0.41892 0.425775 -0.96818 0.838472 1.737 0.51 0.729 0.391 -1.059 0.757
1.26477 0.365982 0.362886 0.0406661 -0.188884 0.0290289 1.183 -0.162 0.637 0.037 -0.31 -0.346
2.24618 -0.337446 1.66624 -0.389645 0.270554 1.50682 2.335 -0.634 1.65 -0.377 0.185 1.241
7.98348 9.51497 6.56099 -3.58178 4.31457 -1.22133 6.514 5.762 5.106 -3.39 4.454 -2.384
-0.15698 1.1662 -1.35417 -0.474429 0.14983 -1.38444 -1.242 1.777 -1.739 -1.954 0.9 -0.949
-0.132099 -9.08182 -1.3693 -1.22935 -1.17857 -2.62531 -1.848 -10.198 -2.377 -1.163 -1.283 -2.347
2.25883 0.369282 -0.0889344 -1.67367 -2.2065 0.594876 0.662 -0.027 0.437 -1.79 -2.573 1.238
-0.941989 -4.29649 -4.82268 -1.08311 -2.47506 -0.234889 -2.189 -4.838 -6.388 -1.442 -2.856 -1.035
2.90582 -1.94069 5.98935 3.68146 2.63242 -0.423081 1.447 -3.908 4.867 4.181 3.264 -0.744
10.7464 12.9856 8.4619 2.23952 -2.15171 -1.79936 8.229 11.07 6.822 1.871 -1.032 -2.728
5.2377 4.44411 11.1126 3.8615 -1.30846 -1.40344 3.021 1.848 10.26 4.078 -1.786 -2.237
4.34996 12.136 10.4307 1.65554 2.45829 2.06497 2.493 8.392 8.594 1.442 1.638 2.546
9.09454 9.85202 9.42854 0.964402 0.299565 0.473887 9.042 10.541 7.548 2.031 -1.623 -0.291
1.05917 2.85098 -1.38648 -0.859063 0.0989279 -1.24776 -1.029 1.596 -2.288 -0.432 0.441 -0.964
3.1242 5.08009 2.9573 0.870037 -0.778159 1.42436 2.64 3.623 2.257 0.132 -0.651 2.161
4.01659 3.78379 -0.82917 -1.26045 1.78815 -1.54857 2.366 1.669 -3.131 -1.84 1.628 -1.92
0.467669 10.7874 7.07326 -2.56302 -3.10065 -3.10476 -1.313 9.225 6.071 -1.907 -3.638 -1.929
1.89184 4.73889 -1.7651 1.39204 0.513916 1.62054 2.861 4.993 -4.135 2.776 0.616 1.847
2.14042 2.15625 -1.96561 -0.68204 -1.45217 0.464929 0.947 1.25 -2.189 -0.866 -2.31 0.556
-1.05082 5.81438 4.06842 -1.12227 0.676423 -0.440779 0.691 4.95 4.105 -1.027 0.183 -0.521
1.79336 3.6417 1.32232 2.06636 -0.636365 3.26048 2.961 3.95 1.543 1.783 -0.219 3.056
-3.07957 0.413849 1.72687 4.41802 -3.1226 -0.39636 -3.712 -0.431 0.563 2.669 -2.999 -0.605
0.651986 8.03718 6.35856 2.22526 -2.73529 -1.52869 -1.057 4.753 4.939 2.4 -1.684 -1.446
-6.14403 -6.76295 -8.56663 1.15085 -0.914551 -1.55796 -8.425 -9.008 -10.526 0.403 -0.495 -0.631
9.88264 8.4664 17.0466 -2.63805 4.0154 2.56354 11.229 4.74 18.333 -1.414 5.804 2.785
9.77306 14.3091 6.67367 5.80924 2.47461 0.186394 7.46 12.862 2.831 5.344 2.96 0.326
-2.55683 9.19952 -0.10035 4.24529 3.41282 1.65428 -4.222 8.583 -0.139 4.531 3.191 0.842
4.72234 5.40519 9.16012 -1.0392 3.69303 -4.89074 3.834 5.139 6.838 -1.156 2.847 -5.506
15.0199 7.06599 14.921 -1.16596 0.119904 -0.612531 10.193 5.456 12.311 -1.935 0.65 -2.433
10.7372 10.9831 8.38984 -2.78044 3.48582 -1.75205 7.414 7.524 4.843 -3.99 3.205 -2.547
-5.16284 -3.3874 -5.32491 -0.549831 -4.67974 0.688835 -3.153 1.601 -3.942 1.309 -2.731 -1.086
-6.10459 -7.17369 -7.38563 0.946434 -3.08326 2.18329 -5.892 -2.655 -6.787 1.228 -2.062 2.615
-5.16102 -8.78784 -7.80698 0.934591 -1.87078 2.0595 -4.704 -4.695 -7.194 1.013 -0.62 3.118
-2.31375 -0.241493 1.61292 -2.72086 -0.538229 -1.69631 -0.703 -0.672 0.524 -0.862 1.094 0.559
2.48558 -1.10266 -9.41055 -5.18289 -1.82613 4.2801 6.449 3.37 -10.223 -3.225 -0.072 3.872
2.11029 -2.75691 -9.87684 -4.47548 -1.96313 4.41041 6.605 2.117 -10.52 -2.415 0.224 3.964
2.66379 0.973559 -7.51832 -5.78057 -1.78423 3.75901 5.306 4.407 -8.327 -3.974 -0.429 3.427
-1.01232 -5.05767 1.5374 -2.52084 3.31543 3.66603 -2.808 -6.182 3.103 0.611 4.89 3.067
-3.05451 -4.53251 -5.64404 1.93301 -6.6225 0.34738 -1.782 0.624 -5.5 3.602 -5.42 -0.862
5.96309 4.62303 0.112131 -1.86306 2.58283 -3.08699 2.826 4.489 -3.938 -0.305 2.043 -2.026
-5.85588 -4.49779 -4.23731 -0.881037 1.82286 -1.15039 -6.612 -4.781 -1.958 2.588 -0.678 -2.362
4.86519 2.31837 -1.14826 -2.36421 5.4732 -1.17634 3.155 2.705 -3.613 -0.38 5.98 -0.837
-2.82183 1.63129 1.26886 -2.42046 0.935957 -0.266553 1.057 1.724 0.966 -0.605 1.185 1.469
-4.41206 -1.29137 -2.2039 -1.81022 -2.47548 0.612742 -3.546 1.504 -1.82 -0.394 0.281 0.333
-7.95066 -7.6162 -4.08319 -0.628078 4.19764 -0.776826 -7.766 -7.652 -0.211 2.919 2.784 -2.037
-1.26033 3.40223 0.558752 -1.06434 -0.902724 -1.75255 1.326 3.27 -0.148 1.544 -0.053 0.036
2.58981 -1.08245 -1.00918 -2.93095 6.4776 1.86907 1.783 -0.779 -1.407 -0.068 7.68 1.32
-1.2982 1.35336 2.31951 -2.02416 -1.24245 -3.29421 -0.418 0.186 -0.055 1.142 0.203 -1.227
-0.438534 2.092 2.96387 -1.88934 -0.451795 -2.90096 1.105 0.954 2.504 0.031 0.242 -1.483
-2.84321 -6.37834 3.72989 2.55616 -4.68692 -4.27668 -1.111 -4.174 3.152 4.143 -0.953 -4.446
0.131084 -7.51513 -6.62074 -0.465539 -2.48416 2.64579 4.639 -2.905 -6.456 1.54 1.378 2.28
-2.57085 2.04304 0.779051 -3.14478 -2.12012 -0.829277 -0.317 1.855 0.276 -0.573 -1.408 -0.224
-1.99839 -0.129602 2.21061 -2.48736 -1.25502 -1.2901 1.028 0.517 1.824 0.651 0.119 0.649
2.84125 7.1361 -0.62233 -2.69246 -3.79145 -2.3239 -1.384 6.103 -4.365 -0.105 -7.717 -2.152
4.21502 -6.41769 -2.8638 -1.37584 2.60519 0.0923934 3.533 -6.149 -3.286 -2.277 5.06 2.153
5.8059 8.27704 2.37733 -2.07802 -2.39223 -3.11359 0.826 7.297 -3.474 -0.529 -5.297 -2.051
4.50508 8.69507 1.14583 -2.66483 -3.78497 -2.54593 -0.402 7.588 -4.036 -0.577 -7.545 -1.934
5.28566 8.78588 2.01742 -2.40072 -3.26252 -2.78752 0.2 7.704 -3.704 -0.62 -6.675 -1.93
-3.01797 -5.02275 9.38441 -1.93466 -3.25099 1.0378 -6.762 -6.375 10.962 0.099 -2.053 1.508
-2.62728 -4.35995 9.03874 -2.25535 -3.4567 0.863376 -6.27 -5.487 10.455 -0.27 -2.256 1.355
-3.40167 -0.710263 -0.584139 -2.4034 -1.71112 0.133514 -2.823 1.106 -0.736 -1.075 1.257 0.835
-0.709449 5.81131 2.13338 -4.53334 -3.03852 -2.14921 0.406 3.148 -0.761 -2.463 -2.432 -0.567
-2.77433 -0.436228 0.485907 -2.756 -1.27765 -0.333528 -2.306 0.687 -0.111 -1.472 1.644 0.987
10.621 5.02396 11.2851 -5.21755 4.29898 -1.40088 7.275 0.538 6.937 -6.002 7.157 -1.07
-14.2265 -9.24057 -14.4791 -0.450529 -1.96603 -1.45317 -9.715 -3.735 -7.046 -0.958 -0.898 2.508
10.0988 27.4598 24.8722 -10.1996 -7.49057 8.05895 22.037 26.542 20.651 -4.583 0.61 17.331
-26.9871 -6.10331 -30.3928 -8.02757 9.21597 4.65194 -20.874 2.924 -24.563 -9.079 6.93 3.087
55.5084 85.9149 81.9422 -5.03801 -0.0397801 -3.47971 65.632 91.014 89.048 4.873 12.543 -6.035
27.4123 -7.26902 24.4819 -7.36187 -6.19265 38.0465 46.001 -9.213 36.596 -6.049 -6.813 39.042
0.122343 0.12227 2.743 -4.37184e-05 2.40134e-07 -1.42917e-06 -0.024 -0.024 0.053 0 0 0
0.609287 -0.346583 1.46163 0.457451 -0.031644 -0.0327185 0.444 -0.515 0.055 0.448 -0.034 -0.03
-1.45848 1.04398 1.89213 0.470526 0.0106359 -0.12253 -1.38 0.803 -0.066 0.235 0.054 -0.184
1.57525 -1.74445 2.08411 1.41789 -0.112085 0.329506 1.44 -1.771 0.315 1.392 0.075 0.014
-1.24159 0.0585288 1.02318 0.338202 0.134147 -0.311601 -0.992 0.319 0.042 0.397 0.059 -0.171
-0.59828 -0.573822 0.80342 -0.0802724 0.161836 -0.30202 -0.17 -0.151 0.422 -0.079 -0.002 -0.002
-2.52933 -2.21495 -0.34789 1.31077 0.0110821 0.0538761 -1.33 -0.979 0.302 1.289 0.034 0.015
-1.44918 -1.3117 -0.950348 0.140478 -0.107195 0.0557082 -0.678 -0.649 0.37 0.045 -0.045 -0.034
-3.60784 2.60056 2.00241 -0.233593 -0.0714085 -0.188316 -3.496 2.276 -0.058 -0.464 -0.021 -0.247
3.01567 -2.41929 0.593157 0.732728 0.359935 -0.273297 3.092 -1.859 -0.051 0.748 0.19 0.007
-2.96195 1.11234 1.78935 -0.381641 0.051097 -0.316466 -2.845 0.836 -0.276 -0.584 0.031 -0.286
-5.03283 1.4118 -0.432923 -2.12554 -0.00239049 -0.02231 -3.527 2.443 0.285 -1.929 -0.037 -0.02
0.30467 -2.44717 1.58421 2.5006 -0.189094 0.366492 0.526 -2.445 0.273 2.137 0.003 0.007
-1.97592 -0.520606 1.65518 0.314507 0.00040905 -0.0315956 -1.85 -0.481 0.195 0.311 0.092 -0.109
1.01425 -0.133892 2.01266 -0.170759 -0.0185408 0.135414 1.032 -0.34 0.157 -0.414 0.062 0.015
-0.740862 -0.440463 -0.149103 0.26185 -0.145617 0.0802738 -0.07 0.112 0.518 0.168 -0.083 -0.002
-2.2733 1.69449 1.53457 -1.5693 -0.277215 0.369109 -2.18 1.673 0.381 -1.424 -0.079 0.002
-3.04841 -1.58474 -0.473567 0.353033 0.148211 0.00647037 -1.63 -0.296 0.208 0.359 0.085 0.071
-2.59402 -0.0329842 1.66285 -0.0139689 0.00508842 -0.0282818 -2.463 -0.013 0.164 -0.013 0.099 -0.107
-2.22231 0.66102 0.568674 -0.0806584 -0.120293 -0.0173913 -1.627 0.694 0.132 -0.435 -0.099 -0.03
-1.3024 -1.04572 0.0775948 0.284449 -0.0567801 0.168882 -0.708 -0.498 0.666 0.21 -0.005 0.06
-2.43694 -0.404894 0.792225 0.0614603 -0.054601 0.263325 -1.968 0.119 0.369 0.094 0.088 0.043
-1.18776 -1.0736 0.119157 0.0525659 -0.129943 0.0845974 -0.685 -0.61 0.563 0.006 -0.088 -0.001
-0.770033 -0.699006 1.12218 0.0161005 0.15822 -0.190643 -0.447 -0.366 0.121 0.03 0.099 -0.037
2.44023 -3.77581 1.18086 2.50074 -0.0416851 -0.0110227 2.216 -3.803 -0.03 2.26 -0.021 -0.035
-5.5489 2.24964 -0.0764661 -1.00893 -0.0073127 0.0982599 -4.402 3.002 0.232 -0.884 -0.001 0.02
-2.26249 -2.20171 -0.532392 1.03243 0.179723 0.016283 -0.919 -0.911 0.132 1.012 0.113 0.093
-4.60159 2.26527 -0.482062 -2.45492 -0.0285706 0.0114853 -3.175 3.195 0.168 -2.207 -0.042 -0.02
1.31218 -2.59479 1.75564 1.52748 -0.143609 0.513051 1.169 -2.694 0.218 1.414 0.105 0.046
-0.657928 -0.516919 1.78669 0.86183 0.0414581 -0.307111 -0.614 -0.804 -0.405 0.629 0.008 -0.27
3.8439 -3.73943 1.35478 1.40363 0.211074 0.0327101 3.572 -3.482 -0.013 1.384 0.172 -0.001
-1.28115 -0.781718 0.0540459 0.50368 0.0211297 0.244327 -0.688 -0.266 0.581 0.417 0.088 0.136
1.39867 -2.09331 0.520093 0.757986 -0.228608 0.220053 1.813 -1.374 0.208 0.79 -0.073 0.002
2.01233 -3.47988 1.10618 2.42627 -0.0407264 0.0208559 1.867 -3.534 -0.104 2.192 -0.01 -0.019
8.43195 3.44809 1.18756 -5.42627 -0.222703 -0.122284 7.782 3.348 0.158 -4.903 0.009 -0.042
-1.45016 -1.26526 -0.582705 0.160174 -0.0481097 0.159576 -0.858 -0.794 0.186 0.054 0.035 0.044
-5.38506 2.40766 -0.0694189 -1.28751 0.0184073 0.126851 -4.318 3.036 0.159 -1.121 0.032 0.038
0.0782884 -0.859185 1.74769 1.22859 0.0373035 -0.285507 0.08 -1.163 -0.503 0.985 0.003 -0.248
-1.11026 -0.14243 0.159835 0.816609 0.238209 -0.0677042 -0.6 0.306 0.463 0.716 0.14 0.141
-1.38206 1.02342 1.24955 -0.943538 -0.363958 0.316994 -1.29 1.039 0.226 -0.844 -0.178 -0.03
1.93822 -2.35191 0.398599 0.844637 -0.183794 0.23889 2.312 -1.63 0.116 0.881 -0.029 0.023
4.12872 -3.8131 1.3467 1.36897 0.169418 0.0554847 3.752 -3.606 -0.105 1.339 0.14 -0.006
-0.987848 -0.844851 -1.49728 0.149837 -0.189746 -0.158246 -0.299 -0.177 0.074 0.098 -0.196 -0.169
-0.159604 -0.269534 1.41474 0.352789 -0.213262 0.502871 -0.274 -0.447 0.031 0.279 0.054 0.028
-5.85566 -1.84537 0.773045 3.20855 -0.29004 -0.129226 -5.092 -1.179 -0.929 3.095 -0.155 0.008
0.170694 -0.152247 0.925692 0.0456333 -0.0681911 0.285175 0.641 -0.173 -0.062 -0.37 0.078 0.053
-0.377204 0.175387 1.82 0.0697565 -0.177599 0.407114 -0.643 -0.064 0.113 0.117 0.058 0.009
-0.867034 -0.359216 1.16403 0.383949 0.197531 -0.0640742 -0.697 -0.178 -0.077 0.403 0.162 0.029
0.641813 -2.06234 0.936035 1.85304 -0.0278132 0.102212 0.576 -2.209 -0.287 1.643 0.025 0.035
-3.41305 2.09533 1.49549 -0.822604 -0.146972 -0.0328201 -3.349 2.007 -0.159 -0.801 -0.066 -0.132
7.86546 -0.0977375 -0.396229 -7.50372 -0.0933714 -0.236952 7.969 0.311 0.543 -6.983 -0.14 -0.191
-0.67231 -0.549631 0.836031 0.0984214 -0.168803 -0.176607 -0.545 -0.387 -0.877 0.148 -0.041 -0.397
-1.60101 -0.610648 -1.34995 0.82336 0.0685791 0.171437 -0.948 -0.05 -0.08 0.743 0.119 0.111
-1.246 -0.372065 -0.0215681 0.684689 0.31795 -0.113755 -0.795 0.029 0.286 0.608 0.173 0.165
1.0953 -1.15572 1.63693 1.68095 0.0575109 -0.214091 1.029 -1.481 -0.688 1.418 0.028 -0.179
1.5639 -2.76367 0.20884 2.559 0.23107 -0.110531 1.735 -2.687 -0.194 2.129 0.14 0.123
8.34393 2.16761 0.629732 -4.52617 -0.294162 0.00157005 8.224 2.505 0.179 -4.314 -0.128 0.19
-2.50326 2.35501 0.830053 -0.816726 0.109338 -0.0341366 -2.633 2.002 -0.399 -0.846 0.052 0.057
-1.28676 0.405559 -0.704804 -0.79869 0.0156886 0.147524 -0.109 1.538 -0.186 -0.734 0.045 0.054
-0.517748 -0.182504 -0.0548718 0.173673 0.0418561 0.216165 -0.193 0.093 0.237 0.124 0.073 0.165
3.67818 -3.05213 1.29548 1.0686 0.0346326 0.0543024 3.283 -2.935 -0.267 1.031 0.024 -0.046
-8.38417 -2.28383 0.802007 4.81744 -0.307146 -0.118979 -7.726 -1.717 -0.879 4.69 -0.184 -0.006
-0.868634 -0.178318 1.0847 0.574293 0.100335 -0.105446 -0.778 -0.071 -0.214 0.59 0.07 -0.043
-0.603333 -0.340912 0.790356 0.262678 -0.203257 -0.238053 -0.507 -0.215 -0.968 0.306 -0.088 -0.44
-10.2648 -4.79501 0.480525 4.41744 -0.142574 0.152096 -9.176 -3.947 0.871 4.381 -0.205 -0.046
-5.50928 3.00051 0.307426 -1.06558 -0.0361321 -0.67061 -5.238 3.008 -0.37 -0.938 -0.162 -0.418
1.4835 -1.82541 1.63464 1.2533 -0.174434 0.398455 1.108 -2.017 -0.051 1.263 0.055 0.032
2.43246 -1.59598 1.98516 1.17941 -0.016834 0.585344 1.837 -1.959 -0.055 1.092 0.261 0.125
11.8426 4.32302 0.731956 -6.01 -0.293418 0.00232367 11.327 4.446 0.168 -5.603 -0.108 0.194
-1.83626 0.0566906 1.18441 1.18375 -0.432987 0.141957 -1.569 -0.106 -0.143 0.77 -0.31 -0.132
-3.5452 -2.06817 3.06595 0.585588 -0.563978 -0.521573 -2.085 -0.919 1.43 0.309 -0.535 -0.269
-1.67111 -1.64123 -0.771605 0.363778 -0.222106 -0.289399 -0.552 -0.439 -0.234 0.292 -0.259 -0.217
-2.34151 2.86811 2.12034 -0.71194 -0.303118 0.239904 -2.611 2.364 -0.181 -0.754 -0.078 -0.113
5.96915 -0.690289 1.77853 -6.38569 -0.434283 -0.279118 6.593 0.28 1.326 -5.975 -0.448 -0.324
1.6112 -2.40482 1.88526 1.79761 -0.23143 0.432909 1.09 -2.782 -0.138 1.756 0.058 -0.058
-2.28092 1.2982 0.756779 -0.619109 -0.0761208 -0.176975 -2.461 0.903 -0.521 -0.631 -0.128 -0.108
2.55419 -2.82256 1.54174 2.02641 -0.391716 0.358507 2.03 -2.908 -0.017 2 -0.167 0.013
-0.460162 -0.324803 0.65813 0.270575 -0.377818 0.111466 -0.28 -0.083 -0.885 0.272 -0.107 -0.392
-1.70958 -1.00583 -1.54466 0.524757 -0.189597 -0.0633767 -1.134 -0.486 -0.29 0.469 -0.158 -0.132
-7.08732 -4.79972 2.41226 2.89271 -0.608967 -0.318932 -5.594 -3.63 1.461 2.63 -0.559 -0.128
-1.51954 -1.03453 -0.721805 0.329936 -0.184709 0.0259407 -1.016 -0.633 -0.109 0.249 -0.134 -0.046
-2.74075 0.19568 0.0393418 -0.0171155 0.109027 -0.625197 -2.501 0.399 -0.573 0.034 -0.093 -0.326
-0.839416 1.38974 1.27263 -0.30671 -0.272441 -0.0309118 -0.896 1.295 -0.433 -0.298 -0.23 -0.151
-7.83168 -5.07709 2.37803 3.342 -0.623647 -0.239732 -6.353 -3.913 1.451 3.092 -0.58 -0.071
-0.664368 -0.118298 -0.955601 0.436056 0.217429 0.308105 -0.197 0.21 -0.146 0.304 0.285 0.254
0.38191 -0.379452 0.669372 0.795905 -0.497382 0.183644 0.414 -0.341 -0.087 0.831 -0.34 -0.111
-5.27804 2.3757 0.126079 -0.947759 -0.0154478 -0.707788 -5.025 2.414 -0.526 -0.849 -0.178 -0.432
-0.243006 -0.868682 -0.103515 -0.325258 0.173921 0.287584 0.307 -0.292 -0.243 -0.234 0.265 0.149
-0.555882 0.560864 0.723701 -0.24944 0.121831 0.291832 -0.634 0.535 -0.308 -0.201 0.201 0.156
-0.464451 0.149023 -1.09283 0.460152 0.245785 0.298202 -0.009 0.467 -0.21 0.328 0.303 0.265
-0.782733 -0.59045 -0.0740772 0.224343 0.403316 0.088999 -0.488 -0.28 -0.593 0.198 0.347 0.126
-1.03776 -0.407748 0.927853 1.73861 0.153976 0.288287 -1.084 -0.725 -0.331 1.477 0.294 0.096
-12.2359 -3.65916 1.19859 7.37264 -0.00492082 0.230164 -11.175 -2.937 1.053 7.208 -0.075 0.054
3.26158 -3.48271 1.48421 2.34428 -0.269485 0.384576 2.615 -3.622 -0.153 2.308 -0.044 0.043
-2.46611 2.19129 -0.375111 0.782065 -0.0896232 0.0396223 -1.172 3.357 0.269 0.868 -0.066 0.02
5.72443 1.36727 2.54454 -4.02386 -0.31872 -0.283058 6.54 2.314 1.09 -3.918 -0.549 -0.229
-0.220095 0.067752 -0.170567 0.264782 0.249088 0.358351 0.023 0.26 0.043 0.187 0.262 0.346
-14.0469 -5.12292 1.13541 7.56033 -0.0837183 0.17156 -13.016 -4.321 1.027 7.503 -0.143 -0.012
11.788 2.84843 0.396096 -7.18558 0.0592404 -0.212607 11.341 2.995 -1.583 -6.703 0.284 0.124
2.10173 -0.177044 2.87231 -1.33785 -0.311908 -0.408248 3.1 0.93 1.168 -1.352 -0.43 -0.317
-6.26091 -3.69121 0.862717 1.72588 -0.416431 0.0122229 -5.205 -2.712 0.291 1.701 -0.841 -0.208
-15.361 -7.16061 0.872044 6.7059 -0.218687 0.089239 -14.371 -6.336 0.932 6.728 -0.274 -0.113
17.2979 3.71967 -0.3034 -11.5241 0.0690257 -0.270327 16.41 3.785 0.601 -10.546 -0.035 -0.261
6.40481 1.50545 2.26914 -4.8131 -0.31576 -0.248965 7.321 2.517 1.027 -4.667 -0.614 -0.223
0.659467 -0.999303 2.9435 -0.526367 -0.341809 -0.465186 1.77 0.2 1.18 -0.576 -0.428 -0.366
-1.64638 3.4718 -1.1154 -3.13045 0.303076 0.664113 -0.687 4.36 0.336 -3.002 0.424 0.517
-13.2944 -4.16693 0.810308 7.3578 -0.34563 -0.126425 -12.882 -3.645 -0.636 7.329 -0.323 -0.121
-10.4955 -4.07045 1.05665 5.37956 -0.310765 0.16477 -9.456 -3.171 0.417 5.305 -0.734 -0.052
-0.475104 0.126878 2.5886 0.681958 -0.196675 -0.461705 0.878 1.072 1.55 0.32 -0.134 -0.172
0.777479 2.74708 1.19951 -2.89591 -0.00865375 -0.692841 0.289 2.591 -0.157 -2.889 -0.009 -0.724
-1.01536 8.43365 0.370704 0.981604 -0.980661 0.162865 -0.243 8.485 0.437 0.848 -1.045 0.131
-4.835 -4.75125 3.10265 0.906402 -0.696552 -0.700202 -3.604 -3.553 1.245 0.876 -0.725 -0.56
5.89936 10.3474 3.89699 2.05794 1.34356 -0.282592 5.45 9.149 1.619 2.087 -0.188 -0.404
11.1779 6.13976 -0.439737 6.54323 -0.171695 1.41213 10.873 6.989 -0.359 6.376 -0.059 0.94
4.09876 1.86124 -0.86575 -4.92726 0.627326 -0.525497 4.651 2.603 -0.308 -4.662 0.655 -0.651
-0.277541 7.70049 7.44128 1.93974 -0.0628241 -1.34982 -2.326 1.417 -1.29 2.206 -3.941 -1.119
-2.73966 5.64842 5.64972 -0.126695 1.55226 0.457519 -4.527 -0.871 -4.303 0.622 -3.284 0.757
23.2544 20.2064 4.08233 -0.772215 0.0660762 0.0899286 20.15 17.587 10.39 -0.736 0.048 -0.086
-0.241087 -7.44467 1.47729 2.99844 -0.224495 -0.168187 0.012 -6.804 -0.251 2.754 -0.293 -0.23
6.1631 2.51422 3.58497 1.42289 3.50912 -0.848134 3.471 -4.365 -5.141 1.032 -1.787 -1.537
4.52456 9.10015 8.4902 0.810252 -1.86805 -0.374979 1.696 2.287 -0.171 0.99 -5.325 -0.403
5.58858 4.30664 4.62073 -3.90401 1.5453 2.93056 2.789 0.098 0.071 -3.372 -0.454 2.435
2.61012 7.21012 6.74995 1.43737 -1.11529 -0.885575 0.222 2.472 1.187 1.369 -2.907 -0.672
-4.39169 0.0702922 -0.702104 -0.945285 -0.833279 -0.816362 -3.984 0.369 -1.265 -1.45 -0.931 -0.767
-2.00274 -4.86329 -0.111121 3.52897 -0.0133346 0.126111 -1.541 -4.228 0.097 3.319 0.041 -0.019
3.05851 5.98756 5.81106 1.70116 0.681551 -1.12291 0.444 -1.231 -4.103 1.951 -4.324 -1.072
0.712767 0.715836 0.560092 0.131351 -0.0611094 0.0613079 0.013 0.073 -0.093 0.118 -0.013 -0.015
2.70336 5.10355 5.09874 1.89433 1.34012 -1.27747 0.129 -2.084 -4.9 2.134 -3.851 -1.196
9.27632 4.85747 5.15346 -1.33676 1.88569 1.52519 5.752 0.081 0.47 -1.558 -0.25 0.678
-0.0196199 4.26967 4.03934 2.29766 0.897563 -1.48157 -1.731 1.219 0.588 2.071 -0.306 -1.08
2.72697 -1.91486 -7.57411 3.00668 2.27834 -3.71565 1.266 -3.071 -8.82 3.966 2.295 -5.116
0.649451 0.64738 0.292726 0.299965 -0.141971 0.140825 0.043 0.174 -0.204 0.268 -0.028 -0.036
2.21918 1.39317 2.45574 1.7957 3.98766 -1.10216 -0.411 -5.41 -7.358 2.006 -1.401 -0.997
-2.62728 4.009 0.255013 -3.37759 0.528902 -0.760578 -1.909 4.714 0.079 -3.855 0.862 -0.139
-1.36932 1.73358 -0.0100087 2.06426 0.320849 0.26888 -0.841 1.901 -0.042 2.108 0.284 0.105
-5.82431 2.39323 -2.66739 1.46851 -3.68385 -0.13403 -6.073 1.08 -4.035 1.639 -3.919 -0.209
15.0624 4.63721 4.31711 1.05505 -0.276554 0.707841 14.517 4.437 1.447 1.161 -0.943 0.31
-5.25189 2.27392 0.861528 0.934898 -3.65899 -2.67263 -4.781 1.282 -0.039 1.383 -3.964 -3.215
7.24635 4.33808 3.9217 2.9078 0.763218 -2.85448 4.723 1.564 0.98 2.168 -0.414 -2.491
1.79289 1.2783 -2.57625 -0.0698669 -0.00718376 0.00862987 0.124 -0.212 -0.003 -0.027 0.002 -0.007
2.08317 0.95802 -2.68329 -0.134271 -0.0309236 0.0514896 0.368 -0.36 -0.052 -0.04 0.016 -0.027
-0.254074 2.23544 -13.2479 0.599546 -1.77812 -8.26498 -1.073 0.268 -14.611 2.139 -2.155 -10.197
-1.66638 -1.02471 5.49554 5.44906 -1.23766 -6.01283 -1.321 -1.267 4.991 6.772 -1.526 -8.454
1.97298 -0.322763 -1.61031 1.55761 -1.53097 0.293073 2.56 -0.238 -1.432 1.577 -1.144 0.62
-2.82697 -1.99166 -2.4884 1.38193 4.18874 7.97381 -4.139 -2.094 -3.322 -0.151 5.375 9.285
-3.55777 1.17336 4.15047 -0.00426747 -2.46895 -5.32144 -2.869 0.679 3.939 0.601 -2.743 -6.264
0.520377 -0.0835288 -10.1474 -4.98341 -3.46554 -7.23559 -0.327 -2.293 -11.81 -4.3 -4.026 -8.163
5.29173 12.2035 2.31841 3.23385 -1.38286 0.404408 4.821 11.358 -0.32 3.209 -0.574 -0.639
-1.06768 4.76176 -4.30358 0.529847 -2.65937 5.49498 -1.202 3.839 -4.943 -0.824 -2.317 6.48
-7.26289 -8.01175 -1.55257 -0.923917 0.992273 0.612936 -6.954 -7.507 -1.332 -0.858 0.955 0.778
-9.69963 -7.56414 -2.96249 3.68152 -1.10615 -0.435626 -13.258 -11.945 -1.075 3.911 -1.319 -0.321
-5.56601 -4.75167 -5.81748 4.65798 -1.23799 0.643621 -9.656 -6.762 -3.544 6.488 -1.515 1.012
-3.18381 5.28445 -7.39524 6.5833 2.99044 5.78323 -3.652 5.636 -8.143 5.662 4.191 6.246
-0.852132 6.01562 1.27118 1.17242 -3.49398 7.16029 -0.438 5.379 0.067 -0.298 -3.435 8.753
4.69802 -1.1846 1.99103 -0.907956 5.27925 1.51236 3.579 -0.982 2.04 -1.382 4.348 1.718
-2.74399 -10.7035 -2.56334 -1.13246 2.83647 5.03697 -4.088 -11.921 -3.842 -2.412 3.454 5.888
0.0353436 2.43127 8.54868 7.64964 0.726655 -1.44272 0.878 3.969 8.62 8.411 1.217 -3.408
-2.0995 -10.3136 -2.57769 -1.82934 2.2391 3.52635 -3.22 -11.613 -4.234 -2.895 2.667 4.328
-0.735496 -2.74955 -1.58564 1.93617 3.48353 9.47396 -1.35 -3.322 -3.842 0.161 3.788 11.828
-3.11328 3.98682 -5.43189 1.82133 -0.419779 -1.46358 -4.699 2.484 -2.613 1.597 -0.761 -1.245
2.97804 1.9198 -5.96245 -1.33979 0.37391 -1.15324 2.707 -0.186 -3.109 -0.857 0.441 -1.466
-10.5943 -8.31854 -6.14209 4.569 -0.298378 0.770393 -14.896 -11.91 -4.047 6.372 -0.415 1.383
4.68688 -1.81664 -2.96364 -7.39832 0.0327683 0.118831 2.534 -2.938 -0.11 -8.232 0.018 0.166
6.56374 4.40183 -0.159666 -1.34163 -0.237229 -0.947816 8.952 2.479 3.728 -2.615 -0.676 -0.721
-7.04729 2.122 -3.38261 4.48542 -0.472507 -1.02028 -9.973 0.529 -0.918 3.221 -0.844 -0.634
-2.61428 8.07017 0.587881 10.0194 -1.85217 -2.73116 -1.504 9.165 1.045 10.83 -1.521 -5.001
3.92361 0.727007 -2.56175 -0.823303 1.31803 0.049709 2.431 -0.609 0.063 -0.464 0.869 0.508
-11.2913 -8.2778 -6.00785 4.5818 0.0216402 0.809944 -15.408 -12.132 -3.902 6.328 0.015 1.415
-1.35956 -0.822217 -7.09297 0.0935362 2.18636 8.91592 -1.385 -1.459 -9.005 -1.852 2.263 11.658
-7.43255 1.33581 -2.8036 4.92557 -0.406434 -0.771782 -10.502 -0.297 -0.39 3.403 -0.69 -0.467
7.99403 6.41901 -2.52993 -4.55819 0.00920175 0.548822 10.337 4.58 1.503 -5.904 -0.339 0.938
-6.06604 -0.344089 -2.02539 -1.43261 -0.424285 0.9112 -5.325 -0.099 -2.008 -1.605 -0.166 0.93
0.871355 -0.93241 -2.12454 0.817895 -0.850812 -0.0202627 -0.044 -0.769 -2.318 0.609 -0.233 -0.924
3.60765 2.08612 -2.43004 1.45093 1.72706 -0.0364461 2.431 0.734 0.147 2.231 1.14 0.453
1.38146 4.44547 1.79245 -5.2454 -3.90869 -3.69353 2.813 4.073 2.663 -5.658 -4.734 -3.002
8.71903 2.02583 1.73906 -8.46208 -0.0409691 -0.251485 8.031 2.785 5.282 -8.732 0.073 -0.607
-0.812898 3.61073 -9.42521 -2.49876 -0.705508 5.50814 -0.096 2.929 -10.378 -4.15 -1.073 8.103
2.19581 0.888327 -1.72375 -0.674309 -0.439728 1.95162 1.652 0.691 2 -1.025 -0.429 1.169
1.92756 -4.61404 -5.51103 -8.44478 -0.420789 -4.07695 2.568 -5.625 -6.122 -8.812 -1.471 -2.782
-11.2312 -6.13981 -5.21336 4.74816 0.611319 0.873239 -14.658 -10.145 -3.06 6.338 0.851 1.356
6.84028 6.20285 -3.62074 -4.2746 -0.332919 -0.129097 9.124 4.152 0.141 -5.179 -0.967 0.359
0.335467 -2.25887 3.31995 -7.84401 -4.28159 -3.11943 0.123 -3.057 2.45 -8.213 -4.628 -2.711
0.432472 0.357685 -6.64502 -1.14052 -0.7915 -0.532118 0.659 -2.688 -3.82 -0.964 -1.225 -0.507
12.917 9.80365 -8.16132 -4.69251 -1.97941 -5.82909 14.846 9.272 -9.06 -3.584 -1.761 -6.231
-1.88328 -0.817429 -0.339875 1.0086 4.16457 3.04464 -1.872 0.038 -0.273 -0.091 4.758 3.926
6.58264 -0.480201 -3.30936 -11.1485 -0.942837 -0.291759 4.637 -0.476 -0.122 -12.453 -0.698 -0.737
1.89165 1.82433 -6.17856 -1.94827 -0.828871 -0.550254 2.764 -0.973 -3.087 -2.009 -1.369 -0.414
4.7957 1.5398 -0.322114 -1.15424 0.0972692 3.12422 5.538 0.063 3.011 -3.566 1.117 2.051
-1.22128 -6.10934 11.5784 -6.06727 -0.447444 4.54478 -1.706 -5.571 11.437 -7.681 -0.094 6.142
1.39531 5.48899 -1.70058 -0.453786 -0.956158 -1.50699 0.199 5.571 1.103 -1.807 -2.152 -0.329
2.9515 3.59049 -3.55456 0.430767 -0.0588155 -0.599964 1.869 3.438 -0.342 -2.161 -0.118 -0.646
5.91688 -13.0214 12.6763 -2.65762 6.08394 1.93593 6.103 -10.729 11.894 -2.133 5.084 3.094
-0.942154 -0.270562 -3.23314 -0.455558 -0.870132 0.083852 -4.074 -0.721 -0.429 0.506 -0.502 -0.688
-0.181739 -3.74472 9.30729 -7.80244 -3.40244 -0.162255 -0.288 -3.784 8.857 -8.679 -3.532 0.871
3.07024 8.66144 4.89266 -3.99297 -5.61084 -8.19029 4.379 7.515 1.854 -2.885 -6.689 -7.866
-1.85533 0.0980863 -3.13628 -0.27337 -0.841427 -0.244361 -5.261 -0.45 -0.31 1.008 -0.705 -0.495
11.8619 -1.03241 -0.741436 -7.67675 -0.0781207 -3.19121 13.31 -2.803 2.668 -10.388 -1.446 -2.115
2.37509 -3.0581 1.21937 -2.20561 2.73068 -7.71782 0.782 -3.369 2.024 -1.986 2.86 -8.815
2.20756 -0.114227 -0.184908 0.918281 -0.00433086 3.25946 2.224 -1.465 2.951 -1.678 1.189 1.875
8.93146 5.48454 -4.9425 -0.376083 -2.23124 0.142547 7.857 8.263 -0.767 0.408 -2.122 -0.657
-10.2233 -10.1503 1.99424 1.14117 -1.95402 0.134714 -8.975 -10.023 -0.079 1.52 -1.851 0.71
-2.11916 0.898264 -1.11627 0.981603 -0.124121 0.873453 -0.989 0.774 0.792 0.918 -0.262 -0.329
-1.63369 -0.135926 -1.23992 -2.23902 1.88362 -0.321476 -5.081 0.338 1.503 -2.159 1.668 0.568
-2.21848 0.124796 -1.99854 -0.281021 2.05523 -0.515635 -5.831 0.692 0.737 0.069 1.839 0.521
-1.49351 -1.87092 -1.6697 -1.24447 6.31177 1.77671 -1.272 -0.916 -0.513 -1.762 4.806 2.251
10.6868 5.15417 -4.29058 -6.58438 -1.97463 -0.335242 10.057 8.08 -0.158 -6.83 -1.71 -1.347
4.20411 -2.30033 0.0397836 4.90762 -0.884585 -2.07741 4.85 -0.841 -0.065 4.076 -0.794 -1.855
-3.38963 -8.76682 4.81547 1.06383 1.81947 2.22644 -4.646 -7.191 4.205 0.114 1.648 3.099
-9.05143 -0.0542071 1.5409 1.06266 -0.788184 1.86018 -8.532 -0.983 3.206 1.034 -0.839 1.655
-9.08875 -0.430994 1.6512 0.672629 -0.986696 2.0161 -8.46 -1.345 3.315 0.711 -1.028 1.915
-0.910587 0.600259 1.27862 1.23319 -0.763925 1.27797 1.613 1.647 2.523 1.899 0.136 1.042
-2.79558 -1.4481 -4.40947 -2.71206 -0.455526 2.93943 -2.283 -2.003 -2.55 -1.95 -0.223 2.406
-18.1972 -8.41518 -5.53744 2.09188 -2.23639 -1.04012 -17.911 -8.664 -9.376 1.808 -1.752 -1.716
-7.49539 -0.664332 -13.5628 1.55252 0.998258 -0.0170298 -6.928 -1.342 -13.21 1.273 0.912 0.504
-5.88516 1.37879 -0.373504 0.194644 0.165299 0.37532 -4.109 1.735 1.229 1.047 0.137 -0.463
0.470605 3.36906 -1.28913 -0.433873 0.0117726 1.99493 0.945 2.652 -0.635 0.013 -0.199 0.351
-3.65854 -2.1452 -2.42139 -0.0462559 -0.807475 0.882689 -2.058 -2.25 -0.774 -0.276 -1.441 -0.382
-0.460523 3.12502 -1.37393 -1.03542 -0.340952 2.11186 0.022 2.451 -1.012 -0.584 -0.49 0.591
0.0681035 1.05459 -2.64098 3.33252 1.25441 0.58804 1.903 1.506 -1.374 3.127 0.62 -1.343
4.7249 2.42394 0.870194 0.819597 -1.57159 -0.320369 5.501 2.691 2.416 1.036 -1.489 -1.838
4.80033 2.24293 1.1795 1.01124 -1.37911 -0.513087 5.592 2.485 2.572 1.203 -1.312 -2.015
2.48484 1.2257 -7.01457 3.35208 1.61848 2.99136 3.479 0.477 -5.934 3.662 1.757 1.7
3.34884 1.18883 -6.72773 3.09957 1.8082 3.1296 4.393 0.448 -5.742 3.453 1.887 1.84
-1.53675 4.88134 -2.57691 1.30643 1.83569 2.75242 0.922 5.062 -0.491 1.196 1.298 1.688
-5.13184 2.18698 -0.337982 0.357706 0.592858 0.372868 -3.518 2.369 1.311 1.298 0.658 -0.53
5.23654 -16.7123 17.4999 -17.3516 -12.5474 5.34663 7.358 -16.501 15.934 -15.789 -10.598 1.734
2.82989 -1.19538 -2.74296 -0.435021 -0.78642 3.80742 3.887 -0.933 -1.049 0.115 -0.984 2.755
-4.2607 -5.42381 -1.22435 -1.4 1.28099 -1.11767 -2.674 -5.786 -0.018 -0.998 0.824 -1.707
5.16665 1.573 -6.06081 2.19554 2.07837 3.42447 6.281 0.884 -5.198 2.674 2.029 2.158
3.3863 -1.75411 2.44199 1.75064 0.705335 -1.43029 5.201 -1.364 3.07 2.133 0.603 -2.485
-0.039288 2.92699 -0.958876 1.60207 0.72327 -1.83742 1.076 2.666 0.328 1.454 -0.105 -2.9
-0.7422 1.81601 -1.05742 -3.7101 1.86879 -0.520895 0.423 1.947 0.398 -3.221 1.459 -2.023
-5.28888 -4.44029 -1.45538 -1.08103 -0.795714 1.46812 -3.802 -4.235 -0.666 -0.508 -0.946 0.647
-4.03919 -1.9257 -1.89983 -2.37378 1.54905 -0.264724 -3.615 -2.095 -1.145 -2.17 1.125 -1.546
2.7947 1.67747 -2.12697 0.713865 -0.563252 3.96482 3.705 1.824 -0.559 1.204 -0.79 2.853
-2.63999 1.32691 -2.29706 -1.12942 0.585549 0.933425 -1.198 1.51 -1.14 -1.266 0.079 -0.456
7.1255 2.43828 -5.09846 0.266274 2.11002 3.60918 8.305 1.909 -4.243 1.024 1.885 2.417
-3.10842 -0.737001 -1.97695 -2.18867 1.35961 0.169016 -2.433 -0.736 -1.189 -2.082 0.947 -1.195
-5.74189 6.99048 -0.31839 4.85813 1.29879 -2.00266 -5.726 6.165 -0.616 3.971 1.156 -1.943
-2.42139 1.18937 -2.13802 -1.62732 0.976676 0.722255 -1.274 1.367 -1.156 -1.669 0.529 -0.68
-6.12048 1.06691 0.454578 -3.86404 -0.82115 2.42262 -5.217 0.17 1.999 -3.166 -0.887 2.648
-1.35042 -3.20763 -10.0444 1.65293 1.00059 -0.185142 -4.065 -6.257 -7.747 0.373 -0.512 -1.713
-10.3489 25.3723 0.98014 -12.4473 -18.0186 -13.6409 -8.162 20.494 3.751 -12.346 -14.789 -14.813
-7.5149 -5.39137 -0.446698 0.442715 -1.02305 -0.45126 -5.505 -2.471 0.095 0.985 -0.728 -0.277
6.27623 -4.48207 -1.37149 8.96997 -2.70614 -3.29255 5.852 -4.045 -1.273 7.998 -2.596 -3.357
2.29324 2.39257 -2.71105 0.927476 -1.70506 -0.189059 0.92 1.147 -0.545 0.702 -1.401 -0.026
7.96077 1.91698 14.8656 -11.0954 1.24286 2.80958 8.372 2.376 16.022 -10.311 0.899 2.099
-1.23661 2.12491 -3.28863 -1.83508 1.08969 -0.175049 -4.978 4.199 0.414 -3.131 -0.33 0.278
4.95146 2.39077 -6.3559 1.04609 -5.74052 -3.60801 3.604 0.615 -5.101 0.505 -6.589 -4.682
5.25191 2.61716 -6.17703 1.00513 -5.06468 -2.86903 3.998 0.989 -4.732 0.544 -5.788 -3.438
-4.7017 -3.79891 -4.22271 0.870784 4.75114 4.42123 -4.561 -3.666 -2.035 0.769 5.31 5.822
2.06939 0.954003 -3.42285 -0.37156 1.01215 1.90423 1.66 0.625 -1.892 -0.351 2.135 3.332
-3.57632 -4.08229 -8.27401 -0.106313 -0.0196857 -0.243656 -4.707 -4.763 -7.566 -0.106 -0.604 -1.303
-2.18759 -2.74174 -7.11377 -0.451774 -1.89087 -2.07068 -3.573 -3.626 -6.447 -0.419 -2.843 -3.664
1.5078 -0.710808 -6.4982 -1.3445 -1.93478 0.139447 0.297 -2.03 -5.908 -1.519 -1.772 0.358
-5.31176 -4.84979 -6.77556 0.811045 4.24593 3.68287 -5.476 -4.92 -5.415 0.647 4.48 4.149
-30.2857 -20.0152 6.58315 -0.14547 0.295996 -0.327178 -29.149 -18.487 9.239 0.397 1.083 -0.115
-1.92363 -3.24937 -1.15549 0.283624 1.46431 0.165418 -1.971 -3.351 -0.513 -0.103 0.86 -0.03
-2.24781 -1.99801 -1.82422 0.606036 2.29702 3.05564 -2.436 -1.876 1.086 0.648 2.904 4.799
-1.70138 -1.0433 -0.861306 0.260884 0.631678 0.22007 -0.012 0.025 -0.009 0.015 0.01 0.004
-8.63307 -5.89454 -0.150386 3.62138 0.761993 1.65564 -9.111 -5.514 -0.549 3.571 0.758 1.716
-1.76301 -1.0549 -0.787071 0.569439 0.74861 0.0223957 0.011 0.023 0.038 0.259 0.073 -0.208
-1.43776 -1.46927 -1.30754 0.553868 1.4774 2.54958 -1.76 -1.36 1.718 0.626 2.067 4.287
6.77149 -2.3721 -18.1809 -6.33147 0.18116 -6.857 4.733 -5.552 -19.188 -4.583 0.599 -6.522
-1.66304 -0.993527 -0.578358 0.811858 0.880554 -0.0606206 0.074 0.071 0.185 0.47 0.15 -0.312
-1.04973 -1.09791 -6.05709 0.539368 5.42107 4.48055 -0.919 -0.209 -5.153 0.34 7.072 4.679
2.9712 3.11082 -3.25364 1.43356 -2.21396 0.339713 1.275 1.818 -1.114 1.083 -1.611 0.52
-4.21635 -3.20953 -3.0828 -0.853587 3.84984 1.61514 -4.954 -2.867 -1.948 -0.81 4.002 1.131
10.9339 26.3449 -1.75661 5.22968 3.21998 -2.16611 9.21 23.786 -2.322 5.158 3.683 -2.119
4.19937 -6.82958 -11.1356 1.39701 0.568957 -0.753573 3.776 -1.812 -12.031 0.892 0.815 -0.362
-1.55446 -0.377235 -5.35059 -0.0442237 1.36058 1.97222 -2.987 -1.115 -4.34 -0.118 1.82 1.765
-12.9619 2.07228 -9.89713 -1.75053 1.61466 -0.412587 -12.495 -1.772 -5.999 -1.218 3.191 0.671
-0.679123 0.40291 -5.33014 0.240252 0.653676 1.89454 -2.241 -0.528 -4.22 0.124 1.189 1.763
-3.97902 -2.87159 -7.02223 0.493449 -0.0462273 -1.22246 -4.048 -2.099 -5.739 0.304 -0.98 -3.198
-1.8891 -0.451754 -3.42137 2.17223 -4.23929 -4.10387 -3.387 -0.809 -2.243 2.051 -5.894 -4.213
-0.037026 -1.16654 0.1287 1.03738 1.68827 -0.129045 -0.118 -0.739 1.352 0.745 1.035 -0.378
1.88808 2.03801 -2.61294 0.814142 -0.432572 -2.01866 1.312 2.118 -1.392 0.613 -0.85 -1.998
1.73286 2.28897 -4.42098 1.0532 -1.24516 1.254 -0.026 1.08 -2.762 0.792 -0.538 1.327
2.86039 3.27356 -2.24761 0.207662 -2.55401 -1.81345 1.649 3.131 -0.271 0.395 -2.323 -1.055
2.82888 2.90112 -1.74063 0.237931 -2.54235 -1.43763 1.63 2.779 0.466 0.444 -2.238 -0.545
3.48016 1.28487 -0.666271 -5.33539 2.03861 1.30009 4.724 1.873 -0.803 -4.397 1.583 1.168
4.89916 5.9627 5.17792 0.520852 -5.69363 -6.17217 4.218 5.949 6.446 0.023 -7.364 -8.202
-1.33944 0.245853 -0.911782 1.70365 5.80878 4.22204 -1.263 1.463 -0.217 1.606 7.311 5.784
-2.93742 -0.783732 -1.96365 2.07123 2.30295 -0.82497 -1.542 0.176 -1.505 1.207 1.601 -0.969
-1.92894 -0.13597 -3.94009 2.44132 0.299941 -0.153077 -2.814 0.297 -3.085 2.376 -0.012 0.553
1.07197 -2.94538 -0.0782156 -0.180645 0.204749 3.24363 2.276 -1.605 0.011 -0.415 -0.622 2.828
-5.77065 3.41915 1.33902 -3.21342 -2.10032 8.33595 -4.278 3.982 1.577 -3.081 -2.179 7.292
5.56457 6.28469 5.30811 1.20247 -4.50539 -4.84551 5.12 6.633 6.768 0.691 -5.576 -6.404
-2.15165 0.928816 2.35441 -2.05674 2.607 -2.42276 -1.265 2.027 2.943 -2.163 2.076 -2.63
4.6802 -1.99584 1.70825 0.45956 -0.925912 8.64522 5.063 -0.346 1.244 -0.034 -1.393 7.543
0.113764 2.17641 2.96331 -1.38401 1.91347 7.98028 1.195 3.378 3.299 -1.518 1.63 7.138
4.64346 0.430619 3.19135 0.14419 4.49694 6.3261 5.173 2.006 3.262 -0.076 4.161 5.533
11.7219 -4.80367 0.966687 4.21595 3.04772 1.3382 11.762 -2.382 1.547 3.667 2.27 0.865
-9.65219 1.77408 -4.87364 -0.00347914 0.749657 -4.69735 -6.834 2.347 -3.419 -0.136 -0.366 -4.611
-4.08533 -0.760534 -4.41248 -0.83535 -2.15247 2.06451 -3.64 -0.249 -4.089 -0.066 -2.174 1.335
-7.58378 -0.4564 2.22355 -3.15409 -2.32566 2.92419 -6.527 -1.14 1.979 -2.339 -2.811 2.433
-7.43006 1.8211 -4.76179 0.1531 0.567067 -5.30328 -4.774 2.707 -2.957 -0.036 -0.605 -5.116
-6.91213 -1.58633 -5.10325 0.747579 -2.03985 0.241293 -5.331 -0.59 -4.123 1.312 -2.132 -0.546
-8.14032 2.50897 0.447494 -3.76898 -3.93356 7.39167 -6.994 2.734 0.301 -3.412 -3.833 6.186
3.66485 -0.834901 1.34351 -1.18504 -1.04399 7.61 4.011 0.631 1.152 -1.308 -1.27 6.823
-14.268 0.415545 -3.24504 1.26797 1.1188 -6.62881 -10.92 1.015 -2.053 1.119 0.27 -6.316
7.72928 -3.16448 3.07907 1.99054 -0.145007 8.02258 7.542 -1.611 2.265 1.244 -0.918 6.586
-6.05625 0.318293 -6.14275 -0.876606 0.864413 -3.27168 -4.957 0.235 -5.226 -1.43 -0.197 -3.002
9.16404 -17.8691 -11.0281 5.04107 -0.413236 0.541912 5.501 -14.43 -8.145 3.248 -1.061 0.165
0.979714 10.347 -4.3969 2.23995 1.48097 -3.19248 1.842 10.081 -0.052 0.607 1.294 -2.398
-3.7889 -2.71138 -2.12177 0.625833 0.0885129 1.17904 -3.543 -2.562 -2.067 -0.143 -0.627 0.807
3.44533 -0.242083 1.3138 -2.02541 -0.971612 6.70261 3.636 1.075 1.193 -1.935 -1.107 6.098
2.91537 -0.334006 -2.00314 0.238683 -0.265837 0.000636329 0.316 -0.315 0.529 0.205 -0.267 -0.084
-12.2616 0.223244 -4.07451 0.689688 0.351614 -6.26853 -9.029 0.958 -2.768 0.695 -0.313 -6.281
8.21591 3.7953 14.597 -1.86073 1.97734 -3.84578 13.519 8.356 20.976 -1.028 1.922 -3.78
-12.9123 -4.85781 -4.9998 2.06572 -4.24851 2.06662 -12.278 -5.404 -4.665 1.765 -4.074 0.689
-1.66233 -1.66921 0.379955 1.23279 1.19893 -8.10788 -0.618 -0.235 0.76 0.424 -0.485 -6.681
-14.0682 -4.00289 -1.94892 1.26769 0.130565 -10.5089 -13.333 -4.361 -1.914 0.606 -0.528 -9.947
-9.443 -3.06324 -1.88414 0.767853 0.408976 -11.0011 -8.243 -2.383 -1.369 -0.021 -0.694 -9.796
-12.0682 -3.53772 -1.78644 0.872419 0.383087 -11.3434 -11.042 -3.369 -1.512 0.139 -0.484 -10.391
-3.65157 0.107307 -3.07297 0.989984 1.4929 -1.44734 -2.614 0.354 -2.294 0.327 0.402 -1.448
-0.242419 13.3679 1.38185 2.92397 -1.25993 -0.625996 -3.357 8.345 0.064 1.714 -0.589 -0.583
-9.92637 -1.35886 -13.7111 -2.58874 -0.627541 -0.055068 -11.951 -2.106 -15.388 -1.463 -0.455 0.208
-0.167601 -7.61038 -9.67197 -1.93619 0.733786 -1.96787 -3.47 -10.728 -12.832 -1.909 0.154 -1.761
-11.485 -0.76753 -1.66815 -5.44544 2.49378 -15.3196 -13.751 -0.609 -3.157 -5.58 2.039 -15.634
-1.80654 0.0662628 -0.460459 1.77531 1.91134 -0.561842 -0.812 0.591 0.083 1.103 0.835 -0.759
4.66005 0.29572 -2.99195 1.89388 -0.420568 0.143171 2.018 0.61 -0.999 1.923 -0.131 0.18
2.06975 -0.700354 -2.20805 1.61813 3.32519 4.18575 0.84 0.023 0.425 1.839 3.122 4.658
6.60398 2.54108 -1.56228 -5.24414 3.18565 7.16466 7.141 2.901 -1.953 -4.006 2.806 6.568
12.0679 4.27947 0.563416 -3.05151 -5.36898 4.2757 10.358 2.239 2.855 -3.709 -5.101 5.453
4.18561 -15.1219 -2.83083 -12.9563 25.6565 7.98647 2.832 -10.867 0.843 -14.334 23.742 8.497
-0.989704 1.96126 -4.30368 2.27519 -2.75145 -0.398199 -2.567 2.693 -0.803 1.803 -2.727 -0.693
-9.10316 -5.07318 -2.85806 2.01973 3.99323 3.37568 -11.215 -3.628 0.037 2.338 3.445 3.581
18.0738 4.54204 -0.727621 0.470607 0.460675 4.8446 17.302 4.384 1.606 0.442 0.557 5.478
-1.81935 14.5005 20.6012 7.30299 -1.62427 4.43381 -2.729 23.036 23.533 7.504 -1.233 5.704
20.4668 5.31838 -0.418163 0.0728984 -0.442511 4.83137 19.66 4.993 1.883 -0.026 -0.32 5.508
5.53963 5.96006 -4.12309 -6.17114 0.0384253 2.61463 7.651 7.098 -0.779 -4.641 -0.289 1.002
-13.7566 -3.65934 3.3799 -2.06318 -4.9447 -4.08063 -10.888 -4.028 3.778 -1.867 -5.056 -5.476
10.2484 0.191799 -9.87072 -1.65616 1.1386 2.40581 10.163 1.02 -5.212 -1.558 1.096 2.58
14.6355 4.40376 -0.842352 -1.39697 -4.1718 3.62458 12.978 3.567 1.534 -1.934 -4.075 4.401
6.84387 -3.94033 -11.3209 2.71866 4.58653 -6.3597 4.71 -1.762 -8.489 3.103 4.066 -8.061
10.7091 3.96658 5.01462 -1.23631 0.399422 4.24258 5.503 -0.9 6.692 -1.673 0.561 5.907
-13.7477 -7.27293 -3.04548 2.16233 3.69106 2.76892 -16.382 -5.479 -0.012 2.446 2.967 2.762
17.7344 5.0536 -8.09551 -3.33674 -0.718869 -3.46067 17.114 6.268 -4.404 -3.291 -0.18 -3.732
5.2086 -4.55615 -11.2108 3.09661 4.36842 -6.10883 2.918 -2.312 -8.437 3.609 3.828 -7.915
7.96195 3.13199 5.31306 -0.807069 1.04648 4.14286 2.394 -1.743 7.021 -1.19 1.192 5.782
5.34382 3.35585 -3.40105 -0.797752 -0.982457 4.6434 2.857 4.303 1.422 -0.695 -0.593 5.095
-2.79278 -4.17195 -5.32951 0.422263 0.227509 -0.648988 -5.8 -3.035 -2.139 0.173 -0.42 -1.365
4.07681 -2.153 -10.2336 4.46112 -2.7117 1.73922 0.667 0.046 -6.103 4.343 -2.511 2.523
5.44778 6.24368 7.3365 -5.99924 -3.55004 2.82814 6.378 3.975 2.578 -3.5 -2.874 2.661
3.19139 -0.633535 0.648716 -1.18518 0.839811 -0.682697 2.25 1.145 4.056 -0.997 0.998 -0.874
-1.44803 -2.35513 -7.6893 -2.99521 4.24736 1.52795 -0.853 -0.92 -2.986 -3.504 3.715 1.035
2.65233 0.685161 0.0951698 3.63323 3.72572 -0.207696 2.088 2.524 3.653 3.021 3.492 0.201
-1.82141 -3.51424 -10.6699 4.09248 -3.01595 0.930366 -5.664 -0.62 -6.634 4.001 -2.572 1.807
-3.12509 -0.140882 -4.59411 0.355649 3.34129 5.86139 -6.376 1.558 -0.548 0.36 2.236 7.013
-5.0931 -3.21704 -5.89565 -2.41467 4.5845 1.16671 -4.967 -1.749 -1.401 -3.159 3.79 0.465
-5.07092 -6.44932 -9.97606 2.93148 1.03792 -3.11551 -7.901 -4.309 -7.596 3.566 0.57 -4.821
8.08933 4.39843 -8.97082 -2.36033 -0.123048 -3.98939 7.842 7.14 -5.277 -2.309 1.054 -3.735
-46.786 2.00361 0.857625 4.05392 4.42789 -1.09953 -42.288 3.576 3.137 3.118 4.642 -0.805
-7.1323 -1.1659 4.94147 0.67881 3.0509 3.25261 -13.082 -5.184 7.56 0.82 3.024 4.304
0.886752 0.247555 1.96039 0.013399 1.37088 0.122126 -0.102 0.368 1.361 0.044 0.573 0
-10.9666 -1.81877 4.12203 1.13852 3.1351 2.61055 -16.423 -5.427 7.326 1.507 3.12 3.275
-7.50521 1.16744 1.74 2.45851 1.65814 -0.00636185 -9.911 -1.696 6.68 3.003 2.272 -0.482
1.35176 3.17929 -9.51774 -1.69986 0.0439154 -4.00572 0.696 6.596 -5.876 -1.652 1.355 -3.482
1.6001 8.77298 -0.557182 -12.6736 -5.80593 3.0909 3.05 7.523 2.079 -9.302 -6.431 1.714
-14.1591 -4.94309 -8.14827 0.079912 -2.28208 -1.55703 -18.335 -5.676 -4.474 -0.468 -2.619 -2.143
-5.65279 -10.5757 -6.11024 -4.27784 -0.190043 -0.215992 -5.01 -11.793 -5.445 -4.391 -0.678 -1.367
0.999484 0.391261 2.70427 0.0269188 1.68949 0.108987 -0.076 0.485 1.995 0.071 0.855 -0.031
3.0396 6.01673 4.14505 -2.64246 -0.886535 1.00796 3.959 4.841 -0.032 -0.08 -1.175 1.415
1.73269 1.67501 4.27621 -3.51404 -0.129127 -2.13432 1.351 0.906 0.368 -0.747 -0.875 -1.753
-3.66495 -15.4507 -4.82096 -5.64492 -1.62771 1.79769 -3.762 -16.18 -3.285 -6.103 -1.667 1.144
1.05643 -0.474247 -1.96297 -1.14477 -0.431636 -2.35917 1.521 -0.596 -2.431 -1.038 -0.865 -2.15
-2.864 0.343593 3.38081 0.180763 1.65978 0.948862 -3.72 0.223 2.873 0.06 1.073 0.747
1.05689 0.535407 3.49034 0.0457031 2.02961 0.0748493 -0.076 0.612 2.687 0.11 1.167 -0.077
-1.94254 -1.67645 -6.55353 0.0141068 -2.21548 1.09662 -2.022 -1.057 -5.82 0.009 -2.389 1.134
0.707369 -0.0904048 1.21207 -0.213802 0.877138 -0.917693 0.66 -0.252 0.826 -0.11 0.22 -0.758
0.70467 -0.339076 -0.645066 -0.911149 -0.41087 -2.05345 -0.32 -0.511 -0.86 -0.935 -0.456 -2.312
-6.11288 -0.639828 -0.475333 0.426998 0.0676522 -0.39633 -5.875 -0.543 -0.16 0.413 -0.082 -0.421
16.4507 -4.97619 4.09294 -9.51977 -0.915759 1.67369 14.886 -5.303 5.284 -7.434 -0.82 0.44
2.48897 -0.693684 -2.60274 0.325691 -0.934218 2.71802 1.639 -0.789 -2.652 0.338 -0.936 2.61
-5.49303 -0.560767 -0.930735 0.395664 0.00426913 -0.436159 -5.09 -0.405 -0.401 0.429 -0.053 -0.348
-0.666886 -0.718929 -4.5211 0.981991 -1.18179 1.54315 -1.251 -0.491 -3.879 0.932 -1.257 1.363
4.16342 -0.393207 -0.79208 0.240667 0.103558 1.42993 3.579 -0.265 -1.224 0.063 -0.561 0.962
1.56026 -1.62187 2.71588 -1.25052 3.43813 -4.78075 0.833 -1.833 -1.048 1.202 2.436 -4.008
-3.68561 -0.287585 -1.05568 0.226406 0.185668 -0.339749 -3.343 -0.143 -0.481 0.307 0.183 -0.125
-2.84054 -0.181005 -0.966765 0.179536 0.282194 -0.25039 -2.624 -0.065 -0.459 0.271 0.273 -0.004
-14.9128 5.30148 0.0476226 1.93883 -1.44071 -4.71885 -12.56 5.492 -0.477 0.877 -1.944 -4.629
-10.7539 9.62405 3.69904 -1.90932 -4.54432 0.211415 -9.134 8.593 2.03 -2.199 -4.666 -0.031
-8.29668 11.3925 5.38533 -3.71519 -5.87335 2.76121 -7.055 9.804 3.173 -3.56 -5.807 2.345
-5.71335 12.6556 6.76335 -5.20986 -6.86958 5.13188 -4.925 10.599 4.066 -4.608 -6.623 4.574
-3.43757 -0.986663 -6.53219 0.264578 -1.86846 0.65142 -3.109 -0.629 -5.424 0.24 -1.673 0.709
0.637645 -0.154576 -0.898623 -0.956347 0.253264 -0.676817 0.259 -0.519 -1.914 -0.948 -0.523 -0.625
1.04713 0.0129203 2.63606 0.534447 1.34004 0.339996 0.129 0.254 2.487 0.263 0.735 -0.453
2.40519 -0.226639 13.2443 -7.07732 -2.5196 4.54485 0.882 -2.288 9.458 -5.751 -2.741 3.174
2.16473 -0.371935 -2.07147 1.2397 -0.311189 1.47132 0.937 -0.275 -1.868 1.189 -0.596 1.232
0.422198 0.112315 -0.381348 0.199929 0.560684 0.255791 0.022 0.077 -0.247 0.295 0.483 0.532
-3.03368 -1.00181 -6.58692 0.0701406 -1.89721 0.056367 -2.65 -0.687 -5.518 0.051 -1.688 0.2
-1.23736 0.561111 3.82428 0.94786 1.91297 3.06453 -1.355 -0.024 2.616 0.857 1.149 2.529
0.250415 0.0982363 0.58384 -0.0282852 0.169863 -0.792484 -0.902 -0.187 0.431 -0.167 0.173 -1.008
0.877894 0.0304243 2.28271 -0.103576 1.15171 -1.31646 1.349 -0.037 2.382 0.068 0.657 -0.977
0.982711 -0.512704 -1.82376 0.260194 -0.356158 -0.280102 -0.007 -0.576 -1.951 0.192 -0.661 -0.199
2.31108 -0.163397 -0.822113 0.116643 0.185355 -0.358197 2.948 -0.336 -1.301 0.074 -0.216 -0.585
0.948433 -0.676982 -3.00547 0.240747 -0.77827 -0.41626 0.15 -0.683 -2.937 0.183 -0.989 -0.294
4.4943 0.515604 4.53822 0.478345 2.14042 -0.0321591 2.53 0.437 3.93 0.561 1.485 -0.059
3.06227 -0.866301 -2.74155 -0.951698 -1.14842 -2.84925 2.84 -0.834 -2.27 -0.833 -0.938 -2.642
1.97788 0.285697 2.02284 1.3066 1.25554 2.25909 2.055 -0.164 1.157 1.137 0.713 1.624
0.162392 -0.543226 0.670309 -1.29967 0.6681 -2.04566 -0.008 0.064 1.922 -1.192 0.662 -1.742
-0.523541 0.522549 3.78875 0.184077 2.26281 -0.114494 -1.288 0.73 3.227 0.329 1.53 -0.243
10.3264 10.2952 1.91091 2.61768 4.83295 -1.01032 11.895 14.076 4.397 1.617 4.2 -1.082
-0.179261 -0.10864 3.40068 -0.59971 1.30267 -1.11507 -1.002 -0.469 2.513 -0.648 0.737 -1.185
7.13651 -34.5388 -14.823 1.00061 -2.19045 -3.14251 6.988 -36.198 -15.241 1.975 -1.645 -3.835
-2.76287 10.0856 -0.400513 -4.34556 1.11174 1.41715 -2.941 10.256 -1.34 -4.842 1.247 1.462
7.94908 2.94329 -11.6202 -1.62273 -8.23398 3.03335 7.917 1.47 -12.46 -1.007 -7.731 1.374
10.2738 0.227488 -3.27418 0.0714716 -1.81697 0.17008 10.14 -0.638 -2.724 -0.071 -1.831 -0.077
-26.9894 -14.6307 2.07012 9.2356 1.16025 -0.234292 -29.733 -15.962 0.559 8.374 1.237 0.854
-3.97223 9.00211 -6.27863 -4.14552 -1.41513 8.24768 -1.121 7.549 -7.454 -2.321 -1.101 7.481
12.5358 12.516 14.6849 12.2948 -16.8377 -6.55873 10.486 14.427 11.085 12.981 -14.595 -5.876
-3.50883 -0.801808 6.05798 0.469168 4.13857 0.612847 -4.451 1.015 6.396 0.982 3.997 1.054
-2.12798 1.15377 9.03243 -1.12358 5.05473 -9.08398 -2.223 -0.041 8.187 -0.064 4.924 -6.747
-16.591 -22.3373 -5.51602 -0.432644 4.82078 1.18869 -12.763 -21.731 -7.434 -0.486 4.02 1.482
50.866 47.5408 0.694353 -0.0874761 0.147835 0.922563 35.487 56.769 1.124 0.879 0.484 0.619
12.5101 16.8733 -0.140789 -0.730352 -0.351334 -0.104697 9.919 18.176 0.313 -0.975 -0.154 -0.035
-0.670572 -1.52748 -1.84686 0.0667959 0.299706 0.190209 -1.382 -0.526 -1.502 0.116 0.477 -0.163
0.489576 -1.22096 -0.841343 0.82652 -0.32906 0.146131 -0.278 -0.315 -0.467 0.885 -0.275 -0.123
-0.0387648 0.0128783 -1.13403 0.960974 -0.262569 0.273112 -0.766 1.162 -0.631 1.196 -0.382 -0.158
1.54132 -0.425107 0.109359 0.305047 -0.165212 0.108528 0.803 0.497 0.558 0.313 -0.262 -0.327
0.951821 -0.250327 0.820811 -0.671157 -0.260058 -1.12367 0.167 0.78 1.422 -0.342 -0.212 -1.205
1.63711 0.125635 -0.467689 1.13607 -0.52197 0.27907 0.989 1.204 0.181 1.123 -0.633 -0.113
1.33109 0.74889 -0.292213 -0.246982 -0.387485 0.182724 0.573 1.964 0.055 -0.318 -0.342 0.031
-1.23324 -3.97571 -2.02007 -1.303 0.444989 1.27124 -2.131 -3.054 -1.662 -1.039 0.397 1.235
0.139516 -2.98601 -0.684826 0.51855 -0.435451 0.0706907 -0.555 -1.728 -0.058 0.792 -0.217 0.069
1.25939 -2.44541 -2.38546 0.673951 -0.0374062 0.826223 0.285 -1.657 -2.038 0.797 -0.088 0.526
0.92047 0.178521 -0.151947 0.671871 -0.875203 -0.726095 0.235 1.32 0.207 0.795 -0.901 -0.781
0.377708 -2.82854 -0.0401553 0.813679 -0.464836 0.112135 -0.333 -1.627 0.527 1.038 -0.298 0.147
0.0182744 -0.244014 -0.407257 0.417748 -0.0247508 0.185986 -0.736 0.93 0.294 0.608 0.009 -0.223
2.44582 -0.641648 0.963648 -0.670455 -0.142815 -0.622598 1.728 0.572 1.396 -0.518 -0.093 -0.83
1.86516 -0.377618 0.453204 -0.861599 0.127929 0.190942 1.007 0.451 0.743 -0.78 0.112 -0.276
-1.59032 -2.62487 -1.77452 0.170035 -0.177874 0.0275171 -2.332 -1.53 -1.335 0.339 -0.048 -0.121
1.32951 -0.415136 1.22221 -0.635027 -0.213987 -1.41453 0.581 0.632 1.84 -0.344 -0.161 -1.473
-1.58094 -2.84621 -1.79978 -0.360811 -0.119387 0.25589 -2.334 -1.727 -1.349 -0.141 -0.033 0.139
0.623982 -0.128551 0.632077 -0.574941 -0.421586 0.0514289 -0.291 0.78 1.008 -0.176 -0.368 -0.22
0.840621 -0.278861 -0.580982 0.159007 0.462077 0.661818 0.116 0.693 -0.675 0.281 0.36 0.284
-0.911149 -1.17363 -1.50163 -0.660413 -0.278005 0.301009 -1.889 -0.712 -1.258 -0.465 -0.385 0.094
-0.660134 -0.550449 -1.91534 -0.893683 0.0940926 0.0797286 -1.634 0.031 -1.701 -0.685 0.118 -0.185
0.507801 0.850303 0.251641 0.789759 -0.500162 0.172677 -0.196 1.858 0.593 0.753 -0.522 0.173
1.87523 -0.0958244 0.225983 -1.37894 0.255227 0.369893 1.011 0.772 0.45 -1.312 0.328 -0.132
1.80149 -0.0103593 0.00722367 -1.48008 0.286957 0.419337 0.946 0.872 0.219 -1.421 0.38 -0.085
0.527599 -0.193377 0.568138 -0.652447 -0.672835 0.261961 -0.405 0.667 0.865 -0.243 -0.609 -0.083
2.36158 -1.01196 1.88009 -0.630429 -0.017602 -1.5056 1.589 0.096 2.406 -0.399 0.02 -1.598
2.54112 2.05303 -0.80977 1.07151 -0.406118 0.369 1.742 2.943 -0.032 1.134 -0.504 0.074
1.63331 2.4275 1.82091 0.492642 -0.739432 -0.0443828 0.935 3.584 2.107 0.523 -0.548 -0.127
1.82206 0.19059 1.34957 0.204653 0.164894 0.485842 0.974 1.463 2.033 0.263 0.163 0.355
4.07371 0.940539 1.14585 0.116756 0.492366 -0.49567 3.31 1.929 1.682 0.344 0.322 -0.404
1.87634 1.94481 0.58113 1.83113 -0.893077 0.637277 1.228 2.994 1.171 2.106 -0.931 0.367
0.708209 -0.39416 0.882366 -0.325568 0.0978851 1.01592 0.589 -0.452 0.364 -0.494 -0.183 0.563
-0.377622 0.03342 0.281347 -0.115653 0.000375507 0.355394 -0.539 -0.305 -0.04 -0.349 -0.316 -0.085
-1.39995 0.0957779 -0.397218 0.68802 0.253827 0.756539 -1.286 -0.238 -0.631 0.383 -0.111 0.261
0.298557 0.273185 1.0095 0.109757 0.458053 0.205827 0.289 -0.09 0.548 -0.17 0.267 -0.277
2.80468 1.91817 1.12288 -0.0490036 -0.263492 0.592358 2.196 2.733 1.719 0.174 -0.452 0.47
1.30532 -0.162136 1.33899 -0.130332 0.270951 0.935229 1.264 -0.179 0.726 -0.287 -0.006 0.404
1.31462 -0.075191 1.42911 -0.123917 0.35663 0.830385 1.281 -0.107 0.786 -0.282 0.093 0.288
-0.883747 0.97355 0.0636959 0.329194 0.350483 0.95529 -0.778 0.689 -0.182 -0.018 -0.051 0.464
-0.302552 0.412257 0.293971 -0.0545319 -0.24809 0.474012 -0.605 0.072 -0.112 -0.213 -0.653 0.01
-0.924617 -1.08364 -0.500144 0.565861 0.251721 0.609787 -1.229 -1.677 -0.906 0.677 -0.106 0.152
-0.678559 1.17881 0.218711 0.232029 0.413785 0.984654 -0.578 0.9 -0.028 -0.119 0.006 0.517
0.720861 2.02487 1.48876 -0.828541 0.85545 0.865992 0.622 1.73 1.173 -1.133 0.545 0.701
-0.235251 0.542533 0.378101 0.125637 -0.271799 0.509313 -0.589 0.196 -0.089 0.007 -0.713 0.039
0.67914 1.82268 1.69044 -1.01809 0.611367 1.04136 0.571 1.547 1.31 -1.283 0.344 0.907
-0.233559 -1.54815 -1.04353 0.34461 1.05389 -0.522708 -0.889 -2.13 -1.579 0.424 0.824 -1.183
-1.28371 0.511444 -1.38513 -0.37363 0.614842 -0.157727 -1.692 0.123 -1.568 -0.491 0.172 -0.425
-1.23599 1.02121 -1.44214 0.208851 0.481156 -0.659027 -1.623 0.647 -1.714 0.08 -0.124 -1.12
-8.29853 -4.83311 -5.84316 -1.71299 -3.3447 -1.37562 -7.881 -5.101 -4.835 -1.477 -2.966 -1.764
1.65429 0.926963 -2.97082 0.583691 1.08777 2.02431 1.602 -0.002 -3.213 1.083 1.159 1.845
-4.22836 2.21428 0.308131 -0.543202 2.12512 1.68883 -4.26 1.937 1.187 -0.956 2.23 1.509
2.25795 1.24818 1.54449 -0.178987 -1.60529 -0.0623666 1.254 0.638 1.38 -0.246 -2.386 -0.083
-2.92848 -0.910438 -2.08399 1.58457 1.32785 2.0885 -3.222 -0.326 -2.209 1.824 1.482 1.86
1.30925 -2.45869 0.909658 -3.89347 -0.956379 -0.62405 0.588 -3.321 1.31 -4.319 -1.456 -1.182
7.49849 2.2505 2.32454 -2.09083 -3.28289 2.80274 7.016 1.777 1.829 -1.905 -3.785 2.59
-0.846607 3.17352 3.21421 1.18078 -0.783561 -0.34852 -1.839 0.516 1.683 1.127 -0.762 -0.595
8.28844 1.93667 4.24134 -0.579355 -0.978947 1.94938 7.643 1.769 3.504 -0.437 -1.134 1.407
4.48822 0.163499 1.20842 0.775568 1.21346 -0.633695 3.213 -1.376 -0.462 1.342 0.85 -0.148
8.17961 3.25395 4.35101 -1.19546 -2.33873 3.23267 7.283 2.935 3.395 -0.89 -2.59 2.437
9.11543 3.97815 3.78664 -1.53484 -2.11083 2.71225 8.129 3.602 3.181 -1.266 -2.393 2.075
9.37344 2.42739 4.50668 -0.491839 -1.62424 3.41317 9.211 2.234 4.007 -0.406 -1.982 2.846
9.07261 4.25206 4.67745 -1.15105 -3.59436 4.33232 8.243 3.631 3.702 -0.937 -3.886 3.62
10.9381 14.8887 10.687 -2.71947 -2.48528 4.12272 8.874 13.054 8.319 -2.463 -2.17 3.683
5.69188 10.8859 13.7252 0.955833 -0.78141 -0.404528 5.065 11.242 12.65 1.062 -1.95 -0.806
1.47983 2.16369 2.24872 2.89536 -1.14681 -4.42501 0.251 -0.649 1.002 2.559 -2.097 -5.378
1.45005 2.46996 3.11809 -0.716867 -3.33321 -0.41443 -0.745 0.075 0.766 -0.105 -3.074 0.461
-2.05187 2.19202 0.444029 0.294434 1.87248 0.907005 -3.332 1.122 -2.535 -0.589 1.615 1.387
-0.438253 -1.66839 -1.10076 -0.0699248 -0.572123 -0.502259 -1.078 -1.497 -0.785 0.168 -0.17 -0.209
-0.300935 -1.84553 -0.792433 -0.0608637 -0.525301 -0.284053 -0.96 -1.696 -0.424 0.168 -0.162 0.013
0.511261 1.71499 0.0762176 -0.344048 -1.83717 -1.6148 -0.206 1.996 0.375 -0.035 -1.342 -1.2
0.608216 -0.997158 -1.1125 -0.0890424 0.340997 -0.135302 -0.093 -0.905 -1.346 0.204 0.563 0.193
0.392818 -1.32819 -0.425802 0.258814 0.475586 0.79085 -0.37 -0.973 -0.247 0.44 0.625 1.189
0.607692 -2.71129 -0.872547 -0.232526 0.272169 -0.248006 -0.19 -2.387 -0.691 0 0.314 0.12
-0.239909 -2.555 -1.66865 -0.0823753 0.475261 -0.0176674 -1.121 -2.201 -1.602 0.062 0.402 0.439
-0.126726 -1.97047 -0.236027 -0.0642014 -0.477835 -0.103249 -0.816 -1.845 0.024 0.152 -0.158 0.215
1.61597 1.70753 -0.884262 -0.598552 -1.51746 0.143053 0.992 1.975 -0.725 -0.298 -1.199 0.519
0.619732 -1.47413 -1.01616 -0.177916 0.239726 -0.0379097 -0.106 -1.498 -1.372 0.11 0.468 0.28
0.692362 -2.25197 -2.91227 -0.933195 -0.0414349 0.43606 0.073 -2.112 -2.856 -0.759 0.264 0.895
0.342769 -2.69567 -1.1405 -0.196069 0.244573 -0.123894 -0.488 -2.426 -0.996 -0.017 0.225 0.262
0.780804 1.30895 1.39822 -0.402039 -1.27097 -2.16252 0.073 1.794 1.434 -0.065 -0.742 -1.841
0.0455188 0.558526 -0.636265 -0.189983 -1.082 -1.75626 -0.602 1.004 -0.558 0.073 -0.441 -1.561
-0.515116 -1.91159 -1.78143 -0.238238 0.236972 0.096217 -1.09 -1.53 -1.739 -0.018 0.349 0.535
-0.141868 0.663241 0.337305 0.245791 0.776818 -0.622367 -0.856 1.057 0.145 0.511 0.94 -0.236
1.19111 1.64226 0.604096 -0.499734 -1.1995 -0.354981 0.668 1.98 0.811 -0.182 -0.901 0.123
-0.125811 -0.436705 -0.936421 0.419288 0.676349 -0.316485 -0.824 -0.397 -0.868 0.6 1.003 0.067
0.192211 -1.88092 0.72063 -0.301787 0.679577 -1.04232 -0.64 -1.489 0.495 0.038 0.926 -0.705
0.0104553 1.05896 3.25599 -0.670004 -0.026729 -1.3017 -0.411 1.65 3.238 -0.222 0.255 -1.059
0.0302893 1.12998 1.43228 -0.168347 -0.191789 -1.24584 -0.446 1.537 1.589 0.184 0.094 -1.042
-0.233692 0.0411073 -0.708943 -0.276317 -0.0866182 -0.915993 -1.008 -0.551 -0.734 -0.093 0.502 -0.36
0.152891 -1.84846 -2.0688 -0.891858 -1.30085 -1.18586 -0.73 -2.505 -2.206 -0.6 -0.696 -0.56
0.0636402 0.010313 -0.288928 -0.400409 0.221856 -0.599847 -0.72 -0.627 -0.271 -0.261 0.879 -0.036
0.569086 -0.175675 -0.642834 -0.480856 -1.18595 -1.37993 0.024 -0.827 -0.329 -0.195 -0.684 -0.832
-0.335049 -0.487223 -1.90924 -0.726858 -1.99743 -0.662033 -1.185 -1.05 -2.234 -0.479 -1.324 -0.017
0.648536 -0.712518 0.341854 -0.660762 -0.827171 -1.53064 0.13 -1.322 0.637 -0.414 -0.333 -0.966
0.610699 1.4465 -1.21809 -0.658454 -2.64715 -0.949992 -0.046 0.785 -1.108 -0.308 -2.398 -0.316
0.530665 0.728513 -1.20042 -0.55668 -2.16759 -1.10221 -0.08 0.019 -1.028 -0.2 -1.796 -0.513
0.883981 -1.99373 -1.71107 -0.186162 -0.277204 -1.34237 0.39 -2.455 -1.68 0.176 0.269 -0.766
0.551798 0.527463 -1.04619 -0.482708 -1.86576 -1.11536 -0.047 -0.187 -0.855 -0.145 -1.459 -0.55
0.80222 2.04079 -0.852616 -0.661262 -1.06331 -1.01052 0.139 1.644 -0.319 -0.423 -0.554 -0.1
0.782942 -0.794504 0.0751649 -0.327274 -0.740627 -0.535077 -0.06 -1.026 0.324 0.116 -0.481 0.139
-0.0127088 1.40406 -0.432618 -1.03831 -0.709235 -0.733437 -1.138 0.795 -0.477 -0.985 -0.297 -0.115
0.391083 1.03147 -1.32244 -1.09919 -1.34247 -0.642544 0.121 0.592 -2.699 -0.689 -0.769 -0.519
-0.119212 0.904137 0.433007 -0.040356 -0.909286 -1.08468 -1.002 0.884 -0.895 0.676 -0.179 -0.859
0.744556 -1.79175 -0.101949 -0.61841 -1.97243 -1.48635 0.034 -2.549 -0.19 -0.22 -1.277 -0.889
1.15343 0.966855 -0.491382 -0.235477 0.631793 -0.316187 0.317 -0.081 -0.397 -0.046 1.06 0.414
0.302059 -0.0812769 1.13794 -0.911403 -1.72892 -0.402775 -0.476 -0.542 0.119 -0.273 -0.806 -0.143
1.01742 1.01527 -0.0632828 -0.258335 -0.0820066 0.477742 0.089 -0.019 0 -0.049 0.288 1.08
1.56414 2.49985 4.33029 -0.518774 -0.557978 0.0808272 0.861 2.124 3.566 0.011 0.344 0.495
-0.786081 1.09777 -1.8712 0.00860316 -0.743928 -1.63662 -1.537 0.743 -1.528 0.378 -0.199 -1.019
-0.500602 -0.39616 -0.960405 -0.188472 0.139843 -1.50195 -1.198 -0.738 -0.613 0.193 0.56 -0.875
-0.813566 0.867861 -1.66236 -0.0822809 -0.586726 -1.64916 -1.543 0.526 -1.263 0.293 -0.1 -1.02
-0.136544 1.53835 1.42817 0.18879 1.4739 0.434734 -1.03 0.753 1.667 0.369 1.804 1.088
-0.26398 1.22841 -1.45719 -0.810538 -0.908374 -0.513121 -0.588 0.738 -2.777 -0.397 -0.415 -0.421
0.235824 0.464036 -0.329107 -1.34054 -0.0962565 -0.383535 -0.661 -0.176 -0.456 -1.222 0.684 0.13
-0.109514 -0.534575 -1.77188 -0.787911 -1.61307 -0.830147 -0.973 -1.22 -2.078 -0.559 -1.025 -0.182
0.416385 0.331435 0.233007 -0.448972 0.65147 -0.243801 -0.406 -0.374 0.198 -0.377 1.335 0.271
-0.0581336 1.87244 1.01643 0.209737 1.09353 0.360646 -0.907 1.186 0.976 0.44 1.336 1.038
0.207749 0.0733466 1.23545 0.183804 1.22892 0.0674434 -0.667 -0.191 -0.205 0.996 1.987 0.356
0.283613 1.08674 4.95878 0.396337 0.464553 -0.839737 -0.397 0.844 3.84 0.922 1.249 -0.433
-0.0891406 0.0177247 1.00236 0.112138 1.1424 -0.0106956 -0.808 -0.312 -0.416 0.922 1.776 0.262
0.890261 2.12012 -0.876772 -0.543393 -0.522668 -0.949875 0.171 1.747 -0.324 -0.353 -0.004 -0.036
0.387021 -2.06298 -0.846745 -0.343316 0.518157 -1.32705 -0.384 -2.513 -0.725 0.065 1.05 -0.813
1.4461 -0.358902 2.01661 -0.698227 0.123914 -0.187557 0.797 -0.412 0.824 -0.251 0.834 0.1
-0.462443 0.698858 -1.86618 -0.547729 -0.673448 -0.573763 -0.776 0.265 -3.073 -0.129 -0.198 -0.478
-0.420293 0.648068 -1.95323 -0.555067 -0.647601 -0.592077 -0.726 0.225 -3.14 -0.13 -0.18 -0.495
1.34176 0.0830213 -1.03442 -1.46499 -1.86198 -0.127354 0.878 -0.202 -2.221 -0.939 -1.153 0.072
1.42198 -1.03075 2.01919 -1.29329 -0.405383 0.747529 0.796 -1.18 1.006 -0.819 0.332 1.002
0.365168 2.46666 -0.475545 -0.413191 -0.304862 -0.649018 -0.846 1.888 -0.42 -0.422 -0.06 -0.04
-0.597705 -3.71059 -0.733785 -0.230457 -1.69456 -0.101715 -1.343 -3.512 -1.946 0.121 -1.039 0.273
0.521063 0.124014 0.745134 -0.362575 -0.194235 0.118059 0.085 -0.086 0.436 -0.217 -0.163 -0.273
1.00051 2.55321 -0.259709 -0.337197 -1.66643 -0.449255 0.332 2.046 -0.01 -0.048 -1.387 0.302
-0.731234 -3.60952 -0.434742 -0.312692 -1.69217 -0.0186313 -1.453 -3.456 -1.671 0.041 -1.047 0.345
-0.0617604 0.60009 -2.07321 -0.593325 -0.515714 -0.546727 -0.387 0.191 -3.223 -0.104 -0.111 -0.422
0.307883 2.39146 -0.244588 -0.473193 -0.274814 -0.586417 -0.92 1.772 -0.266 -0.493 -0.048 -0.006
-0.167352 0.242209 0.906398 0.00239417 0.159268 0.430961 -0.395 0.009 0.535 0.44 0.31 0.169
0.759009 1.61292 0.972746 -0.342999 -0.786545 -0.716862 0.005 1.498 -0.28 0.161 -0.078 -0.434
-0.192535 0.550975 0.424298 -0.0801447 -0.621605 -1.3866 -1.082 0.533 -0.866 0.618 0.133 -1.177
-0.764869 0.560789 -2.06939 -0.510483 0.0080799 0.265418 -1.148 0.606 -2.17 -0.322 0.282 0.149
0.0289516 -0.00722442 0.877793 0.0597023 -0.0452337 0.293164 -0.21 -0.269 0.467 0.503 0.126 0.032
0.48477 -1.70198 1.43348 -1.03063 -0.500817 0.852355 -0.151 -1.948 0.209 -0.61 0.205 1.071
0.971461 -0.60498 0.125582 -1.43524 -2.08396 0.0828304 0.474 -0.907 -1.006 -0.865 -1.397 0.283
0.265173 -1.83592 1.31886 -0.960484 -0.57626 0.850675 -0.377 -2.085 0.048 -0.551 0.122 1.066
0.428538 0.336647 2.29288 0.774562 1.75084 -0.796553 -0.476 0.226 0.879 1.4 2.61 -0.426
-0.396393 0.926656 0.959439 -0.136812 0.553998 0.700554 -0.62 0.733 0.668 0.273 0.66 0.437
-0.0854215 0.289108 -0.655814 0.767166 0.335837 0.831603 -0.341 0.047 -0.859 0.876 0.419 0.513
-0.228549 -0.25909 0.0938502 -0.348455 -0.110799 0.412095 -0.642 -0.647 -0.398 -0.154 0.133 0.251
1.29 1.84696 1.30696 -0.425781 0.833186 -0.176137 0.786 1.504 0.762 0.094 0.631 0.386
0.601435 -0.401586 -0.546294 -0.947251 -2.26356 -0.24026 -0.316 -0.492 -1.752 -0.478 -1.403 0.232
1.79096 -0.717321 2.80311 -1.28244 -0.305064 0.608097 1.16 -0.727 1.872 -0.816 0.4 0.879
0.473238 -0.944386 1.33629 0.148375 -0.0239724 -0.698399 -0.347 -1.195 0.471 0.661 -0.242 -0.361
-0.0925503 0.219763 0.0119805 -0.392614 -0.397008 -1.60757 -0.969 0.421 -1.093 0.277 0.351 -1.37
1.16973 -1.35699 -1.69242 0.410818 -0.541452 0.341365 0.805 -1.705 -1.961 0.527 -0.442 -0.189
1.57735 -1.24262 1.25533 -0.382659 0.698719 -0.432627 1.061 -1.244 1.193 0.249 0.547 0.275
0.563227 0.648064 1.37055 -0.122017 -0.872522 0.463759 0.175 0.138 1.063 0.035 -0.771 0.083
-0.346882 -0.24193 -0.116675 -0.202446 -0.578163 0.499099 -0.518 -0.213 -0.294 0.092 -0.555 0.132
0.168687 2.20504 6.11267 -0.82079 0.197055 -1.00165 -0.103 2.805 5.916 -0.504 0.501 -0.618
0.763445 0.857268 2.13998 -0.609966 1.26236 -0.509378 0.256 0.66 2.222 0.15 1.05 0.217
-0.614047 1.6244 1.75421 -1.26836 0.967594 -0.778252 -1.412 1.396 1.097 -0.73 0.72 -0.246
0.152958 1.24635 0.0840993 0.08442 -0.321455 -1.0837 -0.501 1.236 -0.489 0.619 -0.286 -0.734
-0.0794334 1.08689 0.689363 -1.36227 -1.01133 0.451289 -0.576 0.395 0.337 -1.297 -0.817 0.125
0.356546 -1.0765 1.47985 0.194861 0.0839866 -0.527901 -0.472 -1.288 0.614 0.654 -0.124 -0.192
0.0632801 1.54758 0.178109 -0.0411255 -0.159319 -1.11044 -0.594 1.479 -0.37 0.502 -0.164 -0.773
-0.315645 1.35282 2.1555 -0.976504 0.630405 -0.705876 -1.102 1.145 1.483 -0.418 0.41 -0.155
0.745703 1.30397 2.04213 -0.656123 1.11282 -0.564459 0.27 1.059 2.117 0.072 0.882 0.139
1.43924 1.69228 1.77846 -0.296796 0.426784 -0.101123 0.86 1.324 1.226 0.284 0.228 0.493
1.15291 0.00152472 0.811638 -0.683606 -0.151081 0.517402 0.821 -0.416 0.578 -0.474 -0.157 0.164
0.288397 1.35593 1.73644 -0.242386 -0.501654 1.28294 0.117 1.282 1.56 0.04 -0.573 0.795
1.78626 0.253335 1.27446 -0.257217 0.229309 0.654711 1.595 -0.053 1.039 -0.187 0.234 0.219
1.0235 -0.0692788 0.899362 -0.617481 -0.0846677 0.612238 0.755 -0.444 0.649 -0.375 -0.117 0.227
-0.590777 -1.41123 -1.78537 -0.696337 -0.754842 0.192364 -1.314 -1.605 -2.434 -0.38 -0.785 0.552
0.732626 -0.0599125 0.357207 -0.212005 -0.569977 0.28888 0.119 -0.694 -0.302 0.015 -0.388 0.012
1.11787 -1.52171 0.181067 -0.454075 -0.433096 -0.501553 0.616 -1.53 -0.262 0.005 -0.461 -0.05
0.224626 1.7103 0.383608 -0.476621 0.765911 1.22101 -0.222 1.458 0.299 -0.275 0.794 0.883
-0.670632 2.41842 0.942175 -1.46214 1.23766 -1.00251 -1.414 2.113 0.393 -0.895 0.991 -0.585
0.536483 -1.22878 -1.51323 0.135272 -0.0357539 0.166658 0.105 -1.406 -1.643 0.35 0.106 -0.173
-0.947492 -0.310518 -0.945602 0.0751024 -0.195063 0.331452 -1.681 -1.007 -1.37 0.618 -0.309 0.867
-0.434484 -1.30931 -1.67916 -0.974388 -0.69282 0.387228 -1.137 -1.552 -2.342 -0.619 -0.693 0.821
-0.557974 2.49293 0.856594 -1.39587 1.17387 -1.03059 -1.299 2.163 0.327 -0.805 0.933 -0.631
1.02166 -0.411632 -0.677066 -1.04476 0.858585 -0.0653146 0.336 -0.521 -0.729 -0.674 0.802 0.277
0.916106 -0.391983 -0.910029 -1.07562 0.931138 -0.0232013 0.213 -0.496 -0.981 -0.694 0.874 0.284
-0.398377 -0.267329 -0.0943287 -0.783417 0.0627593 -0.996399 -1.085 -0.294 -0.601 -0.414 0.096 -0.503
-0.0509467 0.336532 0.369776 -0.285123 -0.398311 -1.58226 -0.937 0.447 -0.758 0.364 0.364 -1.365
0.0773846 -0.784828 -1.93281 -0.619906 0.492885 -0.169578 -0.705 -0.795 -2.269 -0.292 0.465 0.037
-0.320782 2.48384 0.712503 -1.11006 0.914142 -1.05542 -1.048 2.154 0.21 -0.497 0.71 -0.687
0.594531 -0.0304931 1.00882 -0.53619 0.0591681 0.837928 0.505 -0.335 0.653 -0.204 0.004 0.337
-0.228033 -0.943328 -0.697893 -0.586761 -0.730206 -1.16127 -0.732 -1.665 -0.33 -0.396 0.08 -0.177
-1.04818 1.12644 -1.69082 -0.771999 -0.542497 0.650572 -1.404 0.998 -1.986 -0.687 -0.2 0.536
0.346884 1.26401 0.911635 -0.126179 0.2258 -0.220375 -0.138 1.015 0.319 0.163 0.535 -0.699
0.790213 0.909344 1.14022 -1.32903 -1.00582 -0.600676 -0.204 -0.026 1.331 -1.114 -0.605 0.124
-0.32842 2.00702 0.991175 -0.411114 0.874155 1.08924 -0.629 1.858 0.818 -0.101 0.921 0.822
0.0476258 0.638505 1.28261 0.0916691 -0.407797 0.359675 -0.375 0.314 0.874 0.232 -0.328 0.11
-0.392653 1.22806 0.467418 -0.746799 -0.144551 0.645662 -0.634 0.952 0.321 -0.561 -0.054 0.178
0.0678052 3.11687 4.8437 -0.549606 -0.456369 -2.06535 -0.522 3.818 4.807 -0.193 -0.094 -1.637
0.651017 1.27305 1.27396 -1.318 1.48745 -0.383298 0.152 0.887 0.808 -1.019 1.151 -0.035
0.415701 0.672768 1.53346 -1.07176 1.36419 -0.275352 -0.144 0.328 1.04 -0.742 1.019 0.068
-1.07077 1.23145 -1.50077 -0.805779 -0.69514 0.752772 -1.437 1.034 -1.856 -0.73 -0.342 0.633
0.385524 -0.38772 -0.634863 -0.0962449 -0.502575 -0.0478052 -0.31 -0.214 -0.963 0.45 -0.268 0.433
0.706106 1.34051 2.6349 -0.38194 0.0552928 -0.415514 -0.008 1.109 1.991 0.209 -0.121 0.154
0.214788 -0.635403 -0.270186 -0.185849 0.51369 0.51292 0.015 -0.878 -0.474 -0.028 0.612 0.105
0.676462 1.05472 1.31357 -0.129854 -0.526691 0.552451 0.553 0.888 1.34 0.017 -0.555 0.188
0.301612 0.0691225 -0.85463 -0.0773297 -0.146122 -0.739939 -0.359 -0.403 -1.044 0.158 -0.051 -0.964
0.521083 -0.376132 -0.43519 0.0119607 -0.204464 -0.0414966 -0.184 -0.14 -0.818 0.587 0.05 0.447
0.345839 1.74108 4.96071 -1.18555 0.21254 -0.85101 -0.083 2.421 4.753 -0.701 0.705 -0.518
1.08088 -3.42513 0.501814 -0.400941 -1.03536 -0.635206 0.426 -3.291 0.127 0.077 -1.161 -0.296
-0.8587 0.590813 -0.375439 -0.827231 0.120569 -1.20944 -1.693 0.444 -0.929 -0.471 0.137 -0.759
-0.932882 0.818943 -0.514837 -0.759318 0.0988121 -1.30138 -1.824 0.621 -1.095 -0.395 0.11 -0.88
-0.463751 2.40641 5.80486 -1.06678 -0.661663 -1.12383 -0.842 3.254 5.28 -0.579 -0.299 -0.885
-1.04342 1.09867 -0.862129 -0.517064 -0.0109455 -1.52703 -2.043 0.834 -1.509 -0.162 0.005 -1.179
1.82322 1.34442 2.57974 -0.248017 -0.963489 0.032866 1.15 1.06 2.72 0.35 -0.209 0.692
-1.6105 -0.215866 -0.99171 -0.852522 0.449984 0.192486 -1.939 -1.088 -1.989 -0.941 0.064 -0.069
-0.925656 -1.80669 -1.10794 -1.53383 -1.04422 0.461547 -1.815 -2.616 -0.979 -1.37 -0.61 1.112
0.459219 1.146 2.04383 0.240544 -0.268175 -1.35234 -0.686 1.459 0.836 0.948 0.405 -1.026
0.309606 -1.02144 -0.049623 -0.873211 2.10844 0.21343 -0.06 -2.375 -0.326 -0.619 2.501 0.073
2.95844 1.56241 2.4152 0.955843 -0.260657 0.829366 2.397 1.355 2.586 1.341 0.296 1.472
-0.800179 1.0705 -1.33115 0.352858 -0.553954 -2.24076 -1.929 0.903 -2.135 0.496 -0.481 -2.055
0.231943 1.66934 -0.244314 -0.685183 0.0788311 -1.58796 -0.757 1.613 -1.477 -0.065 0.82 -1.235
2.46758 1.35447 4.11489 0.393178 -0.00945917 -0.8576 1.984 1.003 3.895 1.044 -0.163 0.067
-0.0642701 0.654202 1.1754 -0.195692 -0.344483 -1.49045 -0.826 0.972 -0.072 0.577 0.543 -1.211
-0.586877 1.05878 -1.29932 0.566861 -0.672113 -2.40807 -1.699 0.914 -2.121 0.661 -0.595 -2.247
1.24282 0.727149 5.34795 0.464932 -0.129588 1.88993 0.566 0.395 5.171 0.871 0.485 2.585
-0.0447867 1.33448 8.46909 -1.31557 0.244258 -1.42972 -0.42 1.659 8.083 -0.866 0.559 -1.04
-0.420704 1.89731 1.57608 -0.971158 -0.410447 -1.60022 -1.331 2.121 0.211 -0.302 0.305 -1.402
-0.565264 1.25281 2.18743 -0.389298 -0.392446 -1.17158 -1.436 1.444 0.907 0.374 0.303 -0.948
2.96693 1.92338 3.80845 1.2839 0.194527 0.903373 2.216 1.442 3.579 1.708 0.703 1.784
0.772146 2.41306 0.541468 0.510624 0.0381428 -1.37833 -0.125 2.418 -0.434 1.191 0.672 -1.105
2.29678 0.901076 4.73468 1.30359 -0.516497 1.36206 1.647 0.464 4.795 1.709 0.003 2.224
0.00884174 0.838025 0.222726 0.957339 -0.731371 -3.05354 -0.771 0.967 -0.672 1.04 -0.725 -2.849
0.603958 0.0174068 -0.258282 0.657979 -0.138232 -2.62771 -0.112 0.152 -1.173 0.766 0.097 -2.355
0.170083 1.04658 1.065 -0.671933 -2.36784 -2.04225 -0.994 0.782 1.917 -0.789 -2.434 -1.974
-0.420279 1.70857 -0.67881 0.081358 0.0221668 -2.50801 -1.175 1.113 -1.599 0.185 -0.071 -2.247
-0.538226 1.15544 0.898914 0.269705 -0.0696975 -2.90513 -1.28 0.65 -0.038 0.26 -0.093 -2.581
-0.552837 1.18561 -0.678105 0.243736 -0.257449 -2.51801 -1.481 0.745 -1.678 0.387 -0.321 -2.301
-0.251131 2.69168 -1.17921 -0.259757 0.945656 -2.74751 -0.958 2.175 -2.248 0.019 0.996 -2.372
2.74235 3.9607 1.51043 1.09027 -0.31711 -1.03226 2.02 3.987 1.141 1.955 -0.155 -0.248
-0.0694069 -0.229307 0.639154 0.820601 -0.30882 0.48574 -0.003 -0.013 0.142 -0.039 0.055 -0.043
4.62605 2.99084 3.00476 -0.193497 -0.392466 -2.08506 4.684 1.438 1.555 -0.654 0.043 -1.442
2.95245 0.799745 4.78422 -0.687415 0.145472 -0.130559 2.223 0.282 5.228 -0.565 0.52 -0.171
-0.738109 0.0267982 3.64409 1.21829 -0.708587 -0.240364 -1.419 -0.606 3.272 1.51 0.065 0.083
0.58335 -0.973113 -2.14723 -0.299494 -0.349345 0.214824 0.186 -1.146 -2.433 -0.988 -0.044 -0.21
-0.61083 0.31444 -0.233439 0.57004 0.691493 1.21318 -0.989 -0.225 -0.773 -0.045 0.702 0.735
-0.481425 -1.0203 -1.69656 0.834142 -0.846971 0.728419 -0.371 -0.893 -2.016 -0.06 -0.609 0.314
0.569746 -1.01972 -2.22401 -0.220306 -0.38961 0.338524 0.163 -1.224 -2.463 -0.908 -0.094 -0.101
-1.38376 -1.07023 0.950195 0.982476 -0.691063 0.532581 -1.287 -1.333 0.336 0.262 -0.822 0.146
-0.622647 -0.20866 -2.03453 1.27645 -0.762439 0.826679 -0.585 -0.117 -2.461 0.355 -0.465 0.439
-0.654528 -0.808592 0.0476086 0.894433 -0.0519259 0.788855 -1.164 -1.514 -0.355 0.27 -0.104 0.314
-0.711356 0.0432647 -2.02003 1.31806 -0.71041 0.846939 -0.691 0.097 -2.472 0.398 -0.397 0.468
0.378801 -0.462999 0.263706 0.304979 -0.503979 0.110346 0.439 -0.35 0 -0.343 -0.205 -0.365
0.505098 -1.01306 -2.23621 -0.137383 -0.437522 0.457632 0.098 -1.239 -2.431 -0.825 -0.15 0.007
-1.31213 -0.465372 0.0437989 0.701274 -0.709013 0.0290647 -1.177 -0.54 -0.474 -0.099 -0.825 -0.226
1.42001 0.390194 0.278317 1.17062 -0.347504 0.363261 0.82 0.438 -0.041 0.25 0.018 -0.034
0.165946 0.746542 0.581288 1.04852 0.334118 1.35072 -0.177 0.408 0.364 0.315 0.482 0.732
-1.20757 -1.05688 1.0932 1.17365 -0.811524 0.755882 -1.165 -1.477 0.388 0.473 -0.882 0.307
-0.994762 -1.30642 0.788876 1.38188 -0.870382 0.893108 -1.031 -1.786 0.085 0.67 -0.914 0.402
-1.10379 -1.13974 0.99365 1.27541 -0.849946 0.84034 -1.098 -1.605 0.276 0.574 -0.902 0.367
-1.20055 1.01692 -0.998191 0.729207 0.108751 0.846075 -1.267 0.928 -1.562 -0.078 0.469 0.515
-1.1605 0.92395 -1.25129 0.86098 -0.084798 0.842323 -1.211 0.856 -1.784 0.021 0.279 0.507
-1.35421 -0.435586 -0.914787 0.350916 -0.913007 0.739644 -1.564 -0.581 -0.968 -0.439 -0.641 0.303
-1.14181 -0.897553 2.2075 1.42636 -0.766005 -0.0296149 -1.531 -1.724 2.009 0.599 -0.531 -0.699
-1.02236 -1.4184 1.31869 1.19439 -0.750665 -0.0819056 -1.528 -2.268 1.135 0.496 -0.69 -0.598
0.614825 0.116531 0.180133 0.997146 -0.235172 0.689738 0.427 0.091 -0.116 0.486 0.296 0.221
-0.125717 0.687191 -0.214956 1.28584 -0.70377 0.449437 -0.119 0.411 -0.524 0.597 -0.514 0.013
-1.16409 1.52355 0.053399 0.284116 0.349796 0.601467 -1.378 1.522 -0.669 -0.274 0.623 0.227
0.265854 -0.100915 0.634523 -0.20131 -0.118943 -0.572429 0.162 -0.055 0.054 -0.909 0.162 -0.944
-0.0496218 0.597817 0.163669 1.32304 -0.336832 0.686771 -0.134 0.257 -0.174 0.694 -0.055 0.212
0.350984 -0.736689 0.970248 1.01068 0.0275243 -0.628004 0.405 -0.569 0.297 0.259 0.204 -1.025
-1.73764 -3.38493 -3.18001 1.53313 -2.56657 -1.01476 -4.12 -2.793 -2.531 1.647 -2.373 -1.077
0.156154 -1.03253 1.93825 0.189845 1.50178 -0.274469 0.577 -1.29 1.729 0.45 1.214 -0.741
0.548411 -0.405361 0.37909 0.262919 0.960697 0.00620308 0.432 -0.436 0.447 0.2 0.39 0.294
1.17201 1.80712 2.48919 1.07741 -1.09175 1.54073 1.207 1.779 2.364 0.087 -0.819 0.734
2.04232 0.483932 1.38852 1.47525 -0.420717 1.14277 2.098 0.311 1.06 0.492 -0.542 0.14
1.18783 0.409122 2.1544 2.2667 0.0544953 0.936441 1.062 0.319 1.556 1.328 0.187 0.17
0.0045963 -1.49819 -0.424471 0.36961 1.31113 -0.604584 -0.383 -1.659 -0.618 0.391 0.589 -0.152
2.10722 1.02018 0.661173 0.479039 -0.076637 2.0911 2.077 0.723 -0.138 -0.29 -0.001 1.213
-0.410117 -0.631477 -0.329671 0.495364 1.14514 -0.89051 -0.731 -0.868 -0.537 0.496 0.389 -0.409
0.419146 1.77156 1.48244 1.92604 -0.0254551 1.08917 0.111 1.284 1.026 1.054 0.141 0.317
-0.571774 -0.412713 -0.583404 0.276559 2.37718 0.183038 -1.309 -0.413 -0.414 0.199 1.928 0.658
1.73442 0.455021 4.78495 -0.497224 -1.43443 1.59738 1.521 -0.185 5.119 -0.44 -0.959 1.544
0.143344 -0.306456 -0.684666 0.162617 0.8884 -0.156608 -0.042 -0.179 -0.784 0.047 0.402 0.269
0.000181169 -0.691764 0.0420242 0.0227514 -0.424889 -0.977748 -0.176 -0.582 0.054 -0.298 -1.178 -0.691
-0.751584 -0.310508 -0.199 0.551743 1.98021 0.312499 -1.492 -0.277 -0.118 0.507 1.614 0.792
1.689 1.84247 1.60154 1.94303 -0.950558 1.26099 1.547 1.626 1.054 0.967 -0.778 0.575
2.42125 1.36734 2.14636 1.60597 -0.0227954 1.53194 2.336 1.336 1.723 0.603 0.014 0.832
-0.519015 0.667665 0.207806 -0.242244 -0.130662 -0.743572 -0.906 0.6 -0.076 -0.472 -0.801 -0.384
-0.858369 -0.0158839 -0.258045 -0.238732 0.331667 -0.090738 -0.972 0.114 -0.769 -0.22 -0.128 0.363
-0.228753 -0.591109 -0.623056 0.0123074 2.53397 -0.0167537 -1.007 -0.661 -0.461 -0.096 2.012 0.382
-0.141628 0.557304 -0.20179 0.00398103 0.548928 -0.101367 -0.818 0.385 -0.496 0.009 0.224 0.21
0.0218146 -1.06913 0.689218 -0.541698 0.494148 0.609942 -0.381 -1.213 0.4 -0.528 -0.005 0.874
-0.157762 0.798493 -0.31391 0.077936 0.473354 -0.224808 -0.825 0.629 -0.594 0.077 0.157 0.081
-0.0169581 -0.510939 0.124513 0.296826 1.04766 0.360891 -0.571 -0.456 0.212 0.173 0.624 0.754
-0.110795 -0.45602 0.120324 0.363004 1.16726 0.385256 -0.72 -0.401 0.181 0.267 0.764 0.791
-0.347925 -0.357507 0.102214 0.484059 1.43709 0.386733 -1.04 -0.31 0.137 0.427 1.065 0.82
2.05673 2.2533 2.57336 1.27645 -0.249808 1.68989 1.887 1.983 2.09 0.368 -0.253 0.836
-0.772261 -0.473103 0.700259 -0.295154 0.349616 -0.489853 -0.972 -0.613 0.51 -0.197 -0.232 -0.167
-0.696699 -0.384711 0.829075 -0.359136 0.251397 -0.461424 -0.854 -0.511 0.67 -0.271 -0.334 -0.143
-0.131398 -1.02439 0.922513 -0.630303 0.442386 0.440171 -0.369 -1.06 0.605 -0.598 -0.077 0.735
1.1696 0.00638889 0.221305 0.0132326 -0.0339404 -0.22835 0.965 -0.209 -0.019 -0.176 -0.857 -0.108
1.47783 -0.216169 0.132885 -0.328299 -0.185768 -0.74126 1.261 -0.226 0.039 -0.458 -1.044 -0.573
1.36594 -0.166271 0.105287 -0.164499 -0.119207 -0.580677 1.138 -0.28 -0.075 -0.329 -0.973 -0.435
0.375269 0.940307 0.0636501 0.207371 -0.0148306 -1.03604 0.135 0.86 0.175 0.152 -0.535 -0.733
0.27537 0.802731 0.26747 0.0606444 -0.120512 -0.941977 0.022 0.726 0.347 -0.031 -0.648 -0.62
1.27545 3.20788 3.13448 1.15359 -0.634595 2.15693 1.129 2.916 2.522 0.268 -0.487 1.318
0.545653 -0.0997801 -4.09547 2.06149 3.22992 0.218726 -1.154 -1.426 -5.19 2.468 3.736 0.212
1.13075 1.13089 -0.270734 0.501991 -0.314633 -0.538277 0.594 0.625 -0.442 0.321 -1.128 -0.299
1.52314 -4.54973 -3.76949 -1.81501 0.107366 -2.37256 0.867 -6.226 -4.061 -1.363 -0.071 -2.08
1.28978 1.09752 0.317358 0.621986 0.846792 0.746178 1.236 1.041 0.247 0.573 0.359 1.015
-0.205036 1.45503 1.46737 0.00445598 0.399329 0.26167 -0.562 1.247 1.413 -0.06 -0.112 0.69
1.34728 1.17481 1.16418 0.157747 0.0535953 -0.0422735 0.91 0.833 0.931 0.121 -0.777 0.288
1.25544 0.452305 1.73967 0.399307 -0.249742 0.64355 0.903 0.312 1.997 0.48 -0.826 1.021
1.73347 0.651169 1.18856 1.21576 1.42518 1.02393 1.723 0.745 1.052 1.363 0.868 1.38
1.06074 1.49246 0.450464 0.694781 -1.71933 -0.764255 0.539 1.119 1.237 1.47 -1.961 -0.448
1.04368 3.39055 3.04896 -0.821086 1.7638 -1.88182 0.846 3.212 2.125 -0.503 1.255 -1.078
11.9185 9.22594 8.97955 2.03121 0.137589 -1.39876 9.938 8.858 8.014 3.524 -0.754 -2.642
-0.117298 -1.19792 -0.380724 0.667079 0.207881 -0.347704 -0.333 -0.749 -0.711 0.534 0.066 0.12
-5.6913 -5.437 1.89193 -2.23393 6.38481 -0.959741 -5.764 -5.103 2.807 -2.485 6.099 -0.535
-1.62985 -3.1388 -2.75069 -0.354546 1.30698 -0.178855 -2.382 -4.474 -3.766 -0.156 1.458 -0.287
12.2425 13.6329 12.6695 1.48613 -1.02316 3.46425 11.707 13.087 11.212 1.595 -0.565 2.929
-0.399465 0.492205 -0.178433 0.0969174 0.439554 0.678579 -0.87 -0.143 -0.035 0.239 0.179 0.517
-0.602252 0.575732 -0.550162 0.189605 0.58547 1.04034 -1.135 -0.06 -0.388 0.363 0.313 0.956
-0.701823 0.757927 -0.955635 0.373874 0.666624 0.962354 -1.106 0.208 -0.667 0.577 0.411 0.917
0.304565 0.623405 -0.646716 0.132567 -0.302574 -0.277515 0.473 0.269 0.036 0.235 -0.467 -0.205
0.124344 -0.342438 0.539873 0.000241422 0.379745 0.587986 -0.146 -1.008 0.433 0.117 0.139 0.475
0.159476 0.782817 -0.35936 0.361511 0.347118 -0.224632 0.216 0.579 0.097 0.489 0.248 -0.367
0.657549 0.189351 0.528902 0.129116 -0.290593 0.110877 0.407 -0.426 0.799 0.045 -0.744 -0.225
0.632501 0.996265 -0.573611 0.216764 0.171583 0.504806 0.481 0.528 -0.28 0.337 -0.086 0.32
-0.62345 0.627656 -0.211284 0.243462 0.717554 -0.0953578 -0.628 0.369 0.206 0.465 0.554 -0.177
0.995545 0.524515 0.0948829 0.179549 -0.363244 0.0923473 0.741 -0.093 0.342 0.087 -0.783 -0.238
0.408723 -0.6303 -0.689798 0.194452 0.812813 -0.176286 0.078 -1.637 -0.692 -0.201 0.693 -0.267
-0.676585 0.501781 -0.0101381 0.273723 0.592651 0.255068 -0.682 0.183 0.314 0.448 0.374 0.083
-0.348407 -0.939751 -0.463708 -0.302542 0.166297 -0.537616 -0.363 -1.449 0.213 -0.161 -0.09 -0.618
-0.826677 0.504035 -0.125053 0.175461 0.380668 0.402876 -0.832 0.139 0.178 0.302 0.13 0.2
-0.681711 -1.02564 -0.124593 0.0153368 0.425697 -0.432351 -0.926 -1.712 0.208 -0.022 0.186 -0.391
-0.0242533 -0.192243 -0.198727 -0.47052 -0.0720013 -0.163455 -0.401 -0.989 -0.075 -0.447 -0.384 -0.352
-2.03417 0.176777 -2.52043 -0.836611 -0.57796 0.313221 -2.153 -0.213 -2.115 -0.78 -0.741 0.128
-0.471878 -0.184294 -0.565037 -0.874517 0.366635 -0.162558 -0.665 -0.933 -0.184 -0.902 0.078 -0.254
-0.614177 -0.999448 -0.0893679 0.0334818 0.489354 -0.174596 -0.887 -1.711 0.137 -0.069 0.275 -0.106
-2.09061 -0.634721 -2.02807 -0.819731 0.488823 0.312193 -2.102 -1.177 -1.72 -0.526 0.277 0.165
-2.23064 -0.0479014 -3.07643 -0.88585 0.0202766 0.297402 -2.312 -0.478 -2.639 -0.77 -0.098 0.122
-2.11091 -0.557804 -2.26284 -0.854338 0.476786 0.33644 -2.128 -1.088 -1.915 -0.573 0.288 0.178
0.529549 1.88848 -2.00293 -0.0231682 0.216687 0.0895835 0.544 1.493 -1.544 -0.001 -0.01 0.047
-0.380119 1.35612 -1.22587 0.0760652 0.737231 -0.432249 -0.366 1.147 -0.638 0.293 0.606 -0.351
-0.415656 -0.273769 -0.61625 -0.775428 0.577748 -0.145174 -0.455 -0.887 -0.037 -0.764 0.297 -0.218
0.992191 -0.0818502 3.92426 -4.21461 2.25741 -0.562468 -0.221 -0.891 3.388 -3.277 2.38 0.054
-0.996998 2.45231 -4.70262 -1.10371 0.552202 -1.49859 -0.712 3.574 -4.217 -2.066 0.221 -1.456
-7.04286 -8.05173 -9.14797 0.639341 0.699562 -0.981459 -7.314 -7.732 -9.348 0.88 0.939 -1.346
0.158163 0.768962 1.20584 -0.107261 -0.88939 0.000442204 0.369 0.323 1.613 -0.019 -1.092 -0.072
0.729526 0.606392 1.33972 -0.482711 -0.198729 0.64494 0.7 0.249 1.345 -0.579 -0.362 0.57
0.0182466 0.326546 -0.391238 -0.90168 0.195662 0.121879 0.016 -0.07 -0.109 -0.856 0.032 0.137
0.959156 0.224749 0.797407 0.0109079 -0.385944 0.357409 0.917 -0.21 0.961 0.091 -0.699 0.102
0.313977 1.1121 1.06748 -0.354636 -0.457715 0.449595 0.231 0.705 1.3 -0.272 -0.896 0.135
-0.916232 0.679566 -0.0843452 -0.590441 0.523826 0.649726 -0.846 0.302 -0.021 -0.474 0.405 0.333
0.613374 -0.316499 0.36755 0.394265 0.0240363 -0.159204 0.313 -0.862 0.497 0.252 -0.081 -0.447
0.364152 0.50842 0.887242 -0.376273 -0.0160787 1.10394 0.266 -0.06 0.713 -0.35 -0.29 1.095
2.22765 1.74371 0.277723 0.643441 0.00124895 1.22369 1.822 1.209 0.147 0.638 -0.318 0.977
8.69919 7.272 10.1272 -0.978206 -4.50039 4.68779 8.474 4.903 8.85 -2.214 -3.906 3.342
8.28715 7.86212 14.2288 3.50733 -1.12155 1.5358 7.613 7.4 14.229 3.455 -1.501 0.998
9.92066 13.0376 13.5569 1.06278 -1.99136 -0.0503197 8.232 9.954 13.145 0.203 -2.64 -0.133
2.09855 -2.12572 -1.67516 0.482894 0.713727 0.594115 1.699 -2.162 -1.445 0.585 1.972 1.062
3.02005 2.00644 5.55029 -0.494806 -3.19443 2.65942 1.929 0.879 3.805 -0.327 -2.44 3.001
-6.76759 1.02777 1.55098 -0.372409 -0.262301 -3.20702 -7.103 0.121 1.497 -0.87 0.412 -3.278
0.725027 3.07539 4.99226 -2.31532 0.840127 -0.468893 -0.284 1.131 2.981 -2.842 -0.1 -0.559
3.51225 1.26728 -0.898869 -1.33667 -1.80093 -1.73025 2.157 -0.555 -2.338 -1.009 -1.206 -1.663
1.53985 5.41049 0.718268 0.217953 3.54335 -0.0300035 1.06 4.874 -0.511 0.916 3.72 0.509
1.01891 -0.97194 1.89161 -2.27319 2.13579 0.237293 0.873 -1.724 0.855 -2.508 2.625 -0.705
0.411429 -4.59592 -0.864897 1.36395 0.99055 2.71156 -1.782 -5.985 -2.033 1.184 1.599 1.485
5.20446 10.2041 5.39071 2.75487 0.162182 0.822432 2.778 7.383 3.477 2.72 -0.924 2.144
1.89509 0.759627 -2.48161 -1.15206 0.813788 0.0332495 1.664 -0.086 -3.656 -1.33 0.837 -0.113
-2.20159 -0.949388 -1.35153 -1.48036 -3.52083 2.27126 -2.899 -2.26 -1.189 -0.534 -4.011 2.506
0.549958 7.76005 0.310783 -0.635262 2.35285 -1.13275 -0.407 6.932 -0.503 -0.543 2.058 -1.085
-0.221167 -5.10938 -3.03672 2.76398 0.669891 -0.640548 -1.178 -6.021 -3.716 3.59 0.437 -0.058
11.7882 8.90774 15.0599 2.17144 3.14181 -3.38901 7.162 7.796 12.082 2.258 3.287 -3.616
1.25576 4.68834 7.48616 -0.589835 -4.53487 -2.99896 1.058 4.002 6.15 -0.469 -5.386 -3.232
-3.26858 8.33418 2.60605 1.06909 1.14301 -0.716698 -3.95 9.025 -0.264 1.062 1.251 -0.551
3.22462 2.36575 4.13287 1.36726 0.171 1.87747 1.972 0.872 2.372 0.981 0.301 1.725
-4.04275 -3.08199 1.36044 -3.73402 5.17291 -0.057042 -5.498 -5.263 -0.669 -4.692 5.366 0.444
3.32438 3.99463 9.89975 6.66045 4.78274 -0.23342 2.468 3.803 7.175 7.074 5.26 0.614
12.8141 10.6096 17.2989 5.05583 -3.13499 -3.48411 11.257 8.942 13.093 4.055 -5.054 -3.501
4.13962 13.5797 11.5738 -3.61653 -7.36169 4.06226 -0.041 10.862 10.403 -2.484 -8.381 4.165
-2.20597 0.0748991 1.01044 -2.25352 -0.773565 -1.54707 0.024 -0.048 0.222 -0.058 0.418 0.303
-2.33419 -0.16203 1.41191 -2.58641 -0.605234 -1.66491 -0.53 -0.518 0.412 -0.623 0.888 0.479
-4.13309 -4.32433 -6.08532 0.745313 -6.06548 0.319852 -1.888 1.256 -4.983 2.663 -4.611 -1.379
4.51065 -0.00432724 7.11198 0.396666 -2.85021 0.952193 0.431 -2.145 2.843 1.289 -1.709 0.62
2.31428 -1.92111 -9.72933 -4.8652 -1.88847 4.37977 6.58 2.781 -10.467 -2.85 0.066 3.943
2.28976 -2.29677 3.68952 2.01767 -4.0833 1.50016 -1.344 -2.801 0.017 3.284 -3.473 1.061
6.85953 2.66091 10.3152 -1.77313 -1.21433 0.0896473 2.61 -0.833 5.564 -1.313 0.616 -0.153
-5.74435 -1.10439 -3.77527 0.540561 -5.96555 1.40462 -6.92 3.548 -3.875 1.032 -5.326 0.169
7.609 3.50199 11.2023 -2.50229 -0.568558 -0.222815 3.354 -0.345 6.356 -2.205 1.488 -0.431
-4.85907 -3.17971 -4.1215 -1.05717 0.966139 -1.3035 -6.041 -3.58 -2.475 2.371 -1.825 -2.441
-2.20391 -0.32796 1.93675 -2.93279 -0.457392 -1.71039 -0.93 -0.828 0.72 -1.253 1.419 0.689
-6.72127 -5.68814 -4.26953 -0.74543 2.66186 -1.00151 -7.104 -5.873 -1.402 2.754 0.491 -2.263
5.18404 6.20656 3.89082 -1.44406 -0.925013 0.11439 6.716 4.044 1.067 0.686 -2.753 -1.996
0.657248 -9.12126 -6.0049 -0.232669 1.22319 0.828259 0.726 -7.153 -5.702 -0.853 3.315 2.973
0.799456 -6.4606 -8.22037 -1.67553 -2.29322 3.53297 5.51 -1.563 -8.266 0.377 1.155 3.131
2.05819 -1.80209 -0.764098 -2.95315 6.20917 2.36639 1.21 -1.672 -0.774 0.051 7.509 1.725
-3.16053 -4.54032 5.13076 2.61547 -5.02327 -5.0894 -2.246 -2.823 4.093 3.99 -1.824 -5.434
-3.47867 -1.28533 6.3285 2.50005 -5.38121 -5.38873 -3.8 0.1 4.723 3.523 -3.177 -6.264
-1.35903 1.82336 2.46509 -4.77285 0.8555 0.622809 2.053 3.372 1.206 -0.657 0.077 -0.955
-7.70145 -9.46802 -1.61249 -1.35174 6.19788 -1.19783 -7.198 -9.717 2.955 1.768 7.212 -1.663
-4.08681 -1.04675 -1.65513 -2.00937 -2.19282 0.484043 -3.336 1.405 -1.447 -0.628 0.66 0.534
-2.11342 -0.352724 2.10145 -3.09585 -0.46847 -1.64532 -1.128 -0.794 0.813 -1.555 1.633 0.783
-3.58935 -6.05248 9.10519 -1.53718 -2.55208 1.59033 -7.327 -7.789 10.954 0.622 -1.327 1.961
-0.600033 -1.19478 4.78756 -4.01469 -3.37396 1.13219 -3.178 -1.281 5.443 -2.175 -2.136 1.423
5.98981 7.86641 2.33331 -1.94061 -1.84747 -3.27867 1.151 6.966 -3.433 -0.464 -4.445 -2.136
4.02677 8.3719 0.590297 -2.72431 -3.90052 -2.46208 -0.705 7.279 -4.187 -0.479 -7.761 -1.985
5.57191 8.59332 2.27049 -2.23382 -2.86686 -2.9436 0.507 7.551 -3.569 -0.585 -6.044 -1.979
-1.04243 -0.0680168 1.90081 -0.434192 -0.878266 -1.45034 2.514 2.549 3.578 1.35 0.741 0.368
-1.27931 3.63938 2.29511 -3.78132 0.276822 -2.57886 -0.518 1.917 0.301 -1.269 1.108 -1.356
-2.53193 2.55682 0.295381 -2.90096 0.436177 0.275295 1.357 2.523 -0.065 -0.802 1.507 3.109
-1.96884 1.39281 0.644909 -3.09939 2.31432 -3.19771 1.38 2.649 1.217 -0.907 2.876 -2.455
8.24788 -0.887921 3.61694 -3.33395 4.21364 -0.817913 6.286 -3.163 1.404 -4.364 6.907 0.609
-2.1966 -0.306821 1.66992 -3.13478 -0.805222 -1.03116 -1.703 -0.055 0.561 -1.834 1.864 0.985
10.4273 4.18287 10.0904 -5.01158 4.53042 -1.33828 7.318 -0.007 6.083 -5.867 7.369 -0.831
6.79565 35.2055 33.1316 -4.40062 4.67232 3.49706 14.354 32.112 33.314 -0.003 8.762 10.679
-9.99549 -1.14495 -2.76748 1.63415 10.3009 12.1956 -7.717 6.717 0.908 4.458 11.571 5.777
7.35388 -17.5819 -17.8434 -13.5881 2.60553 -3.95467 10.655 -20.649 -13.263 -9.129 7.386 -5.219
-18.4704 -12.3517 -14.3525 -10.3704 -9.12238 -13.7457 -8.96 -11.653 -12.056 -12.501 -8.282 -10.534
-4.34012 -4.79239 25.8605 -2.05555 -12.9817 -2.68544 -9.645 -2.567 28.669 -1.287 -9.201 -1.376
0.292729 0.292489 3.40297 -0.000172497 -3.70191e-07 4.23309e-07 -0.105 -0.105 0.17 0 0 0
-1.89305 -1.89317 0.0691649 -9.91593e-06 -7.94015e-07 4.53342e-07 -0.629 -0.629 0.246 0 0 0
-0.444696 0.215872 0.915556 -0.374106 0.043985 -0.0476354 -0.073 0.221 0.131 -0.617 0.029 0.019
-0.762465 -0.744626 -1.31863 0.0296429 -0.0333717 -0.0314525 0.001 0.014 0.315 0.013 -0.036 -0.031
-2.5456 1.89316 1.73288 -1.58339 -0.254184 0.384754 -2.464 1.9 0.465 -1.455 -0.046 0.006
-2.36222 1.76215 1.78677 -1.3659 -0.271665 0.381189 -2.311 1.76 0.465 -1.245 -0.059 0
-0.701146 -0.850898 0.948558 -0.253233 -0.0658735 0.0865814 -0.449 -0.526 -0.525 -0.195 0.127 -0.241
-1.12603 2.16289 2.122 -1.13279 -0.298605 0.38288 -1.214 1.875 0.345 -1.206 -0.044 0.002
-0.44991 -0.385027 0.693438 -0.0276895 0.156235 -0.344747 0.001 0.046 0.422 -0.032 -0.024 -0.011
-1.39688 -1.0166 -0.94741 0.403755 -0.0324062 0.103791 -0.613 -0.345 0.368 0.297 0.023 0.027
-1.43161 -1.35314 -0.973904 0.0561482 -0.114375 0.049125 -0.691 -0.719 0.312 -0.034 -0.051 -0.04
-1.39289 0.388413 0.690259 0.0536391 -0.136107 0.0305758 -0.78 0.448 0.196 -0.317 -0.091 -0.02
1.09978 -0.431682 2.73099 -1.46693 0.015518 -0.0346298 0.938 -0.576 0.06 -1.471 0.016 -0.031
-2.25684 0.498771 1.8104 0.0153042 0.0534484 -0.321494 -2.161 0.219 -0.3 -0.197 0.027 -0.288
-1.57905 -1.38027 -0.439437 0.205282 -0.135885 0.129878 -0.925 -0.848 0.353 0.095 -0.045 -0.02
2.59724 -3.75798 1.23972 2.43511 -0.0358117 -0.0324651 2.339 -3.764 0.037 2.194 -0.026 -0.039
-0.0451398 -1.36321 0.714953 0.458709 -0.243716 0.210228 0.449 -0.676 0.367 0.487 -0.091 -0.011
-3.27507 -1.90937 -0.438219 0.145429 -0.113924 -0.0596167 -2.396 -1.193 0.496 0.174 -0.106 -0.023
-1.26228 -1.13687 0.123711 0.101678 -0.123262 0.0982137 -0.723 -0.637 0.617 0.046 -0.078 0.003
-4.94902 1.96137 -0.458167 -2.39883 -0.0195021 -0.0131636 -3.487 2.914 0.224 -2.164 -0.046 -0.025
-0.124738 -1.21028 1.47612 1.08872 -0.0832695 -0.0248549 -0.031 -1.116 0.184 1.086 -0.003 -0.11
-0.733345 -0.0312464 0.868013 0.523956 0.00447203 0.0927279 -0.353 0.336 -0.218 0.524 0.166 -0.142
2.14739 -2.96985 2.32095 2.37105 -0.176841 0.4158 1.795 -3.136 0.279 2.214 0.025 0.005
0.697846 -1.74719 0.628485 0.620143 -0.250091 0.210163 1.17 -1.04 0.297 0.65 -0.095 -0.009
-3.09637 0.534668 1.64636 -0.318469 -0.00926181 -0.0262992 -2.973 0.529 0.1 -0.312 0.084 -0.108
-0.123703 -2.07214 1.53106 2.39581 -0.224331 0.323345 0.102 -2.103 0.189 2.012 -0.048 -0.017
-0.9011 -0.88885 0.984552 -0.0425028 0.0552643 -0.278075 -0.598 -0.555 0.268 -0.045 -0.06 -0.085
2.0478 -1.91837 1.52362 1.51445 0.111145 -0.0316915 1.978 -2.091 -0.235 1.251 0.146 -0.111
-0.190761 -0.122655 0.770443 0.0926431 -0.2348 0.160645 0.089 0.248 -0.536 0.111 0.022 -0.295
3.41692 -2.96765 0.437976 1.4102 0.417772 -0.271345 3.449 -2.482 -0.18 1.419 0.228 0.029
-0.889647 -0.800499 -1.45338 0.104262 -0.128611 -0.122088 -0.171 -0.099 0.164 0.062 -0.139 -0.12
0.990792 -0.405181 0.964053 0.300407 -0.00863957 0.310421 1.536 -0.351 0.111 -0.121 0.136 0.098
-1.38378 -0.559459 -1.15524 0.777362 0.102282 0.191631 -0.632 0.079 0.214 0.668 0.15 0.139
4.62148 2.07604 0.00845849 -1.88467 0.11574 0.158773 5.348 2.907 0.763 -1.696 0.014 0.043
-6.84767 -4.78926 0.257198 2.96365 -0.206541 -0.0798953 -6.447 -4.376 0.239 2.923 -0.119 0.052
-3.73089 -1.46918 0.230714 1.8833 -0.00804849 0.188576 -2.573 -0.543 0.827 1.851 -0.089 0.029
-1.34663 0.0645711 0.461779 -0.729215 0.0155813 -0.475984 -0.938 0.583 -0.287 -0.647 -0.13 -0.25
2.83703 -2.80493 0.357411 1.42058 0.390431 -0.313694 2.943 -2.364 -0.268 1.433 0.195 -0.006
-1.43673 -0.513957 -1.21508 0.833844 0.11362 0.206042 -0.718 0.096 0.116 0.733 0.163 0.151
-1.13406 -0.214055 -0.409897 0.804186 0.0746634 0.320251 -0.503 0.297 0.3 0.67 0.149 0.179
-1.74659 2.08468 0.97255 -0.433633 0.163227 0.0201538 -1.846 1.817 -0.234 -0.501 0.112 0.113
-1.0796 -0.875016 -1.01906 0.0907111 0.00961574 0.107783 -0.466 -0.372 0.074 -0.003 0.062 0.056
-1.8568 0.67914 1.40375 0.119535 -0.21562 0.0364683 -1.826 0.402 -0.076 -0.096 -0.096 -0.133
-0.916205 -3.09533 -0.679577 2.07355 0.193576 0.00647402 0.275 -1.819 -0.048 2.003 0.123 0.101
-1.02765 0.337476 2.01019 0.39499 -0.387551 0.41714 -1.372 -0.042 0.109 0.404 -0.082 -0.091
1.16641 0.125782 2.09552 0.239269 -0.0906139 0.563847 0.844 -0.214 0.11 0.16 0.186 0.125
-4.95344 2.25333 -0.0785437 -1.42481 0.0546711 0.157951 -3.975 2.798 0.069 -1.24 0.077 0.061
4.0549 0.292797 0.661481 -2.79068 -0.188203 -0.206607 4.677 0.961 -1.081 -2.768 -0.017 0.01
-1.01798 -0.825535 -0.0641359 0.15654 -0.239438 -0.0396445 -0.466 -0.369 0.348 0.037 -0.21 -0.134
-0.0974491 0.0713315 0.679217 0.267719 -0.338926 0.130604 0.162 0.404 -0.661 0.271 -0.077 -0.366
-0.91183 -0.764184 0.997287 0.161115 -0.0744774 -0.317274 -0.707 -0.518 0.091 0.144 -0.162 -0.189
-2.30695 1.26888 -0.644417 -1.39788 -0.00151025 0.11401 -1.045 2.363 -0.094 -1.289 0.019 0.032
-0.481019 -3.34456 -0.754924 2.34978 0.169564 -0.019856 0.647 -2.081 -0.137 2.261 0.1 0.08
-0.904513 0.974512 1.27291 -0.260893 -0.260301 0.492253 -0.998 0.75 -0.056 -0.319 0.016 0.017
0.893003 -0.788672 -1.08379 -0.423003 0.0227157 0.0241772 0.967 -0.573 1.442 -0.426 0.176 -0.014
-5.95459 -3.00149 0.580744 2.87162 -0.34683 -0.120369 -5.186 -2.198 -0.428 2.778 -0.458 -0.14
-0.233537 -1.05413 0.855512 1.38256 -0.0201323 0.142916 -0.268 -1.25 -0.361 1.187 0.042 0.065
-1.08024 -0.736823 -0.775426 0.275676 0.0921457 0.23768 -0.57 -0.356 -0.012 0.158 0.167 0.155
-1.50465 -0.442356 1.27706 1.54811 -0.391062 0.179728 -1.251 -0.582 -0.074 1.136 -0.258 -0.109
-1.72266 0.229203 1.14658 0.862115 -0.0883877 0.126042 -1.734 -0.07 -0.23 0.631 0.04 -0.055
-3.51995 -4.48344 1.32643 -1.25289 -0.256769 -0.0190948 -3.569 -4.174 0.122 -1.067 -0.054 0.005
-0.303025 0.286692 0.93906 -0.034092 -0.460826 0.244185 -0.251 0.298 0.043 0.031 -0.289 -0.078
-1.95344 -1.21231 -0.680779 -0.0316615 -0.228049 -0.27182 -0.796 -0.001 -0.163 -0.088 -0.256 -0.214
-1.24307 -0.955103 -1.55177 0.251381 -0.285961 -0.188774 -0.614 -0.355 -0.103 0.191 -0.273 -0.235
-0.807618 -0.793032 -0.0410027 0.0767061 0.1344 0.214553 -0.447 -0.477 0.211 0.012 0.136 0.216
2.18938 -5.68237 -0.652927 2.51262 0.0585636 0.168881 2.873 -4.349 -0.104 2.41 0.127 0.083
-3.94678 1.15307 0.0423769 0.291446 0.208895 -0.0565108 -3.524 1.061 -0.307 -0.045 0.144 0.076
-1.40222 -0.792118 -0.220328 0.433295 0.299079 -0.228053 -1.014 -0.441 0.08 0.389 0.114 0.111
-0.00700084 0.157775 0.810007 0.25291 0.00223403 0.213345 -0.064 0.164 -0.252 0.295 0.076 0.091
-0.658825 -0.0948253 0.991806 -0.310577 0.198243 0.315086 -0.72 -0.114 -0.143 -0.28 0.282 0.125
-2.08105 1.15619 0.735572 0.226182 -0.00671992 0.205776 -2.039 0.858 -0.472 0.055 0.068 0.115
-1.38467 0.529486 0.913924 -0.0732223 -0.276013 0.157356 -1.033 0.385 -0.26 -0.474 -0.156 -0.073
-1.74271 -0.936431 -1.52415 0.609771 -0.125717 0.00122454 -1.158 -0.414 -0.272 0.552 -0.085 -0.067
-2.27257 3.26443 1.03287 -1.82594 -0.547347 0.435968 -2.272 2.744 -0.142 -1.796 -0.268 -0.041
15.5037 7.0802 0.928606 -7.52222 -0.267717 -0.0395027 14.511 6.91 0.167 -6.861 -0.051 0.138
-2.70953 2.52762 2.11712 -1.41152 -0.153525 0.351805 -2.977 1.926 -0.169 -1.376 0.11 0.021
-2.39815 0.513973 -0.124334 -1.00389 0.166301 0.249218 -1.677 1.062 -0.17 -0.882 0.225 0.129
2.24708 -2.6099 1.5624 1.74763 -0.194267 0.39419 1.815 -2.782 -0.107 1.738 0.033 0.04
2.86732 -2.33597 1.93204 1.5824 -0.0105685 0.57402 2.178 -2.708 -0.118 1.495 0.267 0.105
-1.13502 -0.975026 0.693739 0.123575 -0.146451 0.251212 -0.959 -0.76 -0.888 0.149 0.125 -0.21
-0.620771 -2.95444 -0.91747 1.72931 -0.0747836 -0.224747 0.422 -1.745 -0.34 1.616 -0.135 -0.12
-1.38271 -1.05634 -0.35492 0.213523 0.198702 -0.386635 -1.024 -0.729 -0.051 0.191 -0.019 -0.001
8.87798 1.92148 0.426627 -4.96985 -0.282497 -0.0823479 8.924 2.539 -0.202 -4.667 -0.5 -0.138
-1.09715 -0.661453 -0.182725 0.368605 -0.331399 -0.129873 -0.629 -0.306 0.12 0.243 -0.299 -0.217
-2.47847 3.92281 1.06466 -1.83116 -0.41681 0.458966 -2.563 3.38 -0.223 -1.763 -0.133 -0.015
-1.34776 -0.978644 -0.676046 0.279693 -0.307589 -0.0913183 -0.827 -0.566 -0.051 0.194 -0.258 -0.15
-0.47012 -0.0967193 -0.142238 0.312847 0.366154 0.0136187 -0.162 0.214 -0.55 0.286 0.284 0.108
-0.808431 -0.324279 0.958302 0.538107 -0.194519 -0.343902 -0.748 -0.222 -0.203 0.512 -0.249 -0.283
-5.86725 -4.0806 2.44886 2.34846 -0.553989 -0.387552 -4.37 -2.9 1.476 2.087 -0.493 -0.17
-4.54208 -3.24613 3.08987 0.715928 -0.661796 -0.584153 -3.132 -2.097 1.382 0.484 -0.648 -0.362
-0.838875 0.485941 0.781315 -0.47327 0.199149 0.320183 -0.908 0.44 -0.277 -0.43 0.283 0.167
0.296879 -0.883137 0.495936 1.23238 -0.433545 0.167538 0.327 -0.801 -0.173 1.254 -0.288 -0.102
9.15296 2.09546 0.380405 -5.77493 0.0664423 -0.150406 8.954 2.356 -1.668 -5.4 0.294 0.198
3.31789 -3.51958 1.48048 2.40188 -0.314711 0.377231 2.65 -3.646 -0.141 2.362 -0.09 0.036
15.9651 5.25313 -0.20012 -8.64469 0.182237 -0.0597084 15.326 5.488 0.661 -7.808 0.058 -0.107
-0.124476 0.288293 -0.176366 0.312304 0.2199 0.354819 0.109 0.467 0.043 0.238 0.241 0.328
-13.6 -3.15268 -0.0684331 9.18707 -0.0385627 0.0161994 -13.337 -3.037 0.373 9.122 0.024 0.012
-14.3652 -6.85398 0.754632 6.09442 -0.2155 0.09647 -13.355 -6.034 0.917 6.099 -0.274 -0.106
8.3511 2.65046 1.46375 -4.84694 -0.138653 0.245828 9.158 3.693 1.195 -4.553 -0.192 0.17
-6.00096 -1.52857 1.58102 3.99605 -0.0420756 -0.00462162 -4.779 -0.752 0.791 3.701 -0.465 -0.117
-4.5059 -0.455212 0.409721 3.79712 0.0323364 -0.0262874 -4.104 -0.589 -2.675 3.474 0.752 0.465
-3.83323 -1.04992 1.64682 2.41914 -0.0697091 -0.0758263 -2.571 -0.182 0.833 2.167 -0.483 -0.162
-7.31479 -3.65711 2.2777 3.86595 -0.458726 -0.0145433 -5.902 -2.453 1.455 3.717 -0.416 0.107
-10.0581 -3.80658 0.540945 5.03278 0.143653 0.0725446 -9.624 -3.485 -2.311 5.011 0.686 0.489
14.7855 4.16719 0.40412 -8.17636 -0.199622 -0.105192 14.136 4.479 -0.091 -7.527 -0.481 -0.193
-6.46578 -2.83926 2.24012 3.64962 -0.374946 0.0271914 -5.074 -1.612 1.454 3.54 -0.331 0.133
-11.2425 -3.56031 1.19794 6.73053 -0.18288 0.20938 -10.204 -2.757 0.517 6.587 -0.606 0.008
-11.0769 -3.88811 1.12658 6.17811 -0.25176 0.193307 -10.036 -3.009 0.46 6.09 -0.67 -0.014
2.86461 0.423576 1.9096 -2.51738 -0.228549 -0.220709 4.2 1.604 0.936 -2.586 -0.58 -0.236
0.527636 3.84752 -1.81383 -1.53074 0.480439 0.356656 1.145 4.629 -0.296 -1.722 0.304 0.375
1.16766 1.57852 2.64713 0.240993 -0.0800856 -0.44495 2.474 2.435 1.572 -0.163 -0.02 -0.135
5.45855 -2.6347 0.0831269 3.06443 -0.249016 0.357979 6.001 -1.969 -0.026 2.718 -0.146 -0.085
25.7057 14.8503 0.398485 2.61247 0.297633 -0.0451788 23.97 13.707 0.862 2.415 0.272 -0.14
5.22815 12.7311 0.364354 -1.5076 -0.0681585 0.0580713 5.844 11.894 0.597 -1.276 -0.225 0.051
0.385917 2.69041 2.15393 -3.91364 0.199488 0.156404 1.152 3.904 1.021 -4.07 -0.184 -0.279
-1.71192 6.82172 6.7316 0.830583 0.715782 -0.343819 -3.559 0.345 -2.727 1.384 -3.725 -0.121
2.3195 8.1432 7.47317 3.40885 -0.877323 -2.79235 -0.131 2.448 0.274 3.215 -3.685 -2.504
4.16498 -2.8524 -1.29433 3.99482 -1.29164 -1.16292 4.741 -2.016 -0.741 3.744 -1.233 -1.324
-2.72398 -8.18161 -1.2057 6.37069 -0.197936 -1.5646 -2.126 -7.124 -0.039 6.06 -0.375 -1.618
21.1429 29.7615 1.70033 -6.27975 -0.171536 0.573094 18.818 26.792 0.449 -5.984 -0.152 0.533
3.86825 8.57828 8.0217 0.976615 -1.87552 -0.522046 1.184 2.832 1.05 1.024 -4.26 -0.439
5.14857 2.30665 3.33173 1.55919 3.57735 -0.908645 2.595 -4.658 -5.629 1.164 -1.89 -1.551
4.97851 4.70153 4.78161 -3.87173 1.21424 2.78444 2.315 0.777 0.854 -3.391 -0.411 2.322
1.83589 1.83593 1.83594 -0.000275713 -8.04466e-05 -0.000178259 1.262 1.262 1.262 0 0 0
3.17107 2.14728 2.95198 1.48739 3.56928 -0.782885 0.832 -4.977 -6.366 1.15 -2.137 -1.352
-5.4093 4.79844 0.254432 -3.94681 -0.627249 -0.39834 -5.328 4.783 -0.679 -4.213 -0.602 -0.72
-3.31714 5.14317 5.89386 -1.08729 0.356477 0.269541 -4.898 1.085 1.812 -1.189 -1.263 -0.131
10.0594 0.685344 2.76348 -2.99019 -0.230947 -0.342363 10.141 1.242 0.764 -2.732 0.848 -1.235
5.62222 6.58449 5.70659 3.91511 -0.513742 -3.57343 2.891 2.431 1.056 3.282 -2.154 -3.202
-2.96971 3.03991 4.50837 -0.365068 1.74975 -0.147238 -4.051 0.802 2.572 -0.569 0.778 -0.247
1.97938 5.24369 4.92274 -2.79306 0.785983 1.70147 -0.162 2.126 2.719 -2.592 0.057 1.41
2.78582 -3.76521 -7.0675 3.41338 3.22513 -2.49413 1.137 -4.836 -8.374 4.191 3.292 -3.697
2.68252 0.319525 -7.3379 2.43444 1.06217 -4.83587 1.544 -0.898 -8.535 3.531 1.001 -6.357
17.7334 27.5432 -1.12222 4.62221 -1.03979 0.209991 15.964 25.205 0.12 4.265 -1.084 0.141
-11.8068 -6.0504 0.358608 -2.09493 0.553694 -0.146506 -11.062 -5.013 0.361 -1.835 0.503 -0.77
6.94348 4.64374 4.88201 -0.97309 1.85332 1.40009 3.79 0.471 1.332 -1.32 0.353 0.715
1.86652 -3.87322 -1.00095 -3.77944 -0.457036 1.05784 2.677 -3.956 -0.822 -3.506 -0.612 1.006
-1.81015 2.11643 2.05886 2.71298 2.56507 -1.68068 -2.969 0.236 -0.093 2.385 1.492 -1.184
1.54322 1.54282 -2.54749 2.96668e-05 -0.000112597 0.000105831 -0.042 -0.042 0.022 0 0 0
5.46336 4.44517 4.73235 -0.646207 1.9216 1.22591 2.547 0.555 1.701 -1.064 0.673 0.621
-0.0294807 -0.11762 2.77863 -0.168979 4.34514 0.440887 -0.789 -0.357 2.712 -0.547 3.607 0.646
0.53668 -11.3458 0.242505 -4.37477 0.567673 -6.89407 0.418 -13.452 -1.147 -3.653 -0.469 -7.516
-6.49224 0.983362 -1.04211 -2.96655 0.57425 0.207985 -5.881 0.62 0.007 -2.745 0.548 0.269
0.401245 0.462569 -12.2235 -3.77105 -3.00036 -7.84508 -0.6 -1.929 -14.011 -2.802 -3.569 -9.029
2.28685 4.00274 4.49993 0.144867 2.15248 0.701922 -0.189 0.618 2.38 -0.366 1.308 0.244
-5.96901 -3.07062 -7.15974 5.5422 0.889222 -0.335858 -9.878 -5.678 -5.213 7.441 1.109 -0.487
-3.07592 0.308997 0.422483 2.73071 4.19609 -1.52365 -3.75 -0.588 -0.726 2.298 3.005 -0.975
8.08688 1.42954 2.28339 0.726543 2.90763 -0.730511 6.13 0.199 0.894 0.043 1.858 -0.476
-3.80782 4.49366 4.70477 0.489169 1.658 -0.629824 -5.298 2.24 4.204 0.151 1.432 -0.711
2.46114 0.413154 -3.11064 -0.194994 -0.138962 0.207225 0.76 -0.475 -0.239 -0.008 0.057 -0.114
8.39961 -3.00219 3.54352 -3.47984 -0.707167 0.47845 9.467 -2.16 1.284 -3.129 -0.351 -0.334
0.52045 -0.633668 -7.39738 -5.99863 -3.90663 -6.4181 -0.093 -2.537 -8.833 -5.625 -4.414 -7.082
7.97763 0.313479 1.90037 -0.220859 3.84688 0.354325 6.256 -0.306 1.066 -0.821 2.782 0.543
-4.58741 4.27089 4.70714 1.04182 1.90343 -0.944709 -6.045 2.06 4.287 0.626 1.685 -1.011
-0.0295673 -8.30692 3.32775 -1.46893 0.939364 -9.01146 -1.22 -9.639 2.541 -0.167 0.422 -10.867
-8.38229 -6.93827 -2.70792 6.28467 -0.322739 -0.175332 -11.538 -11.522 -1.021 7.501 -0.253 -0.267
-2.15928 3.49044 4.37359 1.37311 2.55453 -0.281835 -4.069 0.698 3.256 0.785 2.048 -0.571
2.52183 0.200943 -3.35592 -0.210741 -0.215931 0.303891 0.84 -0.472 -0.349 0.02 0.072 -0.177
-3.5474 -3.07798 -7.41871 1.62313 -0.294595 -0.35481 -5.323 -6.463 -5.193 2.581 -0.353 -0.594
-3.5792 -6.91886 0.652756 0.701529 2.84045 7.97915 -5.153 -7.418 0.454 -0.994 3.697 9.068
0.475117 -1.20843 -4.03698 -6.8114 -4.21163 -5.47894 0.089 -2.69 -5.264 -6.735 -4.681 -5.801
-0.0983778 -4.70588 1.02892 -2.91726 0.76714 -1.75621 0.877 -3.817 0.42 -2.51 0.93 -1.698
2.99442 8.8996 -0.0996558 -1.3382 -4.25324 -8.21222 3.66 7.677 -2.173 0.032 -5.001 -8.932
6.04819 -0.256863 -5.71825 -2.68194 0.974753 -0.869392 6.167 -2.791 -2.984 -1.995 1.158 -1.252
-6.1656 -2.20631 -2.57528 1.3539 -1.28894 -1.03782 -9.017 -4.794 -0.274 0.674 -2.021 -0.424
2.44862 -3.09051 6.70994 3.1668 2.13342 4.77892 2.037 -3.309 4.398 2.543 1.735 5.991
0.799252 -0.562446 -1.77431 0.960558 -0.72851 0.178548 0.044 -0.286 -1.804 0.785 -0.166 -0.658
-2.76436 -0.978977 -2.94763 0.830645 3.04856 3.68962 -3.425 -0.844 -3.553 -0.216 3.626 4.564
8.12961 6.0126 -2.06783 -4.42497 0.123847 1.01068 10.369 4.249 2.029 -5.985 -0.003 1.234
7.56377 4.49044 -1.09628 -3.62014 0.194734 2.0342 9.315 2.856 2.731 -5.565 0.595 1.746
-1.60894 -1.34405 -0.326424 -2.92714 0.163493 -1.15557 -1.278 0.137 -0.417 -2.965 0.037 -1.165
-12.4756 -6.51516 -0.0473575 2.74571 -1.07477 2.78808 -12.314 -6.555 -1.705 1.485 0.004 2.214
-11.4908 -7.53828 -5.69839 4.64405 0.329374 0.845072 -15.312 -11.525 -3.57 6.319 0.445 1.405
2.55255 1.61733 -2.2874 -1.23409 0.448239 0.75567 3.242 1.707 -1.946 -1.169 0.594 0.58
7.56178 6.49633 -3.03855 -4.50781 -0.152486 0.174023 9.915 4.557 0.863 -5.63 -0.67 0.64
-2.23115 -1.03512 -1.62078 0.90809 3.75206 3.42266 -2.621 -0.487 -1.912 -0.213 4.356 4.308
0.460859 -1.61442 -2.22228 -0.229917 -1.25747 -1.35343 -0.542 -2.487 -3.693 -0.518 -0.814 -1.888
-0.379869 4.88164 -8.44549 -3.28306 -1.70413 3.85752 0.571 4.177 -8.955 -4.712 -2.208 6.194
-1.02877 -0.914942 -0.741569 -0.526275 -1.48827 -2.12869 -0.846 -2.263 -2.798 -0.904 -1.404 -2.025
1.52594 -1.56561 -7.33831 -1.23153 1.71442 -2.21017 -0.59 -2.563 -6.872 -1.839 2.279 -2.823
8.86289 -2.73211 -5.58977 -3.7548 1.63759 -0.634742 9.376 -5.434 -2.771 -2.923 1.705 -0.716
-6.7822 2.98713 -2.25037 5.00278 1.11659 0.828281 -7.766 -0.262 0.238 5.981 1.667 0.894
-8.19635 4.42432 -7.11932 7.28609 0.890177 1.61355 -11.3 3.228 -4.685 6.59 1.784 0.875
1.27727 -1.73787 2.31789 -4.3113 -2.11815 -3.58779 1.433 -3.049 -0.94 -4.224 -2.754 -2.7
7.74098 -3.4373 -1.49461 4.88936 0.391368 1.42803 8.016 -3.27 -0.693 4.783 0.359 1.434
12.583 4.79276 0.596956 -4.65791 -1.69862 -0.0520093 13.945 5.823 4.458 -4.19 -1.096 -0.707
-2.4691 1.08063 -2.2547 8.4105 1.43089 -0.297184 -4.01 -2.005 -0.219 10.426 1.188 -0.253
3.33042 3.25728 -5.58375 -2.69083 -0.780248 -0.548385 4.721 0.681 -2.304 -2.97 -1.414 -0.282
-1.19252 -13.5287 12.5854 -4.62555 4.22883 1.79832 0.146 -16.269 12.03 -6.105 5.013 2.982
6.22478 -5.48899 0.694951 2.11804 -0.306269 -0.654178 7.55 -5.374 0.0960001 1.859 -0.118 -0.273
2.24355 1.51153 -6.00687 -9.77651 -1.31558 -2.22397 3.327 0.788 -6.066 -10.432 -2.241 -0.138
-0.948881 2.86394 -2.18999 8.27584 1.83426 -0.328375 -2.1 0.262 -0.023 10.294 1.421 -0.194
-0.328267 -2.91691 -1.39843 2.26322 1.11528 0.017493 -0.566 -3.076 -3.6 2.213 1.285 0.225
0.40411 4.03322 -2.17947 7.73978 2.11618 -0.329526 -0.476 1.858 0.106 9.666 1.56 -0.095
4.40062 1.88083 -0.0645306 3.38562 -1.75877 -0.979529 3.107 1.198 2.883 2.244 -1.13 -0.779
-1.8287 -0.0943693 1.77218 1.36653 4.01882 2.05485 -0.8 1.224 2.427 0.37 4.506 2.907
0.231439 -0.369965 0.0750721 -5.72188 1.432 0.0121041 -2.742 -0.106 2.969 -6.049 1.266 0.455
2.81659 -6.02736 -1.78418 2.65874 1.29378 0.677808 3.075 -5.978 -1.828 2.476 1.635 0.949
11.8238 -1.23372 -0.945747 -8.01609 -0.0595145 -3.32531 12.912 -2.868 2.371 -10.883 -1.432 -2.2
-2.3523 0.715635 2.92331 1.66196 2.68591 0.865845 -0.332 2.139 3.821 0.78 2.989 1.683
11.3988 -1.11287 -1.16769 -7.90351 -0.0662678 -3.29811 12.123 -2.567 2.078 -10.875 -1.38 -2.187
4.07693 1.46416 -3.62938 4.10507 -1.99605 -3.04392 4.497 1.786 0.673 3.713 -1.543 -2.39
-4.34326 -1.70031 -0.578627 4.94224 -0.12186 1.62616 -6.362 -3.137 2.157 2.388 0.62 0.728
-11.2889 3.07528 0.339016 1.32839 1.65332 -0.857495 -10.741 3.751 -0.789 2.111 1.861 -1.202
-1.5722 -6.76134 1.98209 -3.72028 0.396384 1.32941 -1.569 -6.496 2.132 -3.672 0.201 1.394
1.98596 -1.78796 -3.62796 -1.40984 -0.52854 0.836207 4.493 -1.374 -2.035 -1.39 -0.679 0.039
0.995746 -0.233083 -1.81726 0.0176817 0.0117449 -0.843047 3.814 0.207 -0.695 -0.007 -0.222 -1.752
-11.0832 -11.4265 5.94698 -2.85449 2.71489 0.192332 -11.516 -10.617 2.239 -2.589 1.353 0.493
0.384921 1.42973 -1.29817 0.122112 0.211911 1.91138 1.024 1.077 -0.35 0.495 -0.015 0.264
-1.83919 -1.67675 -3.19008 3.10141 0.797973 1.32891 0.117 -1.372 -2.173 3.566 0.746 0.808
4.21585 -3.76046 -1.9237 -0.687413 -1.26679 0.837164 5.165 -3.58 -0.277 0.004 -1.363 -0.467
4.67802 -4.01666 -2.7228 -1.32051 -0.689792 1.3322 5.759 -3.915 -1.25 -0.415 -0.86 0.11
-9.00664 -0.602782 1.70011 0.158978 -1.12082 2.13219 -8.288 -1.505 3.361 0.276 -1.161 2.132
0.449195 -1.29366 -0.620391 1.97927 0.962978 -2.1238 2.83 -0.962 0.128 1.876 0.467 -3.102
5.4983 -2.6783 -3.38031 -1.79994 0.046482 1.9434 6.669 -2.701 -2.091 -0.748 -0.192 0.788
-2.35828 -0.545401 -1.47689 -1.26544 -0.652025 2.09949 -1.635 -0.946 -1.178 -0.785 -0.751 0.832
-0.229794 -22.8819 3.35124 -4.73596 6.31976 2.15285 -0.257 -23.579 2.397 -6.573 5.68 2.89
1.21651 -0.479171 -0.652141 2.67056 0.446816 1.159 -0.728 0.407 0.166 1.081 -0.041 0.664
-7.15887 -3.10082 0.768888 0.855769 -1.03021 0.18296 -6.424 -2.44 -1.873 0.922 -0.003 -0.699
-3.0441 -1.90933 -1.49597 -1.27208 -0.717636 2.03064 -2.198 -2.196 -1.167 -0.772 -0.821 0.865
-4.147 -2.99656 -2.06445 -3.53744 0.373952 -2.46095 -6.195 -1.302 -2.558 -1.896 0.263 -1.39
-18.8879 -2.48598 -10.303 -10.7974 10.981 14.6481 -18.44 -1.116 -10.478 -9.074 10.607 13.934
-7.02955 1.53322 -0.335863 -0.279864 1.35757 -0.101953 -7.049 0.777 0.974 -0.169 1.001 -0.905
-1.22414 0.927809 -6.93524 0.855143 -0.00463933 2.83635 -0.605 0.434 -5.122 1.316 0.384 1.823
0.39022 1.73043 -7.50821 3.1307 0.914353 2.75497 1.235 1.055 -6.09 3.411 1.196 1.506
-0.108223 1.78197 -7.49825 2.73959 0.665718 2.74119 0.677 1.151 -5.971 3.04 0.98 1.533
-1.75151 3.885 -1.00523 0.230036 -0.995997 2.51455 -0.098 4.148 0.743 0.613 -0.897 1.164
-2.35122 -1.59157 -1.5912 -0.0424302 -1.38542 0.372546 -1.386 -1.929 0.263 -0.13 -2.12 -0.819
2.38597 2.12291 14.7977 -11.5767 -13.2031 0.0991701 3.074 1.281 11.649 -11.116 -10.615 -1.163
-2.35792 -3.01942 -2.90523 -1.2055 -0.74784 0.315491 0.055 -2.446 -1.81 -0.486 -0.52 -0.046
4.3296 -0.295616 -4.27105 -1.59958 1.6142 -0.505843 3.565 -0.748 -1.648 0.238 0.21 1.164
-5.97246 -3.59791 -1.24616 -0.879408 -0.733502 1.12275 -4.241 -3.23 -0.198 -0.249 -0.883 0.37
-1.09077 -5.77942 -2.49619 -0.952618 -2.03443 3.05509 -1.724 -5.48 -2.696 -0.475 -1.621 3.408
1.08602 1.13267 -2.24505 0.167273 -0.387021 -0.0813546 0.131 0.182 -0.215 0.126 -0.329 -0.04
-0.467542 3.11263 -1.03081 0.321901 -0.252079 -0.920496 0.363 2.744 0.554 0.34 -1.071 -2.028
-0.277592 -7.7481 -24.6254 -1.57365 -0.305215 1.13728 -3.931 -8.214 -21.307 -0.672 0.431 0.44
-3.37199 2.01682 0.0659642 -1.31359 -0.854956 0.235291 -1.399 2.011 1.086 -0.967 -0.729 -0.722
-2.47392 1.41951 -2.21407 -1.38354 0.79926 0.845205 -1.167 1.611 -1.148 -1.477 0.323 -0.554
-5.66686 0.832535 -0.0203878 -4.12948 -0.735869 2.468 -4.798 -0.052 1.541 -3.383 -0.793 2.638
-0.997047 -1.16671 -2.97462 -4.33438 -0.740129 -0.062295 0.762 -0.794 -1.964 -3.295 -0.261 -0.741
-2.32159 -1.11661 -1.0413 -2.54926 -1.81145 0.00671605 -2.628 -0.979 -2.906 -2.592 -2.369 0.244
6.86016 -6.39385 0.293126 -1.59887 -0.722307 0.553791 8.091 -6.974 -0.112 -1.375 -0.6 0.557
-1.39481 -0.958825 -2.90262 -3.34676 0.20103 0.120033 0.058 -0.773 -1.861 -2.186 0.693 -0.702
-3.27629 1.85727 -0.979095 -0.402926 1.10581 0.507891 -1.974 1.61 0.347 0.744 1.385 -0.45
-1.03421 -3.12835 -6.3014 -1.23941 -1.60867 -0.200391 -1.861 -4.297 -6.246 -1.535 -1.734 -0.1
-9.23405 -11.7173 -5.00761 -3.59636 1.26838 -0.7138 -11.256 -10.129 -5.077 -3.028 1.421 -0.08
1.85416 -1.10295 -7.97809 -2.38662 -0.0965169 -0.256212 -0.079 -1.907 -4.779 -1.002 0.236 -0.422
2.63375 2.72281 -2.79541 1.13913 -1.98611 -0.126709 1.152 1.44 -0.593 0.863 -1.6 0.057
0.0585829 -1.35714 0.078324 -1.37464 -0.260285 0.775047 -0.529 -1.763 1.225 -1.146 -0.342 0.832
9.50202 -19.4367 12.3461 1.48027 1.41179 -2.84452 8.69 -15.236 12.801 1.145 0.744 -2.226
-4.24922 -3.40588 -3.60895 0.808364 4.34917 4.22398 -4.146 -3.267 -1.217 0.743 4.942 5.773
3.46386 1.05198 -5.6745 0.722306 -5.50689 -3.73359 2.162 -0.556 -4.556 0.2 -6.24 -5.327
-1.4085 -3.22071 -5.98436 -1.98874 3.51955 3.22267 -1.552 -3.34 -3.97 -2.064 4.219 3.957
-3.05583 -7.2818 4.65746 2.65441 0.444821 3.20961 -3.69 -3.347 7.226 1.948 -0.156 3.108
-2.64835 4.82076 -5.81974 0.907651 -2.02323 -0.621075 -3.472 4.187 -3.992 1.107 -1.585 -0.563
-4.92873 -4.9089 -7.88322 0.523505 2.82099 2.38734 -5.476 -5.21 -6.876 0.4 2.763 2.243
0.218973 -2.37783 -3.76948 -2.16664 -0.261366 0.49629 -0.537 -3.014 -0.876 -2.173 -0.399 0.769
6.06429 22.7241 0.950498 4.18897 -0.118081 0.275543 4.781 20.821 -1.589 4.443 -1.456 0.251
-0.391135 -0.683992 -0.577735 0.720777 -6.85141 -5.83669 -2.124 -1.646 1.753 0.66 -9.034 -6.627
1.96477 -0.281502 -4.33647 0.415385 -4.50998 -3.23009 0.869 -1.479 -3.146 -0.046 -5.054 -4.975
-0.768981 -0.679416 -1.04471 1.08923 -6.68412 -5.87525 -2.513 -1.52 1.013 1.018 -8.902 -6.603
2.18986 0.635052 -1.79443 2.43401 2.27465 1.20368 2.186 1.11 1.785 2.1 2.029 1.232
-2.3834 0.667604 -2.61105 -0.947193 2.12593 6.2652 -4.213 -0.942 -0.207 -1.076 1.012 3.713
-3.90492 -7.75208 0.144334 -0.294905 0.663008 -0.550386 -3.704 -7.552 -0.198 -0.668 0.597 -0.471
-3.27417 -6.89694 -0.698973 0.861126 1.22107 -0.627035 -3.291 -6.522 -0.974 1.24 1.671 -0.429
-0.585156 -0.917378 -0.86493 0.506444 0.656204 2.02722 -1.077 -0.825 2.217 0.611 1.232 3.72
-3.72718 -2.62013 -4.00307 -0.717513 3.33144 1.77865 -4.655 -2.554 -2.957 -0.698 3.557 1.363
-8.41437 -2.57963 -0.952431 -4.80995 0.136084 0.429206 -9.411 -1.122 -0.721 -5.017 0.12 0.411
0.0219998 0.511205 -0.97486 -3.48842 0.212771 -0.317014 0.418 0.735 3.233 -2.404 -0.01 0.024
-1.50282 -0.903105 -0.306654 1.02569 1.03122 -0.114525 0.173 0.141 0.393 0.66 0.252 -0.386
4.06541 2.29582 -5.65827 -1.1695 -1.46353 0.420491 2.536 0.865 -4.301 -1.207 -0.914 0.758
-2.44388 -0.838219 6.62279 0.548085 2.48979 -0.325934 -2.354 -2.758 10.687 0.601 2.006 -0.555
12.9584 18.5428 0.712843 5.49797 0.615707 1.42491 11.386 17.074 -1.008 4.963 0.678 1.405
2.40652 3.48452 -3.61845 0.459626 -1.61838 -2.64185 1.494 3.287 -2.397 0.358 -1.793 -2.408
2.64398 3.84186 -3.44747 0.275711 -2.17573 -2.56837 1.545 3.578 -2.044 0.306 -2.168 -2.155
-1.55349 -0.248145 3.55208 1.38645 3.39877 1.26234 -1.464 1.111 6.384 1.127 4.794 0.571
4.94384 4.24881 -3.8406 -0.774418 -0.476199 0.488742 3.299 2.899 -1.909 -0.708 0.554 0.854
-1.18602 0.310768 0.00438509 1.11808 6.85329 4.92153 -0.803 1.583 0.751 0.978 8.844 6.764
2.52987 -2.63442 -1.16996 1.70851 0.079748 1.34181 3.58 -1.84 -0.733 1.692 -0.296 0.206
-1.32021 -2.91946 -0.0273456 -0.14357 -0.903512 -1.53183 -1.778 -2.748 1.564 -0.381 -1.121 -3.106
-10.7008 -14.1527 -2.98933 1.98764 -1.84891 -0.167463 -9.793 -13.966 -4.043 1.595 -1.823 -0.374
3.7357 3.65462 0.517243 1.37498 -0.575156 -0.904812 3.344 4.183 1.928 1.037 -0.302 -1.708
-2.0048 -0.207296 -4.1277 2.44849 -0.940861 -1.22619 -3.08 -0.009 -3.238 2.367 -1.634 -0.724
2.88801 -1.88538 -2.94939 2.21492 1.1173 -3.70698 4.486 0.031 -1.037 1.767 -0.028 -3.455
-11.2636 1.02406 -5.4356 -0.387109 0.67892 -3.58368 -8.567 1.01 -4.451 -0.316 -0.234 -3.683
5.51154 6.3994 5.68273 1.00847 -5.09417 -5.47247 5.023 6.681 7.097 0.487 -6.405 -7.2
5.05199 5.32957 3.41457 1.41567 -2.82175 -3.10971 4.63 5.767 4.901 0.978 -3.265 -4.299
5.41233 5.91757 4.53086 1.34021 -3.74572 -4.05174 4.977 6.306 6.009 0.861 -4.521 -5.428
0.0891171 -1.66052 3.32962 -1.70873 2.47393 2.10291 0.742 -0.891 3.735 -1.418 1.982 2.175
2.08698 -1.8109 1.15715 -1.55515 1.65247 0.558926 3.114 -1.085 0.913 -1.178 1.017 0.852
-10.4103 1.58712 -5.01417 -0.0949631 0.795479 -4.33093 -7.592 1.974 -3.721 -0.169 -0.269 -4.301
1.65864 1.65208 3.18519 -0.89447 2.8833 7.52945 2.547 2.975 3.436 -1.053 2.566 6.71
12.3238 -1.66169 -0.540806 -0.750057 0.42843 2.28638 11.719 -0.306 -0.228 -0.333 -0.058 1.694
1.19611 -2.02072 0.800723 -2.5512 2.97475 0.580054 2.267 -1.1 0.633 -2.565 2.093 0.855
9.03705 2.79331 4.95785 -1.06747 -6.39653 13.027 10.922 4.113 6.108 0.399 -5.808 11.962
13.0115 -4.67879 1.71441 4.24446 3.97341 2.61708 12.693 -2.344 1.875 3.761 3.395 1.912
3.0596 1.56239 -6.73424 -2.60968 -0.812451 7.12347 4.458 1.829 -5.991 -2.193 -1.179 6.684
2.72439 0.896118 -5.71525 -1.57257 -0.836845 6.73371 4.15 1.245 -5.062 -1.349 -1.245 6.353
-14.9166 0.462504 -2.59609 1.52024 1.61723 -6.71589 -11.644 0.996 -1.557 1.334 0.676 -6.241
-8.06887 -0.604846 0.380612 -2.79919 -1.70055 1.9869 -7.114 -1.513 0.306 -1.915 -2.125 1.494
-12.77 4.33628 1.3737 2.76683 -2.09932 0.348307 -12.263 3.574 -0.282 3.089 -2.134 0.438
-15.2569 -5.24217 -4.96949 2.70705 -2.33368 -4.07655 -15.215 -6.213 -4.816 2.262 -2.499 -4.694
-0.420245 -2.32355 -3.60053 -4.81742 1.96461 -3.12099 -2.426 -3.144 -2.378 -3.89 1.685 -2.646
-13.3231 0.347831 -3.7086 0.963872 0.705364 -6.50019 -10.015 1.004 -2.458 0.891 -0.054 -6.35
-5.44603 0.203606 -5.40117 -0.208135 1.01847 -2.61795 -4.297 0.225 -4.481 -0.798 -0.043 -2.457
-0.7614 -0.256944 0.920912 1.83685 1.80707 -0.182127 0.456 0.581 1.372 1.297 0.844 -0.504
2.43188 -0.202088 -2.6399 -7.20623e-06 7.05694e-06 -6.54658e-06 0.031 0.042 0.016 0 0 0
11.4942 -0.291159 -1.15166 -2.66374 1.83133 4.96635 10.919 0.532 -1.418 -1.749 1.375 4.348
1.5025 -1.45217 1.97237 1.53656 1.55318 -6.82938 2.352 0.207 2.175 0.723 -0.157 -5.639
-4.58771 0.141115 -4.32418 0.430173 1.24359 -2.00313 -3.501 0.265 -3.474 -0.202 0.165 -1.925
-28.763 25.5259 -26.1643 7.16696 -14.8428 -4.10464 -29.089 22.444 -30.997 10.106 -13.633 -5.544
-7.92296 -1.97547 1.61965 1.59084 4.01671 -7.48952 -6.563 -1.904 1.26 1.375 3.104 -6.285
-4.8107 -2.17385 -1.02237 0.966093 0.729357 -9.33782 -3.646 -0.969 -0.479 0.155 -0.765 -7.912
10.6905 0.333663 -0.97514 -3.3058 2.41769 5.60922 10.251 1.015 -1.412 -2.26 1.948 4.995
3.28918 0.282739 1.31249 -2.76164 -0.849968 5.65033 3.29 1.432 1.193 -2.469 -0.929 5.232
-0.890607 -0.0876921 0.789911 1.93008 1.94324 -0.236126 0.193 0.639 1.221 1.33 0.93 -0.533
8.58366 -4.99086 3.03974 3.22536 0.266534 4.83138 8.048 -3.782 2.828 2.143 -0.364 3.28
4.31763 -0.583946 0.989 0.910441 -1.06784 -0.00135726 1.036 -1.217 2.968 0.81 -1.057 -0.398
-2.69128 0.0929446 -1.72004 1.4442 1.72251 -0.949097 -1.689 0.476 -1.059 0.768 0.637 -1.055
-9.18253 -0.132932 -11.772 8.37973 -3.4555 7.14346 -13.231 -2.591 -9.179 7.335 -1.562 5.143
5.71227 2.81768 -2.45373 -5.4564 2.76199 7.41083 6.517 3.153 -2.695 -4.265 2.422 6.788
7.72706 -2.30806 -2.78021 -2.47638 -1.78707 -1.63238 10.226 0.05 2.396 -2.161 -1.565 -1.355
-4.7218 -3.14342 -12.3181 -2.12071 -3.32131 2.31549 -5.491 -3.11 -6.182 -0.686 -2.113 2.556
-2.0774 -2.24472 -2.4977 1.78726 3.70225 3.92929 -3.588 -1.25 0.238 2.052 3.392 4.327
15.1461 5.12937 2.02133 -3.08563 -3.64999 4.50123 12.446 1.887 4.117 -3.666 -3.45 5.876
4.15669 -0.822442 2.77685 1.06799 -1.28599 0.00187935 0.613 -1.612 4.497 0.924 -1.259 -0.57
7.35325 3.02483 -0.837064 -2.47985 -6.77834 3.76944 6.308 2.187 1.533 -3.2 -6.374 4.713
8.7575 6.38987 5.05899 1.50523 0.0422755 -0.879135 7.559 6.513 10.096 0.892 -0.216 -1.488
4.9347 2.01393 -5.65465 3.03202 0.128475 1.6535 2.027 2.438 -3.362 2.302 0.244 1.609
9.18433 -2.69337 -11.4928 1.57369 4.73866 -6.49598 7.398 -0.636 -8.547 1.667 4.244 -7.959
6.33871 0.21104 -3.83622 -1.83888 2.71543 -4.94012 4.334 -2.616 1.047 -1.627 1.805 -6.169
12.9785 4.6368 4.59192 -1.69864 -0.311691 4.33177 8.191 -0.126 6.285 -2.169 -0.143 5.989
6.41903 2.21291 -2.19926 -1.40937 -4.80409 2.74647 4.156 1.418 0.348 -2.075 -4.704 3.423
12.7902 0.678274 -9.97653 0.263182 -0.175762 2.58258 11.849 1.477 -5.44 0.397 -0.225 2.984
5.05145 0.961414 -0.412684 0.891236 -1.71753 -1.25588 2.044 0.37 1.878 0.321 -1.351 -0.623
17.9744 5.20895 -0.40989 -1.25366 -3.62857 3.99967 16.57 4.41 1.915 -1.704 -3.532 4.784
17.5696 3.33965 -0.794748 -1.96211 3.02694 -4.41008 17.015 0.42 4.882 -1.651 2.632 -5.517
1.02605 1.45789 -4.47285 0.540403 0.805224 -0.268926 -0.2 3.702 -1.392 0.54 0.92 -0.241
11.2764 -0.060616 -9.93438 3.23692 -1.72891 2.45292 8.937 1.211 -5.607 3.223 -1.758 3.09
1.21113 -0.768423 -10.144 -2.7778 2.81861 -2.34979 0.523 1.698 -6.723 -3.153 1.73 -2.757
4.37334 -22.7424 24.4525 1.00611 4.11057 1.55415 1.784 -30.979 22.655 1.184 3.473 0.417
1.67492 -2.1574 5.01406 1.48125 4.16565 -1.05877 0.996 -1.852 2.608 1.873 4.208 -1.443
4.93688 10.7498 -14.2444 -2.85468 1.55651 -1.82187 9.332 16.726 -7.614 -2.173 1.221 -1.258
3.19119 0.330109 -2.10563 -3.60117 -0.892069 -0.099273 2.336 2.409 1.056 -3.056 -0.181 -0.211
14.1211 5.05733 -8.50579 -2.97615 -0.454893 -3.79891 13.856 7.026 -4.783 -2.915 0.461 -3.814
0.576858 -0.132194 0.134122 -0.0165551 0.588583 0.0257968 -0.024 0.094 -0.107 -0.014 -0.085 -0.008
1.23932 3.27021 4.67649 -4.33264 -1.86548 0.0861356 1.019 1.914 0.767 -1.542 -2.286 0.132
1.68664 1.22759 5.53087 -0.0921824 2.11743 3.89245 -4.34 -3.424 7.457 -0.308 2.203 5.379
-4.41572 -6.43259 -2.00872 2.63256 5.12767 -6.98417 -1.779 -3.408 0.245 1.381 4.033 -7.206
10.774 12.1981 13.4541 -12.0741 4.06719 2.98208 10.497 10.576 11.215 -10.995 3.049 2.611
-15.554 -8.74814 -3.3614 2.14928 2.52714 1.75708 -18.768 -6.749 -0.244 2.242 1.734 1.434
-10.9472 -3.4152 -6.64476 -0.475373 -3.90049 0.129003 -14.791 -3.971 -3.364 -1.164 -3.964 0.095
-4.47141 -0.514451 5.24511 0.445208 2.84192 3.50908 -10.564 -4.763 7.588 0.461 2.845 4.728
-6.92607 -4.26132 -11.1218 3.15113 -3.00256 -0.0713373 -10.979 -0.791 -7.212 3.125 -2.281 0.896
2.89735 -2.40569 -7.71696 0.304091 -3.3508 0.0305989 2.22 -1.112 -4.681 -0.061 -2.581 -0.001
-9.32469 -1.60776 4.55868 0.907572 3.14779 2.95231 -15.073 -5.42 7.457 1.168 3.112 3.817
0.514177 -4.90048 9.97952 0.430646 8.40592 -0.707471 0.722 -3.899 8.992 -0.446 7.481 -0.054
-12.008 -1.7895 3.65655 1.37304 3.01932 2.22985 -17.099 -5.216 7.164 1.836 3.052 2.689
-10.3446 -4.14263 -11.4209 2.00813 -2.64144 -1.14506 -14.269 -0.256 -7.637 2.049 -1.662 -0.113
8.76467 4.46985 -2.07079 0.199281 1.39752 7.23556 5.159 5.116 2.155 0.014 1.617 7.904
-1.81527 2.37985 -9.8306 -1.37803 -0.00350123 -3.93083 -2.825 6.054 -6.224 -1.325 1.337 -3.284
-13.9143 -5.01153 -8.28216 0.166805 -1.66222 -2.09211 -18.066 -5.903 -4.506 -0.317 -2.106 -2.86
-11.5218 -3.13879 -11.4148 0.927195 -1.97409 -2.1507 -15.048 0.97 -7.755 1.003 -0.805 -1.111
4.88061 -3.31288 5.09065 -1.80509 4.37474 -2.21588 2.072 -5.044 0.925 1.751 3.134 -2.369
-8.98036 -0.490696 -10.8032 -0.371479 -0.75451 -3.31391 -11.363 3.633 -7.229 -0.295 0.568 -2.399
-13.0755 -5.88384 -4.67989 6.44967 5.23158 -10.3989 -9.865 -3.099 -2.692 4.799 4.13 -10.395
0.504036 -0.106572 0.556291 -0.40457 0.731991 -0.591467 0.155 -0.353 -0.168 -0.354 -0.016 -0.541
-3.14947 0.374973 3.56001 0.186358 1.72929 1.05813 -3.833 0.286 3.158 0.069 1.159 0.846
-2.3354 0.280042 3.01434 0.182419 1.51105 0.775303 -3.336 0.13 2.439 0.064 0.923 0.604
-1.56557 -0.784399 -2.58525 0.991588 -0.692167 2.38976 -1.27 -0.767 -2.222 0.759 -1.036 1.816
-0.82874 -1.58381 -5.96578 0.11787 -2.00152 1.46753 -1.164 -1.004 -5.462 0.048 -2.25 1.393
3.06646 -0.65004 -2.59364 0.384973 -0.915277 2.7819 2.046 -0.778 -2.745 0.392 -0.966 2.643
-2.98612 0.360351 3.56191 0.18266 1.71094 0.977778 -3.254 0.34 3.437 0.111 1.203 0.837
1.38602 -0.743529 -2.04054 -1.01447 -0.957033 -2.38222 0.842 -0.767 -1.825 -0.976 -0.839 -2.5
4.00065 -0.43492 -2.10798 0.489002 -0.647264 2.64627 2.762 -0.626 -2.391 0.485 -0.763 2.488
-5.91151 -0.571576 0.494896 0.343344 0.377909 -0.340509 -5.921 -0.589 0.488 0.274 0.107 -0.481
-2.29041 -0.119221 1.49881 0.947736 0.920472 2.14793 -2.311 0.115 1.512 0.858 0.356 1.552
0.842946 -0.222711 -0.283085 -0.809187 -0.253876 -1.94268 -0.293 -0.433 -0.57 -0.845 -0.326 -2.195
4.2959 -0.285771 -1.68514 0.52396 -0.420385 2.45209 3.011 -0.5 -1.999 0.519 -0.554 2.314
-0.647673 -5.67751 -1.31818 2.85224 7.49655 -3.05703 -1.785 -5.902 -4.717 4.552 6.874 -2.24
-0.960812 0.0422514 1.24621 -1.49212 1.39211 -4.16338 -0.802 0.349 1.663 -0.996 0.864 -2.968
-17.4466 -0.854383 -3.98546 6.12134 2.60044 -9.71514 -14.456 0.844 -3.125 4.48 1.713 -9.471
1.23201 -2.85271 1.90304 -0.27446 4.72579 -5.28217 0.372 -2.97 -1.795 2.028 3.724 -4.413
-2.51504 -0.128606 1.67323 -0.345826 1.15708 -0.803797 -1.895 0.518 2.726 -0.139 0.946 -0.369
-3.67984 -0.420265 -3.21361 -0.671842 -0.850353 -1.43033 -2.41 -0.622 -3.2 -0.606 -1.179 -1.029
0.256022 -4.81003 0.147193 1.55864 6.70732 -4.99635 -0.792 -4.913 -3.415 3.55 5.83 -4.086
-5.02705 -0.00585762 -0.880487 -0.231875 0.173256 -0.567317 -3.744 -0.18 -0.863 -0.088 -0.188 -0.041
-2.03595 0.315106 3.40226 0.12299 1.61301 0.437212 -1.857 0.327 3.545 0.143 1.17 0.475
4.52656 -0.7564 -1.60252 -0.0310639 -0.186349 0.447182 3.179 -0.284 -1.718 -0.174 -0.66 0.312
4.34667 0.00703151 -0.770379 0.526163 0.0915962 1.86987 3.099 -0.223 -1.083 0.534 -0.059 1.836
0.70368 0.669282 4.34205 0.0977169 2.42451 -0.00994487 -0.373 0.765 3.515 0.202 1.573 -0.166
-4.25714 -1.1752 -4.7389 -0.00390385 -1.24164 -0.537719 -3.878 -0.568 -3.731 0.219 -1.326 -0.298
-0.331692 -0.370103 -1.15828 0.0509349 -0.309671 1.42113 -0.556 -0.405 -0.628 0.047 -0.029 1.498
4.026 0.11476 -0.413778 0.485215 0.314171 1.52051 2.865 -0.1 -0.69 0.509 0.164 1.563
0.653021 0.0807897 0.57172 -0.172864 0.144393 -1.07075 -0.577 -0.215 0.328 -0.29 0.107 -1.293
-0.929825 -0.961823 -5.65367 0.0900517 -1.64799 -0.480932 -1.009 -0.789 -4.98 0.06 -1.585 -0.288
-0.504522 0.590799 3.98177 1.06371 1.97031 3.13769 -0.645 -0.013 2.775 0.943 1.227 2.522
-2.15057 9.08411 8.03897 -9.46662 4.65685 2.84539 -1.659 8.175 8.573 -8.406 3.757 4.851
1.2218 -0.727681 -0.598849 -1.00023 0.159655 -1.46038 0.865 -0.117 0.452 -0.961 0.082 -1.278
1.23238 0.480315 3.245 1.32913 1.6989 2.84156 1.158 -0.074 2.207 1.151 1.071 2.141
-0.135829 0.199842 3.05696 -0.0181876 1.42621 -0.768355 0.475 0.197 3.376 0.126 1.021 -0.465
-8.59446 -1.89429 -0.788932 -9.3483 1.12059 27.2227 -10.182 -2.321 -3.884 -9.998 1.953 28.752
-2.04297 0.104613 1.73732 0.239062 1.46742 -0.223666 -2.417 0.452 1.635 0.411 0.929 -0.293
0.552758 -0.144601 2.97654 -0.82087 1.12017 -1.42445 -0.296 -0.519 2.052 -0.83 0.54 -1.411
-1.41208 -0.271525 3.36781 0.0166535 1.85219 0.619003 0.187 0.466 4.787 -0.125 1.761 0.28
-2.27458 -13.332 -0.946057 -10.8134 -2.28029 -1.45024 -3.278 -13.902 -1.645 -10.672 -2.185 -2.35
-61.1512 -16.9464 26.6381 -13.0763 1.11204 2.11349 -75.177 -19.546 32.041 -16.201 1.893 2.576
-5.69982 -1.43419 -7.21084 0.0410781 -1.8172 -1.60075 -5.279 -1.581 -6.342 0.269 -1.368 -1.286
-5.46911 11.0696 17.9742 -6.37017 5.21345 1.25656 -5.387 18.183 18.778 -3.518 5.577 2.486
-8.57019 5.64964 5.27783 2.2595 -7.45249 7.30304 -8.544 7.849 5.558 1.35 -5.922 6.858
-23.5522 -0.344206 2.2097 -0.79145 -0.190351 1.11546 -23.569 2.357 -9.498 -0.263 -0.427 1.223
-4.89841 -1.57904 -3.69501 -0.197013 0.740096 0.936106 -4.981 -2.769 -4.281 0.034 0.145 0.805
-6.14943 -2.49873 5.99348 -3.55374 1.698 -3.17755 -3.871 -1.516 6.45 -2.621 1.64 -1.464
-4.46287 -2.94479 -15.0551 0.469699 -5.00302 -2.60763 -3.982 -3.896 -14.487 0.197 -4.92 -1.674
16.3412 20.112 7.87017 -1.49443 12.1699 -0.737672 13.768 18.407 12.064 -3.263 9.818 -4.679
34.9466 35.3016 0.330868 -6.86543 -0.154625 -0.680294 32.125 37.033 -0.098 -10.341 0.041 -0.48
0.813369 -1.01588 -0.525056 -0.176768 0.0112859 0.244306 0.002 -0.001 0.001 0 0.001 -0.002
0.390741 -0.758936 -1.4664 -0.775409 0.384681 0.456728 -0.353 0.178 -1.214 -0.758 0.521 -0.005
1.47807 -0.384576 -0.0221764 0.601502 -0.265562 0.139991 0.776 0.579 0.474 0.595 -0.372 -0.287
1.72031 0.829754 -0.213526 -0.819966 -0.209989 0.0650857 1.018 2.031 0.105 -0.846 -0.21 -0.168
0.619623 -2.42668 -1.54275 0.347234 -0.734383 0.994485 -0.287 -1.567 -1.121 0.53 -0.783 0.618
-0.934246 -1.72131 -1.85345 0.251217 0.218793 0.0865596 -1.64 -0.689 -1.48 0.31 0.407 -0.225
-0.659745 -1.98967 -1.6844 0.0615648 -0.797833 0.657866 -1.642 -1.523 -1.409 0.126 -0.927 0.435
1.51477 1.12163 -0.336435 -0.672579 -0.269475 0.162317 0.757 2.274 -0.02 -0.716 -0.261 -0.044
-0.296472 -2.29843 -2.06489 0.100298 -0.989897 0.584798 -1.229 -1.601 -1.776 0.094 -1.043 0.337
-0.0675674 -0.0970001 -0.575531 0.608918 -0.177818 0.195046 -0.793 1.091 0.137 0.795 -0.173 -0.229
0.480639 -1.27983 -0.723146 -0.374799 0.574541 0.683579 -0.369 -0.241 -0.074 -0.146 0.744 0.274
1.80042 -0.433075 0.409078 -0.610849 0.066216 0.143175 0.965 0.411 0.732 -0.544 0.03 -0.315
0.492206 0.024321 0.241882 0.33239 -0.160189 0.417207 -0.188 1.111 0.471 0.226 -0.149 0.371
0.310905 -0.0559555 -0.947868 0.688556 0.132454 0.505344 -0.416 0.984 -0.735 0.901 0.018 0.085
0.204444 -0.667268 -0.26584 0.0244589 0.286915 0.26048 -0.612 0.462 0.402 0.234 0.375 -0.127
0.33213 -0.914309 -2.4452 -0.699322 0.525761 0.588446 -0.563 -0.08 -2.099 -0.502 0.729 0.193
-0.908224 -1.40837 -1.5176 -0.489662 -0.408624 0.424897 -1.874 -0.948 -1.266 -0.313 -0.53 0.223
1.48411 -0.84743 -0.0176819 -0.486745 0.546341 0.337027 0.774 0.098 -0.205 -0.558 0.47 0.105
-0.560454 -0.509838 -2.15375 -0.859844 0.137933 0.160553 -1.513 0.12 -1.905 -0.666 0.212 -0.147
-1.20561 -3.47147 -2.07986 -0.347128 0.751892 0.715035 -2.243 -2.697 -1.822 -0.001 0.702 0.696
0.216226 -0.807228 0.225292 -0.591919 -1.10058 0.405645 -0.664 0.035 0.481 -0.211 -1.053 -0.025
-1.11156 -3.12569 -1.90615 -0.00693904 0.785202 0.427919 -2.147 -2.402 -1.651 0.365 0.735 0.398
1.56766 -0.795093 -0.0292304 -0.513289 0.620744 0.339927 0.841 0.147 -0.264 -0.552 0.525 0.088
0.859657 -1.30858 -1.66013 -0.613735 0.767818 0.90035 -0.04 -0.417 -1.154 -0.337 0.973 0.493
1.54065 -0.720408 -0.083652 -0.474638 0.648561 0.394457 0.813 0.228 -0.338 -0.485 0.546 0.114
-0.81006 -0.771851 -1.56499 -0.884482 -0.0418226 0.0720995 -1.811 -0.276 -1.371 -0.656 -0.107 -0.132
0.442373 -0.332736 0.482406 -0.670342 -0.822343 0.319955 -0.482 0.513 0.758 -0.267 -0.758 -0.061
2.22438 -0.97629 1.90252 -0.623741 -0.0452544 -1.61207 1.451 0.125 2.457 -0.376 0.004 -1.678
3.21615 1.62241 1.04027 1.49198 -0.828662 1.00868 2.417 2.737 1.682 1.509 -0.802 0.917
1.92891 0.611933 0.442877 0.84932 -0.255039 0.672089 1.449 1.774 1.193 0.705 -0.483 0.166
2.99319 0.512855 1.58824 1.96267 -0.820468 0.969516 2.505 1.63 2.169 2.195 -0.674 0.687
1.87654 0.615728 0.468748 1.48481 -0.626619 0.127844 1.617 1.632 1.161 1.768 -0.824 -0.07
2.25142 0.98646 0.215561 0.895339 -1.61668 0.170804 1.27 2.075 0.685 1.166 -1.704 -0.125
0.894922 -0.37234 0.984265 -0.258012 0.111539 1.03376 0.811 -0.404 0.468 -0.424 -0.177 0.561
-0.130215 0.0664229 0.565659 0.0375518 0.221795 0.293146 -0.194 -0.298 0.213 -0.237 -0.028 -0.155
-1.4156 -0.281777 -0.486344 0.827858 0.285317 0.694327 -1.324 -0.658 -0.719 0.574 -0.068 0.224
-0.0229993 -0.0869188 0.104042 -0.546206 0.323508 0.643803 -0.38 -0.304 -0.304 -0.72 0.022 0.348
3.08318 2.84059 0.813388 0.410239 -0.455665 -0.60333 2.16 3.898 1.322 0.651 -0.555 -0.727
-0.141837 -0.971623 -0.725095 1.2724 0.987253 -0.328822 -0.675 -1.404 -0.996 1.106 0.714 -0.839
-0.195595 -1.18144 -0.979453 1.15135 1.07429 -0.495877 -0.757 -1.664 -1.22 1.004 0.866 -1.049
-0.432162 0.119945 -0.370204 -0.574319 0.461239 0.397958 -0.847 -0.17 -0.708 -0.723 0.128 0.145
-0.220756 -1.45463 -1.17689 0.79984 1.12508 -0.61158 -0.829 -1.984 -1.462 0.72 0.956 -1.229
-0.960045 -0.986939 -0.457479 0.757635 0.217522 0.860525 -1.116 -1.53 -0.76 0.786 -0.141 0.413
-0.657837 0.691189 0.807905 -0.564231 -0.761515 0.806905 -0.67 0.56 0.263 -0.73 -0.958 0.736
0.585399 2.01313 1.26446 -0.621153 0.869327 0.843227 0.534 1.725 0.986 -0.947 0.527 0.634
-0.21824 0.526106 0.40301 0.245965 -0.232634 0.504981 -0.586 0.187 -0.091 0.138 -0.688 0.035
-0.525172 -1.39743 -0.823227 0.279265 0.826972 -0.327619 -1.116 -2.008 -1.416 0.424 0.539 -0.91
-0.305276 -1.50631 -0.97051 0.303879 0.997662 -0.477859 -0.949 -2.1 -1.542 0.411 0.748 -1.118
-1.41245 0.596547 -1.53603 -0.267242 0.61839 -0.29137 -1.805 0.205 -1.71 -0.391 0.14 -0.581
-1.01685 -6.2198 -3.45825 0.511061 -3.47172 -0.281485 -0.125 -5.088 -2.395 -0.583 -2.284 -0.052
-1.28627 -1.79077 -1.38656 0.613455 -1.60315 0.678939 -2.104 -1.087 -0.015 0.687 -1.592 0.207
0.292292 0.0707589 0.106156 0.072173 0.373164 0.249767 -0.075 -1.489 -0.538 0.899 -0.211 -0.341
-1.54734 -5.73651 -3.42382 0.930419 2.92999 -0.490689 -0.898 -5.677 -2.155 -0.225 3.753 -0.94
3.34774 1.14475 3.63749 0.766748 1.34413 -0.217781 2.959 -0.536 1.593 0.881 0.889 -0.655
-1.78991 0.616215 -1.60031 -1.63151 -2.19081 1.56555 -2.716 -0.496 -3.743 -1.33 -2.063 2.698
8.34204 2.6027 2.68393 -0.475909 -2.13076 2.95916 7.361 2.324 2.091 -0.473 -2.626 2.377
8.18495 3.4649 3.39103 -0.463218 -1.80487 2.5806 7.857 2.962 2.931 -0.455 -2.104 2.062
3.24196 -0.0589074 -1.68683 1.30791 -0.679165 -1.35916 2.265 -1.166 -2.113 1.698 -1.191 -1.847
8.38626 3.13654 3.44599 -0.37642 -2.93005 2.1002 8.069 2.913 2.992 -0.175 -3.398 1.574
15.3709 17.4866 15.2191 1.1306 0.0556721 -3.19755 13.776 14.65 13.321 1.847 0.607 -3.626
9.1729 2.88138 2.98893 -0.255491 -2.4415 2.46932 8.425 2.597 2.549 -0.177 -2.811 1.907
7.30445 3.14683 4.5986 -1.37106 -2.30342 3.5699 7.017 2.767 4.354 -1.438 -2.799 3.265
9.72225 3.95146 3.01279 -0.986134 -2.81814 3.38527 9.258 3.821 2.568 -1.137 -2.841 2.987
-4.57221 -1.56668 -3.30748 3.37968 -2.61173 -0.451795 -6.524 -2.056 -2.952 3.316 -2.948 -1.193
2.20044 4.92181 4.92422 1.02663 1.50474 1.88685 1.432 3.71 4.642 1.198 1.09 1.742
0.821065 1.54933 6.65969 -0.220965 0.757348 1.84632 0.385 0.17 6.342 -0.421 0.773 3.097
-0.200809 -0.831486 -2.51791 1.44761 -1.13464 -0.485887 -1.323 -3.016 -3.607 1.576 -2.328 -0.203
5.68315 1.36178 5.13372 -0.474116 0.79535 -1.45185 4.502 0.84 5.372 -0.763 1.153 -0.828
10.7839 8.84504 16.2121 -1.0183 -1.93472 7.83552 8.887 5.375 14.073 -0.935 -1.765 8.362
-0.0747212 -1.88828 -1.69004 0.0565847 -0.0554414 0.701852 -0.811 -1.433 -1.582 0.237 0.014 1.125
1.52257 0.308622 -0.777746 -0.0787038 -2.01276 0.0815685 0.9 0.517 -0.411 0.198 -1.534 0.419
1.62264 -0.173697 -0.104025 -0.0023311 -1.64815 -0.225413 1.002 0.062 0.236 0.284 -1.18 0.145
0.578546 -2.59591 -0.530433 -0.25046 0.373178 -0.428091 -0.233 -2.204 -0.302 0.018 0.475 -0.066
-0.374525 -2.55774 -1.7208 -0.058227 0.547146 -0.0304229 -1.248 -2.16 -1.652 0.085 0.465 0.444
0.155281 -0.582864 -1.05931 0.348908 0.0846875 -0.680659 -0.486 -0.518 -0.895 0.591 0.498 -0.289
0.387737 -1.9371 -2.59828 -0.587821 -0.143315 0.85239 -0.39 -1.89 -2.338 -0.482 0.042 1.211
0.429082 -1.47437 -0.0290382 0.221712 0.359172 0.705301 -0.358 -1.081 0.038 0.409 0.482 1.137
0.209592 -0.137202 -0.300426 0.079371 0.639357 -0.433816 -0.465 0.145 -0.444 0.363 0.84 -0.051
1.09733 -0.703988 0.383574 0.163212 -0.77607 -0.815127 0.508 -0.521 0.559 0.456 -0.319 -0.402
0.438582 -2.36874 0.352665 -0.275688 0.517862 -0.728723 -0.388 -1.936 0.379 0.021 0.679 -0.363
0.425627 1.75398 0.343147 -0.306048 -1.59677 -0.634664 -0.17 2.004 0.613 0.008 -1.22 -0.133
1.42108 1.48601 -1.14249 -0.419935 -1.96243 0.260172 0.719 1.649 -1.052 -0.138 -1.568 0.603
-0.688029 -2.68386 -0.432348 -0.0759278 0.745935 -0.383703 -1.43 -2.115 -0.44 0.104 0.692 0.172
1.42171 1.03191 -0.791745 -0.234554 -2.1269 0.216398 0.743 1.187 -0.569 0.038 -1.68 0.554
0.340555 1.8205 0.53311 -0.280456 -1.67216 -0.765166 -0.279 2.04 0.783 0.03 -1.277 -0.257
-0.0628718 0.336919 -0.631859 -0.158777 -1.00188 -1.65097 -0.703 0.738 -0.595 0.094 -0.373 -1.438
0.0946057 1.04736 2.42506 -0.52089 -0.155231 -1.2178 -0.355 1.591 2.581 -0.095 0.161 -1.021
0.13446 1.06204 1.93381 -0.386975 -0.207376 -1.18788 -0.332 1.554 2.129 0.015 0.105 -1.008
0.189761 -2.08786 0.370805 -0.130895 -0.403694 0.224755 -0.557 -2.001 0.5 0.049 -0.16 0.566
-0.0781752 1.16206 1.19831 -0.0818218 -0.156719 -1.27174 -0.572 1.545 1.283 0.251 0.115 -1.053
-0.105315 -0.0334285 -0.53364 -0.358219 0.0348998 -0.778753 -0.88 -0.646 -0.539 -0.195 0.655 -0.216
0.578743 -0.397181 -0.417658 -0.54356 -1.0436 -1.48481 0.044 -1.03 -0.095 -0.274 -0.537 -0.934
1.30991 0.790985 1.70471 0.615593 -0.449132 0.70266 0.741 0.575 1.921 1.109 0.248 1.521
0.330296 -2.26141 -1.78746 -0.767226 -0.735962 -1.24736 -0.546 -2.877 -1.829 -0.426 -0.124 -0.66
0.634979 -0.863885 -0.176944 -0.371498 -0.897588 -0.591074 -0.142 -1.09 0.115 0.07 -0.572 0.088
0.429243 -1.36755 0.685199 -1.14071 -2.37028 -1.63506 -0.158 -2.078 0.754 -0.901 -1.701 -1.049
0.571268 0.0708516 -0.782441 -0.437586 -1.35657 -1.2571 0.007 -0.608 -0.508 -0.139 -0.881 -0.715
-0.749825 -0.677067 0.154392 -1.03071 -0.475921 -1.08587 -1.284 -1.495 0.441 -0.807 0.169 -0.448
0.55978 2.21058 -1.45996 -0.469604 -0.58648 -1.00315 -0.431 1.76 -1.095 -0.398 -0.2 -0.235
-0.0376371 1.9593 0.143031 -0.316027 0.411866 -0.389112 -0.966 1.234 -0.278 0.01 0.862 0.171
1.14031 0.0921833 -0.654304 -0.257634 0.761391 -0.472995 0.313 -0.809 -0.287 0.009 1.394 0.318
-0.00638943 1.07312 1.11756 -0.184105 0.923305 0.571499 -0.958 0.174 1.432 0.026 1.394 1.172
0.249894 0.145012 -0.0227642 -0.422261 0.437433 -0.411481 -0.551 -0.52 0.005 -0.312 1.127 0.142
1.14185 0.848577 -0.569663 -0.247292 0.738926 -0.404801 0.314 -0.193 -0.442 -0.054 1.205 0.335
1.05438 -2.17291 -0.0820147 -0.281006 -1.15264 -1.18917 0.398 -2.888 -0.209 0.085 -0.637 -0.606
1.1403 1.01638 -0.36172 -0.223463 0.0793642 0.141302 0.246 -0.004 -0.256 -0.035 0.462 0.802
-0.0446956 1.10147 0.508938 -0.059764 -0.997233 -1.03067 -0.92 1.08 -0.809 0.643 -0.268 -0.793
0.0627463 1.18246 -1.2959 -0.998851 -1.14902 -0.616524 -0.211 0.705 -2.656 -0.594 -0.615 -0.518
1.6939 2.41571 3.9799 -0.57893 -0.566837 0.154767 0.966 2.071 3.262 -0.044 0.366 0.568
0.621698 -1.21047 1.24213 -0.975702 -1.65211 -1.37818 0.08 -1.882 1.385 -0.75 -1.078 -0.786
-0.130972 -0.477269 -0.765496 -0.287438 -1.66991 0.127557 -0.973 -0.957 -1.11 -0.013 -1.007 0.749
-0.176132 1.24718 -1.39035 -0.878937 -0.978811 -0.545923 -0.483 0.757 -2.728 -0.469 -0.474 -0.453
-0.0354449 -0.77787 -1.83854 -0.821922 -1.58213 -0.901536 -0.903 -1.474 -2.093 -0.584 -0.976 -0.251
-0.128506 1.44174 1.44028 0.128884 1.43909 0.469995 -1.044 0.631 1.736 0.309 1.817 1.111
0.683463 -1.59523 0.0360368 -0.683261 -2.14671 -1.53428 -0.047 -2.356 -0.072 -0.296 -1.412 -0.953
0.101948 1.80817 -0.264837 -0.814108 -0.52693 -0.65572 -1.078 1.18 -0.334 -0.799 -0.21 -0.064
0.51025 -2.26351 -1.15124 -0.514321 0.00467155 -1.17035 -0.346 -2.83 -1.152 -0.144 0.586 -0.645
0.39751 2.41692 -0.825579 -0.417366 -0.423431 -0.764542 -0.773 1.895 -0.656 -0.401 -0.124 -0.107
1.20561 -2.28964 -0.0865141 -0.101809 -0.651037 -1.08224 0.598 -2.911 -0.199 0.246 -0.186 -0.485
-0.76524 0.69454 -1.37204 -0.0990871 -0.364959 -1.58775 -1.484 0.329 -1.001 0.275 0.08 -0.961
-0.395636 1.0835 -1.58146 -0.675145 -0.801827 -0.489093 -0.738 0.605 -2.866 -0.258 -0.32 -0.395
1.36155 0.273491 -1.30459 -1.44694 -1.80735 -0.203871 0.924 -0.017 -2.526 -0.941 -1.101 -0.009
0.218963 0.870442 4.65622 0.522891 0.706457 -0.939896 -0.484 0.673 3.481 1.048 1.505 -0.536
1.0125 0.57194 0.0976702 -0.269506 -0.321657 0.199625 0.58 0.414 -0.143 -0.092 -0.256 -0.308
0.971378 2.52171 -0.326776 -0.369066 -1.51392 -0.532159 0.305 2.047 -0.015 -0.093 -1.188 0.252
0.515907 0.479711 0.28348 -0.529938 0.741978 -0.180522 -0.314 -0.243 0.234 -0.479 1.444 0.314
0.279941 0.385897 -1.66232 -0.18461 -0.0920675 -0.280046 -0.118 -0.047 -2.94 0.417 0.251 -0.085
0.536001 -2.19102 -0.908588 -0.409641 0.29465 -1.16512 -0.298 -2.724 -0.882 -0.027 0.857 -0.66
0.494424 0.230169 1.54066 0.500293 1.58705 -0.29513 -0.468 0.064 0.096 1.238 2.437 0.036
-1.02347 -1.14588 0.970883 -0.838482 -1.066 -0.130631 -1.254 -1.614 0.204 -0.354 -0.711 0.024
-0.444053 0.995118 -1.02944 0.176737 -0.202651 -1.15531 -1.227 0.512 -0.965 0.468 0.354 -0.605
0.213984 -3.66529 -1.74107 0.0665656 -1.66616 -0.403854 -0.653 -3.392 -2.831 0.418 -0.936 0.014
1.44832 1.24195 2.11995 -0.971163 -0.846378 0.40733 0.481 0.95 1.372 -0.34 0.18 0.718
0.440406 -0.205435 -0.0372933 -1.0871 -2.14672 -0.368781 -0.397 -0.438 -1.214 -0.584 -1.268 0.066
0.424229 -3.55456 -1.8753 0.115228 -1.6823 -0.467085 -0.475 -3.292 -2.939 0.469 -0.93 -0.04
0.842299 0.734084 2.24203 -1.11092 -1.32618 0.39761 -0.121 0.376 1.395 -0.43 -0.366 0.654
2.35547 1.10382 0.901269 -0.812481 -0.206283 -0.713509 1.258 0.636 1.114 -0.483 0.257 -0.365
0.616516 -3.40419 -1.96788 0.145869 -1.71074 -0.519407 -0.313 -3.167 -3.013 0.504 -0.937 -0.082
-0.844102 -3.26732 0.0722951 -0.468772 -1.60822 0.176943 -1.539 -3.233 -1.227 -0.107 -0.966 0.51
-0.589726 0.414652 -2.0352 -0.416714 0.0864091 0.193907 -0.982 0.45 -2.106 -0.2 0.337 0.065
0.648892 1.90016 0.876716 -0.305127 -0.951423 -0.775813 -0.127 1.777 -0.388 0.22 -0.239 -0.494
-0.108813 0.0743621 -0.706453 0.616494 0.29817 0.858571 -0.356 -0.182 -0.908 0.719 0.382 0.512
1.80559 -0.689412 2.75778 -1.1417 -0.0326074 0.361344 1.173 -0.679 1.71 -0.688 0.67 0.644
-0.339744 -2.24832 0.861069 -0.781285 -0.943637 0.71537 -1.007 -2.461 -0.519 -0.395 -0.265 0.954
-0.889255 0.702089 -2.05048 -0.594432 -0.0993313 0.349503 -1.261 0.735 -2.187 -0.437 0.196 0.238
1.73474 -0.76381 2.65848 -1.30071 -0.358522 0.658744 1.105 -0.804 1.731 -0.829 0.355 0.926
-0.806198 -0.416798 -0.70239 0.222189 -1.05902 -0.086678 -1.594 -0.966 -1.142 0.811 -1.25 0.43
1.82616 -0.68396 2.84625 -1.20579 -0.137461 0.458882 1.194 -0.671 1.849 -0.748 0.567 0.737
-0.763227 0.190682 0.466489 -0.0805156 0.706099 1.35518 -0.917 -0.065 0.043 0.225 0.708 0.898
-0.076762 -0.362541 0.0400249 -0.248732 0.00762197 0.243954 -0.524 -0.756 -0.417 -0.045 0.219 0.078
0.568646 0.135408 -1.1424 -0.298287 0.254168 -0.0507002 -0.128 -0.201 -1.17 -0.091 0.315 -0.379
-0.142285 0.407137 0.715092 0.453644 0.718139 0.935485 -0.149 0.181 0.323 0.689 0.785 0.769
0.285943 0.585168 1.57145 -0.979356 0.868557 0.677241 0.051 0.262 1.048 -0.731 0.911 0.295
0.611898 -0.731237 1.30256 0.0307817 -0.045087 -0.800738 -0.178 -0.982 0.496 0.59 -0.26 -0.484
1.15301 2.11273 1.0494 -0.658106 1.25728 -0.298644 0.698 1.782 0.499 -0.2 1.046 0.232
0.328991 -1.28524 -1.05153 -0.377057 0.498766 -0.596681 0.04 -1.715 -1.423 -0.146 0.595 -0.923
0.530471 0.22603 1.5454 -0.0410511 0.648043 0.59788 0.434 0.101 1.433 0.24 0.648 0.189
1.23432 0.261678 0.637905 -0.876722 -0.343708 0.373894 0.748 -0.262 0.403 -0.734 -0.273 0.077
0.541154 0.31046 1.25262 -0.134525 -0.174126 0.272978 0.188 0.023 1.009 0.116 -0.005 -0.141
0.733432 1.09464 2.09379 -0.64454 1.20008 -0.534527 0.241 0.87 2.176 0.1 0.978 0.181
1.38645 0.484449 1.83535 -0.135634 0.917051 0.222905 1.179 0.221 1.436 0.097 0.974 -0.272
-0.483548 1.46908 1.95762 -1.13304 0.8075 -0.741207 -1.279 1.252 1.291 -0.585 0.573 -0.197
0.575261 1.66633 0.781845 0.056415 0.758858 0.62832 0.466 1.53 0.493 0.289 0.743 0.163
-0.0871242 -1.00409 0.333697 -0.254978 -0.783536 -0.216534 -0.42 -0.983 0.013 -0.02 -0.682 -0.467
0.00288244 -0.951969 -0.0394202 -0.292674 -0.796487 -0.174835 -0.296 -0.915 -0.283 -0.09 -0.747 -0.422
-0.604266 0.311145 0.447708 -0.0464793 0.584338 1.25132 -0.709 0.175 0.109 0.307 0.584 0.773
0.907653 -1.80783 0.95249 -0.472478 -0.556815 -0.842956 0.218 -1.862 0.465 0.112 -0.665 -0.53
0.898512 -1.41601 1.07047 -0.437279 -0.409262 -0.8436 0.193 -1.525 0.549 0.172 -0.533 -0.532
1.35508 -0.735145 -1.41926 0.36429 -0.734543 0.345799 1.024 -1.182 -1.779 0.476 -0.625 -0.233
-0.119064 0.45922 0.482054 -0.179456 -0.497564 -1.50958 -1.003 0.496 -0.722 0.488 0.265 -1.3
1.78428 -1.32407 0.896084 -0.426593 0.469958 -0.410006 1.275 -1.33 0.806 0.122 0.347 0.257
0.935121 -2.18941 0.839847 -0.499151 -0.688946 -0.83071 0.258 -2.206 0.38 0.067 -0.796 -0.511
1.30483 -1.56066 0.250357 -0.496647 -0.482687 -0.424249 0.813 -1.606 -0.188 -0.014 -0.529 0.038
-0.526093 -0.246307 0.201209 -0.262322 0.505199 1.1481 -0.742 -0.819 -0.376 -0.104 0.527 0.78
0.794472 1.48351 1.99079 -0.638046 1.0084 -0.595215 0.331 1.205 2.052 0.067 0.77 0.096
1.48069 -1.53647 0.34628 -0.538259 -0.520027 -0.372843 0.996 -1.624 -0.088 -0.03 -0.587 0.106
1.66035 -0.582924 1.08716 -0.652785 -0.353808 -0.479709 1.148 -0.88 0.722 -0.016 -0.562 0.064
0.213394 -0.435604 -0.797629 -0.162312 -0.862884 -0.13278 -0.489 -0.374 -1.119 0.362 -0.692 0.335
0.230443 -0.720661 -1.84749 -0.727106 0.62662 -0.12462 -0.539 -0.73 -2.136 -0.386 0.599 0.083
0.294592 1.43686 1.67269 0.21586 0.0560094 0.286966 0.077 1.222 1.282 0.478 -0.073 -0.239
-0.143227 2.25027 0.535333 -0.665187 0.503365 -1.07621 -0.84 2.001 0.031 -0.07 0.37 -0.732
0.281763 1.6545 1.60692 -0.432598 0.0741665 0.810289 -0.044 1.279 0.988 -0.246 0.156 0.393
1.14564 -0.469965 -0.442376 -0.975751 0.746235 -0.12927 0.481 -0.57 -0.489 -0.612 0.689 0.249
0.305344 -0.420537 -1.58544 -0.0656275 0.0975543 0.0702291 -0.127 -0.519 -1.645 0.19 0.283 -0.159
-0.350562 -0.897934 -1.60601 -1.10619 -0.270897 0.509804 -1.002 -1.182 -2.227 -0.774 -0.126 1.119
-0.302681 -1.02285 -1.63196 -1.20403 -0.441603 0.498001 -0.955 -1.288 -2.279 -0.85 -0.347 1.061
-0.313709 -1.15322 -1.63764 -1.16054 -0.586787 0.471849 -0.988 -1.415 -2.296 -0.788 -0.543 0.975
0.798624 1.70754 1.04573 -1.37929 1.54292 -0.509432 0.354 1.35 0.573 -1.122 1.247 -0.151
1.7921 -1.08681 0.765061 -0.635091 -0.508063 -0.389252 1.311 -1.318 0.365 -0.02 -0.662 0.13
0.055874 2.17265 5.043 -1.18306 -0.0858699 -1.42812 -0.383 2.636 4.763 -0.75 0.368 -1.067
-0.385397 -0.317089 0.0852274 -0.305232 0.429638 1.02026 -0.612 -0.932 -0.505 -0.17 0.458 0.653
-0.00221859 0.928355 0.668963 0.666591 -0.162726 0.545498 -0.355 0.596 0.292 0.807 -0.074 0.319
1.74981 0.373343 1.24248 0.399002 0.772296 0.940813 1.685 0.322 1.406 0.537 0.856 0.548
-0.22945 1.5439 1.28852 -0.175742 0.926351 0.930295 -0.556 1.264 1.019 0.044 0.955 0.335
0.275438 0.321986 1.63566 -0.88687 1.25483 -0.257114 -0.317 0.025 1.112 -0.553 0.92 0.082
0.126545 2.13093 0.0748002 -0.15383 -0.158186 1.47271 0.104 1.918 0.007 0.079 -0.149 1.011
0.305006 0.936914 -0.00508748 -0.0601512 -0.234328 0.0410911 -0.001 0.643 -0.078 0.195 -0.08 -0.377
-0.459514 -0.661281 -1.49085 -0.720891 -0.0881237 0.459533 -1.101 -1.017 -2.043 -0.398 0.092 1.075
0.363655 2.06438 -0.210551 -0.0589523 -0.449747 -0.00632213 0.176 2 -0.59 0.249 -0.141 -0.336
1.80126 -0.937269 0.410398 -0.537532 0.324178 -0.405128 1.218 -0.993 0.317 -0.13 0.253 0.167
0.236947 -0.00386597 -0.671241 -0.0729869 -0.0785569 -0.62845 -0.377 -0.462 -0.899 0.164 0.019 -0.839
0.619235 -0.485387 -0.214185 0.221414 -0.090141 -0.164062 -0.067 -0.183 -0.722 0.787 0.145 0.312
1.44583 0.5438 -0.589475 0.128657 -0.801335 0.203654 1.169 0.023 -1.172 0.342 -0.652 -0.436
-0.16884 2.5229 1.84591 -0.0649483 0.033381 0.867661 -0.302 2.234 1.405 0.226 0.167 0.223
0.655901 1.05547 0.876003 -0.697213 -0.503175 -0.0939354 0.423 0.87 0.708 -0.359 -0.466 -0.454
-0.298175 2.195 5.41631 -0.503546 0.28345 -1.07429 -0.901 2.715 4.998 -0.099 0.6 -0.808
0.856502 2.57899 6.88098 -1.2348 0.924107 -0.975437 0.36 3.18 6.262 -0.873 1.288 -0.864
1.39033 1.76292 5.55903 -0.916511 0.572349 -1.68905 0.837 2.257 5.243 -0.511 0.813 -1.449
-0.990588 0.981708 -0.672968 -0.658129 0.0565993 -1.40302 -1.935 0.744 -1.284 -0.292 0.068 -1.015
0.173114 2.77824 5.73845 -0.477476 -0.460226 -1.51232 -0.171 3.286 5.41 -0.04 -0.176 -1.244
-0.197177 2.70852 6.52626 -0.701437 0.00522133 -1.36257 -0.633 3.131 5.987 -0.306 0.135 -1.033
0.521256 3.3176 6.33231 -0.274633 0.942275 -1.64685 0.125 3.91 5.775 0.33 1.123 -1.281
1.98668 0.645508 3.08191 0.38788 -0.440033 1.91383 1.51 0.271 3.101 0.905 -0.02 2.723
2.41104 0.473256 2.52701 -0.310392 -0.0392554 0.722825 1.851 0.211 2.474 0.124 0.446 1.321
-0.193685 3.20061 7.1634 -0.24206 1.33866 -0.776755 -0.553 3.929 6.93 0.137 1.697 -0.506
0.439215 1.04131 -0.565459 -0.389125 -0.928676 -1.38373 -0.414 0.929 -1.823 0.274 -0.271 -1.131
2.76641 1.27305 4.01534 -0.435916 -1.15002 -0.911845 1.905 0.93 2.54 0.01 -0.074 -0.525
0.161864 1.27963 2.71845 -1.0468 -0.951387 -1.31666 -0.639 1.281 1.247 -0.319 -0.279 -1.081
2.50713 -0.189329 3.13336 0.936711 0.00691804 0.914912 2.06 -0.431 3.484 1.311 0.687 1.532
0.354804 2.11863 6.68 -1.3867 -0.738564 -2.00647 -0.048 2.638 6.423 -1.073 -0.431 -1.617
2.38052 1.53539 2.96364 0.773603 -0.360849 1.39202 1.805 1.074 3.007 1.134 0.187 2.062
0.088923 0.671466 3.09756 -0.38138 -0.437467 -2.056 -0.976 0.742 1.949 0.398 0.296 -1.697
0.366261 0.966864 0.401166 -1.21239 -0.165344 -1.35583 -0.488 1.066 -0.776 -0.558 0.602 -1.159
2.39565 1.21691 4.57416 0.603509 1.65707 0.660476 1.654 0.878 4.443 1.179 2.179 1.231
2.23752 0.200602 4.60606 0.818434 -0.278317 1.55381 1.725 -0.124 4.711 1.07 0.292 2.233
3.2139 0.281983 5.37463 0.787738 0.2002 2.11993 2.564 -0.413 5.524 1.254 0.931 2.945
2.43292 2.58709 -0.621286 -0.78793 1.74656 -0.0852209 1.801 2.846 -0.923 -0.607 1.54 0.633
2.99785 1.10506 5.10425 0.552895 0.603854 1.50388 2.447 0.656 4.887 1.031 1.223 1.964
-0.406821 1.21436 0.567982 0.498422 -1.07534 -1.84988 -1.098 1.212 -0.747 0.549 -1.046 -1.634
0.382702 0.889928 -0.254 0.577117 0.480744 -2.42725 -0.071 0.7 -1.035 0.838 0.363 -2.239
-0.239613 0.835195 -1.03831 0.164847 -0.347739 -2.87345 -0.953 0.656 -2.206 0.204 -0.403 -2.673
-0.632852 1.07281 0.785176 0.168151 -0.0240219 -2.18627 -1.342 0.798 -0.083 0.353 -0.098 -1.947
0.411013 1.39224 0.656646 0.715329 -0.145188 -3.01247 -0.431 0.96 -0.622 0.681 -0.036 -2.729
0.192877 1.79104 -0.238969 0.484609 -0.279502 -2.59925 -0.519 1.581 -1.318 0.538 -0.459 -2.277
-0.770944 1.44245 0.230577 0.420492 -1.12197 -2.32978 -1.683 0.987 -0.987 0.521 -1.058 -2.038
-1.8262 0.495559 0.975527 1.22236 0.342898 -0.314381 -2.247 -0.103 0.416 1.242 0.053 -0.808
-0.139143 -0.306286 0.439848 -1.26288 1.16727 -0.108974 -0.852 -0.705 0.09 -1.066 1.228 -0.525
-1.89345 -1.39785 -1.85944 -1.03078 0.26458 -0.517137 -2.922 -0.502 -1.429 -0.576 0.824 -0.344
-1.85907 -4.75632 -2.85358 -2.03394 -0.631945 -2.01071 -3.127 -5.518 -2.843 -2.128 -1.443 -2.399
0.38447 -0.332107 -1.16021 -0.504805 -0.175016 -0.20802 0.097 -0.407 -1.606 -1.171 0.155 -0.578
-1.47474 -0.95989 0.598742 0.823812 -0.637981 0.29516 -1.341 -1.126 0.028 0.067 -0.788 -0.025
-1.44292 -1.05786 0.791603 0.896332 -0.651515 0.411574 -1.327 -1.252 0.2 0.16 -0.798 0.059
-0.5065 -0.719299 -1.87934 1.01927 -0.822793 0.768886 -0.421 -0.612 -2.238 0.113 -0.566 0.36
-0.554585 -0.452279 -1.99069 1.17252 -0.79609 0.802203 -0.494 -0.353 -2.386 0.257 -0.519 0.402
0.469148 -0.215921 0.30788 0.594386 -0.593581 0.42078 0.5 -0.136 -0.035 -0.117 -0.352 -0.16
0.544498 1.16105 0.29905 0.705946 0.07875 1.49177 0.199 0.989 0.078 0.036 0.251 0.916
-0.441329 -2.21729 -0.425043 1.86021 -1.01447 0.657617 -0.723 -2.749 -1.107 1.03 -0.976 0.167
-0.312959 -2.30121 -0.564544 1.89591 -1.04522 0.54733 -0.635 -2.825 -1.24 1.052 -0.995 0.064
-0.472292 0.138776 -0.55253 0.946769 -0.679437 0.220512 -0.412 0.078 -0.928 0.221 -0.609 -0.13
-2.52131 -0.480531 0.397588 0.289805 -0.462083 0.401462 -2.563 -0.554 0.217 -0.538 -0.174 0.058
-0.601985 0.0370387 -0.548884 0.854554 -0.693922 0.133533 -0.527 -0.01 -0.955 0.106 -0.655 -0.182
1.24667 0.331234 0.239604 1.10012 -0.316668 0.321538 0.655 0.38 -0.124 0.185 0.041 -0.047
1.70011 1.20839 0.301369 1.09871 -0.428206 0.715158 1.162 1.211 0.141 0.222 -0.056 0.212
-2.33426 -0.24033 0.0881838 0.324535 -0.600134 0.484073 -2.432 -0.374 -0.008 -0.498 -0.333 0.115
0.577222 0.517447 0.658612 1.54352 -0.548182 1.16667 0.62 0.551 0.236 0.646 -0.465 0.387
-1.19656 1.17327 -0.482139 0.523985 0.500525 0.881984 -1.286 1.039 -1.106 -0.219 0.841 0.546
0.191065 -2.31885 -0.65882 1.75727 -1.08195 0.237928 -0.223 -2.79 -1.276 0.938 -0.998 -0.249
-0.467606 0.202564 -0.107255 1.02727 0.240631 0.821448 -0.586 -0.115 -0.476 0.456 0.509 0.367
0.331922 -0.50596 0.30409 0.13849 -0.408295 -0.129013 0.416 -0.418 0.144 -0.438 -0.052 -0.531
-0.82419 -1.26737 0.745488 1.10049 -0.53539 0.204385 -1.361 -2.066 0.467 0.443 -0.533 -0.276
-1.06098 1.49437 0.0643078 0.263134 0.286403 0.582439 -1.299 1.533 -0.668 -0.331 0.589 0.229
0.572826 0.618432 0.81379 1.61835 -0.494036 1.2189 0.606 0.617 0.364 0.702 -0.418 0.43
0.499591 -1.01681 0.335162 1.75026 0.0794449 -0.178916 0.472 -0.885 -0.364 1.021 0.286 -0.613
0.70141 -1.99282 -0.384076 1.20941 -0.974852 0.0834302 0.301 -2.377 -0.898 0.491 -0.843 -0.452
-0.155811 0.486857 0.125254 1.24551 -0.157134 0.737626 -0.257 0.13 -0.232 0.632 0.133 0.268
0.0064843 0.786234 0.0830375 1.38696 -0.61777 0.573806 -0.035 0.44 -0.241 0.725 -0.358 0.104
-2.38345 -1.90826 -2.14328 -1.18326 -0.405304 0.42432 -2.653 -2.684 -2.842 -0.994 -0.726 -0.235
-2.93868 -1.04302 0.959232 0.831195 -0.108106 0.385726 -3.391 -0.979 0.164 0.067 0.207 -0.256
0.183673 -0.052885 0.171204 0.181971 0.636344 -0.0782344 0.004 -0.159 0.269 0.101 0.074 0.243
0.858333 -0.823065 0.394829 0.816868 1.81742 0.682742 0.618 -0.777 -0.455 1.629 1.704 1.446
1.17008 1.82614 0.288963 1.25916 0.399724 1.74746 0.935 1.494 -0.072 0.5 0.545 0.846
1.90675 1.33918 0.856483 1.90072 -0.276522 0.99354 2.039 1.251 0.471 0.961 -0.153 0.265
1.67263 1.2687 2.14044 1.50868 -0.634166 0.135973 1.432 1.087 1.598 0.516 -0.425 -0.605
0.805353 -0.636672 -0.279252 0.547148 1.3623 -0.00998077 0.645 -0.561 -0.472 0.43 0.798 0.293
-0.793463 0.410563 -0.115177 0.31589 0.480797 -0.890411 -1.065 0.222 -0.382 0.219 -0.274 -0.443
0.644461 -0.585778 -0.521929 0.498543 1.31256 -0.0527351 0.472 -0.474 -0.725 0.372 0.769 0.286
-0.675454 -0.38595 -0.52443 0.367226 2.29513 0.232603 -1.408 -0.367 -0.371 0.3 1.872 0.718
0.106663 -1.29819 -0.465352 -0.0525695 0.910461 -0.304306 -0.263 -1.21 -0.472 -0.103 0.348 0.134
0.30917 2.10224 4.29915 1.68668 -0.904503 0.664405 0.149 1.777 3.665 0.795 -0.816 -0.081
0.0665872 -0.294216 -0.677501 0.0998837 0.801078 -0.192666 -0.129 -0.172 -0.749 -0.012 0.315 0.246
0.0176094 -0.727662 0.299513 -0.383965 0.596907 0.501986 -0.543 -0.924 0.009 -0.379 0.151 0.782
0.27102 0.481572 1.10584 -0.64696 -0.315674 0.131107 0.355 0.417 0.924 -0.738 -0.931 0.291
1.3963 0.000433214 -0.180821 -0.21946 -0.574529 -0.681184 1.237 0.32 0.009 -0.343 -1.343 -0.417
0.508208 0.501847 1.02673 -0.529086 -0.197463 0.154962 0.54 0.398 0.828 -0.636 -0.84 0.296
0.149217 1.32628 1.72497 0.144704 0.15922 1.95433 0.163 1.369 0.986 -0.693 0.196 0.951
-0.683192 -0.986725 0.469294 -0.104117 -0.274969 -0.871467 -0.855 -1.036 0.394 -0.521 -1.057 -0.59
1.61668 0.0118263 -0.059939 -0.397469 -0.491096 -0.593522 1.465 0.297 0.104 -0.473 -1.305 -0.363
1.62607 -0.0368366 -0.00172561 -0.434522 -0.441676 -0.625164 1.469 0.213 0.131 -0.507 -1.266 -0.405
-0.82981 -1.04515 0.64113 -0.17553 -0.208601 -0.84357 -0.996 -1.13 0.563 -0.617 -0.997 -0.561
-0.606755 -0.412806 0.310848 -0.471119 0.369224 0.0604599 -0.72 -0.301 -0.115 -0.436 -0.117 0.458
-0.287333 0.196421 1.20765 -0.661934 -0.252582 -0.133188 -0.21 0.169 1.109 -0.696 -0.838 0.105
-0.00751077 -1.09953 0.81343 -0.584409 0.47228 0.58276 -0.353 -1.213 0.519 -0.564 -0.039 0.85
-0.26711 0.646436 0.2737 -0.37476 -0.33333 -0.770464 -0.677 0.612 0.057 -0.623 -0.952 -0.419
-0.53149 -0.982998 1.0014 -0.509781 0.295003 -0.769918 -0.693 -1.11 1.068 -0.949 -0.462 -0.425
-0.0578464 -1.08447 0.898479 -0.61511 0.455466 0.523472 -0.348 -1.162 0.594 -0.588 -0.062 0.802
0.788688 1.08924 1.08681 1.6468 0.401693 1.82283 0.865 1.347 1.153 0.47 0.675 0.879
-0.22688 -0.920743 0.872918 -0.626526 0.429994 0.343231 -0.42 -0.913 0.538 -0.59 -0.087 0.659
-0.112458 1.4647 -0.65824 0.257008 0.211771 -0.632169 -0.726 1.299 -0.845 0.228 -0.102 -0.347
-0.988248 0.3337 -1.54193 0.552811 0.59921 -0.478261 -1.289 0.363 -2.192 0.523 0.076 0.011
-0.87792 -1.06834 1.11979 -0.454209 0.085608 -0.85463 -1.029 -1.201 1.125 -0.927 -0.706 -0.543
1.66127 2.6091 0.928935 1.60163 -0.684197 2.00008 1.732 2.479 0.386 0.567 -0.412 1.348
-4.05992 -2.72908 -5.04825 -0.030547 -1.44045 -1.33143 -4.857 -4.285 -4.66 0.048 -1.044 -1.18
-0.60868 1.32854 0.486209 -0.744115 0.209147 -0.386961 -0.806 0.934 0.773 -0.745 -0.243 0.092
0.245436 -0.205413 2.33485 0.452377 0.416653 0.497129 0.229 -0.198 2.428 0.462 0.045 0.753
1.4493 0.0275409 1.42066 0.74696 1.34805 -0.406383 1.104 -0.544 1.202 0.673 0.89 -0.188
0.468973 1.45878 -0.438538 0.554909 -0.252343 -0.861686 0.442 0.944 -0.364 0.245 -1.037 -0.514
0.427462 -0.802788 2.35112 0.71886 0.739497 0.330978 0.606 -1.079 1.923 0.705 0.058 0.66
0.62373 -0.521054 1.09407 -0.0778648 0.179672 0.785628 0.3 -0.589 1.438 -0.087 -0.175 1.248
0.910095 0.25379 2.37701 -0.673811 1.16032 1.01569 0.755 -0.014 2.383 -0.901 0.495 1.236
-0.0547374 1.92279 0.328912 -0.625172 -0.595684 0.301992 -0.049 1.762 0.484 -0.768 -1.206 0.754
0.0485115 0.12735 2.16011 0.325881 1.06314 0.181086 -0.446 0.041 2.16 0.348 0.543 0.528
0.636898 1.07879 -1.01655 1.40463 -0.274572 -0.874454 0.046 0.949 -2.047 0.786 -0.879 -1.235
1.18494 -0.968299 -0.532391 1.05285 -0.911315 0.0919713 0.079 -1.043 -1.038 1.351 -1 0.878
10.6973 14.306 15.1436 -0.0210305 -0.914858 0.295257 8.909 11.919 14.625 0.49 -1.443 0.806
-0.908368 -0.23292 1.47007 2.40803 -0.717688 2.01679 -2.374 -1.089 0.436 1.236 -1 2.16
-2.06781 -1.33558 -1.17833 -0.505542 -3.42171 0.668024 -3.724 -2.744 -1.536 -0.653 -2.875 1.551
-0.0641186 0.0120383 0.0760234 -0.0830654 -0.377649 0.166666 0.006 -0.404 0.464 -0.056 -0.578 0.126
0.259964 0.288791 -0.311606 -0.00949981 -0.404266 -0.0492359 0.422 -0.071 0.277 0.047 -0.573 -0.019
-0.459988 0.495891 -0.240639 0.101833 0.464445 0.79676 -0.964 -0.151 -0.103 0.251 0.194 0.656
-0.638018 0.619574 -0.663609 0.236723 0.624033 1.0682 -1.155 0 -0.478 0.42 0.355 0.997
-0.457286 0.899893 -1.27712 0.369275 0.243695 0.134408 -0.492 0.467 -0.741 0.548 0.037 0.16
0.148401 0.666248 -0.173159 0.282517 0.452218 -0.0869101 0.054 0.28 0.127 0.395 0.32 -0.281
-0.0631196 0.828309 -1.05002 0.27059 -0.0750111 -0.232476 0.04 0.442 -0.393 0.419 -0.255 -0.172
0.213268 0.709992 -0.776166 0.182663 -0.241817 -0.304292 0.368 0.347 -0.091 0.301 -0.409 -0.23
0.169658 1.1765 -0.838977 0.429957 0.13627 -0.15385 0.317 1.111 -0.233 0.6 0.023 -0.235
1.10542 -0.114875 0.796177 -0.161204 0.35669 0.615645 0.855 -0.814 0.873 -0.056 0.07 0.539
1.16616 1.05584 -0.686847 0.151533 -0.379392 0.163194 0.981 0.472 -0.447 0.053 -0.725 -0.104
0.592239 0.854466 -0.411414 0.146265 0.166504 0.478968 0.397 0.318 -0.171 0.251 -0.101 0.293
-0.604683 0.737577 -0.364978 0.21036 0.734385 -0.211401 -0.604 0.498 0.1 0.443 0.588 -0.255
-0.379681 -1.01927 -0.38167 -0.215479 0.115196 -0.645747 -0.412 -1.536 0.281 -0.069 -0.138 -0.726
-0.679478 -1.0454 -0.139878 0.0193269 0.385726 -0.564023 -0.907 -1.716 0.246 0.012 0.139 -0.539
-2.11919 0.130007 -2.76523 -0.852503 -0.494783 0.289553 -2.235 -0.261 -2.344 -0.79 -0.644 0.104
-0.179988 -0.256811 -0.370781 -0.6553 0.00618023 -0.220728 -0.528 -1.058 -0.179 -0.651 -0.302 -0.389
0.278292 0.229097 -0.000184332 -0.132496 0.0156603 0.165983 -0.061 -0.505 0.098 -0.081 -0.28 -0.013
-2.2406 0.00475957 -3.09617 -0.877503 -0.11898 0.280569 -2.333 -0.414 -2.66 -0.785 -0.242 0.102
0.187374 1.83441 -2.08947 -0.0314472 0.442253 -0.0860124 0.211 1.505 -1.543 0.053 0.238 -0.068
0.948255 1.69872 -1.57957 0.0302438 -0.12444 0.236706 0.902 1.212 -1.256 -0.028 -0.387 0.1
0.357458 1.87591 -2.07364 -0.0305026 0.334129 0.00629751 0.379 1.513 -1.569 0.023 0.118 -0.006
-1.75663 -0.740507 -0.935289 -0.563972 0.517461 0.203308 -1.806 -1.293 -0.842 -0.278 0.249 0.118
-0.34423 -0.482339 -0.637805 -0.644441 0.491451 -0.20551 -0.345 -1.03 0.011 -0.585 0.221 -0.281
-0.304152 1.48843 -1.48555 0.0429173 0.711469 -0.403758 -0.284 1.269 -0.879 0.241 0.567 -0.318
-2.20397 -0.109212 -3.00934 -0.893391 0.151022 0.318163 -2.275 -0.555 -2.573 -0.749 0.034 0.144
-0.335262 -0.959399 -0.0823209 0.115202 0.578088 0.0891505 -0.651 -1.721 -0.012 -0.104 0.404 0.166
-0.0970449 -0.895775 -0.134317 0.162277 0.648258 0.136799 -0.439 -1.718 -0.144 -0.128 0.499 0.19
-6.15617 -0.625129 -3.58638 -2.84236 0.605932 -0.469385 -7.171 -1.206 -3.165 -2.695 1.05 -0.864
0.321294 0.248556 0.849763 0.172742 -0.239587 0.607077 0.004 -0.34 0.954 0.156 -0.514 0.517
1.08646 0.754978 0.9357 -0.619413 -0.45631 1.10258 0.963 0.12 1.274 -0.72 -0.613 0.978
6.57074 8.8161 9.0465 0.32256 4.98009 -0.334627 5.008 8.504 7.096 -0.123 4.971 0.045
0.0553294 1.78112 1.78096 -0.187744 0.237252 0.172119 0.061 1.435 1.943 0.039 0.093 0.165
1.50783 0.25819 1.39667 0.0205493 -0.709889 0.548656 1.245 -0.569 1.152 0.166 -0.898 0.628
-0.266733 2.08275 1.06376 0.124254 0.376865 -0.157512 -0.356 1.613 1.254 0.385 0.217 -0.206
5.9388 12.1373 10.0968 -3.05733 4.24498 -1.62295 4.199 11.027 9.329 -2.656 3.594 -1.101
0.0768859 0.253429 1.98748 -0.166104 -0.11198 -0.289728 0.048 -0.306 2.045 -0.027 -0.249 -0.264
0.149043 0.674942 0.662992 0.353828 -0.802576 0.170905 0.013 0.091 0.503 0.389 -0.989 0.003
-0.17693 0.825084 2.65985 0.529515 -0.239083 0.221681 -0.353 0.188 2.751 0.524 -0.346 0.249
2.38486 2.10362 -0.544415 -0.720761 0.360611 -0.826125 1.693 1.791 -1.727 -0.943 -0.14 -0.478
-1.91721 -4.75028 -2.31576 -1.53348 -1.99618 -1.48103 -3.411 -5.59 -1.944 -1.671 -2.039 -1.135
5.56828 10.173 12.8973 1.81385 -0.524609 -1.96869 4.786 7.363 10.613 2.557 -1.064 -2.488
4.21983 11.353 5.48021 -2.90433 -6.59486 0.104058 2.371 11.073 6.588 -3.223 -6.793 0.015
-0.449408 0.853972 0.367335 -1.6116 2.147 1.30386 -2.063 -0.164 -0.189 -1.535 1.76 2.205
2.78627 3.29911 7.30009 -0.183432 0.108164 -0.417823 1.359 3.083 6.139 -0.209 0.86 -0.085
-5.7126 -1.85793 0.383941 -0.170606 -2.94651 -2.22528 -7.692 -3.312 -0.302 -0.395 -4.001 -2.742
16.1616 17.1308 17.4916 0.2775 0.0605736 -2.69696 15.602 14.938 16.463 0.174 0.427 -3.624
1.8792 13.7126 8.74966 -0.862968 1.80362 1.56449 -2.07 11.966 7.531 -1.259 1.795 0.598
5.84309 9.92244 15.9012 3.05609 1.22626 -2.45539 3.861 7.575 12.946 3.744 1.231 -1.83
-2.11592 -4.16023 -2.40416 -0.46347 -0.325622 -1.95972 -3.35 -4.761 -1.719 -0.185 -0.826 -1.675
-0.502362 -0.411254 2.38823 0.616852 2.07067 -1.36863 -3.982 -2.56 -0.452 0.509 1.803 -2.631
-1.40168 0.0478747 -4.36256 0.701448 -2.99089 0.85916 -4.123 -2.26 -6.943 0.668 -3.802 0.964
5.10421 6.04629 -0.355482 0.228108 -0.0119659 0.346016 5.004 4.021 -0.934 -0.972 -0.751 -0.001
0.80627 0.547698 -0.845865 -1.86791 0.0154464 0.0384696 -0.098 -0.797 -2.203 -2.091 0.493 -0.682
9.4498 9.12039 6.96458 4.52436 1.86827 1.09488 7.48 8.063 3.593 4.456 2.038 0.967
-1.64225 -5.0204 -5.06293 -2.90023 0.998099 -1.8123 -2.596 -6.261 -7.048 -2.972 0.516 -1.501
2.09828 -0.357274 0.205873 -0.610885 -0.00313981 -0.670567 1.156 0.315 0.782 0.196 -0.82 -0.777
10.3986 16.529 9.15636 -1.32247 -0.975105 -2.09427 6.9 13.946 7.994 -1.522 -0.645 -2.248
5.63933 5.98731 3.20062 -0.744348 -0.0952708 1.08251 4.796 3.274 3.039 -2.042 0.28 1.576
1.5793 2.91452 -2.85716 0.518263 -0.108187 0.785199 0.637 1.881 -5.125 0.033 -0.433 0.127
-0.633544 -3.96803 -3.98449 -0.191521 0.945493 -1.64154 -1.121 -4.816 -3.699 1.178 2.027 -1.045
1.89271 4.52684 -3.22095 2.815 -2.33287 0.62006 0.782 2.521 -5.364 3.353 -2.091 0.409
2.86068 7.63495 12.1321 -0.291613 -5.58592 0.926135 0.648 4.507 11.203 -0.44 -5.755 0.654
-4.99643 -3.72063 -5.64958 -0.267254 -5.08394 0.582258 -2.819 1.554 -4.235 1.649 -3.258 -1.251
-6.34256 -6.13555 -6.96439 0.885396 -3.71224 2.16719 -6.315 -1.474 -6.416 1.255 -2.785 2.255
-6.30237 -3.717 -5.6607 0.706159 -4.93516 1.93588 -6.815 1.054 -5.345 1.183 -4.163 1.33
3.73141 -0.828734 5.99303 1.02028 -3.29019 1.17702 -0.222 -2.456 1.893 2.046 -2.36 0.817
6.09272 1.76908 9.30371 -1.0254 -1.81842 0.404495 1.864 -1.313 4.699 -0.414 -0.215 0.123
2.67056 0.385258 -8.3051 -5.63839 -1.76114 3.96167 5.82 4.21 -9.153 -3.789 -0.312 3.608
-3.44036 -6.83768 5.86871 -1.69577 -0.29425 2.96098 -6.59 -8.695 8.003 0.915 1.14 2.918
0.515442 -3.85317 0.244166 2.86114 -5.19417 1.52616 -2.417 -2.546 -2.543 4.358 -4.709 0.977
-0.364124 -4.47012 0.930085 -2.66327 4.02597 3.57915 -1.911 -5.35 2.235 0.515 5.578 2.91
-0.496067 -9.60013 -6.68153 0.0710524 0.74821 1.07312 -0.261 -7.163 -6.246 -0.437 2.701 3.151
0.287814 -3.83886 0.403763 -2.78328 4.69454 3.40368 -1.038 -4.46 1.414 0.41 6.205 2.693
6.10621 5.18847 0.569333 -1.78262 1.76632 -3.33276 2.616 4.903 -3.855 -0.293 0.897 -2.177
-1.72705 0.831618 0.6486 -0.618011 -1.44546 -0.538468 2.61 0.909 0.946 1.294 -1.15 2.025
6.1694 5.75708 1.04071 -1.73902 0.959797 -3.482 2.368 5.322 -3.741 -0.295 -0.255 -2.265
1.49304 -2.49839 -0.454352 -2.93404 5.80331 2.78969 0.541 -2.598 -0.091 0.174 7.193 2.094
-3.27729 -3.4906 5.63843 2.60108 -5.15227 -5.31609 -2.795 -1.951 4.401 3.863 -2.271 -5.802
-8.31516 -8.33479 -3.86073 -0.635489 4.85012 -0.718072 -7.93 -8.328 0.392 2.907 3.846 -1.928
0.448319 0.276056 1.66113 -4.87943 -2.96905 1.70109 -1.148 0.84 1.926 -3.091 -1.729 1.795
-8.51564 -8.87891 -3.55361 -0.683947 5.39733 -0.717751 -7.984 -8.864 0.981 2.826 4.811 -1.835
-8.55356 -9.23583 -3.17574 -0.771851 5.80926 -0.781204 -7.933 -9.265 1.543 2.673 5.649 -1.762
-2.6734 0.984166 1.79618 -2.74246 -2.33994 -1.19961 -0.095 1.15 0.895 -0.142 -2.389 -0.608
-2.87522 1.51652 2.46529 -0.869316 -1.00802 -0.704112 0.376 1.954 2.641 1.06 0.454 2.136
-2.94069 1.6562 0.0123109 -3.51794 -0.674194 -1.17253 -0.947 1.179 -0.966 -1.119 0.516 0.732
-3.50432 1.80875 6.57195 2.188 -5.73238 -4.73585 -4.942 3.474 4.518 2.824 -4.514 -6.257
-1.60199 -8.61824 -1.2588 1.70005 -3.46655 -0.76194 1.835 -5.024 -1.079 3.642 0.852 -0.981
-1.13649 -1.99818 6.20246 -3.54616 -3.50803 0.934996 -4.095 -2.379 7.044 -1.673 -2.279 1.307
-3.23396 3.14415 2.97228 -2.43863 -2.62632 -2.39586 -1.165 2.472 1.375 -0.056 -0.828 -0.52
-0.810631 1.23842 0.902423 -2.38969 2.16044 -3.31498 2.504 1.219 -0.279 1.145 3.825 -1.579
-1.65276 0.238761 0.251822 -3.24901 -1.18137 -1.04481 1.52 0.136 0.569 -0.455 -1.297 0.841
6.40218 -3.80162 0.136798 -2.32697 3.4899 -0.403591 5.095 -4.814 -1.087 -3.324 6.091 1.419
7.38422 -2.35531 1.83317 -2.8344 3.88153 -0.623585 5.741 -4.014 0.136 -3.851 6.533 1.018
2.07039 1.00794 1.70957 -0.517006 0.424626 -1.20677 6.928 1.388 2.218 1.176 0.399 -0.371
9.6113 1.90857 7.10512 -4.28823 4.59309 -1.12944 7.039 -1.461 3.91 -5.267 7.377 -0.18
0.305872 2.52809 1.09782 -5.08734 -0.0609419 0.435482 2.994 2.074 -0.306 -1.215 1.421 2.857
14.3613 2.08066 -9.08851 11.4984 8.67414 4.73493 15.836 3.198 -7.005 12.234 5.192 3.969
-5.68245 2.07429 -9.67192 1.10129 -4.73313 -1.18077 -14.336 0.75 -18.205 0.638 -0.485 -2.973
18.2674 23.6023 4.10423 13.6596 -7.55882 -0.147895 7.497 5.813 -2.02 12.047 -9.624 0.489
101.066 48.2081 18.666 -3.26278 4.31918 7.16333 101.756 54.547 44.487 -4.189 11.162 7.044
34.1944 29.8912 2.84313 -32.8195 -12.0669 2.10927 39.958 28.229 5.1 -33.565 -5.15 0.252
1.42015 -1.65692 0.829677 0.866932 0.0507188 -0.121329 1.775 -1.542 0.179 0.558 -0.002 0.016
2.1324 -2.39439 0.747632 1.44709 0.0645902 -0.149853 2.449 -2.244 0.165 1.1 -0.007 0.024
0.810267 -2.64727 1.61079 2.31205 -0.188646 0.425482 1.002 -2.631 0.335 1.996 0.035 0.03
1.56532 -2.01537 1.28299 1.57203 0.0341169 -0.0278938 1.439 -2.039 0.1 1.368 0.016 0.017
-1.48382 2.11302 2.05724 -1.19282 -0.309475 0.331581 -1.532 1.836 0.349 -1.275 -0.066 -0.03
0.630364 -2.64944 1.6119 2.47683 -0.176436 0.401115 0.837 -2.634 0.315 2.135 0.032 0.023
0.912153 -1.06955 1.25041 1.14923 0.0710533 -0.0104209 0.828 -1.125 0.071 0.968 0.045 0.049
-4.43355 -0.127809 -0.411596 -1.03414 0.0645176 -0.0163406 -2.911 1.106 0.289 -0.968 0.015 0.016
-1.54018 -1.2597 -0.403225 0.293478 -0.147239 0.142838 -0.857 -0.7 0.43 0.176 -0.052 -0.023
-0.225608 -0.225152 1.62484 -3.80504e-05 -1.56714e-06 -1.13551e-06 1.149 1.149 1.149 0 0 0
0.743166 -0.549217 1.39976 0.651541 -0.0716853 -0.0755095 0.571 -0.733 0.008 0.634 -0.077 -0.07
-1.79745 1.49565 1.84083 -0.891389 -0.243006 0.260065 -1.796 1.229 0.273 -1.009 -0.025 -0.057
-1.47572 -0.690925 0.808434 0.16859 -0.164297 0.232428 -0.97 -0.077 0.419 0.197 -0.017 0.01
-2.46479 1.00781 0.881371 -0.0213369 0.0862809 -0.404723 -2.184 1.239 -0.019 0.048 0.005 -0.23
-1.33585 -0.997395 0.248769 0.342184 -0.0287738 -0.0425899 -0.755 -0.494 0.566 0.26 -0.053 0
-0.812829 -0.766238 -1.3764 0.0625287 -0.0764685 -0.0722599 -0.062 -0.026 0.264 0.033 -0.083 -0.071
-0.727199 -0.755695 0.944876 -0.0702954 0.0883566 -0.283939 -0.362 -0.378 0.107 -0.055 0.016 -0.116
0.296381 -1.3517 1.43767 1.03221 -0.343003 0.442926 0.446 -1.409 0.246 0.808 -0.083 0.005
-3.81665 4.2619 2.18183 -1.97892 -0.360164 0.450553 -3.974 3.675 0.442 -1.78 -0.079 -0.038
-1.36292 -1.29139 -0.972869 0.0179986 -0.0923378 0.0496693 -0.662 -0.696 0.238 -0.069 -0.034 -0.027
-3.49785 3.8895 2.14827 -1.84581 -0.31813 0.440948 -3.651 3.359 0.413 -1.665 -0.049 -0.03
2.86793 -3.23702 0.538465 2.30624 0.109862 -0.171797 3 -3.078 0.054 1.9 0.018 0.056
-3.8887 2.7987 1.59053 -1.10977 -0.0225133 -0.266116 -3.781 2.435 -0.323 -1.234 -0.011 -0.258
0.674852 -0.691485 2.253 0.831212 -0.106691 0.412529 0.498 -0.872 0.228 0.793 0.131 0.084
-1.55075 -1.38466 -0.501185 0.159303 -0.101842 0.13608 -0.929 -0.883 0.269 0.053 -0.015 0.003
-0.0871512 1.55883 2.15901 -0.624783 -0.209206 0.489118 -0.288 1.239 0.247 -0.695 0.061 0.076
-0.768932 -0.858683 0.917213 -0.168999 -0.0949897 -0.0350691 -0.571 -0.606 -0.669 -0.11 0.064 -0.304
-6.0089 -1.79149 -0.433651 2.58572 -0.0856665 -0.00493858 -5.184 -1.154 0.471 2.582 -0.067 0.02
-0.727601 -0.400723 -0.202453 0.303928 -0.195547 0.0270796 -0.066 0.14 0.462 0.207 -0.135 -0.045
0.140018 0.271409 0.112361 0.202521 0.0558315 0.183509 1.322 1.263 0.796 0.202 -0.032 0.048
-1.24317 -1.1267 -0.990245 0.0313611 -0.0495057 0.0702487 -0.591 -0.581 0.146 -0.057 0.005 0.007
-1.10135 -0.176602 0.222859 0.806247 0.174521 -0.0642621 -0.554 0.305 0.537 0.699 0.097 0.108
-4.89674 3.27742 1.99496 -0.702683 -0.150811 -0.242818 -4.819 2.803 -0.153 -0.901 -0.091 -0.307
2.73819 -3.30246 0.42809 2.53292 0.142519 -0.158653 2.838 -3.162 -0.023 2.111 0.05 0.078
0.380555 -1.30005 1.48932 0.509999 0.0483464 0.280576 0.302 -1.283 0.104 0.519 0.166 0.026
0.533096 0.920856 2.13699 -0.221226 -0.148454 0.53266 0.271 0.588 0.181 -0.294 0.126 0.106
-0.602534 -1.57147 1.45764 2.18391 -0.276091 0.27495 -0.368 -1.638 0.104 1.786 -0.116 -0.047
-0.76575 -0.0411043 0.877562 0.512593 0.0535664 0.223835 -0.444 0.269 -0.365 0.514 0.257 -0.074
-0.922894 -0.857272 0.998641 0.0456043 -0.00888751 -0.295671 -0.66 -0.556 0.198 0.036 -0.11 -0.136
-0.752564 -0.411253 -0.276872 0.329832 -0.250056 -0.0285397 -0.119 0.099 0.364 0.23 -0.192 -0.092
-0.847922 -0.455601 1.18671 0.280882 0.215824 -0.0721386 -0.635 -0.233 -0.008 0.299 0.176 0.038
11.5139 5.36923 1.14771 -6.34845 -0.22518 -0.114591 10.637 5.158 0.166 -5.729 0.009 -0.011
-5.10297 3.2092 1.95816 -0.768663 -0.183257 -0.263309 -5.059 2.679 -0.239 -0.962 -0.122 -0.33
4.21176 -0.094546 0.529039 -2.72862 -0.284605 -0.0149774 4.535 0.42 0.194 -2.694 -0.139 0.168
-1.51427 -0.535476 -1.27991 0.847886 0.102841 0.198959 -0.828 0.05 0.019 0.757 0.154 0.142
-0.0363304 -0.917622 1.31288 0.187615 0.10756 0.290255 -0.109 -0.914 0.013 0.204 0.211 0.057
-2.75126 -2.08432 0.519117 1.11463 -0.34783 -0.110913 -1.923 -1.218 -0.372 1.031 -0.483 -0.134
-1.0794 -1.0063 1.37056 1.89148 -0.335234 0.225535 -0.837 -1.112 0.011 1.485 -0.189 -0.079
-2.6013 -5.54272 0.068797 0.143444 -0.0400645 -0.561922 -1.601 -4.543 -0.017 0.206 0.124 -0.152
-1.26714 -0.451221 -0.0262016 0.723497 0.0488421 0.258536 -0.723 -0.016 0.341 0.632 0.121 0.156
-0.992167 0.207197 -0.0100997 -0.516077 -0.466961 0.512681 -0.26 1.059 0.016 -0.524 -0.101 -0.145
4.0663 -3.57776 1.32446 1.25335 0.109012 0.0616059 3.653 -3.413 -0.186 1.217 0.089 -0.022
-5.14688 2.88672 0.419143 -0.930626 -0.024189 -0.625955 -4.856 2.943 -0.272 -0.811 -0.133 -0.387
-0.906485 1.29147 2.20843 0.385296 -0.297088 0.272079 -1.179 0.895 -0.047 0.307 -0.086 -0.097
-0.365125 0.0638696 0.914581 -0.057217 -0.125356 0.243191 0.052 -0.008 -0.16 -0.466 0.012 0.013
-1.77818 1.96907 1.14665 -0.375218 -0.138894 -0.16172 -1.725 1.709 -0.594 -0.56 -0.095 -0.199
1.84041 -0.744787 2.04221 0.719146 -0.0445961 0.582202 1.378 -1.102 0.019 0.636 0.233 0.132
2.93964 -1.61474 1.85534 1.55456 0.034109 0.094387 2.696 -1.937 -0.307 1.282 0.074 -0.001
-1.67905 -0.718798 -1.4184 0.768501 0.0141609 0.125713 -1.057 -0.178 -0.168 0.698 0.063 0.062
-1.33496 -0.579828 -0.123292 0.564174 0.32109 -0.162961 -0.924 -0.212 0.17 0.504 0.155 0.148
-4.05014 4.17101 0.78369 -2.05655 0.0250794 0.164976 -3.867 3.588 -0.279 -2.061 0.085 0.106
-1.84284 2.36668 1.06261 -1.37947 -0.537656 0.436254 -1.793 1.977 -0.07 -1.417 -0.262 -0.04
-0.903294 0.304627 0.909183 -0.103165 -0.1974 0.198096 -0.52 0.195 -0.217 -0.505 -0.07 -0.031
0.814949 -1.63783 1.92274 1.42217 -0.291269 0.418893 0.342 -2.013 -0.067 1.398 0.004 -0.078
15.3453 7.3194 1.0214 -7.51403 -0.250299 -0.0655372 14.283 7.079 0.166 -6.813 -0.024 0.087
12.9334 4.7134 -0.145911 -6.52588 0.183052 0.0305258 12.665 5.113 0.692 -5.87 0.061 -0.04
-1.73048 -0.835113 -1.47924 0.693873 -0.0539521 0.0667465 -1.129 -0.305 -0.228 0.631 -0.007 0
2.31518 -1.4427 1.80185 1.5723 -0.017327 0.0289331 2.127 -1.814 -0.416 1.301 0.02 -0.06
-2.25857 -0.742159 3.0351 0.398854 -0.445834 -0.461056 -0.762 0.416 1.477 0.098 -0.397 -0.178
-1.51047 -0.0147923 1.04464 1.22631 -0.00336134 0.18417 -1.536 -0.32 -0.28 0.985 0.13 -0.002
-1.06204 -0.724107 -0.543022 0.307946 -0.350025 -0.129809 -0.511 -0.291 0.073 0.212 -0.298 -0.183
-1.06724 -0.726208 -0.146477 0.288779 -0.31918 -0.120512 -0.573 -0.342 0.188 0.163 -0.289 -0.207
-0.335361 0.0570382 -0.107998 0.238477 0.110329 0.27202 -0.048 0.292 0.16 0.18 0.138 0.229
-0.443391 -0.351825 -0.157475 0.155998 -0.0250209 -0.623201 -0.062 0.001 0.04 0.138 -0.271 -0.197
-1.42459 -0.962582 -0.30098 0.311638 0.256376 -0.305206 -1.053 -0.624 0.006 0.28 0.053 0.06
-0.509837 -1.12889 0.443183 1.19123 -0.285484 0.196795 -0.407 -0.957 -0.126 1.219 -0.147 -0.051
-0.351809 -3.24829 -0.908064 2.09619 -0.00448522 -0.169561 0.685 -2.032 -0.326 1.985 -0.067 -0.063
-2.90394 2.17491 0.705902 -0.373839 -0.00119183 0.221412 -2.814 1.841 -0.485 -0.536 0.076 0.13
1.48355 -1.93412 -0.00608395 0.356241 0.0949438 0.295388 1.923 -1.31 -0.202 0.42 0.218 0.131
-2.91567 1.10074 1.75547 0.142353 -0.222074 -0.249777 -2.984 0.604 -0.505 -0.111 -0.174 -0.327
7.93528 -0.15116 1.727 -7.56415 -0.435559 -0.248471 8.382 0.72 1.298 -7.085 -0.468 -0.302
2.54312 -4.85461 -0.767694 2.07407 0.0699295 0.205662 3.173 -3.555 -0.25 1.985 0.128 0.099
5.6426 0.351317 0.609241 -4.82499 -0.271767 -0.170542 5.927 1.021 0.177 -4.472 -0.683 -0.355
1.0831 -0.368793 1.23869 0.260044 -0.195545 -0.00627485 1.003 -0.391 -0.428 0.243 -0.175 -0.124
-2.57445 3.93578 1.01437 -2.10867 -0.537074 0.438464 -2.625 3.316 -0.216 -2.031 -0.255 -0.039
-3.06398 3.06115 2.08817 -1.61588 -0.188622 0.316992 -3.352 2.395 -0.222 -1.563 0.071 -0.017
-1.29637 -2.29633 0.731463 -1.35715 -0.384585 -0.0989119 -0.238 -1.253 0.232 -1.328 -0.799 -0.302
3.07195 -3.28984 1.50041 2.29227 -0.357587 0.368061 2.452 -3.392 -0.078 2.255 -0.133 0.025
-3.82585 0.980559 0.0357716 -0.385556 0.0623248 -0.66949 -3.571 1.145 -0.58 -0.332 -0.136 -0.377
-13.5144 -4.12189 0.00376558 8.56827 -0.0742833 -0.0154422 -13.231 -3.922 0.348 8.539 -0.004 -0.002
-2.71751 4.30209 1.01187 -2.20569 -0.509138 0.443467 -2.793 3.654 -0.241 -2.107 -0.225 -0.033
2.81253 -3.20751 1.85197 2.1381 -0.110463 0.48764 2.121 -3.587 -0.198 2.068 0.171 0.004
-0.747008 0.591069 0.733123 -0.406191 0.16914 0.312037 -0.817 0.547 -0.306 -0.361 0.25 0.169
-0.789743 -0.198826 0.952296 0.629463 -0.189203 -0.326059 -0.757 -0.127 -0.273 0.607 -0.235 -0.278
9.56891 0.53974 1.67185 -8.28256 -0.413738 -0.179367 9.9 1.35 1.273 -7.758 -0.461 -0.24
10.9083 2.20518 0.578081 -6.68037 -0.0821269 -0.285098 10.741 2.522 -1.205 -6.311 0.105 -0.014
-0.131564 0.234567 -0.183278 0.303776 0.246551 0.368065 0.098 0.411 0.03 0.226 0.264 0.348
-8.13709 -2.14229 0.462048 5.28749 0.0947517 -0.0514298 -7.719 -2.148 -2.548 5.074 0.769 0.426
-3.889 1.9201 1.62183 -0.193838 0.228506 -0.19278 -3.06 2.365 0.774 -0.181 0.181 -0.237
-9.32789 -2.85048 0.494737 5.58589 0.121915 -0.0297689 -8.908 -2.757 -2.493 5.446 0.767 0.432
-9.32441 -2.37886 1.43243 6.25714 -0.0403152 0.129643 -8.203 -1.704 0.696 5.952 -0.473 -0.03
-15.6355 -6.95243 0.973467 7.17271 -0.196685 0.0986384 -14.648 -6.117 0.968 7.198 -0.251 -0.099
-10.285 -3.71367 0.53612 5.42186 0.149189 0.0413135 -9.864 -3.447 -2.38 5.387 0.727 0.468
-1.49875 -0.542595 1.72223 0.699317 -0.113928 -0.138037 -0.213 0.424 0.856 0.507 -0.511 -0.198
14.5822 3.41076 0.515713 -8.71396 0.00194978 -0.324567 13.949 3.501 -1.348 -8.149 0.21 -0.013
-9.51171 -4.13275 0.989094 4.3411 -0.362233 0.121893 -8.467 -3.208 0.369 4.28 -0.788 -0.1
0.0410356 1.1658 0.334258 1.30893 -0.0152874 0.076141 0.424 1.023 -2.812 0.975 0.746 0.578
5.84293 1.27847 2.13173 -4.54949 -0.297064 -0.24458 6.886 2.368 0.991 -4.426 -0.619 -0.23
4.61036 0.900468 2.01573 -3.76358 -0.271403 -0.240608 5.833 2.06 0.965 -3.719 -0.606 -0.236
2.71483 3.45918 2.83708 -0.223821 0.0170765 -0.356742 4.033 4.236 1.595 -0.709 0.071 -0.022
16.9752 9.14189 5.04909 -4.18465 0.359306 -0.247234 15.687 8.287 2.882 -3.784 0.226 -0.252
-3.13792 -3.56498 3.06172 0.741179 -0.540455 -0.637943 -1.919 -2.35 1.213 0.733 -0.585 -0.517
-4.74443 5.40656 1.52522 -0.180338 0.843988 0.0142834 -3.796 5.961 0.212 -0.296 1.303 -0.006
2.14783 -2.42624 0.603952 1.77875 0.718703 0.240752 3.344 -1.776 0.248 1.68 0.357 0.181
-11.9147 -8.90578 2.23616 0.483231 -0.0146966 -0.254748 -8.698 -6.288 7.398 0.366 -0.266 -0.278
24.9355 18.2089 -1.22877 -0.939196 -0.240582 -0.544521 22.186 15.308 -0.329 -0.666 -0.406 -0.502
9.65597 3.7776 4.79539 0.0537337 2.90301 0.160619 6.341 -2.576 -2.818 -0.169 -1.385 -0.788
-3.10845 5.0038 5.04469 -0.525969 1.96904 0.777745 -4.903 -1.487 -5.09 0.292 -3.014 1.125
3.21602 7.97525 7.18522 3.73566 -0.958376 -3.15454 0.646 2.597 0.604 3.402 -3.425 -2.84
5.70621 2.10227 3.37814 -2.47899 3.3004 2.27392 2.732 -3.165 -3.501 -1.973 -0.239 1.844
4.04558 -0.986536 -0.872891 2.39283 0.502619 -0.804457 4.647 -0.694 -0.903 2.38 0.598 -0.575
-5.25438 -5.13707 -0.0296454 1.35814 0.179604 0.0649565 -5.355 -4.298 -0.229 1.367 0.206 0.06
3.88485 -0.960144 1.03683 4.62833 0.411511 0.0782254 4.006 -0.691 0.145 4.194 0.452 0.045
6.2413 -4.99894 -0.790569 0.65492 0.844298 0.243428 6.711 -4.236 0.195 0.609 0.862 0.094
4.1531 4.98972 4.87926 -3.66329 0.974744 2.51491 1.645 1.347 1.56 -3.259 -0.309 2.103
3.6519 0.571995 2.18988 0.0534603 4.46254 0.405798 0.919 -5.521 -6.487 0.357 -0.281 0.283
3.54027 -1.0458 -0.605376 -4.81387 0.426562 -0.208221 3.95 -0.115 -0.107 -4.618 0.149 -0.412
3.17673 0.551489 2.10323 0.606148 4.52032 -0.0519061 0.471 -5.747 -6.944 0.88 -0.452 -0.106
2.41205 4.23277 4.41917 2.04037 1.97422 -1.38943 -0.167 -2.944 -5.663 2.265 -3.352 -1.279
2.75906 0.677782 2.10812 1.09081 4.46193 -0.466023 0.091 -5.799 -7.243 1.337 -0.697 -0.457
-1.14696 3.71179 3.95824 -0.665517 2.1522 0.925532 -3.252 -3.568 -5.666 -0.637 -3.326 0.237
-1.8596 4.76491 4.90626 -1.46376 1.30214 1.41308 -4.007 -2.504 -4.48 -1.366 -3.717 0.665
5.30603 -1.74946 2.39648 -3.42437 1.08119 -1.40631 5.702 -1.203 0.289 -3.136 1.14 -1.219
-2.14007 1.60383 3.65734 -0.119421 2.80888 -0.0911023 -3.016 0.37 2.767 -0.387 2.088 -0.03
4.84604 0.983594 0.887144 -3.1277 -0.0796763 -0.827098 5.956 1.984 0.582 -3.121 -0.247 -1.105
2.69231 2.76578 -6.32305 1.68205 -0.316882 -5.87487 1.971 1.509 -7.564 2.888 -0.502 -7.386
-3.91387 -5.53627 -1.54457 1.08947 0.356827 0.613785 -3.893 -5.146 -0.708 0.858 0.391 0.672
-0.523398 5.0964 4.81585 -1.52346 0.961118 0.71338 -2.315 2.431 3.533 -1.547 0.577 0.525
-2.84162 1.53405 -8.68948 4.25156 0.442809 -2.41934 -3.99 0.938 -9.785 4.964 0.934 -3.796
-5.59195 1.66903 -5.20523 1.53929 -2.64107 1.86517 -6.555 0.264 -6.824 1.371 -2.696 2.21
-1.72519 4.92995 4.76112 -0.834722 1.15313 0.227708 -3.385 2.447 3.836 -0.965 0.868 0.077
-2.48625 1.20863 1.23448 2.78395 3.36215 -1.65732 -3.408 -0.183 -0.41 2.403 2.255 -1.129
-2.01733 -8.04919 -5.29865 1.80115 1.91926 -6.69279 -3.715 -9.391 -6.432 3.145 2.02 -8.936
-3.19699 3.81375 -1.12446 -0.0010966 1.46215 1.09737 -3.073 3.492 -1.555 -0.322 1.355 1.061
7.992 2.07859 2.57627 1.27805 2.38517 -1.31388 5.915 0.515 0.876 0.561 1.336 -1.023
-2.93727 -9.76358 -0.29165 -2.5579 -0.450247 0.407969 -1.941 -8.98 -0.282 -2.398 -0.281 -0.243
-2.81873 10.6093 -3.5992 4.3108 -1.73956 1.1335 -2.891 10.59 -3.973 4.109 -1.071 0.766
-5.31135 -3.7675 -7.42323 3.63597 0.262824 -0.282445 -8.305 -6.965 -5.463 5.108 0.398 -0.554
-0.534103 3.71539 -2.8467 5.90027 -0.622069 -5.45548 -0.23 3.898 -2.705 7.324 -0.446 -7.98
-0.766304 3.5713 -6.43368 0.198422 -1.87782 4.26121 -1.393 2.541 -6.831 -1.052 -1.427 4.91
0.585415 0.0743337 -1.12229 0.980301 -0.535359 0.375547 0.12 0.302 -1.043 0.857 -0.104 -0.287
14.799 17.1436 4.29921 -3.84919 0.810342 0.447412 12.454 13.431 1.769 -3.856 0.452 1.012
-9.11109 -6.34141 -2.96545 2.8649 -1.24669 -0.594056 -12.533 -10.271 -0.894 2.755 -1.605 -0.36
0.975685 -1.58259 12.9874 6.51178 3.12627 5.12087 0.709 -0.532 11.657 5.903 3.729 4.977
-0.191576 -3.20245 1.83325 2.91213 3.82574 9.21884 -1.026 -3.563 -0.413 1.285 4.222 11.217
-2.40401 5.34503 2.62908 8.75719 -1.8283 -3.95697 -1.411 6.1 2.859 9.78 -1.701 -6.384
7.41566 -0.466419 1.7903 -0.804951 4.55137 1.13369 5.873 -0.68 1.344 -1.355 3.521 1.311
6.30555 -0.972499 1.84001 -1.01538 5.04192 1.52436 4.964 -0.91 1.688 -1.524 4.059 1.71
-0.532196 5.87238 4.192 1.48108 -3.41773 7.54421 0.103 5.424 2.694 0.012 -3.525 9.383
-1.67818 3.8482 -5.75102 1.01274 -0.295396 -1.42793 -2.844 2.293 -2.833 1.005 -0.538 -1.358
2.77987 6.85014 -0.126315 1.5789 0.0794057 -0.112116 4.753 4.797 3.53 1.043 0.114 -0.112
-0.95464 -4.14292 -4.1607 2.47607 -1.08495 0.980749 -2.341 -8.013 -2.351 3.565 -1.157 1.145
-7.1435 -5.36696 -2.60734 7.07181 0.0466381 -0.170636 -9.984 -9.721 -0.879 8.578 0.139 -0.273
0.772055 7.41644 -0.247193 2.75772 0.330544 0.19366 2.33 5.212 3.183 2.582 0.554 0.145
-5.26366 -0.81467 -6.49881 7.31619 1.79372 -0.625154 -9.639 -1.963 -4.027 9.386 1.88 -0.339
-5.40739 3.52179 4.57306 2.1417 2.61422 -1.25629 -6.937 1.202 4.077 1.538 2.299 -1.369
-3.65306 -0.958286 3.79064 1.64063 1.41356 8.39297 -4.729 -0.869 4.201 -0.115 2.282 9.529
-2.34578 -2.19531 -7.26972 0.655553 -0.516817 -0.418952 -3.467 -5.553 -4.88 1.344 -0.698 -0.591
-1.25066 -0.523123 5.84096 -1.09903 -0.464456 -7.48589 -0.962 -0.67 6.168 -0.464 -0.682 -8.618
7.63536 -1.60142 -5.60424 -3.30936 1.33202 -0.725403 7.956 -4.286 -2.875 -2.54 1.492 -1.012
2.35035 1.41502 -5.47637 3.64137 -2.02121 0.496119 -0.313 2.032 -2.085 5.171 -2.106 0.275
-1.34566 0.52181 -8.73391 -0.769415 1.29869 8.08105 -1.131 -0.08 -10.419 -2.717 1.237 10.886
-2.73416 10.2665 -1.57213 10.8213 -1.64328 -1.44168 -1.634 11.458 -1.003 11.452 -1.117 -3.463
2.64802 16.9956 13.1131 -7.13804 -9.9797 7.4793 -0.228 12.455 11.779 -7.052 -6.796 5.334
-7.55474 0.556582 -2.28574 5.26115 -0.330414 -0.479025 -10.677 -1.119 0.113 3.496 -0.495 -0.297
0.0702533 -1.49997 -1.87262 -0.423966 -1.35333 -1.66913 -0.67 -2.617 -3.625 -0.739 -1.019 -2.01
3.0703 9.71093 2.02799 -2.35456 -5.12983 -8.49854 4.11 8.535 -0.359 -1.032 -6.024 -8.875
6.9359 1.2493 1.79379 -8.71657 0.279672 -0.173188 5.613 1.739 5.045 -9.113 0.334 -0.399
0.647092 3.89945 0.0477855 4.90115 -0.580823 -0.451755 0.648 4.004 -0.625 5.367 -0.414 -0.847
-4.07583 -1.09203 -2.38261 8.2054 0.946886 -0.248426 -6.053 -4.64 -0.436 10.126 0.881 -0.279
2.14086 -0.177896 -3.59133 -0.281532 -0.425339 0.619152 0.226 -0.467 -0.594 0.068 0.023 -0.413
-1.33126 -0.489947 -0.0186148 -0.421311 -1.49855 -2.26549 -0.861 -1.77 -2.047 -0.829 -1.535 -1.916
-10.5685 -4.19266 -4.5751 4.8733 0.84868 0.890281 -13.498 -8.111 -2.38 6.359 1.205 1.274
-8.28941 0.608361 -3.03287 5.04633 1.11586 0.8737 -9.987 -2.921 -0.691 6.233 1.636 1.037
-15.4482 -3.63974 -1.7785 0.238803 2.04343 -0.0420597 -15.101 -3.707 -1.21 0.351 1.998 0.059
1.65651 -0.273326 -3.51758 -0.375646 -0.537227 0.611762 -0.522 -0.536 -0.65 0.077 -0.057 -0.531
10.1433 3.51021 -1.07046 -1.12325 -2.37367 0.518566 11.496 3.133 2.35 -0.228 -1.761 -0.045
12.3029 4.81251 0.0949422 -3.41915 -2.02694 0.121656 13.839 5.541 3.86 -2.779 -1.371 -0.532
-1.68366 -0.160536 -1.60073 -0.303048 0.245169 1.27931 -0.009 0 -0.013 -0.002 0.004 0.02
-6.99298 -0.76458 -1.48085 5.57888 -0.18395 0.22033 -9.864 -2.385 1.09 3.389 -0.04 0.069
-1.97842 0.424556 1.50017 0.0664295 -1.31901 -2.26725 -0.772 -0.383 -0.144 -0.408 -1.534 -1.493
11.5029 -0.494533 -0.553142 -6.92616 -0.119002 -2.90961 13.277 -2.359 2.953 -9.429 -1.416 -1.94
-9.68785 -1.93507 0.25639 -1.98882 -0.805451 -0.46338 -8.731 -1.112 -0.374 -2.372 -0.872 -0.388
0.356394 3.65945 -0.718692 -1.17421 3.10045 0.283275 0.014 3.321 3.045 -0.723 2.174 0.184
2.43833 -2.89934 -3.51755 -1.89655 2.76673 -5.4475 0.288 -3.606 -2.809 -2.074 3.147 -6.392
4.16958 7.6391 -1.53912 -0.97306 -0.799541 -1.47606 3.61 8.558 1.569 -2.526 -2.046 -0.217
-0.766314 -1.32885 -1.38331 0.427221 0.395244 1.67715 0.43 -1.288 0.021 0.716 0.14 0.207
8.14481 0.726321 -2.04816 -4.96695 -0.148724 -2.32314 7.882 -0.01 1.115 -7.959 -0.97 -1.618
-2.51239 -1.89071 -1.67596 -0.0484786 6.4213 0.897586 -2.343 -1.165 -0.889 -0.627 4.884 1.429
-0.457674 -1.0937 -1.34698 0.486559 0.389753 1.74166 0.599 -1.118 -0.033 0.792 0.135 0.219
10.6144 -0.711505 -1.41572 -7.33416 -0.0914276 -3.10954 10.989 -1.943 1.783 -10.361 -1.288 -2.077
-2.7977 1.31047 3.32693 1.33744 0.0961316 -1.1712 -0.355 2.069 3.218 0.643 -0.039 -0.141
-1.94655 0.997634 -3.18973 0.10737 -0.505749 -0.54241 -5.208 0.654 -0.343 1.855 -0.84 0.056
-1.8612 -1.52649 -0.237541 3.72828 -0.120352 2.48918 -3.11 -2.887 2.576 1.063 0.952 1.23
0.149546 0.294519 -1.30556 0.3487 0.29918 1.85918 0.918 0.095 -0.217 0.689 0.06 0.242
2.16824 -2.61679 -3.96905 -1.57564 -0.598403 1.25832 4.516 -2.217 -2.272 -1.507 -0.748 0.483
2.49711 -3.9534 -4.23573 -1.66005 -0.708205 2.13561 4.398 -3.593 -2.435 -1.443 -0.867 1.323
-0.814968 1.99136 -2.043 2.01846 -0.0534972 2.53471 1.136 1.687 -0.556 1.972 -0.272 1.369
0.627633 -0.752528 -1.06304 1.01468 0.476093 -1.57143 3.295 -0.346 -0.178 0.979 0.129 -2.522
6.31137 2.61037 1.05691 2.98275 1.36538 2.29581 8.311 3.268 1.525 4.323 1.883 3.248
4.401 -4.10609 -2.33666 -1.00913 -1.00116 1.06844 5.411 -3.961 -0.776 -0.205 -1.136 -0.194
4.1291 -1.94894 -1.03561 -0.106353 -1.66539 0.47627 4.97 -1.735 0.711 0.364 -1.66 -0.928
-2.44192 -1.17051 -5.02467 -2.09183 -0.41756 2.9591 -1.948 -1.684 -3.139 -1.377 -0.131 2.319
-2.57974 -3.24168 -3.17514 1.56122 0.252239 0.807582 -0.259 -2.736 -2.105 2.187 0.328 0.417
-1.6643 0.879867 -1.45572 -1.2213 -0.565128 2.13281 -1.046 0.38 -1.157 -0.76 -0.669 0.767
-7.72132 2.05513 0.331407 0.673471 0.798502 0.505429 -7.653 1.195 1.805 0.653 0.542 -0.156
0.810262 3.34751 -2.71581 4.02885 0.857038 2.65215 1.932 3.286 -1.579 4.279 0.615 1.769
0.41175 -1.34124 -0.516628 2.37736 1.15891 -2.3111 2.605 -1.072 0.192 2.218 0.594 -3.302
-8.8027 -0.548973 1.68759 -0.444089 -1.18884 2.21254 -8.002 -1.437 3.351 -0.238 -1.237 2.306
-21.9581 9.14812 5.20461 -6.86011 -1.28235 7.04243 -22.515 8.452 5.866 -5.756 1.184 6.529
-0.842076 1.28657 -0.315689 0.492087 -1.22765 1.6526 -0.084 1.165 1.432 0.559 -1.224 0.784
-4.40261 -0.63835 -1.81231 -4.19832 -0.553156 2.67376 -3.666 -1.389 -0.087 -3.379 -0.546 2.586
0.989871 1.57152 -7.42076 3.37051 1.16198 2.79796 1.885 0.858 -6.117 3.644 1.405 1.526
0.698996 1.11844 -1.13556 -1.21943 -1.41305 2.85378 0.994 1.167 0.383 -0.485 -1.498 1.321
0.341453 -0.781061 -0.518448 2.81579 1.37054 -2.48267 2.167 -0.63 0.23 2.577 0.699 -3.508
-0.629919 -5.90085 -9.88529 0.696896 -1.28701 -1.3343 -3.907 -9.005 -8.058 0.315 -0.095 0.289
-1.65242 3.67833 1.86548 1.13332 1.58461 1.06197 -0.311 3.958 4.27 1.555 0.946 -0.011
6.88012 0.591619 -4.12533 -1.70298 1.2074 2.91109 8.125 0.357 -3.066 -0.639 0.905 1.793
3.80334 -1.77864 2.42778 1.7803 0.384395 -1.4412 5.436 -1.423 3.048 2.137 0.308 -2.585
-4.96686 -2.14115 -1.76142 -2.3188 1.69355 -0.599821 -4.745 -2.485 -0.939 -2.048 1.261 -1.771
2.83081 0.239078 -2.38214 0.093987 -0.702798 3.9333 3.802 0.45 -0.751 0.631 -0.913 2.844
0.827579 0.827576 -2.04171 -5.37555e-06 1.01083e-05 -6.39459e-06 -0.014 -0.014 -0.037 0 0 0
-1.03356 4.66716 -0.696886 -1.15744 -0.182579 1.10681 -0.267 4.322 1.31 -0.794 -0.115 0.332
2.04558 -0.767746 -3.2232 -0.379233 -0.661484 0.9405 3.017 -0.505 -2.216 0.046 -0.647 -0.667
6.66474 2.24118 -5.39765 0.93975 2.15769 3.61055 7.815 1.647 -4.561 1.593 1.987 2.386
2.72968 3.09354 -2.00202 1.35014 -0.370769 3.90919 3.569 3.028 -0.504 1.819 -0.615 2.787
1.37525 1.45361 -2.41112 0.353419 -0.762667 -0.145891 0.306 0.403 -0.352 0.266 -0.645 -0.067
-4.19974 2.39497 -0.484724 0.161534 0.932807 0.456277 -2.76 2.271 1.014 1.218 1.109 -0.494
-1.2868 -1.34465 -2.76587 -4.01418 -1.31979 -0.0414118 0.862 -0.845 -1.723 -3.121 -0.918 -0.531
-2.51901 0.685137 -2.06874 -1.84881 1.12736 0.566609 -1.531 0.824 -1.171 -1.837 0.698 -0.836
-1.69628 9.57191 -0.652203 -2.98686 -2.78708 2.13229 2.251 9.16 4.303 -1.521 -2.665 0.601
1.61559 1.52456 -0.926871 -2.87421 -0.310356 0.79173 1.768 0.976 0.235 -1.674 -0.466 -0.118
1.97036 2.07157 -2.63002 0.727234 -1.40681 -0.204043 0.699 0.878 -0.502 0.55 -1.172 -0.067
-1.56991 2.16022 -3.12584 -4.73115 0.334344 1.96436 -3.186 0.657 -1.278 -3.56 0.094 1.854
-2.45568 -4.05165 -3.87817 -0.54933 0.0587261 -0.18238 -2.799 -4.768 -3.754 -0.932 -0.371 -0.236
0.0290375 0.973045 -0.012752 -1.29459 -0.687992 -1.78175 0.827 0.741 0.729 -0.769 -0.602 -3.209
-11.6281 -5.03518 -18.054 -5.11495 1.3879 -0.541699 -13.336 -8.93 -15.224 -3.075 0.769 0.86
-5.20326 7.07175 -2.87486 7.34898 -0.824944 -2.39232 -1.926 7.101 1.35 4.568 -1.496 0.166
5.17863 2.57175 -6.3139 1.05724 -5.48015 -3.29929 3.869 0.849 -4.966 0.546 -6.292 -4.135
5.1684 2.53886 -5.95888 0.889811 -4.50482 -2.33121 3.985 1.041 -4.428 0.495 -5.087 -2.611
4.03459 1.81405 -4.92609 0.263951 -2.10543 -0.278054 3.154 0.843 -3.281 0.116 -1.961 0.349
-3.68288 -2.97459 -3.00399 0.737102 3.77806 3.9121 -3.648 -2.834 -0.413 0.71 4.389 5.568
-0.0251597 4.9403 11.3133 -0.591432 -0.0410826 1.08542 -1.174 3.511 14.122 -0.526 1.25 1.757
-0.82931 -2.97933 -5.31432 -2.12032 2.29069 2.35246 -1.169 -3.267 -2.98 -2.169 2.726 2.954
-3.00621 -2.50338 -2.40002 0.668726 3.07903 3.51792 -3.073 -2.369 0.364 0.677 3.694 5.235
1.03623 -1.18484 -0.858529 -1.30813 -4.72362 -3.17297 -0.381 -2.307 2.418 -1.297 -5.995 -3.616
1.64423 4.96438 -3.75094 2.94921 2.74812 -1.1856 0.535 3.163 -4.285 3.038 2.915 -1.387
-0.00774251 -0.705289 -0.261891 0.318476 -6.81915 -5.60621 -1.712 -1.764 2.336 0.273 -8.905 -6.415
-2.88337 -2.80407 -7.53361 -0.161504 7.40333 6.06782 -2.435 -1.989 -6.839 -0.387 9.216 6.746
-3.12497 -2.32012 -9.54843 -0.342689 -3.31904 -2.87045 -3.844 -2.927 -9.017 -0.39 -4.989 -4.808
2.89367 3.61299 -3.19725 -2.76407 -0.822648 -1.40962 1.828 2.238 0.135 -2.053 -0.712 -0.956
3.00233 3.09739 -3.03489 1.39905 -2.25052 0.121641 1.369 1.799 -0.83 1.059 -1.719 0.315
-1.53471 -2.81712 -0.464472 0.54661 1.76056 0.226172 -1.526 -2.711 0.378 0.173 1.112 -0.007
-1.13 -0.691292 -1.62891 1.41465 -6.3122 -5.70989 -2.853 -1.38 0.175 1.339 -8.51 -6.337
-0.802903 0.36651 -0.101769 0.133937 6.49873 4.80341 -0.343 1.277 0.83 0.042 8.774 6.871
3.32305 1.3273 -6.04244 -1.25576 -1.69459 0.352004 1.883 -0.075 -4.938 -1.338 -1.286 0.652
-1.44647 -0.617517 -2.25328 1.71737 -5.7925 -5.35587 -3.122 -1.217 -0.694 1.62 -7.866 -5.836
2.31709 5.36404 -3.47697 -2.28665 1.20815 -1.42568 1.376 4.663 0.665 -1.491 0.891 -1.047
-0.98118 0.359108 0.135194 0.443585 6.86629 4.97986 -0.493 1.424 0.986 0.327 9.118 7.003
7.7229 -5.73391 -10.7218 3.16999 -2.10464 0.274798 5.285 -4.051 -10.072 2.044 0.478 0.258
-13.1797 -10.0515 -6.88124 -0.0752791 -2.39469 -0.79851 -12.891 -11.137 -7.208 0.323 -2.116 -0.477
9.97776 1.35255 2.31409 -9.95226 2.26779 7.32338 9.468 2.449 4.273 -9.626 1.82 6.865
-1.09848 0.344579 0.177823 0.779971 6.98643 5.02479 -0.64 1.53 0.964 0.645 9.145 6.972
2.53196 3.74146 -3.61384 0.356197 -1.92437 -2.65251 1.516 3.491 -2.324 0.318 -2.006 -2.335
-3.70542 -2.43206 8.83331 -11.854 1.15908 3.86691 -2.568 -2.637 9.234 -10.764 0.91 4.08
2.32069 2.68937 -3.99761 1.25879 -1.69889 0.961529 0.546 1.446 -2.153 0.945 -0.989 1.075
1.65621 0.787779 -0.378672 0.389112 -1.39269 0.450954 0.68 0.824 2.58 0.577 -0.896 1.856
-4.87713 -4.37354 0.274614 -0.925531 4.5716 1.04178 -5.046 -3.267 1.794 -0.873 4.568 0.304
-2.00059 -0.385148 -3.85027 2.31931 -3.23355 -3.24559 -3.375 -0.564 -2.796 2.201 -4.614 -3.151
2.84744 2.66244 -1.05435 1.27326 0.67459 0.276966 2.502 3.261 0.283 0.98 1.3 -0.327
-1.25947 0.288144 -0.367217 1.42826 6.45061 4.65796 -1.018 1.552 0.339 1.304 8.225 6.369
-3.65033 -5.06862 -0.357231 4.79392 2.89664 1.1381 -2.078 -5.345 -0.196 4.501 2.754 1.096
-10.7597 0.278508 -5.64884 -1.30361 0.0425379 -2.47041 -8.809 -0.369 -5.026 -0.827 -0.585 -2.728
4.48653 4.56009 2.04198 1.42691 -1.75516 -2.04748 4.051 5.018 3.483 1.037 -1.842 -3.045
0.084242 -2.51892 2.06309 2.1314 1.97728 -2.93935 1.226 -1.581 2.719 2.07 1.591 -3.872
-1.04004 -0.590599 0.480468 1.4983 1.44968 -0.168777 0.445 0.373 1.023 1.06 0.569 -0.481
-3.9013 -4.43303 2.66238 -0.542102 2.97286 0.081163 -3.857 -3.157 4.473 -0.61 2.888 -1.089
-2.72137 -0.395497 4.67847 -0.262661 3.46317 -1.35333 -2.433 0.532 5.019 -0.342 2.671 -0.838
-1.38158 2.62619 2.64516 -1.84669 0.922182 8.29184 -0.137 3.7 3.027 -1.95 0.68 7.415
10.8667 -2.81251 2.04992 2.88396 5.43275 3.75519 10.727 -0.773 1.91 2.519 5.127 2.91
-8.45263 2.02618 -15.7623 -11.2417 9.58246 11.111 -8.255 5.566 -12.577 -10.379 9.696 9.626
11.7988 -3.40839 1.9185 3.36467 5.16037 3.49901 11.559 -1.293 1.838 2.974 4.825 2.66
-7.56617 3.05665 0.726135 -3.79016 -3.50181 7.72484 -6.331 3.35 0.675 -3.462 -3.463 6.595
-4.47135 1.20122 -4.6186 0.512313 0.480214 -5.48904 -2.094 2.383 -2.541 0.269 -0.704 -5.234
12.6056 -4.82872 1.4353 4.29285 3.50841 2.07171 12.417 -2.441 1.777 3.777 2.834 1.467
6.5913 -2.84402 2.56551 1.62645 -0.44948 8.47138 6.641 -1.232 1.82 0.93 -1.144 7.134
4.07414 1.83927 5.73964 2.59747 -38.9327 21.6983 5.235 0.937 1.514 6.299 -34.125 19.389
-1.36338 0.123784 2.18765 -1.02855 1.86189 1.16631 0.099 0.539 2.589 -1.119 1.491 0.383
-8.71723 -0.487641 -2.03692 -2.52268 -1.1791 0.557336 -7.667 -1.535 -1.804 -1.638 -1.576 0.147
-8.36609 -0.57038 -0.79789 -2.66096 -1.42794 1.31201 -7.391 -1.566 -0.733 -1.764 -1.833 0.849
-1.60188 1.79935 0.0582072 -3.02397 -1.59757 2.06664 -0.021 3.059 0.55 -3.247 -2.365 2.205
-14.9264 -5.35132 -5.42535 2.81497 -2.92516 -2.46839 -14.775 -6.271 -5.165 2.378 -2.991 -3.289
-1.34169 -3.6574 9.85778 -10.2081 0.782906 6.80209 -1.55 -3.481 11.841 -9.432 0.536 7.037
-6.64385 0.701302 -6.43851 -2.20049 0.802554 -4.42512 -5.765 0.358 -5.752 -2.63 -0.297 -3.927
1.18259 -1.46074 -0.661309 1.65756 -0.411665 5.06836 2.822 -0.871 -0.441 1.355 -0.901 4.845
3.925 1.46558 0.0780478 -5.37949 0.936026 -4.55841 4.352 2.355 0.342 -4.986 0.146 -3.798
-13.7437 0.24095 0.269033 1.58309 3.8846 -7.46159 -11.544 0.469 0.541 1.5 2.745 -6.364
-5.9903 -3.1756 2.45792 2.38742 3.06358 -6.09322 -4.642 -3.031 1.952 1.99 2.361 -5.12
-6.68573 0.873684 -6.08406 -2.71444 0.854543 -4.75886 -5.906 0.428 -5.55 -3.092 -0.254 -4.192
-6.89995 -2.58655 1.94677 1.93427 3.5742 -6.92326 -5.565 -2.492 1.519 1.635 2.764 -5.801
3.60876 6.59164 14.8102 -2.77055 -0.652943 1.93046 2.257 4.378 16.321 -3.55 -1.509 3.366
-11.1939 0.0335027 -4.35875 0.492058 0.0267663 -5.88338 -8.065 0.865 -2.995 0.575 -0.537 -6.05
-0.732495 -3.50384 4.26789 3.85319 0.313782 2.37505 0.944 -2.881 3.955 3.229 -0.131 2.379
-8.71425 -0.83127 -4.76934 0.517009 -0.889212 -3.71532 -6.045 0.271 -3.425 0.814 -1.238 -4.188
-3.95351 -7.82326 -3.32868 -8.27333 0.144595 -0.0260422 -4.359 -8.589 -2.446 -7.025 -0.014 -0.285
-9.36839 -0.504587 -4.65427 0.405425 -0.573008 -4.60456 -6.532 0.514 -3.298 0.645 -0.989 -4.991
-1.84506 -23.0137 -12.1996 -0.752092 4.35565 -0.974041 -8.812 -22.706 -9.715 0.02 2.84 -0.573
0.0124522 11.3536 -0.902269 4.4725 0.575035 1.30565 1.084 12.425 1.309 4.631 -0.29 -0.505
9.72 0.971684 -0.803428 -3.90997 2.92385 6.12608 9.48 1.546 -1.331 -2.761 2.453 5.524
9.57668 -4.67802 3.67488 3.02926 0.448054 5.12285 8.959 -3.415 3.266 2.007 -0.26 3.535
10.041 -4.34964 4.04747 2.82795 0.5413 5.54772 9.436 -3.025 3.465 1.872 -0.236 3.948
8.66529 1.5857 -0.770799 -4.45026 3.25719 6.54056 8.669 2.072 -1.311 -3.231 2.805 5.951
1.58225 0.955592 -0.145939 -3.57644 -0.899515 2.47064 1.06 1.499 -0.433 -2.793 -0.931 2.254
13.8884 4.7723 1.29094 -3.14435 -4.52817 4.42412 11.712 2.116 3.496 -3.761 -4.303 5.703
4.79973 -6.11464 2.20745 1.26258 3.17595 0.189649 3.037 -5.877 0.2 1.466 3.437 -0.182
15.7294 5.32771 2.74527 -2.88803 -2.76368 4.51174 12.468 1.542 4.705 -3.433 -2.582 5.982
0.287755 1.91571 3.56044 -2.32471 0.00349998 -0.00789577 -0.03 0.006 -0.017 -0.009 0.005 -0.005
2.35338 -0.47014 -2.99367 -1.7827 3.3546 -0.865833 -1.621 -1.169 -2.752 -1.135 2.115 1.388
9.22224 -1.21336 -11.4511 -0.695482 4.35689 -5.69719 8.035 0.812 -8.354 -0.95 3.739 -6.806
2.21004 1.46532 -2.24714 -1.58925 -7.4631 2.99941 1.367 1.591 0.066 -2.29 -6.945 3.665
14.1193 2.51995 -7.17237 -2.49581 -0.659261 -2.4458 12.448 3.008 -3.687 -2.593 -0.9 -3.089
-7.72168 -15.5279 2.79775 -14.0481 25.9656 6.73369 -9.685 -11.423 6.67 -15.408 21.376 6.939
17.7497 4.22579 -7.67321 -3.20873 -0.78448 -3.00383 16.626 4.922 -4.063 -3.214 -0.667 -3.491
0.92074 3.69754 -6.75809 2.19933 -0.931368 -0.0387314 -1.434 5.312 -4.219 1.616 -0.672 -0.565
4.34901 -1.30987 -6.15563 -0.744853 -0.222986 -1.4269 1.829 -0.609 -2.884 -0.971 -0.775 -2.169
3.09144 -1.27293 4.13397 1.06594 -1.29137 0.0300489 -0.539 -2.019 5.778 0.85 -1.267 -0.706
-2.32486 -0.438178 -3.78573 -0.579191 -7.13743 2.04779 -3.374 0.424 -1.552 -1.173 -6.633 2.362
-1.85207 -0.267086 -4.00111 -1.12827 -4.82093 1.75402 -4.841 -0.943 -1.189 -1.857 -4.743 2.212
0.720303 -2.75009 -5.74856 -0.139516 -0.0157368 -1.04701 -2.071 -1.868 -2.543 -0.384 -0.622 -1.784
10.6279 26.1659 -1.32315 -14.9527 -1.25537 -3.06375 10.291 25.191 0.305 -14.252 -1.344 -3.326
-0.748385 -5.85651 -0.680833 0.647916 4.68222 -5.18577 1.488 -2.889 1.528 -0.383 3.668 -5.509
2.23124 -1.57689 4.40472 0.996508 -1.17402 0.0521841 -1.375 -2.252 6.088 0.736 -1.167 -0.743
7.65604 17.0306 3.97054 -0.479222 0.176349 3.99144 9.659 16.987 4.271 0.65 0.744 2.603
-2.51242 -1.14051 -9.34098 -2.56277 2.46824 -0.702588 -3.388 1.525 -5.678 -2.86 1.202 -0.721
0.276667 1.08663 -0.128597 -6.44343e-06 0.184658 -1.28869e-06 -0.029 0.419 0.048 0 -0.196 0
-5.96582 -1.63591 -7.90883 -1.61597 2.68375 1.83849 -7.57 1.019 -3.933 -1.732 1.227 2.446
1.51821 -5.62217 -10.9517 3.44991 3.63072 -5.32916 -1.051 -3.294 -8.301 4.14 3.076 -7.262
-15.6364 -8.5412 -3.22287 2.19366 2.96674 2.10841 -18.698 -6.555 -0.118 2.364 2.175 1.889
-0.349201 -6.02809 -10.7902 3.44996 3.11804 -4.82877 -3.03 -3.697 -8.207 4.176 2.57 -6.775
-6.95557 -6.04698 -9.05046 2.32915 -0.833831 -1.89721 -9.682 -4.09 -6.794 2.742 -1.107 -3.247
-6.16397 -6.32192 -9.5548 2.64694 0.143085 -2.50818 -8.96 -4.26 -7.232 3.185 -0.24 -4.052
-2.48818 -2.95794 3.42682 0.409727 0.1637 0.220424 -5.391 -3.03 5.798 -0.103 -0.169 -0.727
12.41 4.6321 1.05783 1.18422 1.69632 -2.68554 12.492 1.965 6.955 1.371 2.343 -3.607
0.285824 4.88437 5.50677 -5.65231 -1.28351 4.12216 0.032 4.042 1.315 -3.363 -1.802 4.181
5.52885 4.05968 1.27245 2.1816 1.30482 -1.87063 5.125 1.334 6.962 2.433 2.147 -2.692
-3.87623 2.99638 2.75619 1.55285 3.44757 -2.31379 -3.348 -0.444 -1.406 3.019 4.211 -1.506
-4.79562 2.02375 1.5445 2.56732 1.43118 -0.472806 -6.611 -0.809 6.717 3.04 2.164 -1.083
2.54746 2.16513 -2.70572 1.02551 2.95617 7.49036 -1.343 3.206 1.243 0.927 2.453 8.516
-12.4119 -1.5324 3.18824 1.61101 2.81825 1.81963 -17.053 -4.79 7.01 2.148 2.93 2.07
-1.55086 -0.402356 -0.45393 0.146836 0.717204 1.58435 -1.614 -0.027 -0.631 0.011 -0.095 1.061
11.537 19.232 -20.6274 9.03476 -4.43891 5.07823 10.121 17.939 -18.311 6.892 -2.669 0.866
-10.6878 -6.41301 -4.06011 5.54566 5.40064 -9.59796 -7.548 -3.51 -1.922 3.993 4.269 -9.673
6.19097 3.55109 -2.01683 0.961979 2.44778 7.88212 2.218 4.341 1.964 0.787 2.32 8.748
0.672792 -0.544099 -1.274 -1.48401 -0.364695 -2.68625 0.539 -0.759 -1.926 -1.335 -0.875 -2.331
0.415132 -1.15212 -0.0392346 1.09889 3.39633 5.20454 -0.42 -2.155 -3.241 2.603 3.353 5.508
1.71095 3.41154 2.72199 -1.58242 -0.235422 8.12962 0.984 1.717 -0.633 0.019 -0.011 8.147
7.05847 4.46723 7.37893 -7.64439 -6.17109 6.00642 6.315 4.616 5.886 -4.774 -6.686 5.181
0.582503 -0.103647 0.875897 -0.295277 0.803697 -0.734371 0.368 -0.308 0.313 -0.22 0.097 -0.636
4.72324 2.27324 1.10478 0.458757 -1.54973 1.77915 4.91 0.608 0.607 1.288 -0.689 1.523
5.54026 0.0142593 3.21563 -2.71296 -2.37872 -0.0736259 4.739 0.891 -0.756 0.007 -2.52 -1.11
-2.83261 -1.71286 -6.89478 -0.0753733 -2.32027 0.687833 -2.706 -1.077 -5.975 -0.012 -2.43 0.829
3.5817 -0.561064 -2.42389 0.440573 -0.817775 2.75778 2.429 -0.721 -2.654 0.442 -0.906 2.601
-6.14272 -0.625477 -0.0646346 0.400279 0.189973 -0.364163 -6.021 -0.579 0.101 0.358 -0.018 -0.449
-3.4879 -1.69835 -6.96556 -0.133001 -2.31024 0.289041 -3.205 -1.048 -5.908 -0.011 -2.374 0.513
12.6399 24.869 -27.49 2.4087 -1.14882 -1.34353 14.035 24.867 -21.122 4.709 -1.809 2.065
4.65905 -0.495387 0.303409 -1.03687 0.284328 -1.35571 4.028 -0.109 0.315 -0.656 -0.22 -0.628
-4.89413 0.172645 0.751026 0.151691 0.823616 0.840812 -4.163 -0.1 0.276 0.261 0.259 1.113
-0.780034 0.0359843 1.59262 0.215664 0.939441 0.333219 -1.961 -0.134 1.045 0.115 0.412 0.26
0.595564 -0.123834 -0.473418 -0.828771 0.418846 -0.567313 0.148 -0.472 -1.486 -0.817 -0.374 -0.537
-17.1972 -2.49472 -4.67482 6.81043 3.57203 -10.5165 -14.063 -0.441 -3.455 5.091 2.602 -10.305
2.52823 8.3156 5.16235 0.349499 -2.86054 0.444735 3.685 5.02 3.074 2.336 -2.621 1.303
1.92368 -0.799813 -2.30148 -0.99798 -1.03951 -2.52225 1.493 -0.8 -1.984 -0.935 -0.882 -2.545
1.76213 -0.32222 -1.54169 -0.582344 -0.157692 -1.51768 2.426 -0.443 -1.968 -0.552 -0.558 -1.524
6.97195 6.00092 18.8181 2.04988 -9.67256 -2.35859 10.743 10.365 24.166 1.681 -6.047 -3.762
-4.17442 -0.353286 -2.91147 -0.57875 -0.725544 -1.3874 -2.781 -0.534 -2.804 -0.494 -1.021 -0.936
3.01148 -1.1369 -3.4206 0.412975 -0.995627 2.01656 1.882 -0.652 -3.595 0.192 -1.471 1.682
-0.64625 -0.148685 2.63103 -1.44613 1.47934 -2.32729 -1.142 0.303 3.494 -1.245 1.336 -1.878
-7.28809 -2.22351 -30.2679 0.470554 -2.52216 -3.20849 -8.699 -3.364 -30.47 0.157 -2.297 -3.57
3.20893 -0.809402 -1.65323 -0.434465 -0.221346 -0.342926 2.246 -0.272 -1.304 -0.5 -0.545 -0.339
1.0119 -0.026001 0.298111 -0.513954 0.00496994 -1.58661 -0.252 -0.302 -0.041 -0.583 -0.081 -1.818
4.04075 -0.986741 -2.63641 0.462744 -0.671536 1.965 2.724 -0.532 -2.969 0.216 -1.196 1.595
2.51183 -0.83994 -2.52974 -0.976856 -1.10086 -2.68705 2.191 -0.821 -2.125 -0.886 -0.911 -2.598
0.913587 0.0396552 0.475792 -0.340595 0.0899342 -1.34152 -0.355 -0.253 0.169 -0.433 0.021 -1.569
4.78401 -0.86196 -2.03429 0.466039 -0.414013 1.79907 3.331 -0.428 -2.46 0.211 -0.97 1.429
-1.75653 -0.991043 -6.13698 0.0509792 -1.78586 -0.366297 -1.623 -0.764 -5.294 0.026 -1.654 -0.177
3.4445 0.179943 -0.193529 0.420056 0.479437 1.16387 2.419 -0.003 -0.405 0.465 0.336 1.287
0.35077 -0.265673 -1.8662 -1.10212 -0.163608 -0.970233 0.262 -0.627 -2.744 -1.095 -0.859 -0.857
0.157665 0.587658 3.93522 1.17264 1.95279 3.12103 0.019 -0.016 2.762 1.026 1.241 2.451
0.152657 0.630966 4.27554 0.138047 2.43037 -0.0653812 -0.778 0.788 3.556 0.268 1.627 -0.21
2.39497 0.0814329 0.709681 1.0118 0.779032 1.38007 2.704 -0.244 0.02 0.884 0.312 0.88
0.357771 0.147086 2.85756 -0.0554674 1.3442 -1.07416 0.992 0.136 3.152 0.112 0.922 -0.725
-10.8533 8.58884 -18.8135 -2.76366 -3.32481 0.29873 -7.539 9.037 -18.964 -2.053 -2.85 0.107
0.965176 -0.21785 2.25064 -1.0322 0.8373 -1.75054 0.157 -0.578 1.333 -0.998 0.253 -1.644
1.28158 2.1283 5.25603 -5.55995 -6.20883 -0.493157 1.301 4.838 7.771 -5.15 -3.977 -1.244
4.15001 -0.69945 -1.25622 0.736521 0.0801186 3.03069 4.339 -0.123 -0.778 0.459 -0.436 2.436
-14.7998 -5.26025 18.4817 4.96582 2.19182 5.43962 -12.574 -3.64 19.409 3.924 1.959 3.988
-8.16772 9.23464 -0.0587868 1.11597 1.06794 -5.18371 -14.443 12.685 -2.309 0.732 -1.973 -3.636
8.06372 0.00527647 3.41253 -2.39456 1.29606 -3.87268 6.649 0.074 3.367 -2.08 0.895 -2.189
4.38096 -1.6288 -10.5879 0.582351 -3.55949 -1.1125 5.138 -1.675 -9.999 0.501 -3.451 -0.967
-5.19885 -2.89472 -6.95252 0.632724 -1.6521 0.119552 -3.904 -2.319 -6.869 0.805 -1.906 -0.022
16.9719 4.03461 20.9832 0.977235 3.01413 -10.9206 18.212 2.341 21.69 1.956 2.238 -9.934
11.9777 -3.18618 -1.69454 0.231742 0.947793 -7.91087 6.446 -2.915 -3.318 -2.688 1.295 -5.774
52.2424 -7.90278 -10.1186 5.49183 0.549753 0.0141339 62.407 -20.881 -23.637 4.31 1.829 -1.482
-0.552855 44.6993 -13.7942 0.0839009 -0.404414 -1.8286 0.473 41.494 -14.926 -0.678 -0.038 -3.312
34.0605 35.0166 41.997 -13.1458 9.56868 -3.32627 30.923 35.995 42.976 -15.278 3.976 -4.628
0.856481 40.181 26.3749 1.671 2.32579 0.601136 2.498 42.72 29.931 0.595 2.26 0.241
-0.725576 -1.4558 -2.71124 -2.25027 0.530782 -1.43745 -0.256 0.815 -1.818 -1.991 0.1 -1.769
-0.00617413 -1.82143 -0.519212 -0.0853385 -1.29547 0.73299 -0.826 -0.915 -0.197 0.196 -1.319 0.286
1.85059 0.516912 -0.0781423 -0.79793 -0.208849 -0.00538063 1.182 1.75 0.257 -0.811 -0.198 -0.246
0.590333 -1.09132 -0.73189 0.821502 -0.439894 -0.127149 -0.154 -0.11 -0.35 0.881 -0.394 -0.392
0.471266 -2.30214 -1.32818 0.241573 -0.890159 0.976337 -0.426 -1.441 -0.918 0.451 -0.946 0.588
0.646531 -0.223172 0.607874 -0.562492 -0.291301 -0.315406 -0.218 0.758 1.079 -0.186 -0.249 -0.51
-1.23771 -4.01504 -2.10284 -1.10683 0.501495 1.24539 -2.175 -3.124 -1.772 -0.829 0.45 1.22
-1.24058 -3.96558 -2.15583 -0.905229 0.566647 1.16023 -2.215 -3.101 -1.852 -0.614 0.516 1.142
-0.755008 -1.8198 -1.60826 -0.0913034 -0.66932 0.614106 -1.739 -1.37 -1.346 0.01 -0.806 0.402
0.258689 -2.93225 -0.366925 0.67497 -0.473176 0.102918 -0.443 -1.703 0.235 0.924 -0.278 0.12
1.32443 -0.846848 -0.0274603 -0.420161 0.443111 0.37205 0.628 0.098 -0.148 -0.511 0.386 0.157
-0.84914 -1.63032 -1.55205 -0.290716 -0.539542 0.532522 -1.821 -1.173 -1.298 -0.145 -0.672 0.331
0.693692 0.681051 -0.0616909 0.822435 -0.845205 -0.3082 0.013 1.738 0.313 0.883 -0.882 -0.328
-0.17201 -2.85452 -1.34934 0.213798 -0.0172998 -0.0430451 -0.97 -1.736 -0.768 0.574 0.164 -0.082
-0.826237 -2.92621 -1.72261 0.302479 0.58305 0.146297 -1.765 -2.074 -1.345 0.677 0.619 0.074
-1.32142 -2.0975 -1.80066 0.425854 0.00900506 -0.0545241 -2.029 -1.011 -1.382 0.511 0.203 -0.292
0.750625 -1.37686 -1.18284 -0.548758 0.7054 0.889681 -0.147 -0.436 -0.605 -0.267 0.896 0.487
0.0452542 -2.20739 -2.17724 0.0570628 -0.685509 0.500459 -0.933 -1.486 -1.941 0.025 -0.756 0.238
0.649714 -0.176779 -0.709703 0.353666 0.37257 0.64225 -0.079 0.807 -0.715 0.511 0.266 0.249
0.596197 -2.45494 0.495342 0.938977 -0.37705 0.043562 -0.124 -1.279 0.981 1.121 -0.261 0.108
2.47443 -0.816211 1.26546 -0.639025 -0.0921201 -0.863641 1.757 0.372 1.726 -0.474 -0.049 -1.048
-1.52936 -2.89707 -1.79752 -0.702613 -0.0354455 0.394488 -2.282 -1.78 -1.343 -0.467 0.026 0.286
1.49407 0.0189446 -0.568745 -1.50052 0.337435 0.494995 0.629 0.854 -0.376 -1.427 0.451 -0.01
-1.22046 -3.35135 -1.78385 -1.68409 0.336143 0.974344 -2.06 -2.385 -1.364 -1.379 0.291 0.929
-1.43256 -2.89186 -1.78055 -1.08326 0.0761452 0.52893 -2.212 -1.845 -1.329 -0.801 0.102 0.44
-1.26354 -3.11849 -1.7587 -1.61082 0.272053 0.819286 -2.086 -2.141 -1.326 -1.296 0.243 0.765
1.7822 -0.751009 1.65635 -0.593025 -0.143576 -1.59694 1.053 0.344 2.27 -0.34 -0.073 -1.657
2.15165 1.08455 -0.687997 1.13665 -0.520836 0.331994 1.433 2.136 0.043 1.149 -0.638 -0.012
1.87225 0.390498 0.97595 0.748999 -0.334593 0.292916 1.301 1.686 1.39 0.745 -0.469 -0.111
3.70367 1.2513 1.16116 0.244974 -1.30824 0.282972 3.241 2.291 1.62 0.232 -1.439 0.235
0.587639 0.0219019 0.982816 -0.0542685 -1.2485 0.807084 0.071 1.457 1.639 0.167 -1.382 0.698
3.26694 0.179528 0.896703 0.293073 -0.530366 -0.00719871 2.712 0.967 1.351 0.566 -0.664 -0.344
2.20842 2.18457 0.0550106 2.04236 -0.12969 -0.540101 1.775 3.261 0.946 2.106 -0.164 -0.682
-0.329782 0.0080955 0.350397 -0.0718175 0.0723084 0.335714 -0.456 -0.337 0.029 -0.321 -0.221 -0.105
-0.38802 0.0981037 0.245333 -0.140373 -0.0698222 0.379778 -0.589 -0.239 -0.088 -0.356 -0.409 -0.065
0.149875 0.204714 0.854757 0.111193 0.380433 0.235389 0.131 -0.167 0.433 -0.175 0.171 -0.233
2.99199 2.00815 0.954668 2.02396 -0.0412051 0.562661 1.956 2.963 1.7 2.099 -0.012 0.178
0.669556 0.343485 1.40977 -0.012182 0.63707 0.177214 0.677 0.076 0.823 -0.251 0.465 -0.337
-0.170309 -1.0804 -0.865562 1.22885 1.03638 -0.420754 -0.718 -1.538 -1.116 1.069 0.799 -0.952
0.0373933 1.15858 1.52656 -0.965592 -0.10665 1.11963 -0.033 0.948 1.035 -1.161 -0.32 0.996
-0.0607039 -0.414498 -0.0432557 1.10218 0.646199 0.0990841 -0.525 -0.772 -0.464 0.971 0.221 -0.357
-0.563353 0.816187 1.02954 -0.65958 -0.641919 0.831808 -0.585 0.661 0.487 -0.827 -0.834 0.751
-0.209968 -1.5195 -1.19496 0.678608 1.12703 -0.61584 -0.834 -2.061 -1.523 0.629 0.956 -1.253
-0.667662 0.228319 -0.646155 -0.564709 0.520368 0.261573 -1.099 -0.1 -0.94 -0.696 0.166 0.017
-0.460792 1.36543 0.380857 0.127911 0.485718 0.997414 -0.369 1.092 0.133 -0.225 0.075 0.562
0.723432 1.91825 1.64663 -0.971444 0.719816 0.973839 0.614 1.633 1.289 -1.251 0.439 0.832
0.158308 1.79605 0.853843 -0.233807 0.713019 0.935307 0.198 1.523 0.605 -0.584 0.328 0.624
2.76136 1.57849 0.58867 -0.57156 -1.28424 0.0276329 2.282 2.588 1.13 -0.486 -1.22 -0.067
1.8765 -0.489641 1.53687 1.81331 -0.409758 -0.463902 1.229 0.254 1.702 1.286 -1.141 -0.537
-0.966965 1.14342 -1.24427 0.317276 0.419001 -0.668204 -1.364 0.788 -1.55 0.192 -0.208 -1.179
2.57892 2.02983 -2.81606 -0.423381 1.54315 -1.20072 3.574 2.768 -2.624 -0.361 1.362 -1.747
-0.891386 1.86032 2.69889 -0.348969 1.97892 1.14001 0.111 2.281 3.209 -0.057 1.13 1.288
3.28167 1.99709 1.1631 0.318183 -0.773518 0.899068 2.814 1.725 0.651 0.268 -1.301 0.219
4.82483 2.25042 1.93097 0.0963689 -1.1871 1.68288 4.294 1.945 1.384 0.081 -1.641 0.973
6.51822 2.4806 2.79382 -0.19133 -1.60096 2.57388 6.072 2.142 2.235 -0.169 -1.969 1.92
7.6541 2.54981 3.29185 -0.445921 -1.81234 3.1302 7.305 2.177 2.779 -0.39 -2.14 2.58
6.45495 4.27195 3.99575 -1.08321 -2.333 2.06272 5.477 3.62 3.359 -0.981 -2.567 1.548
6.7296 3.51025 3.75528 -0.90933 -2.9282 2.57114 6.14 2.948 3.122 -0.756 -3.308 1.929
9.33683 3.22533 3.68529 -1.11012 -2.60251 2.78029 8.241 2.886 3.012 -1.09 -2.863 2.26
9.1917 2.37053 3.60267 -0.0179714 -0.994552 2.65398 8.91 2.141 3.561 0.211 -1.166 2.282
9.33915 1.75975 3.13996 -0.000445016 -1.57202 3.16351 8.72 1.446 2.625 0.102 -1.681 2.73
9.05542 2.99276 4.34913 -0.809244 -1.41091 2.77224 8.584 2.53 3.955 -0.761 -1.778 2.409
9.08459 3.39557 3.56002 -0.794887 -1.98411 3.82382 8.471 3.046 3.098 -0.716 -2.389 3.522
10.5826 6.84649 15.367 0.973188 0.0843102 -4.40227 10.161 3.653 12.542 1.903 0.467 -4.467
0.12523 2.00579 1.92987 -1.30998 0.0270769 -1.16822 -0.089 2.283 2.016 -1.238 0.683 -0.841
-0.705038 -1.35466 3.99271 1.89727 0.0479086 -6.04064 -2.071 -1.607 2.732 0.968 -0.456 -5.106
-0.204896 5.69413 4.89683 0.846639 -2.00039 -2.53092 0.188 4.741 4.012 0.237 -1.951 -1.861
2.41996 6.8665 9.99233 -1.15412 0.9571 1.38402 -0.363 3.671 8.588 -0.73 2.544 1.382
3.29578 8.38053 -4.04159 0.318123 -3.05731 -3.76231 1.647 6.357 -6.561 -0.065 -2.666 -2.801
-0.202166 -1.91173 -1.97537 0.0168006 -0.0456378 0.642952 -0.905 -1.466 -1.899 0.196 0.029 1.076
0.696818 1.50349 0.47123 -0.388153 -1.57507 -1.89043 -0.023 1.892 0.691 -0.06 -1.063 -1.526
0.327754 -0.651479 -0.98043 0.3097 -0.162403 -0.735838 -0.286 -0.559 -0.746 0.571 0.28 -0.346
0.206234 -1.78813 -0.530977 0.122929 0.0361755 0.650895 -0.585 -1.331 -0.542 0.308 0.107 1.101
1.47303 0.569667 -0.840237 -0.126944 -2.1026 0.152967 0.836 0.754 -0.521 0.148 -1.63 0.489
-0.028869 -0.678728 -1.22463 0.392371 0.835922 0.521743 -0.733 -0.539 -1.044 0.541 1.053 0.863
-0.0422771 -1.25826 -0.752646 -0.219696 0.490869 -0.856379 -0.903 -1.118 -0.881 0.151 0.792 -0.643
0.558214 -2.72764 -0.970999 -0.224815 0.241304 -0.195515 -0.243 -2.433 -0.798 -0.011 0.261 0.175
0.326631 -1.70481 -0.0483735 0.15453 0.128825 0.621572 -0.476 -1.261 -0.083 0.342 0.211 1.078
-0.0976318 -2.57659 -1.53624 -0.112875 0.401884 -0.0294924 -0.976 -2.258 -1.462 0.036 0.34 0.408
0.959793 1.63058 0.298249 -0.440193 -1.31736 -0.380087 0.427 1.96 0.61 -0.125 -0.987 0.089
0.415935 -1.88639 -2.97131 -0.767454 0.00125258 0.82775 -0.317 -1.821 -2.823 -0.662 0.21 1.239
0.42656 -3.33238 -0.75537 -0.675366 -0.322736 -0.0215624 -0.203 -3.063 -0.869 -0.414 -0.013 0.387
-0.152828 -0.490192 -1.06352 0.422997 0.841397 0.087598 -0.859 -0.415 -0.944 0.576 1.113 0.45
-0.0647825 -0.461099 -0.962731 0.404583 0.52095 -0.474988 -0.75 -0.426 -0.89 0.604 0.875 -0.085
0.0505977 -2.04886 0.228986 -0.0841063 -0.435155 0.0674318 -0.674 -1.944 0.397 0.113 -0.159 0.396
0.549059 -3.28688 -0.644853 -0.721868 -0.30313 -0.00185384 -0.065 -2.999 -0.756 -0.467 0.001 0.416
0.432935 -2.10207 -0.750562 -0.285172 0.0597371 0.0423456 -0.357 -2.193 -1.166 -0.016 0.323 0.352
0.296414 1.87407 0.667749 -0.267408 -1.74576 -0.909134 -0.344 2.073 0.921 0.039 -1.332 -0.401
0.288073 -2.09286 0.0854427 -0.200087 -0.372108 0.390107 -0.479 -2.02 0.219 -0.039 -0.155 0.735
-0.0765853 1.08214 4.09319 -0.816745 0.097656 -1.38145 -0.477 1.72 3.964 -0.357 0.352 -1.104
0.295528 0.601719 0.221901 0.562546 -0.860842 0.257666 -0.383 0.307 0.194 0.937 -0.177 0.987
-0.319037 0.222498 -0.812737 -0.164229 -0.147258 -1.008 -1.093 -0.344 -0.836 0.047 0.428 -0.454
0.208912 0.320795 0.14986 0.465242 -0.913204 0.318073 -0.488 0.014 0.099 0.828 -0.218 1.041
-0.0712863 -1.75382 -1.14169 -0.373909 0.347396 -1.60175 -0.777 -2.124 -0.927 0.033 0.802 -1.048
0.306024 0.346985 -0.794009 -1.32772 -0.0233209 -0.606341 -0.508 -0.268 -0.772 -1.211 0.872 -0.086
0.228781 0.903294 0.616331 -0.355864 0.403266 0.599689 -0.728 -0.048 0.932 -0.119 0.907 1.201
0.375382 -1.36394 0.479288 -1.15977 -2.59806 -1.73534 -0.241 -2.086 0.502 -0.906 -1.885 -1.158
1.69295 -0.115458 2.09494 0.306123 -0.459555 0.886549 1.146 -0.337 2.345 0.836 0.239 1.687
0.272677 0.350208 -0.703372 -1.37152 -0.0746941 -0.560217 -0.555 -0.262 -0.717 -1.241 0.815 -0.032
0.810888 -1.9809 -0.216762 -0.545382 -1.77126 -1.43521 0.139 -2.711 -0.257 -0.13 -1.101 -0.808
0.510705 -1.32154 0.939067 -1.0815 -2.05314 -1.51581 -0.043 -2.005 1.073 -0.842 -1.417 -0.911
0.948208 0.771687 -1.57686 -1.2608 -1.58843 -0.505667 0.624 0.413 -2.926 -0.822 -0.953 -0.348
0.163185 0.107436 0.171386 0.381469 -0.931564 0.41382 -0.559 -0.222 0.078 0.726 -0.237 1.123
0.283159 0.00923821 1.35485 -0.929067 -1.70875 -0.169641 -0.533 -0.446 0.32 -0.258 -0.767 0.063
0.286996 -0.0410405 1.23835 -0.911951 -1.71749 -0.29116 -0.508 -0.503 0.209 -0.256 -0.785 -0.046
0.750932 0.953519 0.168836 -0.338283 -0.041358 0.633162 -0.196 -0.06 0.322 -0.099 0.388 1.222
0.690906 0.710852 -0.0827376 -0.0321687 0.241249 -0.243765 -0.216 0.032 0.101 0.141 -0.123 -0.075
-0.0702346 1.20219 1.30435 -0.0664939 1.15816 0.549342 -1.015 0.331 1.62 0.129 1.604 1.157
0.0656578 0.556172 -0.350005 -1.3711 -0.403017 -0.486084 -0.887 -0.084 -0.467 -1.251 0.272 0.084
-0.0682308 1.22941 -1.33256 -0.941858 -1.05975 -0.583208 -0.356 0.744 -2.683 -0.535 -0.541 -0.489
1.12447 -2.31835 -0.844226 -0.0964212 -0.335065 -1.25188 0.585 -2.812 -0.897 0.244 0.15 -0.653
0.860212 0.335792 0.169389 -0.303743 -0.264192 0.161896 0.413 0.166 -0.089 -0.142 -0.22 -0.319
-0.128285 1.66783 1.18911 0.213013 1.29887 0.36545 -0.971 0.967 1.371 0.434 1.607 1.07
0.503516 0.530926 -0.182677 -0.867045 0.508469 -0.354189 -0.314 -0.155 -0.175 -0.804 1.307 0.148
-0.0423554 2.04841 0.521478 -0.0173974 0.700402 0.0524117 -0.913 1.363 0.235 0.275 0.993 0.697
0.761889 -0.867079 1.27476 -0.721372 -0.787864 -1.33424 0.229 -1.503 1.424 -0.506 -0.335 -0.788
0.986158 1.7474 1.56754 0.99118 -0.129236 0.611827 0.366 1.383 1.583 1.387 0.448 1.354
-0.400379 0.756894 -0.917061 0.0929975 -0.157969 -1.09312 -1.181 0.247 -0.895 0.36 0.404 -0.547
0.142315 1.60839 0.662688 -0.118231 -1.15621 -0.958591 -0.713 1.555 -0.633 0.543 -0.427 -0.697
-0.00580537 0.0277071 1.10855 0.123752 1.14995 0.0382059 -0.776 -0.283 -0.318 0.935 1.825 0.318
0.301521 0.234204 -1.50298 0.0606459 0.186638 -0.23146 -0.095 -0.183 -2.841 0.699 0.525 -0.009
0.400373 0.148611 1.33048 0.314006 1.39543 -0.0406962 -0.546 -0.068 -0.118 1.103 2.212 0.264
0.868521 2.15682 -1.01127 -0.505853 -0.458057 -0.959922 0.123 1.789 -0.452 -0.327 0.058 -0.048
-0.469483 0.872791 -1.7055 -0.579069 -0.731478 -0.52136 -0.804 0.414 -2.953 -0.163 -0.249 -0.427
1.21802 -0.400297 -0.13902 -0.140528 0.282508 -0.380603 0.324 -1.007 0.174 0.229 0.703 0.314
1.62755 -0.61867 2.32507 -0.881244 0.171524 0.033531 0.99 -0.653 1.155 -0.433 0.884 0.321
-0.618181 1.18732 -1.51118 0.150987 -0.497433 -1.41142 -1.384 0.78 -1.293 0.497 0.073 -0.819
0.106132 -0.18381 0.142602 0.178257 -1.07203 0.52756 -0.674 -0.572 -0.058 0.489 -0.381 1.197
-0.0047809 -3.73723 -1.55568 0.00447067 -1.66342 -0.333271 -0.84 -3.466 -2.677 0.354 -0.953 0.074
-1.05679 -1.09851 0.323855 -0.816701 -0.645335 -0.201898 -1.296 -1.54 -0.404 -0.326 -0.269 -0.055
-1.05381 -1.07628 0.521117 -0.819286 -0.749312 -0.192749 -1.285 -1.533 -0.211 -0.335 -0.386 -0.042
0.702105 0.600295 2.21954 -1.1143 -1.43459 0.369576 -0.247 0.229 1.34 -0.426 -0.481 0.612
1.54815 -0.924066 2.2319 -1.30704 -0.402618 0.722489 0.922 -1.037 1.256 -0.83 0.329 0.984
-0.518171 1.14335 -1.23615 0.195108 -0.321813 -1.26416 -1.296 0.694 -1.106 0.513 0.239 -0.698
0.368613 0.36069 -0.888482 -1.83364 -0.93171 -0.497858 -0.209 -0.432 -0.621 -1.448 -0.721 0.208
-0.847836 -1.40292 1.68886 -0.903668 -1.67841 0.0388504 -1.115 -1.843 0.854 -0.397 -1.276 0.188
-0.815364 -3.46061 -0.157799 -0.39245 -1.6672 0.072981 -1.519 -3.361 -1.426 -0.035 -1.025 0.424
1.10687 -1.8619 -2.11475 -0.10798 -2.01192 -0.497383 0.072 -1.844 -3.222 0.301 -1.131 -0.03
1.08127 -2.45898 -2.15152 0.0687613 -1.89376 -0.564213 0.064 -2.385 -3.209 0.456 -1.042 -0.102
1.65342 -0.832557 2.45769 -1.30869 -0.389089 0.695266 1.025 -0.91 1.512 -0.833 0.333 0.959
-0.821477 -3.04731 0.264977 -0.541434 -1.51844 0.288385 -1.51 -3.08 -1.073 -0.175 -0.87 0.603
-0.752421 -2.82198 0.421852 -0.60877 -1.39841 0.40462 -1.438 -2.914 -0.948 -0.237 -0.741 0.699
0.938298 -1.04561 -1.642 -0.506024 -2.17572 -0.353524 -0.07 -1.046 -2.822 -0.067 -1.299 0.122
0.762232 -0.84112 0.553424 -1.39712 -2.16273 0.138086 0.274 -1.153 -0.56 -0.823 -1.494 0.333
-0.377469 0.249607 -1.95458 -0.321275 0.130084 0.13727 -0.769 0.261 -2.003 -0.081 0.361 -0.01
0.277058 -1.24591 1.33774 -1.28183 -2.26971 0.205341 -0.167 -1.582 0.277 -0.711 -1.654 0.383
-0.148651 0.246124 -0.0514451 -0.415044 -0.445657 -1.60453 -1.009 0.466 -1.158 0.272 0.291 -1.359
-0.423744 -0.0795514 0.0854676 -0.465227 -0.270167 0.564617 -0.801 -0.467 -0.441 -0.278 0.005 0.408
-0.495148 -0.506637 -0.668878 0.0853875 -1.33653 -0.203803 -1.277 -0.911 -1.103 0.623 -1.467 0.299
-0.757353 -0.0993791 0.36829 -0.180541 0.636082 1.31777 -0.964 -0.553 -0.162 0.033 0.645 0.921
0.680759 -0.513434 -0.801772 -0.865989 -2.26584 -0.243708 -0.264 -0.564 -2 -0.404 -1.407 0.234
1.10156 0.421197 0.564213 -0.995566 -0.466827 0.35695 0.581 -0.153 0.322 -0.883 -0.359 0.067
0.0641808 -1.22117 -0.992793 -0.391581 0.310748 -0.331755 -0.154 -1.727 -1.407 -0.19 0.396 -0.68
1.37687 1.75827 1.5195 -0.350483 0.622023 -0.12916 0.835 1.398 0.976 0.204 0.42 0.452
-0.700778 -0.258128 0.913742 -0.448499 -1.09146 0.00699829 -1.01 -0.574 0.455 -0.149 -0.826 -0.386
1.19356 0.364539 1.51012 -0.609351 0.0690478 -0.589851 0.664 0.02 1.238 -0.004 -0.175 0.011
-0.426615 1.29268 0.987272 -0.212027 0.705159 0.818712 -0.659 1.116 0.735 0.176 0.792 0.556
0.364141 -1.21599 -0.932465 -0.4282 0.696813 -0.608827 0.061 -1.579 -1.267 -0.194 0.798 -0.951
1.08609 0.697254 1.62061 -0.588307 0.227459 -0.612414 0.57 0.356 1.4 0.019 -0.021 0.006
-0.738945 -0.0645396 0.928345 -0.566788 -1.0924 0.0938187 -1.06 -0.433 0.486 -0.295 -0.834 -0.298
0.253198 0.923722 0.0141925 0.174227 -0.435506 -1.01733 -0.397 0.973 -0.578 0.698 -0.361 -0.651
0.0361659 -0.484083 -0.84138 -0.167164 -1.16149 -0.218095 -0.688 -0.564 -1.191 0.345 -1.083 0.243
-0.903887 0.733441 -0.333982 -0.75006 -0.784697 0.898138 -1.312 0.326 -0.913 -0.624 -0.441 0.749
0.59239 -1.4435 -1.57712 0.205718 -0.0881039 0.207488 0.151 -1.637 -1.734 0.401 0.04 -0.165
0.0180186 0.585001 0.745329 0.408408 0.710464 1.04382 -0.012 0.335 0.372 0.641 0.769 0.87
1.25781 -0.537942 1.84851 -0.389321 1.07064 -0.475292 0.733 -0.589 1.854 0.382 0.888 0.267
-0.443759 0.0489889 0.147154 -0.135803 -0.185088 0.797019 -0.555 0.048 -0.065 0.208 -0.17 0.371
1.02298 1.01584 1.71287 -0.576734 0.382811 -0.630255 0.525 0.677 1.55 0.049 0.129 0.002
-0.323887 -0.149241 1.63498 0.172433 0.00714775 1.15001 -0.265 -0.291 1.411 0.443 0.091 0.634
1.1578 -0.233898 2.0002 -0.417039 1.17363 -0.47935 0.627 -0.314 2.03 0.377 0.984 0.269
-0.275905 -0.598036 0.921946 -0.205109 -0.997328 -0.219123 -0.628 -0.781 0.425 0.138 -0.748 -0.573
0.895061 -1.06068 1.18 -0.388647 -0.268825 -0.840382 0.173 -1.226 0.617 0.242 -0.416 -0.527
0.740575 -0.249396 0.719913 0.163114 -0.5045 -0.0267028 0.334 -0.691 0.18 0.557 -0.295 -0.286
-0.157019 -0.566471 -0.0398304 -0.691081 -0.0030415 -0.927542 -0.793 -0.558 -0.532 -0.307 0.028 -0.443
0.187507 -1.0524 1.64931 0.115822 0.3042 -0.406939 -0.611 -1.212 0.842 0.526 0.087 -0.076
0.884622 -0.779369 1.26052 -0.316194 -0.160617 -0.83776 0.142 -1.001 0.653 0.318 -0.326 -0.523
-0.260823 -0.025943 -0.118814 0.497556 -0.441092 0.377501 -0.783 0.864 0.957 0.921 -0.485 0.483
0.130286 0.734006 0.764841 0.323919 0.682845 1.13264 0.074 0.451 0.397 0.558 0.741 0.946
-0.181919 2.04371 0.836197 -0.484956 0.822225 1.20767 -0.545 1.865 0.696 -0.225 0.861 0.921
1.40572 -0.365779 -1.23321 0.319226 -0.796368 0.330944 1.089 -0.848 -1.648 0.446 -0.678 -0.267
0.726229 -0.0768219 1.00891 -0.546024 0.0188342 0.787854 0.577 -0.394 0.694 -0.242 -0.038 0.327
-0.0794683 0.401831 0.452237 -0.234419 -0.441947 -1.55271 -0.964 0.474 -0.709 0.421 0.321 -1.34
0.814825 -0.404749 -1.13854 -1.06629 0.954181 -0.00772641 0.095 -0.499 -1.24 -0.676 0.897 0.268
-0.931155 -0.324828 -1.0255 0.0373153 -0.129841 0.342249 -1.642 -0.999 -1.457 0.537 -0.199 0.881
0.855504 1.58614 1.94262 -0.612657 0.897565 -0.621468 0.402 1.285 1.981 0.076 0.651 0.057
1.74476 -1.29292 0.607355 -0.612008 -0.539064 -0.359512 1.269 -1.475 0.195 -0.029 -0.66 0.15
-0.381563 1.02327 0.858664 -1.24183 -1.06715 0.425463 -0.805 0.372 0.474 -1.131 -0.863 0.073
0.143006 -0.0333855 1.70773 -0.679496 1.1123 -0.262218 -0.481 -0.272 1.144 -0.345 0.797 0.07
0.246529 0.44136 1.32053 -0.190476 -0.325632 0.230095 -0.183 0.16 0.945 -0.047 -0.266 -0.07
0.922566 -0.168497 0.584577 0.108188 -0.660567 -0.0802521 0.41 -0.751 -0.036 0.45 -0.443 -0.343
0.588199 0.265951 1.59237 -0.212316 -0.296961 1.02445 0.433 0.263 1.26 -0.091 -0.177 0.747
-1.06368 1.15699 -0.809568 -0.8306 -0.931457 0.94637 -1.473 0.8 -1.333 -0.741 -0.568 0.808
-0.145058 1.754 7.11093 -0.702547 0.258886 -0.429879 -0.688 2.114 6.515 -0.405 0.454 -0.294
-0.0608939 -0.836907 -1.98317 -0.515159 0.344976 -0.213605 -0.848 -0.852 -2.361 -0.198 0.315 -0.005
-0.609566 -1.269 -1.93895 -0.339732 -0.63145 -0.179177 -1.368 -1.387 -2.525 -0.043 -0.69 0.09
0.65715 -0.443106 -0.126886 0.29409 -0.214954 -0.29682 -0.004 -0.158 -0.695 0.839 -0.008 0.165
0.545389 0.993346 1.40626 -1.21761 1.43917 -0.319574 0.016 0.619 0.934 -0.901 1.095 0.026
0.702645 -3.72127 0.104185 -0.144931 -1.042 -0.657876 -0.032 -3.514 -0.218 0.282 -1.151 -0.322
0.393754 1.13378 0.569527 0.0283539 0.606654 0.792859 0.261 0.769 0.495 0.189 0.702 0.301
1.45014 0.298343 -0.814926 0.201866 -0.832244 0.25809 1.163 -0.207 -1.341 0.383 -0.688 -0.371
-0.131634 1.32726 5.08044 -0.946711 0.000940762 -0.943453 -0.567 1.819 4.916 -0.595 0.222 -0.674
1.22152 1.50551 2.49059 -0.268382 0.051615 -0.216214 0.544 1.197 1.881 0.344 -0.131 0.38
0.462101 -0.370022 -0.534055 -0.0490583 -0.336634 -0.0325012 -0.239 -0.164 -0.884 0.514 -0.088 0.453
-0.750664 0.325298 -0.257556 -0.858096 0.124233 -1.13178 -1.534 0.223 -0.794 -0.504 0.147 -0.656
0.347513 2.57496 1.88919 0.373793 -0.325708 0.676923 0.475 2.384 1.413 0.661 -0.054 0.382
1.04194 -3.61416 0.415845 -0.339531 -1.07347 -0.603501 0.374 -3.451 0.057 0.119 -1.201 -0.265
-1.04799 1.65488 6.76113 -0.836201 0.476351 -1.12097 -1.506 2.184 6.394 -0.396 0.708 -0.911
1.89361 0.77162 1.07542 -0.0707216 -0.530914 -0.316034 0.255 1.097 0.676 -0.02 -0.175 -0.088
-0.737035 1.35763 7.21856 -0.931489 -0.23096 -1.29492 -1.202 1.911 6.779 -0.458 -0.018 -1.026
-1.07659 1.159 -1.03181 -0.367855 -0.0905624 -1.65372 -2.123 0.886 -1.713 -0.034 -0.069 -1.343
1.32708 1.25761 5.18663 -1.00457 -0.784208 -0.755924 0.711 1.562 4.654 -0.58 -0.56 -0.544
2.32954 0.957342 2.22059 0.577106 -0.267394 0.353218 1.68 0.809 2.541 1.235 0.45 1.028
0.67733 1.42259 7.65548 -1.21507 -0.483376 -0.841278 0.264 1.859 7.173 -0.701 -0.085 -0.607
-0.0978598 1.1568 0.688269 -1.11997 0.160926 -1.28776 -0.983 1.079 -0.522 -0.338 0.717 -1.117
1.89241 -0.615519 2.62575 0.504489 1.0523 1.22655 1.165 -1.059 2.839 0.849 1.737 1.925
0.747077 2.28249 7.3448 -1.62651 0.608105 -1.83261 0.161 2.615 6.889 -1.142 0.733 -1.581
0.0905741 0.897381 2.45171 -0.390269 -1.29211 -1.74579 -0.646 0.706 1.152 0.345 -0.494 -1.491
2.46013 1.02282 3.5654 0.444194 0.0179589 0.945352 1.708 0.464 3.52 0.881 0.715 1.494
0.0820813 0.73949 0.280785 -0.538726 0.0926945 -1.68389 -0.928 0.813 -1.066 0.097 0.831 -1.47
-0.804446 1.25672 0.129073 -0.493016 0.370257 -1.67154 -1.474 1.471 -0.875 0.27 0.951 -1.429
0.823774 5.50415 0.746553 -0.000280214 0.951745 -1.3464 0.012 5.558 -0.194 0.262 0.82 -0.766
2.80736 1.70544 3.57701 0.703326 -0.24805 0.227133 2.241 1.154 3.518 1.086 0.384 0.958
3.03075 1.40362 3.68281 0.973198 0.543944 0.921965 2.319 0.701 3.395 1.503 1.039 1.597
2.70324 0.802395 4.29562 0.837083 0.339341 1.68581 2.072 0.43 4.313 1.311 1.136 2.457
-0.237012 1.94547 0.551973 -0.920017 -0.735926 -1.68364 -1.047 1.935 -0.642 -0.121 -0.122 -1.377
2.70352 0.623193 4.42649 0.332336 -0.48771 0.887759 2.236 0.244 4.537 0.705 0.022 1.556
-0.111903 1.02498 -1.21091 0.963026 -0.842099 -2.69182 -1.183 0.892 -2.058 0.955 -0.75 -2.552
-0.516905 1.85969 0.0218686 0.393673 0.598145 -2.85774 -1.141 1.6 -0.832 0.537 0.509 -2.641
-0.139398 2.12946 -0.486284 0.476518 0.0594042 -2.72229 -0.753 1.942 -1.411 0.541 0.014 -2.38
-0.515529 1.41854 0.121834 0.327229 -0.194051 -2.60893 -1.111 1.327 -0.863 0.526 -0.156 -2.426
0.567807 1.86843 -0.518137 1.06803 0.216243 -1.95922 -0.064 1.687 -1.484 1.102 0.269 -1.848
0.230148 1.62357 0.546806 1.38536 -0.211762 -3.24628 -0.517 1.188 -0.206 1.205 -0.203 -2.891
-0.0336477 0.81442 0.486689 0.67281 -0.740574 -2.51026 -0.773 0.601 -0.393 0.626 -0.562 -2.178
-1.51669 -0.916258 -1.76302 -0.168536 -0.705184 -1.94655 -2.476 -0.718 -0.769 0.163 -0.919 -1.763
-0.877237 1.80461 0.509425 -0.0710226 -0.104647 -2.06624 -1.457 1.685 -0.45 0.086 -0.04 -1.793
-1.82447 -0.149796 -0.0943774 -0.141933 -1.14192 -0.0573053 -2.47 -0.696 -0.571 0.141 -1.099 -0.431
0.149025 0.151903 -0.843873 -0.715848 -1.74854 -1.63581 -1.696 -0.077 -0.013 -0.611 -1.729 -1.982
1.24004 2.3106 -2.54019 0.633594 -1.10887 -1.25204 0.991 2.139 -2.708 0.588 -1.272 -0.973
0.346055 2.08031 2.76011 -0.83759 -1.30855 -0.698248 -0.267 0.461 1.01 -0.553 -0.578 -0.602
3.38189 -1.55945 1.02911 -0.899477 -0.438668 -0.546371 2.765 -2.76 0.763 -1.107 0.478 -0.57
-0.978728 -0.175949 -0.568869 0.603845 0.785556 0.820367 -1.126 -0.32 -0.973 0.114 0.967 0.383
-1.0373 -0.132343 -0.565648 0.537031 0.827622 0.782512 -1.194 -0.248 -1.007 0.062 0.995 0.347
0.489815 0.527989 -0.00717375 0.739973 -0.104659 0.337264 -0.025 0.561 -0.551 -0.107 0.248 0.038
0.787985 -1.08732 -0.366204 2.06595 0.300002 0.418628 0.608 -0.997 -0.947 1.397 0.567 -0.066
-0.774446 -0.0592995 -0.403677 0.793807 0.580187 0.852782 -0.908 -0.291 -0.774 0.266 0.805 0.411
0.778486 0.408503 0.0831055 0.876431 -0.194793 0.311842 0.226 0.446 -0.399 -0.002 0.158 -0.006
1.07088 1.38594 0.312421 0.590636 -0.307644 1.36406 0.699 1.36 0.166 -0.11 -0.062 0.807
-0.69126 1.25446 -0.0390506 0.309838 0.20296 0.511605 -1.001 1.307 -0.724 -0.372 0.528 0.202
1.63589 0.695353 0.291139 1.20922 -0.381107 0.51294 1.052 0.748 0.045 0.296 0 0.059
-0.777612 -1.75821 0.267515 1.60111 -0.918315 0.890995 -0.91 -2.239 -0.428 0.846 -0.928 0.385
1.68597 0.92379 0.290572 1.172 -0.40114 0.610002 1.122 0.975 0.086 0.273 -0.021 0.13
-0.347253 0.323409 -0.492236 1.06271 -0.68449 0.303739 -0.304 0.192 -0.836 0.352 -0.575 -0.079
0.344744 -0.515433 0.272118 0.204799 -0.450712 -0.0239279 0.421 -0.406 0.059 -0.409 -0.125 -0.457
-1.92839 -1.3631 0.631738 0.0704412 -0.465354 0.422468 -1.878 -1.397 0.367 -0.706 -0.213 0.053
-0.904428 1.40459 0.0289991 0.269724 0.239513 0.552817 -1.173 1.454 -0.69 -0.366 0.56 0.221
-1.01149 0.653051 -1.68258 1.13096 -0.416762 0.853406 -1.031 0.629 -2.175 0.237 -0.061 0.503
-1.04335 -0.19479 -0.253576 0.705128 -0.744483 -0.0190591 -0.924 -0.228 -0.734 -0.092 -0.809 -0.274
-1.65759 -0.31422 -0.603923 0.360922 -0.898852 0.685226 -1.839 -0.474 -0.679 -0.442 -0.615 0.266
0.889823 4.11494 2.56589 -4.72623e-05 1.51285 -0.0741175 -0.139 3.59 0.781 -0.237 1.199 -0.632
-1.03555 -0.695054 2.09051 1.46677 -0.600194 0.0741945 -1.405 -1.49 1.927 0.616 -0.378 -0.614
-1.11334 -1.4146 1.65092 1.23773 -0.847406 -0.157985 -1.597 -2.287 1.462 0.516 -0.736 -0.705
-0.73359 -0.344844 1.84146 1.51314 -0.258815 0.327059 -1.074 -1.053 1.664 0.634 -0.048 -0.382
-0.301286 0.351831 0.0299059 1.14379 0.0408629 0.783556 -0.413 0.003 -0.338 0.55 0.325 0.322
-0.855327 1.48589 0.148373 0.397634 1.00092 1.02411 -1.029 1.174 -0.495 -0.256 1.217 0.624
-0.0419932 0.78387 -0.0428224 1.35702 -0.686953 0.512603 -0.059 0.457 -0.363 0.681 -0.454 0.057
0.00555045 0.698445 0.143545 1.37252 -0.491969 0.631742 -0.059 0.367 -0.176 0.728 -0.223 0.156
0.278588 -0.298605 1.14868 0.197216 -0.0912999 -0.704635 0.275 -0.197 0.528 -0.54 0.15 -1.094
-4.45887 -2.17578 1.95719 1.32644 -3.09042 0.921292 -5.303 -1.645 2.232 1.71 -2.761 1.016
0.301165 -0.205448 0.240669 0.192602 0.745984 -0.0450525 0.149 -0.283 0.336 0.122 0.179 0.266
0.875179 -0.49279 -4.41171 -0.0248138 1.85011 0.291526 1.463 0.719 -3.114 0.643 2.059 0.039
0.754324 -0.51373 0.393447 0.374399 1.14962 0.0385677 0.646 -0.508 0.4 0.3 0.578 0.307
1.23074 1.29248 0.535214 1.59783 -0.121115 1.26669 1.049 1.374 0.142 0.694 -0.115 0.563
1.48592 0.49583 -0.121439 1.35305 -0.163108 1.90387 1.611 0.528 -0.397 0.337 -0.104 1.097
-2.1037 -0.677348 -4.0114 -1.09528 0.649747 0.980434 -3.534 -2.304 -3.199 -0.906 0.811 1.606
0.285777 -1.91508 -0.423852 0.184293 1.28285 -0.328871 -0.143 -1.961 -0.574 0.189 0.627 0.093
0.310162 -1.9107 -0.417859 0.122482 1.23591 -0.281359 -0.122 -1.919 -0.543 0.116 0.603 0.136
-0.533633 -0.336194 -0.283655 0.507424 1.04126 -0.941658 -0.832 -0.581 -0.497 0.495 0.281 -0.457
-0.686901 0.616927 0.0860977 -0.0338098 0.0674291 -0.770278 -1.019 0.508 -0.208 -0.219 -0.641 -0.384
-0.034963 -0.382979 -0.638599 0.00159597 0.691734 -0.274566 -0.267 -0.268 -0.657 -0.098 0.193 0.182
-0.606823 0.649165 0.152771 -0.146675 -0.0376633 -0.751246 -0.968 0.562 -0.139 -0.356 -0.727 -0.381
0.801777 -0.297121 -0.174662 -0.0344547 -0.529303 -0.915978 0.634 -0.043 -0.034 -0.249 -1.269 -0.627
1.2395 -0.074197 -0.199109 -0.151589 -0.568574 -0.758884 1.075 0.236 -0.015 -0.302 -1.326 -0.485
-0.488567 -0.905961 0.30712 -0.0434252 -0.332769 -0.909574 -0.665 -0.909 0.248 -0.432 -1.106 -0.627
0.00508718 -0.82371 0.426174 -0.183093 0.637873 -0.155502 -0.239 -0.849 0.603 -0.499 0.029 0.187
-0.174105 -0.909926 0.619759 -0.365157 0.528131 -0.427848 -0.367 -0.978 0.775 -0.735 -0.162 -0.086
2.07189 2.41284 2.12987 0.987668 -0.809369 0.911089 2.059 1.999 1.288 -0.019 -0.659 0.203
-0.0945272 0.342552 1.20346 -0.701859 -0.34279 -0.00448962 0.016 0.317 1.083 -0.764 -0.934 0.202
-0.152373 -0.705671 -0.642268 -0.0537219 2.54665 -0.064283 -0.951 -0.797 -0.497 -0.169 2.008 0.298
-1.00068 -0.43484 -1.30229 0.403843 0.806378 -0.656839 -1.434 -0.508 -1.905 0.414 0.225 -0.252
-0.976521 -0.665344 0.0642956 -0.0685249 0.617898 -0.563747 -1.302 -0.816 -0.271 0.018 0.046 -0.232
0.318091 1.43837 -0.776145 0.325766 0.0237937 -1.20717 -0.046 1.345 -0.7 0.283 -0.446 -0.92
-0.920005 -0.618374 0.319209 -0.151806 0.535864 -0.538515 -1.202 -0.771 0.04 -0.054 -0.037 -0.212
-1.04791 0.419823 -1.27751 0.35495 0.459938 -0.350794 -1.264 0.498 -1.897 0.337 -0.026 0.15
0.958398 0.236594 0.600418 -0.0772179 0.0117216 0.0231516 0.821 0.028 0.376 -0.247 -0.747 0.138
-0.626556 -0.290708 0.926305 -0.419995 0.154917 -0.426525 -0.739 -0.397 0.793 -0.348 -0.433 -0.114
1.0299 0.157187 0.462383 -0.0165635 0.00643827 -0.0436513 0.866 -0.065 0.227 -0.196 -0.777 0.072
-1.02289 0.404425 -1.43345 0.471401 0.527529 -0.415994 -1.28 0.458 -2.071 0.446 0.024 0.082
1.52594 -0.213153 0.139074 -0.391016 -0.227118 -0.770781 1.318 -0.167 0.095 -0.504 -1.082 -0.59
-0.945436 0.0606684 -1.61279 0.595078 0.726498 -0.585322 -1.322 0.048 -2.269 0.567 0.165 -0.124
-0.958961 0.215574 -1.60312 0.594581 0.667721 -0.536169 -1.3 0.223 -2.26 0.563 0.124 -0.06
0.125697 0.691532 0.319789 -0.110443 -0.251365 -0.875122 -0.173 0.623 0.327 -0.258 -0.799 -0.536
1.76222 3.1407 2.80424 1.15496 -1.11404 0.916335 1.552 2.921 1.823 0.422 -0.911 0.057
0.690495 1.51776 0.736779 0.0100939 0.997643 -0.337378 0.207 1.622 0.542 -0.087 0.533 0.027
-0.15086 1.71018 0.52756 -0.0935125 0.284696 -0.0523742 -0.185 1.341 0.988 -0.232 -0.131 0.304
1.16716 2.04535 1.92832 0.0790233 0.248461 0.251695 1.096 1.697 1.749 0.023 -0.417 0.57
0.905807 1.15645 1.18032 -0.358532 1.9492 0.21576 0.705 1.104 1.531 -0.461 1.434 0.613
0.124006 -0.941953 1.66464 0.320084 1.09178 0.735941 -0.437 -2.01 0.824 0.245 1.029 0.637
0.391889 1.8018 1.09309 0.0902679 0.785814 -0.604564 0.544 1.478 1.12 -0.199 0.144 -0.271
0.668027 1.97507 0.551634 1.223 0.97884 -0.350903 0.657 1.977 0.664 1.219 0.395 0.14
8.71586 2.85965 7.26835 0.205466 -3.35187 -1.24608 7.448 0.706 5.253 -0.054 -2.763 -1.116
2.06372 -1.03883 -4.04407 2.36203 -3.35778 1.39538 1.157 -1.438 -4.005 2.304 -3.752 1.391
-2.93398 -5.56635 -5.41113 -0.930516 3.94095 -2.08248 -3.091 -3.728 -5.576 -1.861 3.454 -1.318
1.29233 0.863394 1.07835 1.17423 -0.0188182 -0.0978163 1.092 0.207 0.943 0.996 -0.456 0.358
1.62475 1.11875 1.96572 -0.84389 -1.02614 -3.26765 0.323 0.342 -0.298 -0.175 0.104 -2.998
0.359133 -1.30673 -3.27803 1.23867 -1.76583 -0.586546 -0.024 -0.953 -2.806 0.891 -1.184 -0.037
-1.3293 -1.02692 -7.19334 -0.50655 -0.177906 0.23935 -1.965 -2.032 -6.146 -0.273 0.699 0.561
0.0443028 0.0811172 -0.0589285 -0.0674995 -0.405675 0.104857 0.153 -0.311 0.402 -0.033 -0.592 0.09
2.43231 13.4949 5.76856 -2.92335 0.0460322 1.4868 1.633 11.63 4.924 -3.111 -0.601 1.421
-0.157395 0.555104 -0.132296 0.145233 0.439445 0.303417 -0.488 -0.016 0.048 0.267 0.229 0.097
0.0238379 0.613245 -0.146306 0.211839 0.462375 0.0840928 -0.191 0.121 0.08 0.324 0.293 -0.127
-0.688912 0.837702 -1.11557 0.417439 0.59968 0.748349 -0.977 0.333 -0.752 0.619 0.356 0.721
-0.209684 0.86491 -1.15852 0.308612 0.0241616 -0.139851 -0.145 0.463 -0.537 0.468 -0.163 -0.088
0.376632 -0.282732 0.624719 -0.0124011 0.38807 0.623172 0.099 -0.961 0.551 0.096 0.138 0.511
0.615381 1.32893 -0.963304 0.397952 0.100357 0.403292 0.595 1.058 -0.51 0.558 -0.12 0.256
0.874701 -0.167825 0.749698 -0.0991492 0.382422 0.634971 0.606 -0.862 0.769 0.005 0.107 0.54
0.228842 1.28896 -0.930561 0.449134 0.0860793 -0.100107 0.372 1.224 -0.319 0.625 -0.037 -0.172
2.05645 3.37742 -2.01356 -0.75678 0.529621 1.33449 0.86 2.415 -1.573 -0.495 0.504 1.646
1.09948 0.701347 -0.158664 0.183911 -0.3844 0.106074 0.858 0.09 0.082 0.089 -0.782 -0.212
-1.08548 0.486719 -0.353235 -0.033432 0.0634825 0.468857 -1.112 0.08 -0.085 0.043 -0.207 0.254
-0.417642 -1.07797 -0.305559 -0.135545 0.0900675 -0.745574 -0.472 -1.605 0.341 0.008 -0.16 -0.823
-0.500053 -1.13339 -0.182171 -0.0144096 0.12007 -0.879258 -0.609 -1.689 0.401 0.101 -0.125 -0.932
0.454191 0.539634 -0.13125 0.00711088 0.108015 0.352201 0.177 -0.114 0.019 0.082 -0.175 0.172
0.367244 0.380793 -0.0425928 -0.0618778 0.0634373 0.263105 0.056 -0.318 0.076 0 -0.227 0.085
0.0449678 -0.122 -0.113797 -0.377426 -0.0764941 -0.101989 -0.332 -0.912 -0.013 -0.347 -0.387 -0.293
-2.97355 -3.96404 -2.63266 -1.66676 -1.16949 -0.62711 -4.171 -4.909 -2.605 -1.359 -1.024 -0.166
-0.105938 1.69317 -1.9178 -0.0111305 0.612504 -0.267535 -0.079 1.429 -1.31 0.137 0.436 -0.204
-0.32321 -0.606822 -0.628556 -0.565259 0.412378 -0.261599 -0.318 -1.131 0.042 -0.48 0.147 -0.339
-1.88305 -0.740932 -1.20238 -0.642633 0.513476 0.223447 -1.916 -1.297 -1.052 -0.348 0.251 0.123
-0.912985 -0.0142565 -0.793751 -0.442022 -0.361443 -0.259096 -0.557 -0.317 0.019 -0.375 -0.73 -0.282
7.69344 12.8685 13.9216 -0.0953426 -1.28769 1.51627 6.53 10.934 12.969 -0.367 -1.456 1.731
-0.482293 -0.173559 -0.589073 -0.858755 0.529568 -0.134807 -0.589 -0.861 -0.104 -0.879 0.243 -0.209
-2.12118 -0.466245 -2.46433 -0.878058 0.454854 0.352125 -2.147 -0.982 -2.085 -0.615 0.289 0.187
-1.17931 -0.0268735 -0.410144 -0.412242 -0.373506 -0.043229 -0.824 -0.244 0.393 -0.354 -0.785 -0.057
-1.11979 -0.0604468 0.180001 -0.319585 -0.159621 0.410926 -0.857 -0.29 0.888 -0.304 -0.638 0.316
0.402664 4.14946 0.0163161 -0.434171 -1.09065 1.12877 0.516 4.297 0.026 -0.612 -1.091 1.836
2.01103 0.366026 0.842941 0.50833 -0.3436 0.602149 1.66 -0.376 1.014 0.521 -0.668 0.48
0.83745 0.00347918 0.767409 0.145779 -0.839173 0.25235 0.839 -0.316 1.123 0.136 -1.015 0.175
7.51202 18.896 14.0062 -1.61761 -1.64236 1.45967 6.599 15.632 9.041 -1.31 0.231 1.243
1.19389 0.814934 -0.116608 0.159133 -0.409373 0.202154 1.034 0.421 0.173 0.216 -0.517 0.057
-2.61296 3.60238 -2.46513 -2.37629 -1.97221 -1.44889 -4.967 3.233 -1.905 -2.056 -2.052 -1.375
0.634531 0.543536 2.27625 0.57976 -0.121189 0.725589 0.34 -0.173 2.173 0.546 -0.319 0.632
0.264848 0.737421 -0.138317 0.045362 -0.347619 0.45238 0.507 0.262 0.008 0.117 -0.741 0.515
0.603268 0.61398 0.422337 -0.71961 -0.0859422 0.171762 0.8 -0.072 0.414 -0.639 -0.424 0.034
0.554275 0.416194 0.267931 0.0684635 0.0432608 0.402069 0.406 -0.151 0.573 0.155 -0.093 0.176
1.82405 1.90265 -1.10835 -0.754321 1.2683 1.06976 1.041 0.178 -1.731 -1.13 1.47 1.084
-1.65405 -5.44991 -0.00704037 -2.452 0.0806513 -0.253173 -2.359 -5.993 -0.02 -2.149 -0.049 -0.031
-0.367708 -2.33256 -1.70033 1.05683 -2.92359 -0.153821 -1.759 -2.992 -0.8 1.092 -1.791 0.295
-1.80173 -2.56515 -1.89208 -2.10248 0.203352 0.0477818 -3.127 -3.45 -2.968 -2.6 0.278 0.196
11.2973 2.78535 3.56023 3.08555 2.41661 4.95615 9.284 0.43 2.782 3.49 3.265 5.332
-2.77473 3.89953 -0.825459 -1.86558 -2.55873 -0.882172 -3.144 4.594 -1.661 -1.18 -3.205 0.01
9.11268 7.85317 10.6341 -1.23678 -3.05921 -3.52077 5.798 5.608 8.811 0.452 -2.74 -3.913
1.70433 0.364056 -3.51054 2.66818 -0.57187 -1.12675 0.298 -0.48 -5.161 3.066 -0.004 -0.476
14.035 8.46431 6.03216 4.79725 2.52426 4.24942 14.131 7.554 4.843 4.955 1.895 3.658
2.51253 1.75434 -0.724154 -0.717367 2.34641 -2.16175 -0.363 -0.763 -2.644 -0.514 2.952 -1.3
5.52417 11.7338 2.47484 0.510446 2.29429 -0.488403 4.293 10.129 2.437 -0.181 2.493 -0.485
-4.80623 -11.2675 -3.28833 2.67693 -2.70813 -3.40397 -7.406 -11.724 -5.711 2.383 -3.461 -3.146
9.39178 12.0047 11.6676 1.84634 -4.68402 1.89329 6.792 9.898 10.118 2.781 -4.497 2.358
7.94287 6.10477 9.33396 0.0651013 2.78703 3.59981 6.528 5.379 7.433 0.93 2.603 3.838
-2.04076 -2.82695 2.12258 -0.689697 1.00737 -3.04925 -3.602 -3.835 -0.116 -0.188 0.408 -3.889
7.41275 3.1334 10.3844 0.735772 -5.59058 -3.40576 4.821 1.81 9.118 1.26 -5.413 -2.639
-0.700021 -0.157464 5.15857 0.149743 -1.67836 -2.939 -1.337 -1.888 3.461 0.058 -0.928 -2.168
0.759706 3.96513 1.76568 -3.56117 -0.00180239 -3.08903 -0.007 3.886 1.336 -3.447 1.048 -2.999
7.01918 5.95981 5.71211 0.113374 -3.5222 1.86285 3.557 4.002 4.559 1.498 -5.368 1.577
2.87765 8.59576 1.97988 0.474741 1.91282 -1.81557 1.58 8.724 -0.042 0.304 3.004 -1.773
1.11132 1.61602 0.948755 -2.3647 -1.16328 -0.0779454 -0.384 0.733 0.939 -2.11 -0.665 -0.264
8.14274 12.4705 17.4685 1.04721 1.79733 2.52344 6.424 12.132 14.161 1.53 1.177 2.423
5.02149 5.1102 1.72001 -0.517433 0.00281402 1.20669 3.314 2.376 -1.503 -0.101 0.301 0.971
15.2342 16.5059 17.4255 1.58948 1.95691 3.27906 11.544 13.848 14.547 2.395 0.427 3.72
8.46219 11.6058 5.12023 2.70458 -0.963585 -3.34418 5.917 8.621 2.325 3.5 -1.008 -2.807
-2.13566 -0.117316 0.475283 -2.03068 -0.91542 -1.47712 -0.284 -0.285 -0.285 0.001 0 0
-5.13183 -2.28425 -3.96047 -1.22529 -3.49259 0.8513 -3.754 1.638 -2.937 0.379 -1.12 -0.394
-0.900086 0.473517 5.90056 0.581227 -5.73709 -0.904319 -3.793 3.532 8.045 3.473 -2.969 -0.056
5.30235 0.869297 8.19817 -0.29078 -2.36714 0.701122 1.128 -1.76 3.783 0.461 -0.993 0.384
-2.67433 -6.42674 3.91704 -2.01256 1.09282 3.45752 -5.337 -8.103 5.977 0.837 2.64 3.161
1.88628 -3.59449 -9.85945 -4.01219 -2.03394 4.37805 6.536 1.404 -10.389 -1.926 0.401 3.93
-3.42309 -4.49704 -5.89621 1.54438 -6.49119 0.30281 -1.694 0.878 -5.362 3.293 -5.214 -1.096
-1.6171 -9.86201 -7.19954 0.329957 0.264008 1.30817 -1.251 -7.01 -6.672 -0.059 2.073 3.272
1.35999 -5.14859 -9.34514 -2.90797 -2.16722 4.10615 6.156 -0.093 -9.622 -0.819 0.792 3.673
5.22775 2.92533 -0.939324 -2.23117 4.85482 -1.76253 3.165 3.198 -3.818 -0.373 5.152 -1.21
-2.26822 -4.55579 -4.8355 2.54865 -6.64986 0.587816 -2.214 -0.053 -5.532 4.211 -5.666 -0.368
-5.35643 0.148367 -2.65262 0.490833 -6.34699 1.02867 -6.863 4.669 -3.023 0.968 -5.781 -0.48
-3.01157 0.173538 0.982204 -2.62103 -0.284998 -0.732205 -0.612 2.627 1.245 -0.588 1.786 0.1
0.947065 0.895244 0.0792148 -5.2438 -2.73641 2.03281 -0.081 1.799 0.14 -3.463 -1.5 2.025
3.58298 0.354275 -1.29227 -2.7743 6.54876 0.703674 2.626 0.838 -2.499 -0.264 7.524 0.448
-3.38561 -2.39334 6.02828 2.56162 -5.26648 -5.4103 -3.316 -0.968 4.61 3.706 -2.723 -6.079
0.374395 3.85903 -2.35266 -2.23554 -2.70426 -2.06119 -2.807 3.035 -4.169 0.802 -6.451 -2.421
-0.732953 1.58707 0.467096 -1.44609 -0.614789 0.664568 1.954 3.928 0.212 1.371 1.364 2.218
8.95893 4.95956 12.6301 -3.82398 0.834753 -0.765483 4.774 0.553 7.615 -3.849 3.277 -0.931
3.03938 -7.51878 -4.12762 -0.958617 2.14584 0.33833 2.643 -6.634 -4.219 -1.777 4.497 2.469
-1.7488 2.59217 1.50706 -2.90785 -0.629352 -0.524047 -0.529 3.137 0.975 -1.524 1.551 1.268
-1.95829 4.64175 -0.553584 -2.58967 0.162337 -0.403535 1.185 4.175 -0.733 -0.534 0.781 1.94
-2.18002 -8.16845 0.929014 2.19165 -4.00542 -2.33536 0.648 -5.103 0.902 4.027 0.229 -2.465
-1.89372 -8.46312 -0.140177 1.97837 -3.73766 -1.56058 1.239 -5.13 -0.052 3.869 0.562 -1.727
3.48005 7.85251 -0.00513421 -2.73257 -3.90458 -2.38912 -1.023 6.789 -4.299 -0.32 -7.82 -2.06
-3.4523 2.65212 6.37926 2.03186 -5.8834 -4.34524 -5.213 4.525 4.263 2.552 -4.934 -6.068
5.3396 -5.17131 -1.43462 -1.83361 3.05648 -0.156561 4.354 -5.535 -2.237 -2.795 5.595 1.8
0.47967 -0.765903 1.89887 0.608788 -1.0267 1.00002 4.858 1.641 3.627 3.577 0.272 2.326
-3.38531 3.33913 6.03767 1.85264 -6.06281 -3.89705 -5.438 5.47 3.907 2.27 -5.329 -5.79
-1.4412 1.12731 2.31395 -2.67706 0.194749 -0.608356 1.66 1.991 1.404 -0.284 1.903 0.898
-2.76423 1.92938 1.88649 -1.01388 0.84392 -1.32156 1.854 2.219 1.086 1.245 1.716 0.853
-3.0747 -0.555298 -0.0303951 -2.58813 -1.48277 -0.0951859 -2.558 0.91 -0.41 -1.283 1.477 0.929
-2.52625 -0.358394 0.950993 -2.907 -1.09662 -0.572212 -2.078 0.445 0.154 -1.633 1.762 1.012
-0.192957 -1.76291 0.601799 1.93867 3.34519 0.202713 6.792 0.658 3.61 4.94 3.783 -1.255
-5.53469 13.1884 3.71159 -5.47365 0.661841 3.52307 7.113 14.361 3.786 0.376 -2.399 5.917
-20.8232 -38.9939 -33.6214 1.28585 -3.36986 -6.99627 -11.336 -26.232 -18.809 2.446 0.08 -5.25
13.2017 -10.6572 -17.3674 -4.92437 -1.72095 3.28373 8.925 -9.815 -19.999 -3.449 -0.483 0.331
-10.5338 -1.46414 9.72858 3.11931 12.4698 -1.35545 -9.209 -1.793 -1.376 10.423 5.2 3.644
-6.08876 36.0443 3.94377 -11.0956 -23.6195 15.2998 0.247 44.354 11.664 -16.583 -27.047 8.943
