0.00996017 0.00997734 0.102043 2.41012e-05 -7.89783e-09 -9.74259e-09 -0.00128679 -0.00128679 0.00521487 0 0 0
-0.0469229 -0.0469141 -0.0826256 5.34124e-07 -1.73062e-08 1.67164e-07 0.00265287 0.00265287 0.0225818 0 0 0
0.000112057 -0.0655308 0.0796854 0.0473747 0.0124419 -0.0154552 0.0147696 -0.045911 0.00550375 0.0505091 0.00752411 -0.00801179
-0.0544121 -0.0399232 -0.00798488 0.0104617 -0.00597935 0.0097436 -0.0101194 -0.00274202 0.0385841 0.00463532 -0.00163215 0.00274202
-0.333179 0.0714679 -0.0107981 -0.0122603 -0.00118377 0.00352461 -0.251271 0.136357 0.0213763 -0.00843103 -0.00139411 6.63861e-05
0.100618 -0.12625 0.135257 0.0913286 -0.00633558 0.0208453 0.0925349 -0.126015 0.0204182 0.0901287 0.0052936 -0.000137496
0.102064 -0.104055 0.149151 0.093854 -0.00813007 0.0247463 0.0916444 -0.108819 0.0212967 0.0916444 0.00597681 0.00254186
0.158422 -0.190316 0.0906927 0.0838342 0.0161229 -0.00467736 0.162149 -0.169387 0.00619368 0.0846237 0.0121786 -0.00222694
-0.0944643 -0.0684524 -0.0257544 0.0267345 -0.00886546 0.0113039 -0.0495597 -0.0318691 0.0292676 0.0184711 -0.00240644 -0.000390234
0.0104675 -0.00614524 0.0587731 0.0227345 -0.00727569 0.01047 0.0529221 0.000474942 0.0177764 -0.00474942 -0.000949884 0.00196762
-0.131953 0.0960495 0.121182 -0.0675706 -0.0202961 0.0249807 -0.13131 0.0952184 0.0293289 -0.0603318 -0.0058256 -0.000535687
-0.246099 0.124372 0.122874 -0.0514485 0.0025846 -0.0214143 -0.237443 0.102808 -0.0190124 -0.0635858 0.00183082 -0.0196461
-0.360244 0.118884 -0.00703949 -0.0415781 -0.00129639 0.00487426 -0.280127 0.177369 0.0189849 -0.0361111 -0.00126123 0.000531046
-0.0526597 -0.066227 0.0516551 0.0199675 -0.0141574 0.0145877 -0.0190975 -0.0226907 0.0270825 0.0218257 -0.00419213 -0.000266167
0.0197451 0.0176268 0.134983 -0.0268439 -0.00589857 0.00659914 0.0232219 0.00309168 0.0118858 -0.0429399 0.000206112 -0.00219852
-0.0442173 0.134561 0.14633 -0.0636403 -0.0178263 0.0296968 -0.0530904 0.114599 0.021725 -0.0683658 6.78906e-05 0.00264773
-0.135883 -0.0325665 0.054177 0.0056181 -0.00718075 0.0165342 -0.102959 0.00539785 0.0269893 0.00766361 0.00246568 0.00179928
-0.0803661 -0.0347085 0.0186175 0.0418297 0.00302484 -0.00421867 -0.0412521 -0.000931499 0.0394556 0.0349977 6.65356e-05 0.00226221
-0.0854311 -0.0739303 0.00749528 0.0119979 -0.00637787 0.00843422 -0.0478469 -0.0390815 0.0430358 0.00771086 -0.00316343 0.00164762
-0.0481985 -0.0500462 0.0560277 -0.00512422 0.00466119 -0.0213122 -0.021417 -0.022375 0.00595298 -0.00403708 -0.000684251 -0.00971636
0.0271978 -0.061727 0.0404972 -0.020379 0.0100566 -0.0285883 0.0540572 -0.0235886 -0.0112327 -0.016849 -0.000982858 -0.0107412
0.254145 -0.206576 0.0355302 0.0894662 0.0296017 -0.0175115 0.254226 -0.17016 -0.00818954 0.0899449 0.016799 0.00307983
-0.0660975 0.0533051 0.123117 -0.0351664 -0.0141073 0.00202155 -0.0614109 0.0374373 0.00934215 -0.0503514 -0.00700661 -0.0079683
0.0556417 -0.110133 0.114431 0.057476 -0.000607152 0.0191333 0.0496129 -0.108515 0.0129365 0.0575262 0.0086014 0.000275245
-0.0757885 -0.0210059 0.017395 0.0493901 0.00693527 -0.00425813 -0.0380717 0.0121137 0.0378054 0.0420652 0.00319482 0.00465912
0.170624 -0.0660388 0.139591 0.0327874 0.0056474 0.0133942 0.157204 -0.0812485 0.00274953 0.0150537 0.0101045 0.00570527
-0.271492 0.120001 0.155424 0.391536 -0.00494224 -0.00523865 -0.286423 0.0874938 0.00152352 0.369056 0.000798037 -0.00123333
-0.176326 -0.0291176 0.0500503 0.00710633 -0.00106332 0.0183245 -0.14745 0.00280222 0.0209499 0.00947417 0.00833994 0.00360285
-0.0970643 0.0588613 0.11498 -0.0275113 -0.0163046 0.000962935 -0.0929294 0.0418285 0.0051513 -0.0422406 -0.00879155 -0.00968444
-0.0542381 -0.0431075 0.0798364 0.00622902 0.0130653 -0.009592 -0.0339248 -0.0221842 0.00703069 0.00716721 0.00948802 0
-0.0502999 0.000900507 0.0601963 0.0373546 0.00208668 0.0112702 -0.0264566 0.0238179 -0.0204848 0.0372893 0.0148602 -0.0072912
-0.0282114 -0.290375 -0.029466 0.140662 0.0016538 0.00658304 0.0446087 -0.202532 0.0106875 0.13615 0.00557609 0.00272166
-0.0455403 0.0153461 0.11859 -3.82848e-05 -0.0251999 0.0237394 -0.0522645 0.0129991 0.0209728 0.00435537 -0.0103859 -0.0012061
-0.174724 0.157086 0.162518 0.328805 -0.0012377 -0.0100293 -0.191526 0.12088 0.00238865 0.304806 0.00318486 -0.00593543
-0.439884 -0.0402944 0.140407 0.410237 -0.0121798 0.00311557 -0.448485 -0.0483152 0.00233548 0.403162 -0.00328427 0.00656853
-0.117694 0.0561798 0.10587 -0.0125938 -0.0165783 0.00108353 -0.114339 0.0381131 0.000274689 -0.0271942 -0.00865269 -0.0100948
0.0489721 -0.0617275 0.156903 0.104383 -0.0167857 0.0232094 0.0310081 -0.0802241 0.00855633 0.0958993 -0.00287493 -0.00335408
-0.0837545 -0.0424445 0.00265247 0.0393246 0.00310019 0.0173375 -0.0453747 -0.0102586 0.0335378 0.0335378 0.00789126 0.0105217
0.0440176 -0.0211904 0.0643734 0.0117014 -0.00172128 0.0207347 0.0781107 -0.0204269 0.00061077 -0.0166944 0.00821147 0.00563266
-0.230332 0.205889 0.0963828 -0.0668136 -0.00664781 -0.0153144 -0.223806 0.183114 -0.0315012 -0.0767534 -0.00463046 -0.0161365
0.120725 -0.0777447 0.0903484 -0.241646 -0.0170177 -0.00664082 0.115397 -0.0612077 0.0119377 -0.221462 -0.00122994 -0.00340043
-0.313942 0.172755 0.0394639 -0.0477269 9.74983e-05 -0.0397753 -0.291999 0.182604 -0.0118057 -0.0410056 -0.00656648 -0.0239607
0.039156 -0.053288 0.0778701 0.0705799 -0.00825018 0.00426563 0.0405822 -0.0474839 -0.000897225 0.0720541 -0.00331283 -0.00282971
-0.608735 -0.116682 -0.0316256 0.351283 -0.00396118 0.0025162 -0.553289 -0.0747727 0.0342954 0.350313 -0.00183988 0.00353257
-0.00602841 0.0157056 0.154277 0.0665426 -0.0188517 0.0207342 -0.0242984 -0.00691306 0.00280629 0.0596166 -0.00472279 -0.00513346
-0.0593071 -0.0129275 0.0605368 0.0315776 0.00452197 0.0190661 -0.0394444 0.00653928 -0.0326964 0.0320007 0.0198265 -0.00375661
-0.196863 -0.250052 -0.0827605 0.0271898 -0.0170605 -0.00708367 -0.144337 -0.196839 -0.0208594 0.0263395 -0.00327034 0.00548002
-0.268453 0.0867698 0.0152503 -0.00797681 0.00353083 -0.00464779 -0.234559 0.0827897 -0.00979599 -0.0302723 0.00088436 0.00088436
0.0661743 -0.0780637 0.0396828 -0.0662204 -0.0278165 -0.00809717 0.137247 -0.00286272 -0.0256009 -0.0705866 -0.0407325 -0.0105512
-0.0768065 -0.071991 0.0142896 0.0070762 0.0142485 -0.00108999 -0.052689 -0.0463967 -0.0285571 0.007122 0.0139674 -0.00331899
0.0326831 -0.0325391 0.0694566 0.0558539 -0.0065833 0.00758774 0.0317299 -0.0286259 -0.0075186 0.0579415 -0.00172445 6.8978e-05
-0.0534523 -0.0310018 -0.0237576 0.0219856 -0.0195312 -0.00510059 -0.0139561 0.000456508 0.0173473 0.0153908 -0.0158473 -0.00886929
-0.0675914 -0.0693054 0.000961602 0.00295988 0.0050916 0.00989199 -0.0400785 -0.0447897 0.0194421 -0.000995327 0.00497664 0.010086
-0.34701 0.201018 0.132605 -0.0486812 -0.0144642 -0.0192282 -0.345697 0.163257 -0.0222402 -0.0628982 -0.0102861 -0.0240472
-0.0670257 -0.0271096 0.0589413 0.0259143 0.00414062 0.0213177 -0.0499305 -0.00988862 -0.0410169 0.026741 0.0205433 -0.00362118
0.0628812 -0.137576 0.0134237 0.0752573 0.0202219 -0.0305811 0.0785018 -0.114006 -0.0306724 0.0771713 0.00595241 -0.00861349
-0.858727 -0.403152 0.00999326 0.463291 -0.0110751 -0.0051048 -0.831686 -0.375363 0.0211295 0.463662 -0.00504142 0
0.010535 -0.271025 -0.00705439 -0.124838 0.0145721 -0.00579872 0.0567222 -0.237803 -0.0106066 -0.120669 0.0112215 -0.00722477
0.023072 0.150548 0.17555 0.126412 0.00505128 -0.0177793 0.00180487 0.119627 0.00151609 0.111108 0.00721947 -0.014078
0.148935 -0.163092 0.0108803 0.0521643 -0.0033941 0.0184039 0.175862 -0.116821 -0.00351591 0.0550605 0.00656745 0.0052407
-0.0745416 -0.042541 0.056564 0.0197601 0.00235919 0.022155 -0.0593921 -0.0266289 -0.0474022 0.0210521 0.019658 -0.00480992
-0.071043 -0.0653126 0.0070492 0.00862125 0.0195116 0.00170405 -0.0482948 -0.0411093 -0.033302 0.00801459 0.0178946 0.00117455
-0.317653 0.16528 0.128677 -0.0349363 -0.0155227 -0.0194877 -0.317623 0.1288 -0.0266075 -0.0507835 -0.0116017 -0.0244539
-0.10777 0.144861 0.0812169 -0.056999 -0.0210099 0.0326994 -0.112679 0.125912 -0.00913986 -0.0602958 -0.00204624 0.000477455
0.293231 -0.249677 0.0826377 0.134671 0.00824716 0.000406571 0.260175 -0.262686 -0.035564 0.115409 0.0105995 -0.00599707
0.0429201 -0.150959 0.00750154 0.161713 0.018822 -0.00589982 0.060848 -0.148657 -0.0193546 0.132833 0.0126993 0.00957542
-0.149042 0.128227 0.147909 -0.0722861 -0.00854571 0.026352 -0.164797 0.0943759 -0.00604006 -0.0720002 0.00960918 0.00377504
-0.0385919 0.125005 0.0993378 0.160738 0.00775275 0.0289107 0.0542645 0.185142 0.0838433 0.139422 0.00175282 0.0199384
-0.17187 0.158601 0.0948329 -0.0494544 -0.0171044 -0.00264384 -0.171635 0.150631 -0.0227368 -0.0481771 -0.0126855 -0.0104672
-0.0195727 -0.00825381 0.0468016 0.0212246 -0.0271001 0.00721151 -0.00566944 0.010149 -0.0579542 0.0210679 -0.00839916 -0.0279972
-0.280002 0.282524 0.0503201 -0.126708 0.00117073 0.0132263 -0.269728 0.24207 -0.0244036 -0.12778 0.00582975 0.00827011
-0.0680652 -0.0260489 0.0748619 0.0845592 0.0124979 0.0201168 -0.0685145 -0.0462918 -0.0114875 0.0673521 0.0224279 0.00663264
-0.725132 -0.307215 0.0553867 0.368132 -0.029536 -0.0106763 -0.667354 -0.245149 -0.040202 0.361399 -0.0357631 -0.0118931
-0.0826466 -0.0265822 -0.0107774 0.0467268 -0.00638665 0.00722238 -0.0530781 -0.00446145 0.00537999 0.0402843 -0.00262438 0.000590486
-0.0819509 -0.0652521 0.0509664 0.0103036 -0.00509869 0.0199998 -0.0689247 -0.0501398 -0.0582403 0.0122207 0.0134078 -0.0106145
-0.0995865 -0.0621016 -0.0459617 0.0258443 -0.00716363 0.00650039 -0.0664121 -0.0354546 -0.00580047 0.0203994 -0.00371491 0.0012383
-0.119556 0.136834 0.0910703 -0.0374077 -0.0188537 -0.00254127 -0.121847 0.128639 -0.0279319 -0.036457 -0.0151789 -0.0106737
-0.0388246 -0.010067 0.0529638 0.0296991 -0.0159542 -0.0201166 -0.0339305 -0.00346374 -0.0742229 0.0325167 -0.00855331 -0.033365
0.513224 0.09835 0.0313134 -0.349992 0.00631371 -0.00712873 0.52258 0.133333 -0.145852 -0.329259 0.0257089 0.0231044
-0.0985856 -0.0671806 -0.101538 0.0241867 -0.0183059 -0.0103686 -0.0605529 -0.0319621 -0.0156893 0.0203572 -0.0170508 -0.0145223
-0.105853 -0.0673797 -0.101018 0.0288504 -0.0158297 -0.00772232 -0.0684041 -0.0331322 -0.0178953 0.0251571 -0.0142644 -0.0121247
0.103189 -0.194654 -0.0536082 0.0735488 0.00403644 0.0137938 0.159558 -0.112167 -0.0192342 0.0709883 0.00720458 0.00641142
-0.0561113 -0.00477314 0.068069 0.0471129 -0.00277732 -0.0135102 -0.0537117 -0.000679036 -0.0205748 0.047193 -0.00495696 -0.010593
0.00410342 0.147364 0.0197606 -0.147891 0.00928115 0.00733202 0.0341632 0.183447 -0.00365219 -0.154305 0.007837 0.00532612
-0.0720737 -0.0640004 0.0465987 0.00933918 -0.0155679 0.0147843 -0.0604062 -0.0492199 -0.0650206 0.0107668 0.00370547 -0.018807
-0.0584943 -0.0354128 0.0688176 0.106747 0.0151015 0.0217732 -0.0604108 -0.0567163 -0.016967 0.0887347 0.0249716 0.00855192
-0.0608344 -0.05369 0.0454989 0.0119886 -0.0204724 0.012095 -0.0490979 -0.0385369 -0.0658135 0.012869 -0.0010491 -0.0225906
-0.136853 0.051203 0.0661021 0.0160326 -0.0278363 0.00731024 -0.115989 0.0383906 -0.0191273 -0.0115716 -0.0202844 -0.00912118
0.209904 -0.195629 0.12809 0.128387 -0.00175906 0.0373598 0.159245 -0.221276 -0.0122027 0.12257 0.0170838 0.00515226
-0.0589852 -0.0526619 -0.0220976 0.00767159 0.00129378 -0.0389106 -0.0353829 -0.030759 -0.00435585 0.00676832 -0.0149439 -0.0109901
-0.219841 0.233522 0.142124 -0.11268 -0.0154689 0.0195063 -0.240377 0.186282 -0.0174146 -0.109013 0.0017826 -0.00363376
-0.888253 -0.227114 0.0702567 0.519579 -0.0270821 -0.00963918 -0.841813 -0.185764 -0.0717686 0.509447 -0.0175378 -0.00204324
0.138428 -0.208272 0.23393 -0.0463429 0.0132872 0.0062547 0.219935 -0.139266 0.0389024 -0.0407183 0.0159241 -0.00831128
-0.232279 -0.140434 0.0372167 0.0421029 0.00597933 0.00674626 -0.172832 -0.0850048 -0.168043 0.0400224 0.0342072 0.0389962
-0.025049 -0.0124791 -0.00927407 0.0135044 0.0150841 0.0216242 -0.00714729 0.00225007 0.00516193 0.00847086 0.0156843 0.0211772
-0.606408 -0.369068 0.175921 0.275533 -0.0448419 -0.0117728 -0.49744 -0.281615 0.108475 0.258885 -0.0417096 -0.000450104
-0.0384319 -0.0162077 -0.0117761 0.0215693 0.0300417 0.00619755 -0.018926 0.00392285 -0.0428761 0.0192013 0.0248447 0.0111492
-0.982478 -0.167767 -0.0110153 0.693773 -0.000819109 0.00326254 -0.960909 -0.161451 0.0293951 0.686406 0.0031919 0.00230113
1.07547 0.177614 -0.0238264 -0.779846 0.000748023 -0.0204812 1.0273 0.18647 0.0412867 -0.716901 -0.00558122 -0.0187472
-0.619244 -0.155146 0.118995 0.417954 -0.00246763 0.00525144 -0.526791 -0.0992905 0.0587075 0.393222 -0.0363277 -0.00559494
0.47979 0.116269 0.18257 -0.349289 -0.0244744 -0.0197252 0.543283 0.189004 0.0803628 -0.338812 -0.0446544 -0.0168307
0.784072 0.142194 0.11293 -0.569514 -0.022007 0.00241738 0.811306 0.203134 0.0901692 -0.533127 -0.0264139 -0.00267758
-0.121113 -0.0919933 0.15178 0.00214173 -0.0205504 -0.00716052 -0.0156423 0.0116579 0.104847 0.00413192 -0.0173393 -0.00472219
-0.719758 -0.295651 0.0453406 0.321353 0.00957491 0.0096771 -0.676845 -0.25799 -0.188962 0.320081 0.0499504 0.0444003
1.15942 0.319592 0.0366402 -0.690859 -0.0115668 -0.0140043 1.10251 0.338786 0.00450135 -0.632479 -0.0405121 -0.0251917
1.21884 0.294127 0.0397269 -0.727158 0.00243142 -0.0257425 1.16254 0.299287 -0.117066 -0.67855 0.0203664 0.00115907
-0.412642 -0.359815 0.237033 0.0654923 -0.0573806 -0.051711 -0.313472 -0.270636 0.0989871 0.0564554 -0.0582814 -0.0386514
0.0623181 -0.00267935 0.139879 -0.0774543 -0.0131474 -0.0143484 0.163747 0.0804843 0.0698354 -0.0871978 -0.0421327 -0.0172852
-0.256829 0.397755 -0.0674385 -0.115436 -0.00782892 -0.00415131 -0.19023 0.425818 0.0223229 -0.122873 -0.00899388 -0.00446459
-0.0821905 0.0729263 -0.0171798 -0.170525 0.00381531 0.00226979 -0.0419733 0.0924601 0.0169609 -0.171919 0.00145191 0.00211187
0.195602 0.10304 -0.0469642 -0.0172355 0.0272007 0.0261221 0.247672 0.159294 -0.0127895 -0.0453376 0.0219795 0.0207542
0.211776 0.248749 0.204973 -0.016271 0.00270359 -0.0282032 0.30685 0.305076 0.117331 -0.0510554 0.00687142 -0.00362043
-0.312371 -0.325828 0.235415 0.0660754 -0.0476818 -0.0517212 -0.219315 -0.233351 0.0939811 0.0655274 -0.0504233 -0.0418033
0.317972 -0.303465 -0.0648735 -0.0875063 0.00442193 -0.0489388 0.356712 -0.207196 -0.0282284 -0.112819 -0.00780985 -0.0665248
-0.293751 -0.194234 0.13397 0.0526424 0.0240733 -0.0571446 -0.22892 -0.172716 0.00799934 0.0514045 0.0436138 -0.0236502
-1.11079 -1.33009 0.262078 0.0955335 -0.0817703 0.00812287 -1.06198 -1.27549 0.111696 0.086098 0.00506836 -0.0196319
0.0280752 0.428842 0.408241 0.133186 -0.0218341 -0.100084 -0.087403 0.0993142 -0.0362704 0.139233 -0.211345 -0.0868664
0.484188 0.186109 0.245408 0.0250702 0.167819 -0.00891649 0.31272 -0.167413 -0.185617 0.0105649 -0.0809432 -0.0573212
0.0433733 0.600746 0.00778604 -0.175792 0.0850531 0.0075799 0.0903755 0.609073 0.0115334 -0.17416 0.0903144 0.00988577
-0.0485983 0.20072 0.267512 0.0422342 -0.0679744 -0.0796187 0.0121954 0.264648 0.0847107 0.0444001 0.0116112 -0.0695942
0.238689 0.489292 0.456503 0.0418226 -0.108488 -0.0188356 0.0892693 0.140578 0.0200749 0.0495466 -0.273467 -0.0194342
0.291831 0.00720572 -0.0264068 0.125629 0.00613305 0.0696905 0.344096 0.0601552 0.00595021 0.137145 -0.0436832 0.0440461
0.225691 0.448553 0.42019 0.0576229 -0.0600185 -0.0324333 0.0757291 0.0632159 -0.0861297 0.0702038 -0.286611 -0.0332601
0.229241 0.120621 0.172481 0.0875796 0.199478 -0.0490786 0.0950222 -0.269156 -0.334407 0.0667484 -0.110933 -0.082493
-0.079972 0.300518 0.154851 0.304749 -0.0581624 0.038982 -0.0462013 0.401734 0.0470675 0.330195 -0.0215125 0.0475007
0.131953 -0.148099 0.244624 0.0871829 -0.0920355 0.0323216 0.171568 -0.128425 -0.029598 0.093524 -0.100906 0.0371946
-0.766789 0.912929 0.125278 -0.360198 0.0143881 -0.00924719 -0.592085 0.871304 0.496782 -0.275247 -0.00341984 -0.00100583
0.07927 0.131007 0.163267 0.0555752 0.185553 -0.018454 -0.0440699 -0.272229 -0.370745 0.0434005 -0.137286 -0.050541
0.0359125 0.143966 0.170336 0.0351273 0.173511 -0.00159676 -0.0851095 -0.261802 -0.36851 0.0268444 -0.148286 -0.0348809
-0.153112 0.350623 0.362048 -0.116669 -0.0126553 0.0770634 -0.267285 0.00339564 -0.0461915 -0.113673 -0.194252 0.0369208
-0.0364833 0.182272 0.199255 -0.0125481 0.140054 0.0345646 -0.153894 -0.224267 -0.340272 -0.0137625 -0.17256 -0.00200586
-0.137638 0.332029 0.337288 -0.117291 0.00939989 0.0889837 -0.256158 -0.0466534 -0.125735 -0.111674 -0.212938 0.0468714
-0.11658 0.29036 0.296471 -0.0977558 0.0487074 0.0859388 -0.235869 -0.106653 -0.208077 -0.0915739 -0.211765 0.0437507
-0.330963 0.0015099 0.0387231 0.140289 -0.0771327 0.0308702 -0.238183 0.0176597 -0.00445201 0.115678 -0.0661124 0.00630702
0.0378079 0.266329 0.249391 -0.11194 0.0426081 0.062077 -0.0623817 0.119143 0.161753 -0.107341 0.0154805 0.0499666
0.00440645 -0.393675 0.141242 -0.058879 0.0125549 -0.280874 -0.018875 -0.470151 0.0854991 -0.0148678 -0.0207849 -0.336004
-0.209914 0.0917678 -0.0355635 0.0470192 -0.142414 -0.0506664 -0.205922 0.0476867 -0.079192 0.0589839 -0.15309 -0.0621157
0.0512192 -0.125326 -0.0849934 0.417892 0.0161012 -0.0578453 0.094384 -0.0345274 -0.033635 0.400119 0.0195632 -0.0525118
0.013237 -0.424003 0.0786695 -0.114436 0.0193273 -0.273703 -0.00326551 -0.505591 0.0227084 -0.0778468 -0.0171909 -0.313789
-0.101896 -0.165029 -0.324125 0.127865 0.0583147 -0.175252 -0.162587 -0.203205 -0.371605 0.170552 0.0715729 -0.248882
-0.0920188 -0.247137 -0.277001 0.101257 0.068872 -0.214441 -0.156041 -0.292516 -0.322168 0.148864 0.0785306 -0.296142
0.103285 0.19255 -0.168662 0.0278152 -0.0637466 -0.254272 0.092607 0.144805 -0.224288 0.0763693 -0.0777039 -0.302993
0.200205 0.216618 0.235751 -0.0140397 0.103562 0.0508838 0.0616294 0.0307122 0.10516 -0.037839 0.0510673 0.023534
-0.0163929 0.105592 -0.440954 0.0789553 -0.0546993 -0.29657 -0.0398317 0.0460952 -0.480193 0.139261 -0.0646983 -0.377538
-0.0211968 0.123297 -0.35257 0.132011 -0.0439508 -0.273073 -0.0337902 0.0833167 -0.37685 0.192088 -0.0489658 -0.360964
-0.0535982 -0.332867 -0.0994315 0.0289588 0.0681315 -0.288006 -0.115044 -0.386042 -0.139605 0.0814049 0.0646041 -0.370598
0.0911945 -0.0416148 0.119751 -0.0222584 0.250662 0.0474773 0.0487079 -0.0373327 0.125127 -0.0436467 0.209715 0.0589306
-0.0707405 0.0718315 -0.0358038 -0.163109 -0.0846804 0.0962023 -0.0268 0.148941 -0.006298 -0.124419 -0.074772 0.100031
-0.11832 0.101529 -0.23712 0.181061 0.136551 0.25008 -0.146832 0.107096 -0.268881 0.138571 0.181971 0.280694
0.107617 -0.206757 0.0546913 0.134253 0.14004 0.0959703 0.0652715 -0.224695 -0.0193909 0.128638 0.133532 0.107976
0.346578 0.050034 -0.0852641 -0.35814 -0.0684199 -0.0239846 0.373959 0.084471 0.025335 -0.339211 -0.0720246 -0.0252086
-0.0139914 0.131713 0.0417552 0.248795 -0.00872739 -0.158937 0.00613212 0.159066 0.0501652 0.295487 0.00181009 -0.248092
0.188017 -0.0580672 0.104926 -0.0387561 0.263745 0.0689778 0.137767 -0.0473043 0.110393 -0.0615905 0.218838 0.0797229
0.0338516 -0.0894027 0.413334 0.211868 0.131801 0.241364 0.0111807 -0.0655345 0.351436 0.177711 0.153024 0.257267
-0.213717 -0.0599813 -0.255395 0.26315 0.057219 -0.0195223 -0.377629 -0.123131 -0.170358 0.342001 0.063209 -0.0151127
0.388959 -0.00583871 0.0910164 -0.0279989 0.212062 0.0394477 0.307259 -0.0256175 0.0597574 -0.0568497 0.159169 0.0485278
-0.213864 -0.220152 -0.212224 0.131709 -0.0128448 0.0444853 -0.304943 -0.386924 -0.151882 0.168902 -0.0143221 0.0536413
-0.300245 -0.170696 -0.108818 0.0791328 -0.0500165 -0.0293715 -0.420191 -0.296102 -0.0233566 0.0632558 -0.0696911 -0.0150663
0.346266 -0.0376255 0.0900132 -0.0477587 0.241055 0.0690292 0.274218 -0.0404231 0.0757496 -0.0741007 0.190773 0.0779481
-0.0809691 -0.225902 0.215477 -0.110628 0.104503 0.287013 -0.124163 -0.221507 0.198928 -0.179995 0.136735 0.349203
-0.00525188 0.127909 -0.221045 0.00717178 -0.00417946 -0.0508374 -0.0358194 0.064445 -0.111931 0.014201 -0.0092437 -0.0536358
-0.16787 0.173253 0.223502 0.086601 0.1337 -0.0306532 -0.258578 0.0390019 0.177332 0.0556157 0.111383 -0.0424462
-0.239798 0.106882 -0.147891 0.147726 -0.0191386 -0.0460624 -0.340226 0.0492462 -0.0531439 0.11041 -0.0351919 -0.0299075
-0.27755 0.194271 0.235951 0.0926504 0.117465 -0.0652946 -0.351259 0.0818089 0.215651 0.0656591 0.105176 -0.0688891
-0.276796 -0.272152 -0.582726 -0.00402303 -0.00133894 -0.0306898 -0.360497 -0.320745 -0.6368 -0.0122255 -0.025412 -0.0564755
-0.282026 0.185092 0.233709 0.103477 0.125811 -0.0666332 -0.356869 0.070859 0.21187 0.0744927 0.111941 -0.0711113
0.0581229 -0.102055 -0.131623 0.0724163 -0.0534153 0.0335629 0.027975 -0.226983 -0.0534408 0.114222 -0.0547141 0.0358394
0.0613601 -0.275992 -0.172221 -0.282387 -0.000971777 -0.184455 0.0773383 -0.319495 -0.203957 -0.289934 -0.0416552 -0.153324
-0.119578 0.478842 0.118375 0.12595 -0.0913815 0.173843 -0.096896 0.49485 0.140141 0.0878132 -0.061631 0.192211
-0.43538 -0.0578732 -0.311211 0.232926 0.0377314 0.063414 -0.575862 -0.179193 -0.229667 0.248637 0.0591976 0.0540549
-0.214428 -0.126919 -0.0961576 0.292451 0.0168629 -0.0075399 -0.306295 -0.277031 -0.0253324 0.358473 0.0197744 -0.0106245
0.0172977 -0.0628386 -0.0130632 -0.278513 -0.162231 -0.163734 0.00671496 -0.105537 -0.0517052 -0.283595 -0.177909 -0.161756
0.231368 -0.435073 -0.0203805 0.090108 -0.134937 -0.0632758 0.304059 -0.456335 -0.0917277 0.0886838 -0.125128 -0.062852
0.251914 0.129249 -0.0273144 -0.108016 0.00667504 0.0913816 0.304875 0.0712966 0.106927 -0.1859 0.0303038 0.0705987
0.0673766 0.0277243 0.252913 -0.188756 -0.120349 -0.251767 0.102761 0.0184962 0.283928 -0.185883 -0.152022 -0.260384
0.036423 0.204132 -0.0472515 -0.184381 -0.138815 -0.0672399 0.0899734 0.185081 -0.0226411 -0.208941 -0.167647 -0.0248572
0.0337541 -0.0463586 -0.087949 0.0221152 -0.0357322 -0.0113785 -0.00555573 -0.0476898 -0.105037 0.0134605 -0.0123419 -0.0447441
0.375743 0.105098 0.0567274 -0.286899 -0.0151559 -0.0110915 0.373613 0.141018 0.194736 -0.290953 -0.00745472 -0.0275898
-0.189819 0.187768 -0.0572867 0.179171 0.0381619 0.0279137 -0.199582 0.0774867 0.042741 0.206606 0.0582084 0.0275351
-0.17846 -0.0726504 -0.0604927 0.0829581 0.301684 -0.0229873 -0.181902 -0.063148 -0.0589247 0.0543998 0.228157 0.00573159
0.419855 0.135449 0.0486133 -0.253731 -0.0313612 -0.010375 0.437969 0.17521 0.188738 -0.250982 -0.0180861 -0.0301193
0.217826 0.0924621 -0.0178146 -0.0775334 0.00536583 0.105227 0.258266 0.0362118 0.110181 -0.161334 0.0368006 0.0745579
-0.338159 -0.710647 -0.0751875 0.153454 0.057956 -0.0559666 -0.29144 -0.724667 -0.08663 0.122688 0.0507252 -0.0236055
0.052958 0.0444 0.0625958 0.0550028 -0.0140974 0.0271689 0.00988947 0.0259506 0.132801 0.0510089 -0.0242775 0.0172136
0.309936 0.0824103 -0.0585856 -0.00648314 -0.085101 0.0233843 0.34442 0.0400694 0.0532172 0.0303099 -0.0675435 0.00832324
0.21653 0.204425 -0.15702 -0.143209 -0.0188912 -0.0129228 0.294677 0.123985 -0.0234456 -0.168809 -0.0444175 0.00395068
-0.105546 0.205785 -0.195358 0.195613 0.0143145 0.0316784 -0.18481 0.196144 -0.0929082 0.131235 0.0367979 0.00872413
0.173226 0.167802 -0.182375 -0.123848 -0.024702 -0.0181482 0.240166 0.0801295 -0.0546792 -0.141884 -0.0502708 -0.00400092
0.114689 0.354599 0.139323 -0.120185 -0.205386 -0.313031 0.161013 0.312544 0.0387739 -0.0745341 -0.242824 -0.313095
-0.0924281 -0.0207465 -0.0870103 -0.0142137 0.0150279 0.0773423 -0.0010129 -0.0110856 0.00692146 0.00202579 0.00146307 0.00675265
0.040014 -0.0790639 0.179799 -0.0720771 0.0570699 -0.313572 0.0141776 -0.0824305 0.204202 -0.052999 0.0534443 -0.355962
-0.157537 -0.0874769 -0.0758753 0.0431728 0.315514 0.00943975 -0.15389 -0.063384 -0.0545932 0.0137857 0.239601 0.0374111
0.360237 -0.131726 -0.209767 -0.14944 0.0710939 -0.0217373 0.385604 -0.228348 -0.0996765 -0.116463 0.0668108 -0.014181
0.0829742 0.162621 -0.206635 -0.374133 -0.064233 -0.0450012 0.129618 0.140571 -0.198938 -0.403185 -0.0950875 0.0432925
-0.193095 0.00905561 0.211646 -0.210354 -0.179376 -0.104419 -0.163838 0.0663888 0.0528871 -0.250724 -0.0942315 -0.0928323
0.277984 0.0224411 -0.12975 -0.419529 -0.045167 -0.0162421 0.216689 0.0459632 -0.0031431 -0.465437 -0.0336866 -0.037939
0.069979 -0.100743 0.122392 -0.0800484 0.084377 -0.308539 0.0265104 -0.106897 0.150808 -0.0657369 0.0845507 -0.350473
0.0952592 -0.11704 -0.042654 -0.0787328 0.108236 -0.251861 0.0231841 -0.135558 -0.013216 -0.0777655 0.117824 -0.290678
-0.0930953 0.0413427 0.101466 0.0275018 -0.029047 -0.0698835 -0.0205605 0.0405662 0.0674871 0.00665627 -0.0384584 -0.0322089
0.351308 -0.00298166 -0.0629311 -0.234 -0.00458299 -0.102503 0.352964 -0.039485 0.0541856 -0.346094 -0.0426245 -0.0694773
0.327448 0.375374 -0.0557003 -0.0739808 -0.0176752 -0.0390311 0.343315 0.449237 0.0809196 -0.144684 -0.0595308 0.00474495
0.724461 -0.275711 -0.314085 -1.02547 0.602109 1.22593 0.429199 -0.343838 -0.332876 -0.881761 0.62935 1.08505
0.03122 -0.0274317 -0.00638914 0.0721632 -0.00186368 0.115937 0.0170279 -0.076477 0.106629 -0.0262483 0.0427929 0.0630182
-0.114271 0.0229633 -0.134471 0.130031 0.0850211 -0.0319479 -0.258591 0.0448224 -0.0288947 0.165498 0.0781394 0.010531
-0.0841925 -0.11745 -0.107031 -0.0289962 -0.027592 0.0282449 0.0158373 -0.113567 -0.0410869 0.0158373 -0.0321819 -0.05095
-0.0612943 0.0486782 -0.119853 0.00744158 -0.0115708 -0.0243186 -0.176454 0.0390629 -0.0164377 0.0766722 -0.0308254 0.009803
0.100331 -0.0587872 -0.180381 -0.0658591 -0.0246928 0.022969 0.247792 -0.0349169 -0.0971038 -0.0657855 -0.0336237 -0.0232779
0.0173893 -0.0605347 -0.0913198 -0.0606428 -0.0393124 0.0763325 0.0942557 -0.0326378 -0.00962252 -0.0275733 -0.0537398 -0.0306683
-0.0907146 0.1497 -0.142219 -0.0063003 0.0696518 0.0964372 0.0825511 0.196727 -0.0484502 0.00337632 0.0429918 0.0294866
-0.0454507 0.0577581 -0.12083 0.00859545 -0.0025133 -0.0271585 -0.152133 0.0508476 -0.0210468 0.0809091 -0.0292793 0.0170982
0.0345407 0.0729153 -0.0924865 -0.0763096 -0.000382293 0.0614386 0.0799063 0.0625745 -0.0209895 -0.0335381 -0.0128863 -0.00821572
0.231196 -0.168784 -0.0829412 -0.0214066 -0.0837193 0.0359808 0.281556 -0.157436 0.0126756 0.010993 -0.0862616 -0.0398778
0.0542397 0.0249606 -0.0904396 -0.0747122 0.00102933 0.00695685 0.0754608 0.00984761 0.00827199 -0.0666261 -0.0122673 -0.061224
0.236102 -0.0405787 -0.034319 0.00704746 -0.0994444 0.018556 0.27887 -0.0281158 0.0646551 0.0283947 -0.0963969 -0.0627026
0.156571 -0.192665 -0.201093 -0.0658586 -0.0464744 0.186066 0.229254 -0.175968 -0.100263 -0.0404432 -0.056384 0.13237
-0.227209 -0.0625682 -0.14018 -0.227314 -0.0298467 0.1571 -0.188909 -0.102518 -0.0396624 -0.180418 -0.0267266 0.145828
-0.0154698 0.142327 -0.0865369 0.449832 0.00894049 -0.162735 -0.0320366 0.166564 -0.0502587 0.45292 0.00822295 -0.165775
0.255901 0.120391 0.0309887 0.0358145 -0.0953842 -0.00753757 0.297565 0.135212 0.121641 0.0492988 -0.089901 -0.0920059
-0.311712 0.10356 -0.0180292 0.0176577 0.0215545 0.0201036 -0.216122 0.120743 0.0738404 0.0678792 0.0224389 -0.0288501
-0.00116527 0.207575 -0.0749509 -0.049995 -0.0125909 0.116519 0.0237695 0.163808 -0.0506783 -0.0239377 -0.0222559 0.0281422
-0.00428152 0.0603907 -0.127296 0.00202537 0.0147086 -0.0288334 -0.0915857 0.0570503 -0.0311116 0.0772207 -0.0233337 0.0286182
-0.0877955 0.021875 -0.37592 0.0060337 -0.00925542 0.165292 -0.054733 -0.00520994 -0.269199 0.0360116 0.0128817 0.111985
0.0965612 0.0786246 -0.413811 0.196727 0.0799222 0.164302 0.150553 0.036368 -0.346095 0.212841 0.0910627 0.0908914
-0.209978 -0.173541 -0.0856399 -0.0708168 -0.0435554 0.109305 -0.153124 -0.182818 -0.0627371 -0.0415598 -0.0497355 0.0489974
0.255789 -0.00122559 0.11093 0.0853418 -0.0327822 -0.061043 0.316017 0.0126075 0.159197 0.0984822 -0.0319058 -0.137189
-0.892206 -0.471307 -0.16227 -0.0541657 -0.115184 -0.120098 -0.919354 -0.448137 -0.189362 -0.0895759 -0.143974 -0.0925789
-0.0300866 0.0956261 -0.423189 0.1263 0.0241526 0.157419 0.0111576 0.0621395 -0.32998 0.145908 0.0438295 0.0915498
0.182485 0.358152 -0.0361303 -0.0301502 -0.0363864 -0.0867607 0.202822 0.38228 0.0286488 0.000667544 -0.0593002 -0.1858
0.0122169 0.0315031 -0.0387229 0.150226 0.0734041 -0.133862 0.0954746 0.0329223 0.0124435 0.135707 0.0311367 -0.192288
-0.352404 -0.159996 -0.0628599 -0.0416612 -0.0376498 0.0540686 -0.249175 -0.136498 0.00352473 -0.00420693 -0.0457646 0.0119386
-0.106492 -0.0341494 -0.0788891 -0.00550927 -0.0714725 0.00990005 -0.0580349 -0.0536009 0.0241906 -0.00836287 -0.114274 -0.0556776
-0.262433 0.134338 -0.0212556 0.0171189 0.0434107 0.0231854 -0.17753 0.134312 0.0674087 0.0732459 0.0504583 -0.02913
0.032117 0.0321169 -0.0792353 -2.08616e-07 3.92288e-07 -2.48163e-07 -0.000116425 -0.000116425 -0.00100902 0 0 0
0.00255895 0.065017 -0.253647 -0.00873404 0.031882 -0.0320669 -0.0546192 -0.0494408 -0.168205 -0.0509527 0.0477399 -0.0431662
-0.0150579 0.191845 -0.0567104 0.0377627 0.00487357 -0.0690122 0.0358519 0.170631 0.0275013 0.0369653 -0.0413076 -0.129935
0.144604 0.232632 -0.112271 0.11252 -0.00744824 0.21089 0.189228 0.219881 -0.0323864 0.136817 -0.0219265 0.148563
0.101499 -0.0330224 -0.181625 0.0167438 0.0206814 -0.0272252 0.133863 0.0198869 -0.0381663 0.0371197 0.0286715 -0.0163356
0.0378211 -0.143289 -0.0203172 0.0936868 0.0171689 0.197732 0.171799 -0.120591 0.0777117 0.0898665 0.00973506 0.111756
-0.0862658 -0.0925708 -0.155104 -0.200578 -0.0750997 0.000996403 0.0414509 -0.0625449 -0.0952632 -0.152761 -0.0544928 -0.0239859
1.30965 0.997478 -0.0317528 -0.0054006 -0.00503723 -0.229403 1.14824 0.933958 -0.0611787 0.0228875 -0.0361709 -0.186218
0.0651911 0.0688713 -0.0985255 0.021165 -0.043048 -0.00730132 0.0195263 0.024961 -0.0172359 0.0159937 -0.0361799 -0.00302793
0.00691617 0.0776923 0.00455701 -0.172131 0.142619 0.154713 0.0382006 0.0538538 0.0694505 -0.129464 0.120479 0.151277
0.0473469 0.209899 -0.0550949 0.107322 0.282248 0.0215224 0.126439 0.224039 -0.0860052 0.0747776 0.255961 0.0300138
0.158582 -0.0314987 -0.0177967 -0.269879 0.229097 0.228189 0.162803 0.0260447 0.0709741 -0.276256 0.176354 0.234594
-0.0402002 -0.104181 -0.681557 -0.199615 0.0102588 -0.204584 -0.0892979 -0.207301 -0.636506 -0.141114 0.00463736 -0.169053
-0.161193 0.0783074 -0.0751484 -0.045502 0.0620098 0.0276643 -0.0892489 0.064944 -0.00409759 0.0207125 0.0804924 -0.0253714
-0.265812 -0.301332 0.15988 -0.469761 -0.266624 -0.599411 -0.13156 -0.132518 0.362892 -0.505177 -0.259387 -0.624672
-0.32794 -0.239745 -0.409595 0.0925912 0.00442019 0.00635403 -0.278645 -0.169317 -0.353191 0.0473858 -0.00593759 -0.0272746
-0.00909495 1.2067 0.0613811 0.0694528 -0.301731 -0.0338132 -0.0215385 1.05878 -0.0448049 0.0722063 -0.338999 -0.0457924
0.178567 0.0807052 -0.245024 0.0381213 -0.227642 -0.147633 0.125542 0.0113526 -0.199002 0.0166192 -0.260485 -0.197597
-0.00802541 0.0702236 0.10934 0.0796371 0.0658633 0.0612548 -0.0710581 -0.000155234 0.0863098 0.0717567 0.0462208 0.0443192
0.278834 0.436919 -0.113424 0.0110548 0.074268 0.047963 0.395354 0.451449 -0.0810005 0.0529532 0.0512704 -0.0232792
-0.207503 -0.176018 -0.217224 0.0362067 0.194823 0.172854 -0.203873 -0.172608 -0.146758 0.0302766 0.212489 0.21245
-0.112357 -0.139792 -0.289021 -0.0508531 0.255988 0.210205 -0.0986665 -0.125321 -0.243319 -0.057247 0.30915 0.247139
-0.211377 -0.185699 -0.24315 0.0349586 0.185567 0.162556 -0.211579 -0.184429 -0.180629 0.0286142 0.199666 0.192226
-0.0107253 -0.105651 -0.179153 -0.0856265 0.0398922 0.056396 -0.0321725 -0.123746 -0.0758015 -0.0866303 0.0459439 0.073879
-0.205062 -0.195349 -0.292265 0.0273129 0.143107 0.12294 -0.218726 -0.202395 -0.245799 0.0213256 0.146901 0.129539
0.107404 0.0159978 -0.199047 0.0222462 -0.198629 -0.13779 0.0598758 -0.0399692 -0.154686 0.0028884 -0.223773 -0.203749
0.0550569 0.335716 -0.167457 -0.0426103 0.0199519 4.26136e-05 -0.00760644 0.256679 -0.0609292 -0.0218879 0.0117201 0.006481
0.56779 0.342726 0.144393 -0.00232531 0.165836 -0.011526 0.790772 0.506236 0.39059 -0.000144784 0.111483 -0.0215366
0.016336 0.0108969 -0.12721 -0.0227686 -0.160411 -0.17174 -0.0405249 -0.0246114 -0.0958713 -0.0262886 -0.217641 -0.255943
0.135257 0.0338886 -0.0567667 -0.00925066 -0.0172563 -0.0405154 0.133384 0.036868 0.0723388 -0.00838261 -0.0185892 -0.0361306
-1.31653 0.0409365 0.0636919 -0.0284668 -0.0179769 -0.006195 -1.26317 -0.0173473 0.00663623 -0.0175802 -0.00908116 0.000970209
-0.13753 -0.099121 -0.376421 -0.00821351 -0.102136 -0.101926 -0.160515 -0.111171 -0.352397 -0.0115359 -0.163557 -0.180584
-0.0929046 -0.464318 -0.237461 -0.0826409 -0.107716 -0.111818 -0.189763 -0.578413 -0.368942 -0.0756268 -0.0973538 -0.110167
0.0366851 0.0781381 -0.0912555 -0.0496039 -0.0750628 0.00301215 0.0670997 0.10715 0.0756763 -0.0311631 -0.0636846 0.00830499
0.344738 0.0141085 0.434285 0.541493 -1.26629 -0.277248 0.256388 -0.104255 0.297672 0.535099 -1.15923 -0.230388
-0.12191 -0.0760053 -0.18454 -0.0208885 0.10679 0.0747383 -0.165541 -0.0843206 -0.145648 -0.0212273 0.118849 0.0610137
-0.0931213 -0.0458786 -0.202031 -0.0120575 0.0808406 0.0773758 -0.143275 -0.0651251 -0.163715 -0.0134566 0.0958438 0.066459
0.0324292 0.077427 0.0732117 0.0236079 0.0825998 0.0298743 0.00494215 0.091314 0.1734 0.0201547 0.147917 0.0235911
0.11632 0.142169 0.0650293 -0.00776489 -0.209166 -0.22795 0.0721432 0.119029 0.103967 -0.0203917 -0.278647 -0.316611
0.666538 -0.298617 0.587701 -0.308395 0.24161 -0.183793 0.756817 -0.163607 0.57044 -0.289021 0.177673 -0.141609
0.0547183 -0.0181048 0.0418385 0.0125446 0.0582997 -0.0262014 0.0170526 -0.03831 0.0682884 0.0279928 0.0507686 -0.0201283
-0.187704 -0.160479 -0.0335419 -0.0372643 0.175894 0.0485035 -0.201133 -0.125654 0.0209163 -0.0349779 0.177436 0.0232664
0.16371 0.168233 -0.0802916 -0.0152145 0.0131647 0.0196013 0.104875 0.129825 0.00472654 -0.012475 0.0652805 0.0299089
0.00764799 0.0441318 -0.200985 0.0207797 -0.00139647 0.0683126 -0.0571701 0.00254524 -0.151383 0.01441 0.022359 0.0659414
0.0723591 0.0631152 -0.0996619 0.0437687 0.0752378 0.0561435 0.062068 0.0900025 -0.0513747 0.0338623 0.112397 0.0406038
-0.294395 -0.0691999 0.0779725 0.0853939 -0.0207242 0.119735 -0.190442 -0.0329621 0.121535 0.070727 -0.0714347 0.1092
-0.0652874 -0.0387965 0.00273323 0.0633215 0.0615592 -0.007722 0.0152846 0.0122075 0.0342011 0.0432811 0.0197237 -0.0223972
0.168351 0.207843 0.166331 0.0100878 -0.22025 -0.23998 0.137171 0.199955 0.212058 -0.00741569 -0.28852 -0.322717
0.0967077 0.0744404 -0.032784 0.0117616 -0.0856416 -0.0210401 0.0528433 0.0726934 0.0697081 0.0204705 -0.0693204 0.0235333
-0.152647 -0.113579 -0.150171 0.0425117 0.0646364 -0.00407537 -0.142927 -0.0562296 -0.0761099 0.0318399 0.0497988 -0.0766196
-0.0804194 -0.133789 0.0398808 -0.00946158 0.00624018 -0.0418806 -0.0923084 -0.11322 0.105417 -0.0169323 -0.000585218 -0.0997992
-0.573013 0.0379256 -0.286368 -0.0333615 0.0258414 -0.16377 -0.447327 0.0259453 -0.243173 -0.0229946 -0.0156689 -0.172154
-0.107286 -0.150419 0.0729885 -0.0131941 0.0464451 -0.0251786 -0.1135 -0.11744 0.141319 -0.0190012 0.0410456 -0.079165
-0.170028 -0.178585 0.0986407 -0.0254385 0.142653 0.0148699 -0.165872 -0.125097 0.168918 -0.0266363 0.140017 -0.0269097
-0.217066 0.163946 0.0883876 -0.136789 -0.0540794 0.427161 -0.143076 0.202126 0.107496 -0.136342 -0.0613615 0.376612
-0.0660446 -0.000512242 -0.116125 0.0887249 0.10924 0.0751773 -0.0853886 0.0337492 -0.0858574 0.0873027 0.126677 0.116989
-0.0855454 -0.017158 0.211001 -0.0333616 0.265601 -0.0343106 -0.0502709 0.0209252 0.206025 -0.0520357 0.240211 -0.0197655
0.486064 -0.107865 0.111353 0.116707 0.276311 0.202187 0.483033 -0.0107813 0.102967 0.0995047 0.261719 0.160582
0.187952 0.272748 -0.610782 -0.673815 0.106325 0.187906 0.194156 0.216865 -0.469037 -0.69902 0.107768 0.161103
0.558279 -0.0984349 0.0459021 0.0152655 0.0148012 -0.00256914 0.546021 -0.014369 0.0695498 0.0188094 -0.0205057 -0.0210046
-0.487857 -0.0121502 -0.213064 -0.110867 -0.0372711 -0.0436808 -0.421549 -0.0649917 -0.19041 -0.0706856 -0.058272 -0.0629912
-0.32381 -0.0770187 -0.260437 0.0271374 -0.111106 0.0494295 -0.259449 -0.0327215 -0.216982 0.058929 -0.113667 0.0077764
-0.241932 -0.105239 0.285428 0.0778458 0.0748479 0.00369428 -0.176478 -0.0508256 0.350333 0.0516323 0.0178494 -0.0138661
0.639887 -0.215598 0.0910641 0.200651 0.217934 0.147931 0.621956 -0.103898 0.0926003 0.178343 0.193883 0.10967
0.441739 -0.0936718 0.119125 0.053805 0.0379739 -0.122708 0.45772 -0.000898959 0.141286 0.0409526 -0.0160814 -0.119512
-0.0508729 -0.203183 0.167904 0.0123021 0.0683654 -0.00445203 0.0121517 -0.199319 0.165385 0.00680699 0.0345392 -0.0590948
-0.767585 0.0249722 -0.0938877 0.0845069 0.109047 -0.343917 -0.611457 0.0477929 -0.050319 0.075529 0.058857 -0.312271
0.177835 0.126642 -0.36551 -0.214549 -0.0195463 0.388504 0.246971 0.13634 -0.331039 -0.177996 -0.0323492 0.356747
-0.760049 0.0249209 -0.0534824 0.0870959 0.139574 -0.352652 -0.618873 0.0430573 -0.0211749 0.079747 0.0862157 -0.312115
0.433238 -0.102312 0.245623 -0.485966 0.0126987 -0.0469708 0.513331 -0.0733724 0.243987 -0.415593 0.00242553 -0.130207
0.0892539 -0.0327769 -0.129363 0.0310865 -0.0307923 0.286798 0.167476 -0.00669098 -0.109521 0.0240473 -0.0545843 0.273626
0.278579 -0.275674 0.0628059 0.176036 -0.0101 0.230488 0.266269 -0.220674 0.0727581 0.117485 -0.0352813 0.158689
0.137429 0.0367208 0.0118716 -0.0210623 0.0924721 0.0189583 0.188176 0.102155 -0.00423546 -0.010992 0.0685237 -0.00594982
0.103631 -0.0913236 0.228091 -0.0761756 0.0384135 0.152854 0.0937852 -0.075835 0.243539 -0.0423042 0.0243539 0.0760366
-0.223554 -0.205541 0.198975 0.171067 0.105207 -0.198942 -0.149402 -0.191388 0.165216 0.142076 0.0767471 -0.164458
-0.724849 -0.27394 -0.285569 0.132849 -0.205976 0.035762 -0.699396 -0.310226 -0.268324 0.112867 -0.200424 -0.0290622
-0.187135 -0.21699 0.236322 0.192741 0.083718 -0.136146 -0.108504 -0.198932 0.201305 0.160357 0.0571551 -0.108352
-0.79868 -0.238473 -0.152773 0.0976767 -0.0317089 -0.446913 -0.783482 -0.278873 -0.153921 0.0694411 -0.0558273 -0.443663
-0.149708 -0.21987 0.262142 0.208053 0.0642212 -0.0705342 -0.0680631 -0.197681 0.22982 0.173412 0.039405 -0.0494959
0.225755 0.153368 -0.242176 -0.2775 0.0714239 0.391172 0.282641 0.165431 -0.234118 -0.222351 0.058278 0.356406
-0.165361 -0.0965556 -0.020255 0.055395 0.0489129 -0.444555 -0.10833 -0.0292619 0.00443517 0.0142741 -0.0330853 -0.370617
-0.0729053 -0.199104 0.256162 0.209983 0.0300689 0.060877 0.0106821 -0.169856 0.233545 0.175801 0.00796119 0.066864
-0.688475 -0.197273 -0.093217 0.0541551 0.0161832 -0.580632 -0.642178 -0.202385 -0.0861682 0.0174326 -0.0237146 -0.539834
0.685191 0.0599723 0.223125 -0.505022 0.0303056 0.284301 0.661929 0.125752 0.301804 -0.48565 0.0298178 0.247198
0.128863 0.0275929 0.0691162 -0.0546683 0.13944 0.18465 0.243558 0.0445916 0.011034 -0.0847291 0.0887782 0.139292
-0.591736 -0.196181 -0.189199 0.0387142 -0.245436 0.22403 -0.546835 -0.209752 -0.178536 0.0317933 -0.230423 0.14265
-0.262632 -0.0542181 -0.129996 -0.059966 0.0325686 -0.0617611 -0.251242 -0.0638568 -0.13474 -0.0889656 -0.0134327 -0.0591554
0.0319581 0.0370606 -0.0505947 -0.161849 -0.0574939 0.111887 0.00801183 0.0600635 -0.0638931 -0.120832 -0.058955 0.0961419
0.156419 0.0348247 0.0630252 -0.167058 -0.0369527 0.231266 0.146241 0.0838609 0.0539788 -0.143474 -0.0397421 0.217676
0.74655 0.563022 0.434624 -0.557158 0.16865 0.334598 0.777261 0.414746 0.317326 -0.580213 0.113657 0.346804
-1.01233 0.504471 0.409469 -0.109018 0.00416233 0.0653953 -0.895113 0.632371 0.280907 -0.0439282 0.0428375 0.0426119
0.270151 0.0342633 -0.0780641 0.0591539 0.117195 0.186072 0.226596 0.0528767 0.0271109 0.0661589 0.112941 0.20806
0.448836 0.0931271 -0.0617619 0.0478805 0.0882254 0.193413 0.411985 0.102338 0.0393898 0.052297 0.0875933 0.21679
0.472891 -0.0896393 0.15762 -0.298972 0.101809 0.072084 0.501882 0.0140346 0.241637 -0.309075 0.0809343 0.0426418
-0.418559 -0.0942229 0.00279415 0.0562777 -0.024092 -0.0574988 -0.275931 -0.0193253 -0.0307379 0.00897791 -0.020847 -0.084859
0.0172215 0.079504 0.146549 -0.0912355 0.00149707 -0.00106412 0.0045573 0.00160121 0.000328454 0.00431096 0.00156016 -0.00110853
-0.15221 -0.0354562 -0.000452995 0.266272 0.118933 0.0797091 -0.216769 -0.0763363 0.0690534 0.181766 -0.0300846 0.116602
0.357249 0.0479941 -0.0100166 -0.0246966 -0.0114163 0.00153204 0.160183 0.0255077 0.0691326 -0.0118248 -0.0348408 -0.00777055
0.535949 0.0799208 -0.0898758 -0.0925676 0.126488 -0.198266 0.485624 -0.0427093 0.127923 -0.0799673 0.0968543 -0.246378
0.475606 0.0581155 -0.290588 -0.0831433 -0.022895 -0.089961 0.39293 0.0791103 -0.14617 -0.089258 -0.0388152 -0.119405
0.336857 0.00352931 -0.27756 -0.0581341 -0.0168772 -0.0760167 0.242249 0.0284323 -0.134894 -0.0662571 -0.0371448 -0.106972
0.219239 -0.0272312 -0.462464 -0.102868 0.147399 -0.165878 0.187315 0.0683789 -0.323603 -0.119791 0.109107 -0.197188
0.893332 0.2376 -0.00825071 -0.0135293 -0.0551957 0.194853 0.856496 0.218373 0.0857114 -0.0208209 -0.049748 0.224421
0.552482 0.0270199 -0.421807 0.0565651 -0.0318586 0.110146 0.492026 0.064262 -0.233072 0.0608731 -0.0344397 0.130981
-0.0145465 0.0094018 -0.0684255 -0.164342 0.0939143 0.0388255 -0.00168925 0.0847581 0.0793948 -0.142446 0.0754673 0.0305754
0.137439 -0.0281401 -0.449253 -0.114508 0.133264 -0.13422 0.107682 0.0720874 -0.307259 -0.131297 0.0906975 -0.158935
1.64823 0.648315 -0.0343723 -1.09568 -0.166466 0.331008 1.59214 0.695194 -0.016046 -1.04814 -0.169135 0.3414
-0.0347376 1.00039 0.107889 -0.0316959 0.0360567 -0.0865564 -0.164579 1.25425 -0.00836217 -0.0243465 -0.00355207 -0.099273
0.135706 0.0199069 -0.0399497 -0.204922 -0.0586395 -0.00949866 0.0327615 0.0123596 0.0398725 -0.17168 -0.0428354 -0.00258198
0.748934 0.156183 -0.00943756 -0.0618546 0.115448 -0.166698 0.738046 0.0417525 0.226315 -0.0499814 0.107948 -0.210222
-0.232494 -0.0614948 -0.210444 -0.0391414 -0.196658 0.0521025 -0.374063 -0.0879596 -0.0843408 -0.0705039 -0.19478 0.0654375
-0.0314946 -0.0402111 -0.418324 -0.11704 0.11129 -0.0658787 -0.0635989 0.0704177 -0.266661 -0.131829 0.0606827 -0.0752637
0.0215226 -0.0888979 -0.217225 -0.106991 0.112666 -0.26267 0.129977 0.0023891 -0.297926 -0.121183 0.130435 -0.259853
-0.172823 -0.0579844 -0.38241 -0.0990943 0.105262 0.00594716 -0.218816 0.0585716 -0.22002 -0.109408 0.0474417 0.0142669
-0.223337 -0.065624 -0.362239 -0.0853 0.108791 0.0424519 -0.279576 0.0512543 -0.194869 -0.0929198 0.0479434 0.059854
-0.364478 -0.107235 -0.249871 -0.0298619 -0.184189 0.0291202 -0.518911 -0.131845 -0.116188 -0.0607036 -0.184293 0.0354212
0.190277 0.0770656 -0.124295 -0.18238 -0.137152 0.0237928 0.0270702 0.0517333 -0.0213268 -0.15085 -0.0905438 0.0406265
0.47493 0.20185 -0.366773 -0.112853 -0.0119044 -0.164442 0.466605 0.301308 -0.210508 -0.11038 0.0327737 -0.159499
-0.0624021 0.0126685 0.228391 0.00807233 0.106012 0.155998 -0.318617 -0.174405 0.317107 0.00369022 0.107813 0.213278
-0.197328 -0.173419 -0.474426 0.159616 -0.132797 0.0194588 -0.371015 -0.0342864 -0.301616 0.156943 -0.107471 0.0596096
-0.2693 -0.152426 -0.206583 -0.0871832 0.190648 0.0430223 -0.278309 -0.0915552 -0.0201456 -0.122331 0.152721 0.00951557
-0.173888 -0.144467 0.108498 0.00607528 0.0354334 0.0127349 -0.284073 -0.136983 0.223353 -0.0202542 0.014559 -0.0285614
-0.231647 -0.158389 0.0618801 -0.00676155 0.0659242 0.0165364 -0.32608 -0.139951 0.190931 -0.0371315 0.0389323 -0.0249544
0.0228921 0.0581659 -0.138284 0.037864 0.133943 0.300854 -0.136049 0.110721 0.0308621 0.0355872 0.103654 0.347316
0.0776569 0.144649 0.0552832 0.101033 0.0511928 -0.058451 0.044736 0.0311136 0.283438 0.113918 0.0864677 -0.0901305
0.379683 -0.043591 -0.200996 -0.0995396 0.137251 -0.131056 0.291446 -0.158268 -0.0466083 -0.132985 0.15481 -0.135291
0.153093 0.0538789 0.231762 -0.183448 -0.021677 0.159759 0.0535076 0.0422969 0.149682 -0.062583 -0.0746561 0.128164
-0.513048 -0.0453023 0.115488 0.0777894 0.107699 0.0584367 -0.687746 -0.177271 0.288803 0.102593 0.116887 0.0603412
-0.491505 -0.163877 -0.501823 0.0635152 -0.102444 -0.0728247 -0.656249 0.0121722 -0.338983 0.0662467 -0.0548626 -0.0271467
0.148108 0.0713746 0.181861 -0.197415 -0.00365296 0.0327834 0.143194 0.0388475 -0.00919855 -0.109849 -0.00201218 0.0402437
-0.770386 0.0880224 0.287849 0.0796306 -0.311037 -0.304555 -0.637496 0.187941 0.316894 0.0270635 -0.364455 -0.268229
0.713927 -0.0445192 0.237918 -0.25294 -0.00552323 -0.0274555 0.703737 -0.032216 0.273645 -0.267049 -0.0236578 -0.0168984
-0.305074 0.0220035 -0.453608 -0.0314748 -0.0178349 -0.154929 -0.387673 0.196106 -0.299218 -0.0284043 0.0401638 -0.118589
0.0470289 0.0421767 0.0521439 -0.00593201 0.0699301 0.285071 0.013846 -0.0142247 -0.0853062 0.058961 0.073817 0.292196
0.417514 0.086259 -0.0972489 0.293599 -0.112274 -0.00831092 0.308161 0.168798 0.0643604 0.234932 -0.0988634 -0.0133028
-0.182613 0.511683 -0.491336 -0.359322 -0.133041 -0.11493 -0.0110734 0.45773 -0.232917 -0.236923 -0.158514 -0.143388
-0.0298851 -0.177379 -0.0676344 0.11431 0.25248 0.0733639 -0.0701194 -0.201225 -0.20253 0.178203 0.242472 0.0958775
-0.238318 0.0281238 0.269482 0.0141787 0.130106 0.0803985 -0.274652 0.0242406 0.249289 0.00658386 0.0895555 0.0659883
-0.0101797 -0.0641559 0.229546 -0.214361 0.105291 0.00111302 -0.0658682 -0.0974882 0.105126 -0.0887414 0.0790911 -0.022134
0.0905962 0.353699 0.242912 -0.193315 -0.16976 0.417403 0.0617172 0.254663 0.0941135 -0.120022 -0.150101 0.401141
0.160171 -0.146865 -0.177063 0.0146216 -0.177783 0.337942 0.2406 -0.0529106 -0.144789 0.00755866 -0.214809 0.284522
0.0717615 -0.0204759 0.138472 -0.0851151 0.0935544 -0.16959 0.0458272 -0.0364629 -0.020759 0.0213391 0.0541556 -0.142039
-0.454728 -0.047676 -0.0583023 0.0328424 0.000722021 -0.032765 -0.428835 -0.0374447 -0.0244474 0.0336538 -0.0068855 -0.0301724
0.384483 -0.00367647 -0.0666196 -0.0304628 0.0270249 -0.0945413 0.324949 0.0079505 -0.0706792 -0.0164116 -0.0083152 -0.0425242
1.10095 -0.291647 0.608648 1.33303 -0.994321 -0.776021 1.09029 -0.353813 0.55124 1.39615 -1.03008 -0.832064
-0.201248 -0.0684459 -0.444354 0.0452507 -0.125134 0.0915643 -0.203085 -0.0443666 -0.373157 0.0424246 -0.118012 0.0869406
-0.267826 0.0271772 0.186636 0.0438442 0.108429 0.173471 -0.255412 -0.00610121 0.113864 0.0447677 0.0533094 0.161301
-0.340104 -0.030086 -0.0831695 0.0221184 0.00794977 -0.030783 -0.307989 -0.0176347 -0.0366617 0.0273029 0.00727046 -0.0170933
0.0217388 0.514043 0.327861 -0.274521 -0.28511 0.409339 0.0076961 0.401255 0.17959 -0.207964 -0.262259 0.382648
0.0531738 -0.0417562 -0.25362 0.0844458 -0.0587652 0.115671 -0.0141866 -0.0294873 -0.22134 0.0804401 -0.0718984 0.099306
0.176361 0.436502 -0.0218426 0.0483033 -0.199122 0.0794788 0.102523 0.525661 0.134365 0.0212831 -0.197138 0.111219
-0.309375 -0.112698 -0.467497 -0.00986032 -0.145033 -0.0233023 -0.277552 -0.064597 -0.38218 0.00503161 -0.147397 -0.00140589
-0.388171 0.00464112 -0.0257258 -0.00911328 0.0307418 -0.0118538 -0.302051 -0.0102416 -0.0347756 0.00191075 -0.00145217 0.0246104
-0.138758 0.564304 0.326532 -0.265122 -0.314868 0.304288 -0.124187 0.461826 0.195011 -0.22231 -0.298202 0.277164
-0.34556 -0.0201041 -0.189838 -0.0376361 -0.0411974 -0.0988749 -0.23458 -0.0334022 -0.177941 -0.0299626 -0.062677 -0.0611483
-0.0883039 0.00326383 0.0170181 0.0124102 0.00946021 -0.00396326 -0.147338 -0.0124641 0.0346994 0.000769388 0.0225431 -0.0141567
-0.363629 -0.0130347 -0.151067 -0.0314768 -0.0238642 -0.0867381 -0.252735 -0.0257628 -0.138982 -0.0223991 -0.0458685 -0.0464801
-0.21778 -0.0346848 0.12466 -0.0154732 0.072198 -0.0514339 -0.22524 -0.000364702 0.128594 -0.0185268 0.0320208 -0.0345737
0.27918 -0.0185187 0.0942963 -0.0257401 0.0376608 -0.0235603 0.251134 -0.00167763 0.0996365 -0.0158281 0.00627287 -0.0154634
0.588447 0.344645 0.29832 -0.655878 -1.00904 0.351218 0.571848 0.19511 0.131962 -0.494598 -0.943004 0.267935
0.38548 -0.0541376 -0.110216 0.0224659 -0.0120128 0.0887931 0.272561 -0.0224013 -0.139622 0.00638988 -0.0529552 0.0682321
0.0438355 -0.0153644 -0.103904 -0.0797592 0.00424892 -0.0620421 0.0242039 -0.0434001 -0.17747 -0.0792886 -0.0522015 -0.0559952
0.121211 0.0133509 -0.0158589 0.0203161 0.046031 0.0399566 0.0726509 0.00632418 -0.0158876 0.0267621 0.0379451 0.0589228
-0.0388714 -0.0215693 0.145374 -0.106311 0.0888114 -0.170732 -0.0618558 0.0169628 0.224246 -0.0937342 0.0839368 -0.140309
0.20098 0.0152945 -0.00995731 0.0263324 0.0442173 0.0635393 0.135903 0.00431683 -0.0191174 0.0313741 0.0343804 0.0784738
-0.0528914 -0.0303369 -0.212409 -0.0807529 -0.0453603 -0.0945215 -0.0258876 -0.0546686 -0.258115 -0.0797186 -0.0887793 -0.0796425
-0.0554109 0.018383 0.239739 0.00211431 0.111987 -0.0282946 -0.0163042 0.0192958 0.262214 0.0103958 0.0815959 -0.0109941
-0.245887 -0.0318102 -0.0759343 0.0153078 0.0248548 -0.027902 -0.24668 0.00213608 -0.0459625 0.0296105 0.0013995 -0.0250437
0.125138 0.0295442 0.203262 0.102482 0.113367 0.196769 0.124339 -0.0089737 0.130803 0.0889005 0.0689758 0.145176
-0.0292171 -0.0144256 0.134937 -0.0107563 0.0932411 -0.05863 0.0424513 0.0450042 0.260178 -0.00299055 0.0981777 -0.042743
-0.193097 -0.229901 -0.191039 0.178075 0.312641 -0.0643978 -0.239228 -0.157381 0.0209697 0.12664 0.239617 -0.0936071
-0.126123 2.59088 -0.051918 -0.370637 0.0367087 -0.0985566 -0.0337244 2.57751 -0.0588605 -0.390868 0.0734535 -0.0975423
0.0305243 -0.143224 -0.12482 -0.0615925 -0.0433666 0.0732959 0.09826 -0.114573 -0.0838526 -0.0732567 -0.0754673 0.0410115
-0.0326768 0.227159 0.0459048 -0.0554072 -0.11861 0.0511136 -0.00937534 0.285103 0.100426 -0.0110224 -0.0837868 0.081084
-0.12504 -0.0807898 0.332793 0.0663017 0.117524 -0.132115 -0.0252049 -0.0265551 0.251398 0.0669129 0.098469 -0.225093
-0.398336 0.151433 -0.228073 -0.264687 -0.165112 0.252898 -0.481868 0.136872 -0.313323 -0.243466 -0.209106 0.292655
-0.714764 -0.109672 0.0344163 0.00683349 0.0904901 0.0914054 -0.667418 -0.0538562 0.0804253 -0.0106915 0.0924731 0.0507445
-0.831597 -0.139942 -0.2624 -0.0120716 -0.124972 -0.108136 -0.859368 -0.165847 -0.267729 -0.0274357 -0.144577 -0.0687433
-0.281344 -0.00680393 -0.173147 0.0152604 -0.00100395 -0.0596232 -0.288675 -0.0779127 -0.221661 0.0313713 -0.0289411 -0.0472778
-0.408284 0.0284645 -0.265189 -0.21148 -0.130543 -0.306744 -0.261684 -0.0945547 -0.189386 -0.175631 -0.0666307 -0.19146
0.428406 0.779179 -0.199373 -0.271374 0.0991036 -0.245334 0.514092 0.771816 -0.345356 -0.330696 0.107837 -0.176292
-0.541371 -0.189581 -0.774815 -0.100483 -0.235639 -0.256096 -0.274925 -0.177743 -0.69643 -0.106723 -0.238838 -0.229143
0.263052 -0.263487 0.118076 -0.114874 0.169451 -0.293709 0.470782 -0.0996991 0.127497 -0.101727 0.153435 -0.206073
-0.269692 -0.478317 -0.603871 -0.00982898 -0.282336 0.204935 -0.0788908 -0.513827 -0.477262 0.0291135 -0.246966 0.193117
3.16659 3.94061 -0.0625257 -1.29641 -0.0302571 -0.123037 2.83745 4.31948 0.00642421 -2.06003 0.00481816 -0.0876191
-0.0276309 -0.0996838 -0.136596 -0.0134312 0.0268931 0.022539 -0.0821097 -0.025335 -0.112557 -0.0106071 0.0394523 -0.00747839
0.0502882 -0.0201252 0.0452223 -0.0437022 -0.0203373 -0.0397008 -0.0129347 0.0571092 0.08434 -0.0170193 -0.0173219 -0.0521168
-0.00770597 0.00308327 -0.0839988 0.0741887 -0.0260736 0.0175098 -0.0629457 0.0917989 -0.0407742 0.0915712 -0.034548 -0.0148822
0.0247819 -0.165719 -0.0851909 0.0117077 -0.078216 0.07148 -0.0422977 -0.0997344 -0.0553827 0.029365 -0.0826936 0.0409284
-0.0376171 -0.170901 -0.143523 0.0130265 -0.0762842 0.0497164 -0.110503 -0.127098 -0.120827 0.0145298 -0.0831259 0.0315833
-0.0312424 -0.175319 -0.151089 0.0106097 -0.0787275 0.0472691 -0.102776 -0.126176 -0.128317 0.011547 -0.0838878 0.0289057
-0.00882963 0.000144824 -0.0560872 0.0578426 -0.0220723 0.0146615 -0.0636733 0.0905711 -0.00379912 0.0728672 -0.0246943 -0.017248
0.0619492 -0.0337877 -0.0915916 -0.0829638 0.0282029 0.0382069 0.00152413 0.0348264 -0.07453 -0.0803217 0.0382557 0.000990685
0.178111 -0.030259 0.0496678 -0.053385 -0.013694 -0.0305788 0.124431 0.0618753 0.0800829 -0.0438189 -0.0101237 -0.0478231
0.00294564 -0.226222 -0.0731888 0.0280982 -0.0255893 0.00184549 -0.0513812 -0.131426 -0.0250045 0.0513812 -0.00876682 0.000533633
-0.0877853 -0.14567 -0.139877 0.0283708 0.00892055 6.52568e-05 -0.141657 -0.064563 -0.109413 0.033695 0.0238386 -0.0208588
-0.0939405 -0.2939 -0.147686 -0.113778 0.0308332 0.0941278 -0.160221 -0.221367 -0.118231 -0.093558 0.0273548 0.0907229
0.0475771 -0.103185 -0.0720399 -0.036247 0.0493387 0.0614958 -0.0195729 -0.028255 -0.0253609 -0.0165265 0.0629835 0.0306921
-0.0380858 -0.220712 -0.120731 0.0208129 0.0237558 0.000612523 -0.10411 -0.142912 -0.0834865 0.0491906 0.0331502 -0.00443021
-0.0944214 -0.281567 -0.164596 -0.0402702 0.0532684 0.067389 -0.172633 -0.21897 -0.143606 -0.0152413 0.0499364 0.0657905
0.0912779 -0.0115864 -0.0679556 -0.102764 0.0270212 0.0389562 0.0271933 0.0530156 -0.0526347 -0.0980331 0.0364101 0.00083789
-0.0729562 -0.226271 -0.136324 0.0187182 0.0520575 0.0178179 -0.147451 -0.166494 -0.1112 0.0475697 0.0518526 0.0127719
0.083954 -0.0217666 -0.0135906 0.0469214 -0.0553836 -0.0718922 0.0272866 0.064654 0.011142 0.0570744 -0.057226 -0.0792827
0.144775 -0.0221106 0.0341832 -0.0814651 0.0136694 0.0188564 0.0784158 0.0404996 0.0537969 -0.0749205 0.014437 -0.0174004
0.0405557 -0.078741 -0.175369 -0.0517661 0.0475211 0.0515498 -0.0273898 -0.013962 -0.146028 -0.0348667 0.0636299 0.0205996
0.052306 -0.166815 0.0480261 0.069111 -0.0258195 -0.00134363 -0.00220376 -0.0764475 0.0826029 0.0816909 -0.01801 0.00417954
0.0424762 0.0701562 0.011894 0.0651797 -0.0475428 0.00317262 -0.0109065 0.145495 0.03893 0.0644542 -0.0502909 0.00333253
0.0530843 -0.0870679 -0.160909 -0.0503684 0.0535708 0.0580965 -0.0146445 -0.0212041 -0.128368 -0.0314247 0.0698666 0.0269246
0.0615286 -0.0943209 -0.144256 -0.048539 0.0574329 0.0640829 -0.00617638 -0.0272981 -0.108582 -0.0283656 0.0734303 0.0329407
0.025372 -0.041221 0.0279081 -0.0495522 -0.0734479 0.0274569 -0.0432958 0.0225199 0.0476936 -0.0197144 -0.0690003 -0.00363957
0.0857669 -0.170799 -0.181986 0.0281651 0.0193921 0.0141737 0.000611131 -0.117566 -0.176235 0.0270426 0.00771553 -0.00550018
0.0708828 -0.170156 -0.176077 0.0227814 0.0100481 0.017429 -0.0122251 -0.116444 -0.168782 0.0198657 -0.000840473 -0.00305627
-0.0960908 -0.0047833 0.0557627 -0.0770301 -0.0436659 0.0508974 -0.0552058 0.0969586 0.133275 -0.0118497 -0.0545784 0.0522085
0.181849 0.141094 0.0600193 0.0742498 -0.0457646 -0.00035095 0.114254 0.201914 0.0994039 0.103116 -0.0432619 -0.0106829
0.19133 0.0749555 0.0357718 0.104466 -0.054288 -0.0275535 0.128725 0.157137 0.0628093 0.111829 -0.0556116 -0.036443
0.0887303 0.0917686 0.0821846 0.0774789 -0.0666796 0.0439548 0.0432619 0.162441 0.141984 0.0828113 -0.0667491 0.0280331
0.107937 0.151387 0.106221 -0.0104417 -0.0301853 -0.0477183 0.0739468 0.229872 0.148348 -0.00242449 -0.0403071 -0.0653853
0.269041 0.0277075 0.0710727 0.0504379 -0.0240033 -0.0169913 0.217219 0.116148 0.107814 0.0598545 -0.0325033 -0.0347004
-0.0198268 0.00172484 0.0356777 -0.00144014 0.0116922 0.0252675 -0.0271398 -0.0267395 0.00912666 -0.0224964 -0.0100874 -0.0101674
0.0101181 -0.0146689 0.02295 -0.0413867 0.0205516 0.0594695 -0.0150816 -0.0292854 -0.0115705 -0.0556981 -0.00271309 0.0335944
-0.106855 0.0248681 -0.0251869 0.0484477 0.0203222 0.0648123 -0.0974479 -0.00064269 -0.0442653 0.0226548 -0.00964035 0.0242616
0.0348553 0.0259231 0.09293 0.00668881 0.042523 0.0142842 0.0345371 -0.00143904 0.0524452 -0.0147102 0.0282213 -0.0251833
0.0720499 0.0203568 0.122762 -0.00803365 0.0514783 0.0241952 0.0725271 0.00646993 0.0709296 -0.0246017 0.0361038 -0.0184513
-0.0111153 0.0843583 0.115313 -0.0720755 -0.0197567 0.0841113 -0.0155283 0.0688367 0.0745197 -0.0873265 -0.0360992 0.0748399
-0.0925767 -0.0650732 -0.0385221 0.0714387 0.0234497 0.0638324 -0.0939703 -0.102586 -0.058057 0.0640157 -0.00499242 0.028022
-0.0860606 -0.0711415 -0.0373237 0.0689379 0.0214576 0.0673461 -0.0910971 -0.110911 -0.0582345 0.0649198 -0.00708802 0.0314933
-0.0104756 0.0054153 0.0222286 0.0610029 0.019246 0.0268263 -0.0434084 -0.0217042 -0.018328 0.0534567 -0.0191319 -0.009164
-0.0129036 0.0175276 0.0274011 0.0506195 0.0073329 0.0316997 -0.0449209 -0.00924132 -0.014304 0.0434744 -0.0310187 -0.0047412
-0.0147712 0.0282084 0.0307203 0.0400777 -0.00347369 0.0357634 -0.046111 0.00160665 -0.0110859 0.0328561 -0.041532 -0.00120499
-0.0521493 -0.107913 -0.0607317 0.0239627 0.0579348 -0.0171583 -0.0965902 -0.157514 -0.107645 0.0362314 0.0333265 -0.0614885
0.04824 0.136245 0.136402 -0.0836755 0.0385962 0.0883992 0.0400079 0.115143 0.104261 -0.10362 0.0180836 0.0779354
0.223858 0.114482 0.113398 0.136831 -0.102648 -0.0023394 0.165698 0.18517 0.146454 0.130316 -0.0920547 -0.00219719
0.00260415 -0.343075 -0.317923 0.0428304 -0.0922386 -0.0352963 -0.00416708 -0.310486 -0.349732 0.112587 -0.0950853 -0.0459895
-0.11861 0.0632278 -0.130564 -0.00296721 0.0457971 -0.0416123 -0.149115 0.0315941 -0.146881 -0.0130046 0.00247328 -0.070608
0.223108 0.121557 0.17536 -0.0704459 0.163489 0.224057 0.215518 0.088659 0.138833 -0.123367 0.119519 0.180596
0.114636 -0.0531773 0.234628 0.18573 0.0832005 0.193573 0.119065 -0.000773604 0.246428 0.190307 0.0850261 0.181445
0.00687101 0.274727 0.0736379 0.0667573 -0.0103615 0.0732876 -0.0073006 0.266895 -0.00184436 0.0313542 -0.0325069 0.062862
-0.11919 0.13114 -0.176521 0.0247816 -0.027592 -0.0386097 -0.138913 0.274293 -0.121177 0.0221707 -0.059653 -0.0286141
-0.113684 -0.189683 -0.00727318 0.0868151 -0.0623948 -0.0226583 -0.0985591 -0.289885 -0.137232 0.0588254 -0.0612731 -0.0141148
0.256404 0.164956 -0.217162 -0.456695 0.0642601 0.234702 0.21385 0.190125 -0.20452 -0.451556 0.0565112 0.251368
0.0897269 -0.10814 0.159226 -0.0472 0.132721 -0.169514 0.019901 -0.123442 0.220929 -0.0810651 0.139585 -0.0638083
0.583773 0.203173 0.273494 -0.0190024 -0.117899 0.221284 0.526172 0.17239 0.214691 -0.00876289 -0.155979 0.17948
0.298703 0.102876 0.64012 0.122582 -0.124648 -0.000293272 0.111891 -0.0286532 0.456954 0.0939227 -0.0805149 -0.00115702
0.276715 -0.298815 -0.116323 -0.175924 -0.237131 -0.0162693 0.21487 -0.257677 -0.134104 -0.105768 -0.246994 -0.0581877
0.59242 0.24598 0.344968 -0.0650915 -0.134845 0.196684 0.592451 0.224171 0.309967 -0.0466026 -0.155661 0.159803
0.623735 0.399732 0.330904 -0.0360709 -0.296839 0.21532 0.598744 0.381584 0.276111 -0.0262887 -0.318172 0.157971
0.636876 0.24883 0.32792 -0.0712087 -0.201495 0.256666 0.619775 0.220267 0.258505 -0.085239 -0.216443 0.218276
0.73245 0.186721 0.299921 0.0458637 -0.18067 0.233936 0.712741 0.139649 0.230464 0.0638098 -0.189438 0.197882
0.800088 0.975356 0.792651 -0.187674 0.0979477 0.0920365 0.760199 0.944554 0.674003 -0.217415 0.0581255 0.157726
0.747726 0.53877 0.906706 -0.076355 0.190188 -0.144051 0.698636 0.513041 0.794389 -0.0647666 0.120938 -0.228627
0.252815 0.102181 0.356265 -0.049905 0.0281483 0.100753 0.177893 0.0151384 0.309899 0.00275855 0.0167531 0.0873316
1.05035 0.877096 0.644365 0.0800902 0.0471579 -0.0144868 1.01795 0.869052 0.603503 0.0561235 0.0538249 -0.0687018
-0.0773833 -0.0531682 0.296928 0.116259 -0.063697 -0.0137442 -0.0476471 -0.29397 0.243155 0.12515 -0.0357185 -0.0790525
0.224203 0.367589 0.0210969 -0.160066 0.286751 0.200287 0.267929 0.488586 -0.15784 -0.17458 0.39141 0.124996
0.0476676 0.126422 0.00983677 -0.0288483 -0.135795 -0.136676 -0.00886794 0.15256 0.0336668 -0.00392387 -0.0958209 -0.106651
-0.0249708 -0.152645 -0.165965 -0.00273417 -0.000513612 0.0431665 -0.0780412 -0.118374 -0.161333 0.0118533 0.00636421 0.0778821
0.00632275 -0.0650306 -0.0962203 0.0290165 0.0619191 0.0550386 -0.0497622 -0.0502376 -0.0792392 0.0412044 0.0774167 0.0819333
0.0643561 -0.0573006 -0.015081 0.0169488 -0.04715 -0.0636744 0.0184537 -0.0449513 0.0039431 0.0396675 -0.0104886 -0.0320179
0.0247019 -0.255133 -0.111704 -0.0443909 -0.0290455 0.00578193 -0.0304029 -0.241715 -0.114785 -0.0234967 -0.00254019 0.0347688
0.0596359 0.110076 0.0771669 -0.0314921 -0.110411 -0.160462 0.00361186 0.144631 0.0855067 -0.00510371 -0.0699601 -0.133089
-0.0231981 0.0737005 -0.0272097 0.0230014 0.0390108 -0.0566846 -0.0790056 0.108317 -0.028047 0.0436901 0.0545929 -0.028442
0.0278541 -0.262453 -0.0849056 -0.0491358 -0.027485 0.0013239 -0.0246896 -0.244276 -0.0921691 -0.028262 -0.00214347 0.0319139
0.113587 0.12355 -0.102565 -0.0375171 -0.147535 0.0206779 0.0589325 0.137718 -0.0966775 -0.0149881 -0.118257 0.0479464
0.0121792 0.0578073 -0.0453731 -0.0180154 -0.090267 -0.146163 -0.0392842 0.0961243 -0.0355054 0.00377884 -0.0395991 -0.131787
-0.0400351 -0.188604 -0.121811 -0.0260153 0.0500899 -0.0274619 -0.0839946 -0.149342 -0.0976219 -0.00613623 0.0562621 0.0112365
-0.0377899 -0.178677 -0.131806 -0.0291553 0.0460823 -0.0245986 -0.0807984 -0.142712 -0.113468 -0.00892447 0.0536265 0.0126696
0.104969 -0.0500822 0.0589912 0.00873695 -0.0755995 -0.0603276 0.0586207 -0.0338802 0.0714636 0.032068 -0.0399471 -0.0273406
0.13207 0.135097 -0.0192468 -0.0481515 -0.105452 0.00246824 0.0836615 0.157992 -0.0129373 -0.0241497 -0.0829559 0.0335587
0.0347642 -0.149573 -0.23618 -0.0664213 0.00477411 0.0615059 -0.0214193 -0.143668 -0.228394 -0.0577529 0.02253 0.0957524
0.110701 0.107349 -0.0752632 -0.0280867 -0.159453 0.0195446 0.0558224 0.119418 -0.0654009 -0.006281 -0.127033 0.0461654
0.0370026 -0.151248 -0.234401 -0.0706987 0.00764767 0.0558079 -0.0176941 -0.144489 -0.229389 -0.0614929 0.0268189 0.0913269
-0.0409677 -0.156748 -0.129056 -0.028101 0.031838 -0.0114479 -0.0840277 -0.126719 -0.124011 -0.00860189 0.0411775 0.023257
0.0198247 0.0148103 0.0189946 -0.0210277 -0.00732008 0.0318341 0.000428214 -0.00102771 0.000342572 0.00145593 -0.000256929 -0.00102771
0.0454361 0.00535755 0.033037 -0.0326876 0.00520248 -0.0436954 -0.000399613 -0.000319691 0.00143861 -0.00151853 -0.000799226 -0.000639381
-0.0222673 -0.0420436 -0.0182658 -0.000155337 -0.0420452 -0.045289 -0.117928 0.00419508 0.0513509 0.0405524 -0.0459905 -0.00683642
0.0332117 0.0726311 0.0319763 0.0527509 -0.0593498 0.019834 -0.0183602 0.0508437 0.0328758 0.0832488 -0.00588469 0.0778349
0.0471907 -0.0448069 -0.00640009 -0.0471378 -0.0715787 -0.119757 0.00615117 -0.0932798 0.0178306 -0.0273299 -0.0327803 -0.076695
-0.0161781 -0.120841 -0.0908799 -0.0277071 0.0222891 -0.127012 -0.0709165 -0.148294 -0.0711529 0.0040186 0.0568908 -0.0816328
0.0462046 0.103089 0.0596448 0.0626782 -0.043723 0.0249047 -0.0036082 0.0779684 0.0607118 0.0937346 0.00745171 0.0839298
-0.02491 -0.0966653 -0.087446 -0.024302 0.0181477 -0.124949 -0.079256 -0.122902 -0.0640508 0.00716928 0.0526273 -0.0776016
0.0284264 0.0306696 -0.0567736 -0.0956202 0.00755119 -0.0454627 -0.0349834 -0.0187048 -0.0540013 -0.0879673 0.0766192 -0.00540013
0.00172649 0.143443 0.00690677 -0.0331926 0.0295334 -0.0464282 -0.0734526 0.0878459 -0.0244842 -0.00633617 0.072905 -0.00641439
0.0615729 0.163417 -0.0651661 -0.0498165 -0.0970857 -0.075757 0.0112764 0.132672 -0.0239526 -0.0294741 -0.0580928 -0.0051327
-0.0032849 0.0491721 -0.0384959 -0.108411 -0.0484985 -0.0490957 -0.0794301 0.000312409 -0.0438154 -0.0987995 0.000781023 -0.000937228
0.0745487 -0.167586 -0.118162 -0.012965 -0.0231754 -0.106632 0.0352443 -0.203964 -0.118002 0.0144572 0.018052 -0.0611109
0.0630028 0.0707205 -0.12313 -0.0991415 -0.124953 -0.0467578 0.0383973 0.0390565 -0.23541 -0.0639405 -0.074405 -0.0348542
0.0542377 0.134502 -0.081523 -0.0478673 -0.201338 -0.0647092 0.00287776 0.0857105 -0.0710106 -0.0209998 -0.182465 -0.0132221
0.0339999 0.0367172 -0.0391982 -0.083039 0.0223678 -0.0382387 -0.0294354 -0.0148743 -0.0367942 -0.0767981 0.0890107 0.00156571
0.0666823 -0.0616513 0.00489462 -0.0246673 -0.052147 -0.0412736 -0.000780706 -0.081818 0.0245142 0.0100711 -0.0323993 0.0114764
0.0239868 0.00585452 0.120591 -0.0773082 -0.13679 -0.00368716 -0.0436318 -0.0297855 0.0374332 -0.0222989 -0.0603761 0.0142488
0.0178135 0.0916729 -0.106598 -0.0865012 -0.102544 -0.0525842 -0.00411719 0.0536058 -0.218952 -0.0530294 -0.0570643 -0.0437246
0.0855215 0.0797842 -0.0163459 -0.0182287 -0.00213049 0.025333 0.0141933 -0.000857839 -0.0113079 -0.00296344 0.0262811 0.0740861
0.0268356 0.0120059 0.133882 -0.0804533 -0.135234 0.00564697 -0.0428056 -0.0223684 0.0519783 -0.0248627 -0.0585761 0.023173
0.143289 0.182913 0.291797 -0.050176 -0.0452624 0.0169639 0.082893 0.157945 0.237397 -0.00688108 0.031925 0.0498478
0.148297 0.170687 0.267295 -0.0533158 -0.0448745 0.0204096 0.0856196 0.148194 0.214769 -0.00952218 0.0347279 0.0529721
0.112608 0.20125 0.374238 -0.0356152 -0.0424791 -0.000916798 0.0579339 0.169561 0.309674 0.00648155 0.0272865 0.0324078
0.150521 0.158403 0.24492 -0.0561958 -0.0444092 0.0230128 0.0854696 0.137488 0.193187 -0.0119241 0.0371329 0.0551391
0.0853861 -0.048357 -0.00886838 -0.0167674 -0.015347 -0.0361761 0.0147516 -0.0838265 0.0115515 0.0147516 0.00842948 0.0156882
0.0982564 0.196097 0.399827 -0.0284519 -0.0383099 -0.00954457 0.0450567 0.163981 0.332283 0.013525 0.0290508 0.0238489
0.0584721 -0.107758 -0.116789 -0.0185343 -0.0318779 -0.0665479 0.0182855 -0.143705 -0.102446 0.0149253 0.0128155 -0.0188325
0.0134243 0.0403452 -0.0209926 -0.104853 -0.0159772 -0.0301679 -0.0593145 -0.0103937 -0.0323534 -0.0959661 0.0402464 0.0110971
0.0900531 0.126744 0.140462 0.0755427 -0.00631073 0.0570175 0.0417759 0.100403 0.143747 0.107771 0.0380921 0.11506
-0.0560497 0.0916968 -0.137087 0.00644634 -0.0513301 -0.121365 -0.115665 0.0619605 -0.114643 0.0348331 -0.0073126 -0.0735978
0.0563184 -0.0835586 0.116027 -0.0670067 -0.0973429 -0.0992907 0.0139472 -0.135498 0.124044 -0.0506463 -0.0582043 -0.0555551
0.0909943 -0.0400212 -0.0101859 -0.0134056 0.00329901 -0.0328366 0.0205257 -0.0814004 0.0116286 0.0167796 0.0310617 0.0197453
-0.00292591 0.153534 0.0699297 0.0129199 0.0762024 0.0239903 -0.069816 0.0998822 0.05818 0.0320185 0.0943376 0.0757512
0.0926153 0.0270642 -0.0391234 -0.0499934 -0.029292 -0.0794051 0.0348834 -0.0275896 -0.0187102 -0.0306816 0.00229913 -0.0345663
0.0690287 0.175348 -0.0449091 -0.0358997 -0.170167 -0.0446266 0.0185859 0.133134 -0.02784 -0.00933185 -0.149154 0.0124425
-0.0168333 0.04819 0.0308965 -0.00393919 -0.0553949 -0.105657 -0.0887915 0.0458487 -0.0755535 0.053517 0.00500461 -0.0887108
0.0462262 0.0536846 0.0869421 -0.0608455 -0.111182 -0.0313169 -0.0458165 -0.0372797 0.0811383 -0.0507506 -0.0938259 -0.00516904
0.0484855 -0.110726 0.0123212 -0.0584633 -0.1802 -0.124285 -0.00866377 -0.169217 0.00429286 -0.0286451 -0.119185 -0.0790667
0.0976041 -0.0223685 -0.00963485 -0.00948065 0.0399229 -0.0263528 0.0283259 -0.07616 0.0147482 0.0172452 0.0765502 0.028638
0.0895894 0.0385488 0.118642 -0.0389575 -0.0195763 -0.039402 0.0343031 0.0338189 0.0212276 -0.00193712 0.0372088 -0.0163041
0.0893441 -0.104243 0.138439 -0.0993167 -0.0330144 0.0644767 0.0385783 -0.120679 0.0499248 -0.0621629 0.0263402 0.0838834
0.126398 0.10844 0.172691 -0.0737049 -0.0598658 0.0314629 0.0503166 0.0865317 0.114895 -0.0244372 0.0234757 0.0577679
0.0200905 0.0372882 -0.142714 -0.0252374 -0.0171524 -0.026963 -0.0119458 0.00180006 -0.244235 0.0223371 0.0117004 -0.0124368
-0.0769349 -0.108617 0.12103 -0.0722892 -0.121547 -0.0017891 -0.0975642 -0.146264 0.053991 -0.0311709 -0.0903709 0.0106659
0.0704299 0.100694 0.0895352 -0.0309098 -0.0487438 -0.0523562 0.0115404 0.09313 -0.0103298 0.00823159 0.00815089 -0.0295369
0.0434153 -0.100742 0.0181489 -0.0641377 -0.192098 -0.12961 -0.0127985 -0.157484 0.0121742 -0.0348056 -0.127673 -0.0838145
0.0151543 0.0458161 0.321662 0.0589011 0.0946333 -0.0868953 -0.0457659 0.0355689 0.220961 0.101247 0.160823 -0.05516
0.0274722 0.164749 0.060804 -0.0155329 -0.0973618 -0.0729085 -0.039298 0.156869 -0.0427678 0.033488 -0.039298 -0.0505144
0.160716 -0.0139886 0.199953 0.0335836 -0.00350779 0.082345 0.112466 -0.0376713 0.211696 0.0713484 0.0426837 0.13604
0.0569414 -0.126809 0.123862 -0.0894099 -0.0363999 0.0680972 0.00583999 -0.146081 0.0281455 -0.0543443 0.0214944 0.0863021
0.0943339 -0.0301107 -0.0246377 -0.120409 -0.165306 0.00149581 0.0533968 -0.0542221 -0.119173 -0.0741943 -0.107536 0.0182391
0.0823496 -0.105173 -0.151334 -0.0296422 -0.172692 -0.032756 -0.00081229 -0.104867 -0.245555 0.00527989 -0.100805 0.0056048
0.0471548 0.0736612 0.420335 -0.0652043 0.00650176 -0.0455622 0.00110291 0.115333 0.385389 -0.0245004 0.0198524 -0.0395472
0.0171267 0.0389026 0.295104 0.0646801 0.110907 -0.0890402 -0.0461115 0.0302858 0.191756 0.107486 0.1781 -0.0575992
-0.00775974 -0.0103748 -0.0588365 0.0389242 0.0231844 0.0741845 -0.0278703 -0.0330314 -0.0763852 0.0477407 0.0306229 0.0422355
-0.0339465 -0.126138 0.162423 -0.0877633 -0.178653 0.0152428 -0.0629663 -0.157829 0.0846988 -0.0429691 -0.136592 0.0277647
0.0434652 -0.0874646 0.0797809 -0.111089 -0.183959 0.0148585 0.00470683 -0.114203 -0.0102394 -0.0636661 -0.1308 0.0303054
0.00247623 -0.11486 0.135709 -0.0999527 -0.188135 0.0176767 -0.031803 -0.143651 0.0510501 -0.053363 -0.139933 0.0315552
0.0206274 0.0345962 0.267991 0.0680183 0.124174 -0.0879575 -0.0449313 0.0266855 0.161801 0.111806 0.192184 -0.0569076
0.0220381 -0.0146004 0.0724249 0.00906649 -0.0198394 0.0143043 -0.000258889 -0.0408182 0.0333967 0.0471179 -0.00362445 -0.00828446
0.0251119 0.0315844 0.2401 0.0687124 0.133715 -0.0833188 -0.0428658 0.0238858 0.13093 0.114121 0.202266 -0.0525971
-0.0525838 0.0147934 0.000771634 -0.0498528 -0.0391278 0.0608688 -0.0851766 -0.0198428 -0.0476573 -0.0351797 -0.0129108 0.047484
0.0108234 0.0876998 0.0520122 -0.116992 -0.0813977 0.0379624 -0.0344559 0.0278231 0.0236884 -0.112068 -0.0651216 0.0109397
0.0326921 0.139589 -0.0497378 -0.00804438 -0.007524 -0.0162027 -0.0420466 0.0976849 -0.0366418 0.0192349 0.0178042 0.0162146
0.00202836 -0.0333296 -0.00516822 -0.0150756 0.00664642 0.0055261 -0.0391487 -0.0681638 -0.0415738 0.0035511 0.0220861 -0.0092675
-0.0665082 0.0394293 -0.0116923 -0.0582388 -0.0547175 0.0707782 -0.10061 0.00381295 -0.0618737 -0.0454954 -0.0265173 0.0574542
0.0393544 -8.98052e-05 -0.122511 -0.016126 -0.00855221 -0.0563185 -0.0262089 -0.0377996 -0.130698 0.00294093 0.000172996 -0.0801836
0.0490787 0.00539829 0.0253481 -0.0231949 -0.0279084 0.0502434 0.00285001 -0.0449092 -0.0259092 -0.00483638 -0.0144228 0.0255637
-0.00433322 -0.0402974 -0.0657095 -0.0113564 -0.101582 -0.0191143 -0.0635758 -0.0526449 -0.0953235 0.0295776 -0.0992618 0.0180841
0.112829 0.092397 0.00832732 -0.0211887 -0.0375612 0.0216789 0.0722737 0.0807614 -0.0109739 -0.00300069 -0.0276063 -0.0221194
0.108332 -0.0657435 0.132465 -0.0297595 0.0757644 -0.0371202 0.0667233 -0.0679191 0.130896 0.0284591 0.06202 0.0212845
0.135005 -0.105782 0.0852654 -0.0321558 0.0460819 -0.0334338 0.0940273 -0.10608 0.0788616 0.0148464 0.0351205 0.0217109
0.0561466 -0.050121 0.105364 -0.00481298 -0.00296781 -0.0660028 -0.00632 -0.0708 0.04424 0.04272 -0.02008 -0.04088
-0.040184 -0.0441737 0.0784737 -0.0230308 -0.089871 -0.0129387 -0.0662641 -0.0638514 0.0365358 0.00620418 -0.0673843 -0.0457559
-0.0034085 -0.0862534 0.0120814 -0.0240723 -0.067635 -0.0175539 -0.0308598 -0.0833559 -0.0119819 -0.00551683 -0.0613748 -0.038704
0.0286897 0.0477912 -0.00219673 0.0185131 -0.0394983 -0.0728265 -0.0226543 0.0563166 -0.0504935 0.0596669 -0.0308704 -0.0419583
0.00169317 -0.0746573 -0.0160463 -0.0253483 -0.0701098 -0.0104337 -0.0224138 -0.0717242 -0.034569 -0.00810345 -0.0672414 -0.0324138
0.119998 -0.0227671 0.0989204 -0.0514397 -0.0184021 -0.0416364 0.0780004 -0.0483427 0.071401 -0.00151071 -0.0363366 0.00302142
-0.0102829 -0.0834277 0.04472 -0.0191848 -0.0683718 -0.0191296 -0.0393902 -0.0832625 0.0133599 0.00310295 -0.057146 -0.041976
0.00503938 -0.0361701 -0.0416821 0.0103113 0.0271706 0.0659843 -0.012478 -0.0580873 -0.0592061 0.0207393 0.0354548 0.0312381
-0.0625351 0.0143541 0.081412 -0.0603583 -0.0936121 0.0155715 -0.0910647 -0.0224 0.0445416 -0.0395447 -0.0722832 -0.0178339
-0.0599133 0.182577 0.0834795 -0.117761 0.100017 -0.0762893 -0.119095 0.160541 0.0381899 -0.0749507 0.0801909 -0.041604
0.0299617 0.0278813 0.102333 -0.0240679 -0.0227879 0.0152051 -0.00669137 0.00600507 0.0720609 -0.0115812 -0.0184441 -0.0130396
0.0393051 0.173997 0.0356322 0.0396736 0.045163 -0.0167542 0.0178324 0.157663 0.0274345 0.0609561 0.0463815 -0.0444954
-0.0461859 0.0267365 0.0354607 -0.00447766 0.0384959 0.10041 -0.0538067 0.0191428 0.00948515 0.027162 0.0386304 0.0592391
-0.0515162 -0.113639 -0.148909 -0.044686 -0.0608553 0.00507072 -0.1106 -0.126746 -0.200129 -0.0204247 -0.0640188 0.0313232
-0.00605625 0.164145 0.0333317 -0.033636 0.0213148 -0.0870377 -0.0601764 0.14861 -0.00748225 0.0117806 0.0143277 -0.0603356
-0.00342486 0.0221143 0.0200797 -0.0265041 -0.0300556 -0.12907 -0.0749208 0.0339889 -0.0693502 0.0259155 0.0311632 -0.111089
0.00930121 -0.020419 -0.029763 -0.00864381 0.00521801 -0.0272024 -0.0348961 -0.0573231 -0.057756 0.0120361 0.0160193 -0.0428624
0.000413042 -0.0498465 0.140444 -0.0224862 0.0619303 -0.0254558 -0.0549415 -0.0620282 0.0875083 0.00549415 0.0404497 0.000796254
0.0860561 0.185422 0.0764012 -0.0742959 0.124016 -0.0330814 0.0522924 0.158383 0.0333562 -0.0426262 0.106249 0.00657617
0.0416402 -0.270251 -0.00746014 -0.00469019 -0.0709925 -0.0582845 -0.0207223 -0.253666 -0.0312044 0.0301561 -0.0773255 -0.0316881
0.0690581 -0.00623964 0.0347185 -0.0136039 -0.0559396 0.014428 0.0145058 -0.0631176 -0.0237447 0.00716657 -0.0394593 -0.00906614
0.115588 0.0474858 0.186731 -0.00299322 -0.0263699 0.0155478 0.0859043 0.0315497 0.165293 0.0156034 -0.0223763 -0.0153462
0.034088 0.00537387 0.0782199 -0.0476193 0.00814709 0.0708748 0.0331126 -0.0210403 0.039235 -0.0147455 0.00517385 0.0213852
0.0759743 -0.0186608 0.0561868 0.0130919 -0.0513781 -0.00632414 0.0351291 -0.0632669 0.00578292 0.0447098 -0.032885 -0.0286557
0.0162023 0.0715996 0.0652213 0.0180819 0.0545097 0.102847 0.00890118 0.0435553 0.0330986 0.0386294 0.0599749 0.0852958
0.0421902 -0.0844891 -0.128998 0.00559253 0.000920828 0.0106532 0.00554658 -0.0977585 -0.137711 0.0259996 0.0145598 -0.0155131
0.0678682 0.149508 0.0772597 -0.107247 0.124488 -0.0431933 0.034352 0.123128 0.0390328 -0.0879032 0.103135 -0.0138043
-0.0306442 -0.0666324 -0.127404 -0.0811474 -0.0156426 0.0408471 -0.0833926 -0.0910692 -0.175916 -0.0548678 -0.00226259 0.09115
0.0723405 0.112056 -0.00571845 -0.0422617 -0.00389697 0.0693327 0.0704724 0.109309 -0.00128599 -0.0201472 -0.00557264 0.0522113
0.0366559 -0.0605055 -0.130894 -0.000236537 0.00488278 0.00733157 -0.000520039 -0.071592 -0.137637 0.0214949 0.0196748 -0.0152545
-0.0509396 0.0570967 0.0816595 -0.0853105 -0.0925367 0.0285424 -0.0822705 0.00982078 0.0466056 -0.0702099 -0.0733974 -0.00361818
0.0784085 -0.0108694 0.0458591 0.00364108 -0.0604115 -0.00503552 0.0312495 -0.0652614 -0.0105316 0.0312495 -0.0416948 -0.0277965
0.0773167 0.174586 0.0733714 -0.0988483 0.129899 -0.0430156 0.0446387 0.149298 0.0333799 -0.0765122 0.111319 -0.00983162
0.0809923 0.183364 0.0738173 -0.0922657 0.131377 -0.0404897 0.0483525 0.157344 0.0328163 -0.0669801 0.113192 -0.00499378
0.00327166 0.0873342 0.0350502 0.0721512 0.00088325 0.0515868 -0.0247357 0.0575449 0.00515327 0.0832254 0.00747225 0.031435
0.0232166 0.0940185 0.153244 0.00474476 0.0178636 0.0365165 0.0168894 0.0825608 0.131686 0.0282061 0.0222048 0.00162892
0.111225 0.0568695 -0.0134413 -0.00722415 -0.0600503 0.00818948 0.0896858 0.0160709 -0.0711093 0.0192678 -0.0459661 -0.0468302
-0.094369 0.109348 -0.0914498 -0.0725733 -0.0785255 0.0789406 -0.128727 0.0821773 -0.132368 -0.0657938 -0.0469832 0.0675275
-0.0189278 -0.0442942 -0.0195208 -0.0338033 0.0245546 0.056231 -0.0374338 -0.100054 -0.0683987 -0.0236333 0.0287223 0.0262209
0.0310372 0.00813436 -0.0903336 -0.00796133 -0.0163654 -0.0696404 -0.0294241 -0.0333185 -0.104196 0.0121158 -0.00787529 -0.0900898
-0.0417933 -0.0463428 -0.116539 -0.0457357 -0.00498767 0.0339276 -0.093076 -0.0785329 -0.159086 -0.0188253 0.00856429 0.0821687
0.0212142 -0.0635585 -0.0201979 -0.027069 0.0543192 0.0290578 0.0027554 -0.0843842 -0.0384034 -0.0119688 0.0626854 -0.00568302
0.0474609 -0.0362697 -0.0219487 0.0125589 -0.00658695 -0.00891003 -0.00824575 -0.012969 -0.0593214 0.0586009 0.0132893 0.0296207
0.0311755 0.218209 0.419123 -0.145163 -0.0146932 -0.138774 -0.0148893 0.244216 0.393976 -0.106116 -0.00315118 -0.11423
0.188381 -0.0193589 0.0911051 -0.00215006 0.0382136 0.0143195 0.144717 -0.0583841 0.0847041 0.00591557 0.0393514 -0.0165464
-0.032195 0.176492 0.526318 -0.126168 0.0684201 -0.114278 -0.0545153 0.225073 0.490717 -0.0900448 0.0722407 -0.085003
0.0830396 0.076068 0.0677537 -0.0112753 0.05594 0.0454708 0.0583841 0.0560693 0.0624993 0.00120026 0.0618991 0.0114882
0.0145083 0.157798 0.49669 -0.0784092 0.0704803 -0.164579 -0.0188283 0.193403 0.458338 -0.0504976 0.0833486 -0.139833
0.135317 0.105145 0.201531 -0.108537 0.0307481 0.0693246 0.114796 0.0634423 0.127742 -0.0886478 0.0483533 0.0210903
0.0839162 0.130029 0.475562 -0.0653685 0.0713756 -0.048055 0.0644415 0.177254 0.448018 -0.0329298 0.0846878 -0.0288333
-0.0864445 0.0933609 -0.0928685 -0.0170671 -0.0146626 -0.142089 -0.172976 0.0723657 -0.150316 0.00686158 -0.0122072 -0.120078
-0.0841482 0.0911064 -0.100587 -0.00434984 -0.0230704 -0.152576 -0.172754 0.0722136 -0.160625 0.0160386 -0.0196293 -0.133017
0.0979546 -0.12467 -0.0381923 -0.0470516 -0.0170108 0.0898976 0.0779312 -0.145832 -0.0486963 -0.0353219 -0.01989 0.0599273
0.00579447 0.0607572 -0.0956979 -0.103047 0.0775502 0.00314948 -0.0275432 0.10091 -0.0714986 -0.0576051 0.073936 0.0573614
0.161427 0.00913691 -0.054063 -0.047019 -0.0719859 -0.024664 0.145904 0.111063 0.0148296 0.00869048 -0.0716765 -0.00255133
0.0530299 0.219945 0.52837 -0.119322 -0.00283432 -0.106876 0.0299362 0.270056 0.502612 -0.0872876 0.0177254 -0.0813791
0.00745434 -0.0506753 -0.109455 -0.0112075 0.0584133 -0.0260325 -0.00926255 -0.099253 -0.132391 0.00111789 0.0771347 0.012217
-0.0379559 0.116682 0.59832 -0.0364959 0.0551319 -0.114384 -0.0789369 0.144087 0.579107 -0.000630235 0.0653081 -0.111315
0.0438911 0.0235982 0.164783 -0.0391108 -0.0815252 -0.13588 -0.0137251 0.0374615 0.0632162 0.0226868 0.00129178 -0.110608
0.168716 0.258398 0.124308 0.0759362 -0.227482 -0.0678321 0.0979901 0.214023 0.0957448 0.0799477 -0.25965 -0.0360847
-0.0245011 0.0794298 0.0561727 -0.0182697 0.0460351 -0.0898214 -0.103181 0.0902628 -0.0549812 0.0285805 0.102212 -0.0756496
0.00657591 0.16198 0.0871212 -0.0480962 0.0179536 -0.105783 -0.0717743 0.187792 0.0094461 0.00234134 0.0912316 -0.076134
0.0445572 0.161663 0.142501 -0.0700279 -0.0650715 -0.117508 -0.0314063 0.164136 0.0303567 -0.00322944 -0.00662035 -0.0852572
0.062237 0.160091 0.130652 -0.0104273 -0.115755 -0.128335 -0.0205877 0.167689 0.0310026 0.060229 -0.0481994 -0.116179
0.0572223 0.185564 0.174247 -0.0088082 -0.034675 -0.0810597 -0.0109801 0.192232 0.0756496 0.0493297 0.0243823 -0.0525591
0.150178 0.0381686 0.360164 0.0638597 -0.0135117 0.114067 0.105809 0.0198146 0.379924 0.10526 0.041274 0.165331
0.227636 0.13308 0.349017 0.0767666 0.0276844 0.130995 0.173946 0.111213 0.344603 0.118731 0.0640648 0.18123
0.0250759 0.14711 0.699253 -0.0863951 -0.0227128 -0.152494 -0.0138652 0.205378 0.688059 -0.0605813 0.00645991 -0.115884
-0.00759112 0.141472 -0.0705682 0.0131301 0.0181959 -0.183361 -0.0670495 0.116698 -0.148467 0.0203543 0.0190772 -0.15573
0.0277206 -0.00499586 -0.0213677 0.0650568 0.0430271 -0.180751 -0.0248243 -0.0144476 -0.103767 0.0700028 0.0368772 -0.163393
0.0189132 0.0283265 0.00564723 0.0344793 -0.0933315 -0.196566 -0.0402297 0.0204341 -0.0947473 0.0395911 -0.0923527 -0.166347
-0.0434735 0.0796044 -0.0189714 0.0310369 -0.0225155 -0.225751 -0.0991374 0.0806988 -0.110711 0.0268198 -0.0178799 -0.195401
-0.0846354 0.0573156 -0.0972169 -0.0227653 -0.0824834 -0.185406 -0.131225 0.0185982 -0.167624 -0.00758298 -0.086845 -0.168023
0.0239954 0.15233 -0.119307 0.0587602 0.099155 -0.201145 -0.0390324 0.152857 -0.171615 0.0636172 0.104964 -0.187579
0.0108677 0.121972 -0.00791122 0.0442496 0.0318227 -0.147606 -0.0404691 0.109833 -0.0924325 0.0439813 0.0230682 -0.126995
-0.0766028 -0.0518092 -0.0769949 -0.103463 0.168402 0.0952971 -0.0872558 0.0330072 -0.0432725 -0.0460363 0.159824 0.114341
-0.0396252 0.185026 0.0123754 0.0317318 -0.0178948 -0.0604663 -0.0519915 0.0939877 -0.0337743 0.0735941 0.0662589 -0.0361925
0.620182 0.558157 0.42192 -0.145702 0.0801613 0.0552148 0.530488 0.536427 0.467255 -0.12263 0.0326682 0.0369993
0.0465078 -0.190891 0.264191 -0.145738 -0.0397306 -0.101688 0.00397504 -0.22928 0.248679 -0.115753 0.0112096 -0.0548556
-0.0439824 -0.00150521 -0.01859 0.0459887 0.0377309 0.0844233 -0.073965 -0.0442642 -0.0548819 0.00186527 0.0363727 0.04986
0.0631208 -0.0731602 -0.038545 0.147893 0.0274119 0.0433397 0.0470786 -0.0669992 -0.075813 0.101896 0.0483684 0.00709403
0.0240998 -0.0143438 -0.0534615 -0.0350451 -0.009668 -0.0214043 0.00611596 -0.0171967 -0.087854 -0.083321 0.0132393 -0.0475606
-0.0345315 -0.096777 -0.104522 0.0461356 -0.0626645 0.0496424 -0.0251793 -0.0853497 -0.124525 -0.0173874 -0.046679 0.0193354
0.0649599 -0.0165448 -0.029375 0.117735 0.0189626 0.0695342 0.0433096 -0.0181829 -0.054477 0.0775994 0.0493228 0.0314979
-0.100488 -0.0459676 0.0152831 0.0518662 -0.0482388 0.00698148 -0.0906052 -0.0534192 -0.0230267 -0.00471977 -0.0579244 -0.0122285
0.0304155 -0.0258412 0.0198774 0.0310811 -0.039619 0.0186869 0.0333551 -0.0182846 -0.00199988 -0.0174275 -0.0202845 -0.0189988
-0.0477327 -0.138789 0.000233336 0.122012 -0.0680218 0.0600256 -0.0610518 -0.175426 -0.0493138 0.0659904 -0.0672071 0.0239054
-0.0455699 -0.145588 -0.0319672 0.012013 -0.0635171 0.0405713 -0.0340655 -0.1372 -0.0526138 -0.048067 -0.0450357 0.0105372
0.073334 0.0240794 0.012173 0.0711183 -0.0189795 0.0216202 0.0324242 0.0273046 -0.0175631 0.00696836 0.00618619 -0.0025598
0.110171 0.0366883 0.0207519 0.0858434 -0.0260751 0.030361 0.0676767 0.0400231 0.000568712 0.0204736 0.000710889 0.000213267
-0.0118159 -0.168072 -0.0464338 0.135534 -0.0765015 0.031205 -0.0374293 -0.204394 -0.0939669 0.0749302 -0.0721391 -0.00307736
-0.177546 -0.0241842 0.0188955 0.0222627 -0.037356 0.0313089 -0.182438 -0.0319826 0.00902444 -0.0374695 -0.0171103 0.00570345
-0.0530943 -0.00300401 -0.0349035 0.0560463 -0.0510642 0.00409048 -0.0465926 -0.00543104 -0.0658156 0.00100045 -0.0508802 -0.0163646
0.0992998 0.11213 0.0254779 0.0492723 -0.0330625 0.0829175 0.0700337 0.110419 0.0191259 -0.00476371 -0.0117315 0.0442243
-0.0816998 0.0312919 -0.0218324 0.0310569 0.0526522 0.0475276 -0.0943331 0.0260057 -0.0644799 -0.00206621 0.0649787 0.0165297
0.119092 0.102493 0.022986 0.0711728 -0.0326504 0.0585807 0.0832404 0.100372 0.0143591 0.0106627 -0.00717957 0.0216809
0.0419967 -0.0769752 0.00671996 0.137033 0.0095135 0.00115366 0.0364292 -0.0688425 -0.0417358 0.0859097 0.0256008 -0.0310508
-0.0823116 0.0905572 -0.0175099 0.0329146 0.0487498 0.0653706 -0.0896013 0.0788865 -0.0640009 -0.0184812 0.0716954 0.0405579
-0.0743247 -0.0391987 -0.0887523 0.0229465 -0.06325 0.0558344 -0.0915014 -0.0505134 -0.0910684 -0.0325451 -0.0447404 0.0233083
-0.0859719 -0.0770658 0.159952 0.0985884 -0.0628414 -0.00815018 -0.115287 -0.13873 0.144305 0.0414546 -0.0465292 -0.0542483
-0.0842316 0.0510892 -0.0142234 0.0294538 0.0473175 0.0459175 -0.0970248 0.0470877 -0.0601953 -0.00406051 0.0606227 0.0151022
-0.0403465 -0.0155142 0.120497 0.10797 -0.00682295 0.0336589 -0.0642125 -0.0615727 0.107592 0.0450915 0.00720607 -0.0169093
0.0395102 0.0453998 0.0675633 0.115157 -0.0275893 0.0861214 0.0399762 0.0431172 0.033837 0.0484711 -0.0233432 0.0301963
0.0374799 0.00743829 0.0221387 0.0549604 -0.0241224 0.0353171 0.0287523 0.0058649 0.00421987 0.0191682 0.0138755 0.00386225
0.0310508 -0.0674782 0.0406409 0.110472 0.00361659 -0.0256016 0.0321427 -0.056752 -0.00990111 0.0572542 0.0175063 -0.0556758
0.508918 0.186364 0.557027 -0.136705 0.0654946 -0.0722234 0.479663 0.232753 0.541696 -0.10341 0.0664733 -0.10489
0.059141 -0.123386 0.162291 -0.0533394 -0.059773 -0.0912723 -0.059755 -0.152017 0.0934568 -0.0230256 -0.0891544 -0.0362513
0.121691 -0.221451 0.023733 -0.0197581 -0.195337 -0.0204474 0.0671056 -0.231257 -0.117355 -0.012201 -0.143362 0.00698348
-0.00233079 -0.0498587 0.327422 -0.011951 0.100462 0.0722004 -0.10408 -0.154233 0.298693 -0.0642139 0.0811033 0.0653284
0.113811 0.0891855 0.04838 0.0502664 -0.0188289 0.0444757 0.113432 0.0762403 0.0174896 -0.00335514 -0.0197739 -0.0071386
0.0735904 0.0571755 0.0922717 0.0982404 -0.0907984 0.0771419 0.0760261 0.0232718 0.0576085 0.0345508 -0.0856632 0.022558
0.0801451 0.041631 0.0919165 0.118012 -0.0832945 0.092438 0.0691017 0.0329803 0.0464009 0.0571802 -0.0846638 0.0399762
0.0553637 0.107731 0.118321 0.16919 0.00977731 0.0367533 0.0650327 0.0949434 0.0834503 0.0931588 0.00820939 -0.00628197
0.0165437 -0.136705 -0.0318519 0.0183388 0.0971748 -0.0298479 -0.0145965 -0.143076 -0.0444564 0.0194126 0.0468274 0.00207463
0.160438 0.100868 0.0940226 0.0986237 -0.0957761 0.0810103 0.151124 0.0967995 0.046972 0.02884 -0.097085 0.0341939
-0.0555257 0.0421093 0.00102288 0.00641987 0.0138968 -0.0592309 -0.0780515 0.0321824 -0.0204931 -0.00517877 -0.0398766 -0.0292971
0.0185028 -0.125937 -0.031516 0.00110461 0.0810331 -0.0194302 -0.0122268 -0.122194 -0.0361616 -0.00103742 0.0369767 0.0117822
0.0323586 -0.0345294 -0.0476843 0.0282412 0.0871812 -0.0064406 0.0194773 -0.0249576 -0.0605056 0.0188848 0.0491747 0.0214028
0.0172466 -0.025535 -0.0505422 0.0173314 0.0729968 -0.00948563 0.00407374 -0.0158506 -0.059847 0.00844375 0.0366637 0.0209612
-0.000330682 -0.0405745 0.015015 -0.0241569 0.0466101 0.0309621 -0.0446269 -0.0554142 -0.00657582 -0.0238651 0.0153682 0.0525327
-0.00230988 -0.0258774 0.00921124 -0.0198713 0.0482493 0.0239836 -0.0489092 -0.0406345 -0.0125598 -0.0194307 0.0188396 0.0463972
0.00227213 -0.0650671 0.030669 -0.0324037 0.0413391 0.0417758 -0.0356169 -0.0786233 0.00938455 -0.0319961 0.00687215 0.0618494
0.117026 0.0729305 0.00135151 0.183299 -0.00900349 0.080158 0.117787 0.0758834 -0.00842355 0.106722 -0.00942296 0.0230577
0.171279 -0.0543645 0.0506021 -0.102989 0.0454936 0.189848 0.122858 -0.0633409 -0.00681621 -0.113216 0.0258517 0.151869
0.00488371 -0.0575867 0.0257465 -0.00645349 0.050781 -0.002217 -0.0158994 -0.0577283 0.0391542 -0.0277868 0.00861838 0.0234776
0.0450045 0.0353886 0.0717746 -0.0328732 -0.00959652 0.010783 0.0452822 0.0263594 0.0573575 -0.0415271 -0.058241 0.0207636
-0.0211878 -0.0699833 0.054908 -0.0324037 0.0339529 -0.0415976 -0.034285 -0.0764362 0.0649337 -0.0616685 -0.0195914 -0.0161036
0.00726795 -0.0458712 0.0127928 0.0119781 0.063612 0.019144 -0.0250602 -0.0426841 0.0233498 -0.00215651 0.0287783 0.0466253
-0.077777 0.0279384 -0.0797463 0.0158255 0.0297855 -0.0211283 -0.09086 0.0354864 -0.123685 0.0152296 -0.00510117 0.0157471
-0.0300532 -0.0714524 0.0651064 -0.0359758 0.02785 -0.0503569 -0.0424359 -0.0796043 0.0724822 -0.0669923 -0.027153 -0.0247048
0.058553 0.0277923 0.0611584 -0.0186829 -0.0017191 0.00793579 0.0537471 0.0159769 0.0464581 -0.0293032 -0.0538207 0.016934
-0.0270066 0.00779243 0.0867847 -0.0459943 -0.013633 -0.0148062 -0.0233651 0.00530689 0.0798982 -0.0471724 -0.0568279 0.00398017
-0.071809 -0.0209889 -0.108303 0.036132 0.0588332 -0.0478202 -0.103178 -0.0246859 -0.154915 0.0358463 0.0160384 -0.0164819
-0.0414189 -0.0141786 0.0740663 -0.0352117 0.00457701 -0.0282067 -0.0464627 -0.0204288 0.0657115 -0.0313439 -0.0388664 -0.00597377
-0.0139143 0.0466157 0.0206249 -0.0268343 -0.0269013 -0.0582576 -0.0434511 0.0441162 0.00738964 -0.0444856 -0.0714578 -0.0322188
0.0299578 0.0812775 -0.020556 0.0217808 0.00259557 -0.0842744 0.0100401 0.075227 -0.0123287 0.0188252 -0.035288 -0.0625292
-0.0702586 -0.00822537 -0.115893 0.041154 0.0568453 -0.0460253 -0.100157 -0.01057 -0.163798 0.0398409 0.0145615 -0.0133049
-0.0489076 -0.074683 0.0811134 -0.0378995 0.0162203 -0.0614509 -0.0605772 -0.0848229 0.0840073 -0.0717732 -0.0407802 -0.0363315
-0.0577944 -0.0770085 0.0842079 -0.0364558 0.0111055 -0.0633556 -0.0691581 -0.0870962 0.0856879 -0.0711595 -0.0467725 -0.0391377
0.0697161 -0.225181 -0.327343 -0.0802259 -0.165156 -0.222037 0.0146829 -0.333659 -0.262784 -0.0750018 -0.134289 -0.177861
0.265737 0.203895 0.129177 0.0717639 -0.0218655 0.0207298 0.208046 0.129604 0.022321 0.0252263 -0.0345798 0.0265726
0.181793 0.068014 0.109221 0.190114 0.0219743 0.116161 0.162046 0.0561808 0.108792 0.118572 0.0356216 0.0583224
0.042379 0.0320302 0.140103 0.0691936 0.0549691 0.0230781 0.0413703 0.0347836 0.132326 0.0620184 0.00910294 0.0408522
0.121801 0.0518272 0.0748392 -0.0171966 0.0583009 -0.0154645 0.0979121 0.039076 0.048697 -0.0231644 0.0227203 0.00214622
0.0652513 -0.0669691 -0.0378275 0.055406 -0.0273152 0.0372296 0.0651267 -0.0604642 -0.0177618 0.0532115 -0.0627585 0.05817
0.103887 0.177746 0.0993335 -0.0180443 0.0410759 0.0241689 0.0923615 0.15623 0.104277 -0.00725275 -0.00244225 0.0414443
0.0673859 -0.0191709 0.0179307 -0.0150751 0.0196594 0.0327671 0.0432944 -0.029603 0.0150976 -0.01976 -0.0248666 0.0643866
0.0403125 -0.0680704 0.079941 0.0784458 -0.0337954 0.0531686 -0.00029162 -0.0732694 0.0336821 0.0734152 -0.103452 0.0811431
-0.0245179 0.223765 0.0669211 0.121535 0.0985086 -0.0868417 -0.0407782 0.2107 0.0664588 0.105757 0.0574299 -0.0481049
-0.255274 -0.16377 -0.254259 -0.112032 0.0772668 -0.036367 -0.299756 -0.240986 -0.346078 -0.12715 0.0550668 -0.0102413
0.0311919 0.00043308 0.0735845 -0.0263476 0.0211707 -0.0294267 0.0323413 -0.029011 0.077856 -0.0329334 -0.0239785 0.0110271
0.332828 0.0491093 0.347293 0.0276954 0.247374 0.0103173 0.220676 -0.0402155 0.161646 0.00313571 0.204997 -0.0649876
0.316243 0.25741 0.234333 -0.0252997 0.0788241 -0.0753675 0.235446 0.209521 0.167039 -0.0942631 0.0503019 -0.0801025
-0.0376721 -0.198776 -0.187423 0.114352 0.0797124 -0.0474552 -0.0614969 -0.136579 -0.258596 0.186606 0.0715024 -0.0516542
0.268139 0.416338 0.425522 0.0611349 -0.293243 0.0396233 0.192313 0.319714 0.265298 0.0940574 -0.204262 0.0364926
-0.106173 0.166947 -0.169155 0.112976 0.043108 -0.0207548 -0.0889234 0.215947 -0.15837 0.0272244 0.0361096 -0.000852983
-0.0772996 -0.12816 -0.293339 -0.00442788 -0.00697927 -0.103248 -0.0964477 -0.142894 -0.286026 0.0218804 -0.0384685 -0.100002
-0.412932 -0.357256 -0.134622 0.303052 0.085519 -0.133899 -0.331947 -0.339284 -0.0962995 0.287571 0.0828818 -0.200636
-0.0439068 0.0439138 -0.0281496 0.0102571 0.0428417 0.0771437 -0.0890234 -0.0119098 -0.0162795 0.0236482 0.0192784 0.0668318
-0.0572807 0.0569799 -0.0660266 0.024473 0.0558765 0.0911716 -0.099211 0.00574019 -0.0474636 0.041038 0.0333273 0.0859314
-0.0294439 0.0760995 -0.105879 0.0292077 0.0113346 -0.00122385 -0.0279118 0.0403265 -0.0562517 0.0437513 -0.00547961 0.00222609
5.61146e-05 -0.0133784 0.0730896 -0.000429448 -0.0129746 0.0223756 -0.0125345 -0.061376 0.104599 -0.00527315 -0.0552384 -0.00397647
0.0118164 0.0909075 -0.0619901 0.0353744 0.0161603 -0.0168517 0.0236547 0.0838198 -0.011913 0.0490234 0.00728495 -0.0246831
-0.0178302 -0.0174941 0.0729814 -0.00463692 -0.00934843 0.0284208 -0.0253289 -0.0621551 0.10875 -0.00855822 -0.0523002 0.00380365
-0.0314288 -0.0400615 0.028157 -0.00367824 0.0328328 0.040731 -0.0519857 -0.0943701 0.0156563 0.00925536 0.0124558 0.031918
0.0730669 0.0303969 0.028387 0.0138832 -0.0286312 0.00800729 0.0508316 -0.0231681 0.0504858 0.00622427 -0.0664787 -0.0210069
0.0435642 0.124753 -0.0914104 0.0396239 0.00317807 0.0190486 0.0492291 0.111066 -0.0448551 0.0551469 -0.0131221 0.00986298
0.0875191 -0.0140466 -0.147107 0.00347872 0.0600869 -0.0532375 0.078944 -0.100584 -0.110279 -0.0214672 0.0437135 -0.0719325
0.0384411 0.125672 -0.0918266 0.0404235 0.00238868 0.0118093 0.0465636 0.115337 -0.0425332 0.0564251 -0.0127771 0.00385886
-0.0570256 -0.0925329 -0.0130252 0.00236634 0.0292938 -0.0592357 -0.0749826 -0.148668 0.0249077 0.00423777 0.00752421 -0.0585504
-0.0469478 -0.0976774 -0.0137707 0.00150109 0.0145526 -0.0767584 -0.058696 -0.147734 0.0342321 0.00994115 -0.00682914 -0.0801343
-0.0302148 -0.0204853 -0.0428397 -0.0692616 0.0144781 -0.0176307 -0.0547073 -0.0883071 -0.0188676 -0.0705596 -0.0111999 -0.0287752
-0.0494086 0.0762144 -0.0471132 0.0152349 0.0648246 -0.0264953 -0.0488899 0.0569516 -0.003294 0.035974 0.0531375 -0.0272189
0.00994418 -0.00240075 -0.00374349 -0.0248726 -0.00525587 -0.00198397 -0.0220207 -0.0692446 0.0037848 -0.0217626 -0.0315687 -0.0181498
0.0268083 -0.0596179 -0.0442229 0.0170217 0.0684454 -0.00702931 -0.00294356 -0.143975 -0.0471836 -0.0162762 0.0582652 -0.0116877
-0.0629821 -0.0153455 0.051145 -0.0169328 -0.00425079 0.0430155 -0.0536891 -0.0463403 0.100721 -0.0183286 -0.0480694 0.0255045
-0.178039 -0.0600976 -0.153272 -0.0671211 0.0431749 0.0245434 -0.179139 -0.107901 -0.130662 -0.0410926 0.0230223 0.0129446
-0.0187649 0.138502 -0.149596 0.00108746 0.0581031 -0.0298841 -0.0165418 0.117871 -0.0962197 0.016282 0.0442559 -0.0231239
-0.0467059 -0.0856924 -0.00684841 0.00491518 0.0447955 -0.0055524 -0.0716539 -0.14824 0.00822115 -0.00718269 0.0274327 0.000951923
-0.153721 0.0270303 -0.141673 -0.0632393 -0.0568196 0.0352547 -0.162716 -0.00782707 -0.111753 -0.0593988 -0.0751399 0.0194807
0.0597993 0.161326 -0.163615 -0.000914259 0.00840676 0.0137595 0.0599633 0.124426 -0.127887 -0.00155749 -0.0121138 0.00726828
-0.0391657 -0.0179854 -0.0518532 -0.071052 0.0492372 -0.0116235 -0.0451954 -0.0740894 -0.0057788 -0.0717606 0.024754 -0.0178539
-0.185364 -0.0320623 -0.229223 -0.0775766 0.0361889 0.0310522 -0.188548 -0.0754019 -0.194114 -0.0568776 0.0234816 0.0162632
-0.103588 -0.00306061 0.00388937 -0.0302627 -0.0192291 0.0276064 -0.0780009 -0.0211 0.0677968 -0.0279316 -0.0594087 0.0219648
0.127109 0.114638 0.0864619 0.0468755 0.0560466 0.0516118 -0.0189862 0.0713328 0.0727933 0.0722552 0.0415083 0.106384
-0.253184 -0.304648 -0.138484 -0.0268492 -0.224893 0.160098 -0.322927 -0.315933 -0.223659 -0.0207212 -0.188627 0.150682
0.25475 0.838582 0.528205 0.0309854 -0.0195972 -0.303222 0.168653 0.738247 0.479522 0.0997703 -0.00624395 -0.297451
-0.00685728 -0.179032 -0.0237222 -0.148244 0.0419458 -0.196628 -0.137906 -0.26657 -0.226227 -0.0801236 0.0349586 -0.246559
0.0176937 0.008871 0.128854 0.0569877 0.0286415 0.0112292 -0.0139472 -0.0457777 0.131344 0.057158 0.00205358 -0.013006
0.110793 0.178249 0.136258 -0.0263867 -0.0689231 0.123851 0.125097 0.141269 0.139986 -0.00256698 -0.0913843 0.120049
0.453459 0.00668931 -0.27332 0.00804644 -0.191492 -0.240611 0.397121 -0.200596 -0.367994 0.00407143 -0.122534 -0.227373
0.0160235 0.0561778 0.0492579 -0.000934865 -0.0351142 -0.0243357 0.0160864 0.0067597 0.0668269 -0.00693083 -0.0509972 -0.0387613
0.029241 0.00776774 0.015958 -0.0176068 0.0145349 -0.0160267 0.0194234 -0.0495426 0.0314882 -0.0122359 -0.0070164 -0.0241296
-0.0983482 0.0739013 0.242474 -0.0619826 -0.00961018 -0.00819147 -0.0754691 0.0462056 0.286303 -0.0369644 -0.0256698 -0.00966894
0.0845399 0.00148811 0.230062 0.0255083 -0.0573837 0.15526 0.0865071 -0.0310604 0.220161 0.0207069 -0.0724743 0.137675
0.773626 0.791826 0.765255 0.0786838 0.254602 0.0550731 0.639584 0.752059 0.681919 0.00112277 0.162604 0.0147281
0.038429 0.682831 -0.362424 -0.103868 -0.224343 0.00495122 -0.147215 0.529847 -0.517686 -0.12225 -0.160449 -0.0301155
0.817295 0.796796 0.817212 -0.112803 -0.0184903 -0.0888477 0.686973 0.613213 0.618258 -0.131986 -0.0482474 -0.0384959
-0.347011 -0.306633 -0.271519 -0.17891 -0.0604007 -0.0502129 -0.33555 -0.333747 -0.354411 -0.122043 -0.0446567 -0.0416057
0.173043 0.184779 0.319721 0.0144908 -0.0116581 0.0552103 0.184436 0.0751377 0.306717 0.0324569 0.00892564 0.0960723
0.0663183 0.420128 0.182065 0.00322206 0.0309667 0.026518 0.00513303 0.335893 0.147254 -0.0329637 0.0833316 0.0520521
-0.0428372 -0.337246 -0.129785 -0.011005 0.0242715 -0.0805054 -0.212994 -0.349834 -0.265909 -0.029233 -0.0224243 -0.0593541
0.0657553 0.666993 0.284215 -0.113459 -0.0880522 -0.11606 -0.0761142 0.59974 0.248817 -0.109152 -0.0728569 -0.106427
-0.018927 -0.432029 -0.0725914 -0.0382981 -0.0318421 0.078417 -0.0413137 -0.445708 -0.0861862 -0.0582569 -0.0186453 0.0984875
-0.0376062 0.222432 -0.458321 0.00816627 0.130388 -0.198339 -0.12734 0.127495 -0.501113 -0.0153243 0.133952 -0.221075
0.856552 0.799735 1.01771 -0.0754877 0.0174517 -0.0840762 0.690722 0.667406 0.796547 -0.0702144 -0.0364174 -0.110462
0.225846 0.415234 0.091977 0.0320463 -0.266154 -0.154367 -0.00622389 0.215635 -0.079013 0.0289183 -0.263528 -0.203643
0.384191 0.408239 0.233167 0.0252799 -0.0918648 -0.0932459 0.329824 0.402262 0.131227 0.0449361 -0.0703436 -0.0750061
-0.271698 -0.315748 -0.340256 0.0814464 -0.0355753 -0.0857807 -0.391071 -0.367425 -0.450004 0.0411807 0.0331046 -0.0447458
-0.0340936 -0.180808 0.0612449 -0.00749098 -0.0730068 -0.154426 -0.0412845 -0.217368 -0.0924127 -0.0287963 -0.0949104 -0.195991
0.490007 0.00670372 0.436086 0.237283 -0.117627 -0.0441208 0.375595 -0.039407 0.550059 0.323822 -0.107643 -0.0598926
-0.196653 -0.310276 -0.342984 -0.0281868 -0.153683 -0.113859 -0.249079 -0.267835 -0.384543 0.0156641 -0.148237 -0.0599672
-0.309566 -0.120738 0.1147 0.0963117 0.356361 -0.0211859 -0.343205 -0.191582 -0.0352531 0.0853091 0.330284 -0.0330284
-0.297152 -0.435698 0.0175119 0.0749717 0.0761953 0.0369356 -0.369164 -0.421086 -0.0493229 0.0370464 0.0928687 0.0405849
-0.0421321 0.231947 0.101773 -0.00530237 -0.179509 -0.0320818 0.00034298 0.292493 0.0987783 0.024626 -0.200643 0.0598157
0.499161 0.743975 0.714686 0.226934 -0.250978 0.170002 0.608804 0.642418 0.70001 0.195633 -0.294122 0.165156
-0.431492 -0.536668 0.232578 0.218615 0.084754 -0.0927685 -0.571635 -0.759785 0.200655 0.196486 0.0392397 -0.0741674
0.437874 0.556569 0.0550675 -0.18607 0.0297433 0.224134 0.265906 0.420183 -0.0830873 -0.241308 0.0211896 0.163701
0.871732 -0.00189618 -0.255536 0.261039 0.0166858 0.730866 0.866999 0.0130253 -0.446044 0.287668 0.0694191 0.818524
-0.213996 -0.17879 -0.265148 0.00175581 -0.245837 0.0210594 -0.111356 0.0668859 -0.203228 0.0898877 -0.169402 -0.0614285
-0.259325 -0.365932 -0.347742 0.0441235 -0.112297 0.0976608 -0.243379 -0.169783 -0.320247 0.0522305 -0.060731 0.131963
-0.203254 -0.425265 -0.35703 0.0383909 -0.0586546 0.087448 -0.179842 -0.250733 -0.328854 0.0373326 0.00372871 0.148239
-0.165292 -0.442054 -0.353007 0.0324992 -0.0338367 0.0789748 -0.141575 -0.280695 -0.325281 0.0261788 0.0347687 0.151392
-0.273929 -0.108807 -0.215849 0.0277891 -0.247549 0.0770328 -0.311879 0.105073 -0.210056 0.0500992 -0.215743 0.0350243
-0.12248 -0.449746 -0.343393 0.0247068 -0.0104341 0.0694732 -0.100166 -0.303222 -0.316571 0.0127591 0.0648853 0.151384
-0.101714 -0.0132872 0.0805241 -0.127434 -0.0218975 -0.0768911 -0.0372969 -0.0348254 0.0283546 -0.0481714 0.0572035 0.0283097
0.105206 0.0737401 -0.244019 -0.262084 -0.0871199 0.145715 0.173187 0.189966 -0.272745 -0.184344 -0.0312817 0.133873
0.243849 0.154836 -0.0287932 -0.0922547 0.183011 -0.100845 0.137112 0.160979 -0.173641 -0.0155729 0.185331 -0.0678063
0.0786723 0.0734441 -0.130158 -0.254955 -0.102174 0.119452 0.089995 0.149427 -0.143992 -0.176827 -0.0472696 0.112137
-0.0651746 -0.204801 -0.160398 0.131479 -0.286562 0.0413644 -0.114449 -0.0446128 -0.222391 0.203495 -0.251474 0.00632837
0.0491754 -0.263464 -0.399717 -0.103715 -0.100678 0.174208 0.264585 -0.0378236 -0.406626 -0.0101555 0.0444134 0.155221
-0.0723071 0.0493019 -0.146258 -0.0790485 -0.0644385 -0.0808242 -0.182295 0.0188582 -0.165593 0.0668117 -0.220057 -0.11288
0.178954 0.0457181 -0.0588064 -0.117449 0.280948 0.0032681 0.128244 0.0679539 -0.130592 -0.0145299 0.318107 0.000177194
-0.0967968 -0.0154968 0.091538 -0.135519 -0.0202985 -0.0760321 -0.0457993 -0.0375743 0.0350124 -0.0631033 0.0688563 0.0331247
0.137529 -0.0157364 -0.0526151 -0.127325 0.292707 0.0581334 0.100117 0.00270826 -0.0881294 -0.007814 0.341374 0.039514
-0.166286 -0.286184 0.381122 -0.0658232 -0.0925438 0.0862945 -0.329264 -0.36909 0.468186 0.0346523 -0.0364363 0.0991405
-0.134389 -0.246111 0.200759 0.116219 -0.21735 -0.211747 -0.0751284 -0.159369 0.164371 0.182461 -0.0617732 -0.222437
-0.156797 -0.00875295 0.290119 0.107423 -0.243693 -0.233721 -0.188056 0.0541617 0.210653 0.147124 -0.161153 -0.282129
-0.118962 -0.318817 0.128697 0.110972 -0.200845 -0.166286 -0.0238342 -0.207563 0.11254 0.186238 -0.0240582 -0.172081
-0.156931 0.0375455 0.293592 0.102775 -0.248588 -0.223821 -0.204832 0.104612 0.207538 0.136643 -0.180875 -0.281849
-0.109164 -0.34597 0.0870659 0.105854 -0.190957 -0.137267 0.00246771 -0.22169 0.0789217 0.184899 -0.00628144 -0.142499
0.000452042 0.0185013 0.080123 -0.0934546 0.0010523 -0.134995 0.0740282 0.0152728 0.0407874 0.00669309 0.039889 -0.0588902
-0.0449657 0.061027 0.0378661 -0.128843 -0.144806 -0.0902515 0.0853032 0.0331959 -0.00637865 -0.0243017 -0.119487 -0.0265028
0.413735 0.239039 0.567854 -0.189544 0.0677899 -0.0429243 0.235024 0.0389317 0.348474 -0.197396 0.180016 -0.0488384
-0.0568729 0.0479226 0.206082 -0.167647 0.00486591 -0.0347092 0.0204386 -0.0192707 0.0592495 -0.0423596 0.0650892 0.0756454
-0.168809 -0.0386302 -0.0503624 -0.0994833 -0.0873954 0.0146931 -0.139169 0.0573262 -0.0488534 -0.038578 0.0443467 0.0316826
-0.0935816 -0.0158044 0.0952615 -0.142803 -0.023371 -0.0694284 -0.0573242 -0.0301682 0.0367324 -0.0771516 0.0781857 0.0378115
-0.0965187 -0.161038 0.37274 -0.117637 -0.158434 0.0350658 -0.251538 -0.200599 0.427446 -0.0310975 -0.104726 0.0564114
-0.149076 0.184085 0.2166 0.0635496 -0.286364 -0.125775 -0.257647 0.30542 0.127958 0.0762773 -0.266393 -0.22084
-0.0855602 0.109306 0.000140127 -0.0686964 0.0661874 -0.0251172 0.070255 0.141408 0.0231787 0.0583062 0.124069 0.0492773
-0.120437 0.0440089 0.0377281 -0.179693 0.0131633 -0.0139695 0.0373735 0.101609 0.0901545 -0.118364 0.0294676 0.0946466
-0.129863 0.062763 0.231228 -0.162494 -0.0123009 -0.0685029 -0.0856176 0.0017968 0.116882 -0.0384066 0.0277157 -0.0260087
-0.121821 0.0836525 -0.194937 0.197622 -0.0453491 -0.0353916 0.0414612 0.114771 0.0113199 0.2025 0.113243 0.148146
-0.489548 -0.630379 -0.3291 -0.513581 0.14646 -0.068752 -0.0171858 -0.165903 -0.0323867 -0.476457 0.243989 0.389076
-0.745978 -0.35818 -0.727582 -0.0642254 0.201681 -0.372886 -0.484116 -0.466614 -1.06238 0.0947323 -0.0329478 -0.563872
-0.637512 -1.22666 -1.11758 -0.146251 0.307065 -0.0496192 -0.426662 -0.794554 -1.1517 0.143612 0.424376 -0.195294
0.376425 -0.400133 0.18894 -0.13051 0.227941 0.119093 0.357681 0.112491 -0.0469193 0.16131 -0.0498554 -0.215944
0.52974 2.27586 2.70702 -0.903659 0.48183 -1.29488 0.791921 1.31433 2.53146 -0.849909 0.452071 -1.73169
-0.0109591 -0.0109255 0.0231543 1.62839e-05 -1.31372e-08 -3.32581e-08 -0.0114803 -0.0114803 0.0110821 0 0 0
0.0368111 -0.0520103 0.0600303 0.0165372 0.00305059 -0.00589037 0.0615397 -0.0475102 0.0113862 -0.00203325 0.000813299 0.00101662
-0.233902 -0.0678203 -0.0220907 0.0544751 0.000515269 0.00222914 -0.151852 0.00969408 0.0221769 0.054579 0.00059758 0.000331989
-0.181015 0.133419 0.136557 0.00688009 -0.00214133 -0.0108942 -0.173879 0.114134 -0.00278207 -0.00925037 0.00118238 -0.0149536
-0.0578523 -0.0458655 -0.00421846 0.00770014 -0.00585362 0.00937468 -0.0143698 -0.00920971 0.0383411 0.00182888 -0.00195951 0.0022861
0.144264 -0.191977 0.0876545 0.132002 0.000161465 -0.00268156 0.130463 -0.192236 0.00705204 0.116901 -0.000474656 -0.000745889
-0.0509348 -0.0337386 -0.00801307 0.0137681 -0.00711238 0.00803822 -0.0065912 0.00313245 0.0370021 0.00789639 -0.00287142 0.00189252
-0.0494664 -0.0497203 0.0599236 -0.0071046 0.00983942 -0.0186903 -0.022851 -0.022514 0.0265584 -0.00687553 -6.74072e-05 -0.000876293
-0.321388 0.0456119 -0.0274606 -0.109676 0.00162118 -0.00129074 -0.220146 0.120369 0.0203925 -0.100572 -0.00105935 -0.000397256
0.160211 -0.13738 0.0424013 0.0268867 0.0208549 -0.0217114 0.171868 -0.0979199 -0.00413549 0.0285979 0.00932237 -0.00273363
-0.087069 -0.0520468 -0.0250832 0.0350965 -0.00670628 0.013762 -0.0420744 -0.0154772 0.0299789 0.0262721 -0.00019509 0.00175581
-0.060976 -0.0507858 -0.00184363 0.00607516 -0.00706908 0.00748543 -0.0188209 -0.0152267 0.0363349 -6.53505e-05 -0.00365963 0.000588154
0.0810595 -0.0795605 0.152956 0.0800882 -0.00788297 0.0267721 0.0697137 -0.0878461 0.0192314 0.0776123 0.00741781 0.00432706
-0.0547767 -0.0116093 0.058208 0.0328131 -0.00111876 0.00182963 -0.0276703 0.0148407 -0.013107 0.0330795 0.00846058 -0.0122054
-0.053611 -0.0635076 0.0663639 -0.0168127 -0.00505228 0.00219852 -0.0375738 -0.0429314 -0.0413805 -0.0125481 0.00733147 -0.0187516
0.19698 -0.285691 0.153927 0.18379 -0.00859276 0.0326938 0.166953 -0.292338 0.0251319 0.172499 0.00588922 0.00280765
-0.136184 -0.0412283 -0.0195332 -0.0380238 -0.00500228 -0.00523687 -0.0491512 0.0452534 0.0134769 -0.0381846 -0.00528507 -0.00442625
-0.0976896 -0.223702 -0.025642 0.116444 0.00116239 0.0050626 -0.0213128 -0.138234 0.0159348 0.113403 0.0039837 0.00179267
0.223576 -0.234292 0.0932985 0.0938297 0.0161229 -0.000529766 0.214584 -0.214445 0.00326919 0.093485 0.0127985 -0.000695573
0.123425 -0.0382028 0.139791 0.00887464 0.00276062 0.0117908 0.11717 -0.0523657 0.00810913 -0.00838401 0.00776552 0.0038484
-0.093509 0.0611398 0.120702 -0.0362817 -0.0227963 0.0243366 -0.0963216 0.0595479 0.0257885 -0.0303433 -0.00810495 -0.000937762
-0.0900393 -0.077878 0.0131028 0.0140764 -0.00232282 -0.000459611 -0.0527799 -0.0455343 0.0341673 0.00917333 -0.00332367 0.000797681
0.138653 -0.237589 0.130953 0.137451 -0.00841383 0.0352344 0.119556 -0.243834 0.018409 0.128384 0.00787003 0.00349019
-0.198218 -0.188076 0.125191 -0.0118866 -0.00268908 -0.00390477 -0.211024 -0.191731 -0.00678444 -0.0115194 -0.00275618 -0.00424027
-0.119984 0.0717831 0.115828 -0.0377687 -0.0115977 0.0168033 -0.119178 0.053589 0.0137722 -0.0474528 0.0023181 -0.00320443
-0.0851779 -0.0608242 0.00291735 0.0260481 -0.00104832 0.0139424 -0.0460866 -0.0256768 0.041478 0.0206731 0.00289687 0.00651797
-0.160084 0.154616 0.0613261 -0.0995697 0.00291932 0.00272018 -0.137989 0.138125 0.000135549 -0.108507 0.00420203 0.00311763
0.0191839 -0.080828 0.0947848 0.0812213 -0.00760695 -0.000487447 0.0243306 -0.0738212 0.0095387 0.0814937 -0.00235011 -0.00670474
-0.249959 0.127274 0.0505333 -0.0256337 0.00278677 -0.0345605 -0.228751 0.141076 -0.0067711 -0.0203133 -0.00328084 -0.0201737
-0.0358071 -0.0256433 0.0371688 -0.0387174 0.00497356 -0.0314184 -0.00751844 0.012156 -0.014545 -0.0340789 -0.00569153 -0.014545
-0.0868812 -0.0828257 0.00914931 0.00713855 -0.000793632 0.00242486 -0.0519584 -0.0521577 0.0301651 0.00312282 -0.00166107 0.00292349
-0.0135117 -0.00461888 0.0284455 0.00663282 0.00600421 -0.0308117 0.017124 0.0233692 0.0234363 0.00557369 -0.00792404 -0.00490216
-0.150572 0.151815 0.13537 -0.0710483 -0.0156346 0.0283205 -0.161364 0.13107 0.0195226 -0.0657708 0.00100979 -0.000875149
-0.0724187 -0.01511 -0.0236526 0.0520664 0.00297617 0.0199837 -0.0299745 0.0191811 0.0236675 0.0429136 0.00819259 0.0100132
0.035121 -0.0701191 0.0865186 0.0794765 -0.00854892 0.00151594 0.0375027 -0.0642312 0.00352235 0.0802544 -0.00352235 -0.00511087
0.0187137 -0.146963 0.0313976 -0.0626763 -0.0191953 -0.00279577 0.0461497 -0.113303 0.0146807 -0.0630107 -0.0102474 0.00959333
0.125511 -0.0327272 0.196196 -0.150567 0.00259685 -0.00582187 0.111007 -0.0429285 0.00354124 -0.149238 0.002674 -0.00520345
0.0332472 -0.0491648 0.0591087 -0.0541535 -0.01937 -0.0142038 0.106087 0.0142681 -0.0861121 -0.0620242 -0.00595902 0.00142681
-0.0598271 -0.0472262 0.00369865 0.00401014 -0.00518462 0.00777067 -0.0323227 -0.022428 0.0272434 0.00131929 -0.00277052 0.0033642
-0.212446 0.215226 0.0591058 -0.125316 0.00263968 0.0057613 -0.193634 0.188348 -0.00596423 -0.129858 0.00501538 0.0044054
-0.0508118 0.0241084 0.083516 -0.0132476 -0.032178 0.0294746 -0.0422558 0.0137672 0.0067473 -0.0243312 -0.013222 -0.00163571
0.225708 -0.105764 0.135132 0.0796941 0.0068386 0.0126981 0.204265 -0.12432 -0.0101823 0.0613 0.0102511 0.00550393
-0.0101686 -0.000513792 0.0183271 0.00977013 0.00291793 -0.0347951 0.0203339 0.0270448 0.0197299 0.00852279 -0.0116769 -0.00771749
-0.0746043 0.165605 0.169261 0.236901 0.00220506 -0.0144141 -0.0940895 0.129789 0.00151757 0.215495 0.0054199 -0.0104785
0.155369 -0.212835 0.0215438 0.177421 0.0124846 -0.0091845 0.163046 -0.205114 -0.00719221 0.148322 0.00624229 0.0069208
-0.0776196 -0.0142424 0.0049966 0.0515821 0.0192409 -0.00555538 -0.0458057 0.013735 0.0246031 0.045539 0.0111347 0.0108013
-0.0835502 -0.0674136 -0.0439734 0.0132002 0.0012523 0.0127202 -0.0471113 -0.0390537 0.00643313 0.00604324 0.00636815 0.00630317
-0.184591 0.179386 0.0881468 -0.0483222 -0.00851904 -0.0134424 -0.178601 0.160727 -0.0366595 -0.0607019 -0.00602813 -0.0150703
-0.0472941 -0.0299983 0.000159621 0.00722443 -0.00157745 0.0106848 -0.0228912 -0.00857597 0.021308 0.00435395 0.00065969 0.00679481
-0.149467 0.159047 0.0607055 -0.045711 0.00992905 -4.58434e-05 -0.156851 0.137948 -0.0212071 -0.0488509 0.00623341 0.00630116
-0.251541 0.259413 0.0562118 -0.138957 0.00221484 0.00863766 -0.236068 0.224614 -0.0124032 -0.140502 0.00548996 0.00582884
-0.127065 0.032326 0.0871018 0.0329318 -0.0111469 0.0051218 -0.126289 0.0125602 -0.0106385 0.0177079 -0.00260814 -0.00693216
0.987577 0.476472 0.0775782 -0.502167 -0.0166326 -0.00664808 0.915689 0.45866 0.012264 -0.453698 -0.00014178 0.00241027
0.0634792 -0.092905 0.111348 0.0756647 -0.02784 0.0231574 0.0479433 -0.0972947 0.00898517 0.0766422 -0.0129413 -0.000670535
-0.0716875 -0.0581899 -0.0986385 0.012859 -0.0159852 -0.0116342 -0.028894 -0.0169736 -0.000842203 0.00913466 -0.0157427 -0.0136048
-0.102822 0.0792625 0.150707 -0.0403952 -0.00720607 0.0280484 -0.117119 0.0527926 -0.00109842 -0.0424949 0.0107782 0.00556073
0.0397766 -0.058753 0.115924 0.04563 -0.0113921 0.0270795 0.017961 -0.0731893 0.00168174 0.0475596 0.00430526 0.00141266
-0.284082 0.122055 -0.00637966 -0.0939855 0.00637807 0.0126131 -0.225217 0.155721 -0.00159305 -0.0819757 0.00856264 0.00564205
0.396044 0.0354612 0.0367441 -0.234787 -0.0257908 -0.00702874 0.43735 0.1022 -0.0205211 -0.227597 -0.0408799 -0.0104633
-0.0163298 -0.0266216 0.0686514 0.0313989 -0.0145932 -0.0171733 -0.0305894 -0.0480206 -0.0229251 0.0293007 -0.0165495 -0.0149217
-0.0680623 -0.0513666 -0.00679034 0.014191 -0.0187015 -0.0057012 -0.0339815 -0.0238984 0.0174163 0.0060237 -0.0168925 -0.0116545
-0.0604177 -0.0381997 -0.0297365 0.0213678 -0.0218501 -0.00743528 -0.022761 -0.00847831 0.0108262 0.0148044 -0.0183262 -0.0110218
-0.281272 0.053266 0.0974676 0.306533 0.00959536 0.0279869 -0.191911 0.105606 0.0831491 0.281885 0.00308232 0.0178334
-0.0196924 -0.0930343 0.0085153 0.052784 0.0158733 -0.035279 -0.00378268 -0.0725714 -0.0347446 0.0552691 0.00154109 -0.0135896
-0.0791342 0.003335 0.0533772 0.0561005 -0.000877593 0.0121286 -0.0793203 -0.0137742 -0.0293804 0.0436974 0.00379977 0.00631034
-0.0458651 -0.0174346 -0.0699396 0.0186853 0.00947218 0.0136034 -0.011928 0.00842742 -0.00596402 0.0114094 0.0129004 0.0112798
-0.555595 -0.327826 0.117534 0.241337 -0.0203273 0.00713987 -0.56257 -0.315857 0.00595818 0.248552 -0.00625242 0.00926829
-0.226163 0.0819087 -0.00756359 -0.0841851 0.00901 0.014679 -0.172376 0.115958 -0.00597377 -0.073411 0.0120139 0.0072349
-0.0534024 -0.00549316 0.0622084 0.0135174 -0.0142765 -0.0177612 -0.067502 -0.0289003 -0.0279506 0.0118044 -0.0166889 -0.0149929
0.13264 -0.150739 0.00462908 0.0407459 0.00182157 0.0192578 0.160261 -0.106929 -0.00935298 0.0443769 0.0108786 0.00716398
-0.956464 -0.368528 0.00536126 0.561436 -0.00840272 -0.00347154 -0.932365 -0.346071 0.0236954 0.561484 -0.00274837 -0.000519961
-0.0330079 -0.00849152 -0.00401676 0.0184767 0.0212216 -0.00336947 -0.0103651 0.0138659 -0.0327429 0.0173668 0.0151702 0.00384402
-0.0898366 -0.0651562 -0.101949 0.0200466 -0.0194362 -0.011797 -0.0505597 -0.0281319 -0.011538 0.0160754 -0.0182144 -0.0156216
0.246902 0.01373 0.0321741 -0.211404 0.00637826 -0.00168534 0.283937 0.0619422 -0.153208 -0.201883 0.0275487 0.0293233
-0.143494 0.216004 0.0763304 -0.0948261 -0.024681 0.0319434 -0.149214 0.187114 -0.0134286 -0.0939319 -0.0055214 -0.000272662
-0.731106 -0.155112 0.0927513 0.503157 0.00491354 0.0215371 -0.649358 -0.105716 0.0796025 0.483921 -0.00103862 0.00927336
0.104204 -0.0783074 0.121396 0.100721 -0.00500339 -0.00265916 0.0914325 -0.106487 -0.0333549 0.0821787 -0.00248608 -0.00863222
1.01591 0.428417 0.058943 -0.498846 -0.0201227 -0.00105391 0.958326 0.424818 0.0117137 -0.459107 -0.00575038 0.0124947
-0.0360291 -0.000805855 -0.0709612 0.0250918 0.0132767 0.0168219 -0.00440748 0.0222318 -0.0100465 0.0171114 0.0167873 0.0147132
0.162721 -0.0845978 0.0533744 -0.246788 -0.0265116 -0.0112725 0.220344 -0.0147588 0.0165936 -0.23247 -0.0595935 -0.0267253
-0.0579083 0.0513933 0.223483 0.0164907 -0.022804 -0.0301635 0.052519 0.131372 0.113468 -0.0105187 -0.0187248 -0.00746009
-0.0867074 -0.016026 0.0665032 0.104956 0.00556876 0.0165194 -0.0891836 -0.0373598 -0.0214562 0.087607 0.0149439 0.0035646
-0.055721 0.017185 0.0601264 -0.0303836 0.0144125 0.0222859 -0.0603618 0.0146081 -0.0153661 -0.0277692 0.0201895 0.0104737
-0.0437479 -0.0382757 -0.0172365 0.0088948 -0.000869527 -0.0410814 -0.0195044 -0.015751 -0.00160861 0.00784196 -0.0173596 -0.0128018
-0.147541 -0.013392 -0.00366226 0.0933674 0.0230976 -0.00301573 -0.124912 -0.0169314 -0.0259751 0.0675896 0.0174074 0.00999565
0.274333 -0.225675 0.0707062 0.119717 0.00384346 -0.00095053 0.242347 -0.239695 -0.0446024 0.10128 0.00649144 -0.00691024
0.0475001 -0.0967295 -0.00429577 0.00218061 0.00963272 0.019584 0.0797447 -0.0570552 -0.0153253 0.00736411 0.0167849 0.00961978
-0.0443459 -0.0115335 0.118936 0.0624665 -0.0117234 -0.0113823 -0.0542727 -0.0438889 -0.0378663 0.0444427 -0.00893008 -0.0170295
0.137505 -0.0868642 0.14133 -0.237367 -0.0261111 -0.0164165 0.216217 0.00249453 0.101395 -0.220546 -0.0253855 -0.0179019
-0.94644 -0.45198 0.0466706 0.39933 -0.0140404 0.00891888 -0.867802 -0.389703 0.0674558 0.398079 -0.0186214 -0.00613235
-0.328938 0.120696 0.00471115 -0.0490762 0.00126009 -0.0489199 -0.310238 0.129196 -0.0386046 -0.0445599 -0.0114903 -0.029006
-0.0741901 -0.0390942 -0.0136564 0.029541 -0.0209531 -0.00753087 -0.0449597 -0.0172367 0.0043911 0.0215623 -0.018613 -0.0134355
0.357996 0.0771544 0.202081 -0.241776 -0.0233786 -0.0238709 0.421178 0.150534 0.0843113 -0.236511 -0.0378417 -0.0186938
-0.0767517 -0.0350754 -0.0144597 0.03476 -0.0187033 -0.00514238 -0.0483803 -0.0140945 0.0022289 0.0271402 -0.0160612 -0.0112101
-0.0534315 -0.00749183 0.0648985 0.0466419 -0.0107721 -0.0199083 -0.0516143 -0.00332339 -0.0201438 0.0455101 -0.0134292 -0.0171595
0.726511 0.140644 0.0439324 -0.509716 -0.0169851 -0.0147892 0.716251 0.178944 0.0110156 -0.468995 -0.0488965 -0.0284503
-0.31952 -0.250196 0.0639131 0.0180699 -0.0329845 -0.00362593 -0.234674 -0.169322 0.0207939 0.0179839 -0.0667975 -0.0207939
0.0523925 0.149629 0.219117 0.00380139 -0.0122966 -0.0269533 0.158278 0.219063 0.115179 -0.0285346 -0.0083226 -0.0033439
-0.561105 -0.114327 0.0374834 0.404862 0.00559467 -0.00418466 -0.525623 -0.121331 -0.225403 0.38082 0.0657568 0.0376246
-0.590957 -0.330011 0.173271 0.289237 -0.0403527 -0.00590689 -0.483748 -0.241537 0.10874 0.275186 -0.037246 0.00427167
-0.0315185 -0.0109267 -0.0807235 0.0340861 7.98842e-05 0.00235338 0.026833 0.00452416 -0.0115444 0.0322152 -0.00218408 0.000780028
0.729709 0.177375 0.109198 -0.481355 -0.0162591 0.0106386 0.768921 0.244009 0.0874612 -0.450762 -0.0204727 0.00535329
-0.825288 -0.220709 0.107204 0.541993 -0.00557394 0.0142211 -0.739484 -0.166593 0.0510757 0.520463 -0.0399377 -7.95572e-05
-0.194216 0.0340269 0.0321186 0.226205 0.0002601 0.00131547 -0.160636 0.0209786 -0.234703 0.197027 0.0637063 0.0439266
-0.879321 -0.253144 0.101382 0.556222 -0.00949536 0.0164674 -0.795947 -0.195711 0.0456926 0.539125 -0.0436956 0.00103847
-0.222125 -0.095793 0.156158 0.0995266 -0.0189182 -0.00220998 -0.117656 0.00480982 0.106334 0.0993043 -0.0155394 0.00177593
0.0544715 -0.151712 0.105893 0.0307608 0.0317389 0.0240381 0.0337839 -0.167371 -0.0249156 0.0226634 0.0319539 0.0275198
-0.316352 -0.116792 0.159992 0.178302 -0.019494 0.00144247 -0.212622 -0.0193698 0.107981 0.175589 -0.0161786 0.00682765
-1.16377 -0.315547 0.0717464 0.671345 -0.029 -0.00982518 -1.1342 -0.278641 -0.0618063 0.667064 -0.0227932 -0.00734164
-0.0576572 -0.141474 0.227743 0.00639032 -0.0296938 -0.0401486 0.0349576 -0.0478007 0.0908138 0.00281181 -0.0347296 -0.0318418
-0.118991 0.116851 -0.0155081 -0.238975 0.00474073 0.0604691 -0.0457664 0.196672 0.0379031 -0.240759 0.00759828 0.0547783
-0.154118 -0.207739 0.230928 0.0374545 -0.034896 -0.0447177 -0.0600564 -0.114785 0.0914928 0.035775 -0.038972 -0.0358512
0.56972 0.500599 0.0112593 -0.101708 -0.0181575 -0.0088726 0.53103 0.449705 -0.0432042 -0.0906652 -0.0265579 -0.00686184
-1.46802 -1.60128 0.0400183 0.0810755 -0.0190429 0.00576364 -1.3935 -1.50208 0.0198104 0.097046 -0.008526 -0.00827524
-0.199535 0.404118 -0.0181429 0.13249 0.022534 -0.00745321 -0.0959579 0.461562 0.0171047 0.135913 0.0223219 -0.00607579
-0.443381 0.684782 -0.0267359 0.170795 0.0551197 -0.0180862 -0.426456 0.627149 0.000773383 0.186256 0.0522678 -0.0161766
-0.077847 -0.772271 -0.042188 0.184116 -0.0086475 0.0062379 -0.00923425 -0.779355 -0.00907774 0.176781 -0.0142427 -0.0025042
0.54606 0.219501 0.268055 -0.0191199 0.14443 0.0269139 0.36203 -0.10991 -0.118748 -0.0287096 -0.0674889 -0.0262992
0.560898 0.233251 0.274532 -0.0389198 0.132579 0.0440845 0.373095 -0.0812651 -0.086271 -0.0467567 -0.0593779 -0.0100649
0.322135 0.173191 0.217514 -0.183825 0.126768 0.150521 0.164724 -0.0797923 -0.0892232 -0.153703 -0.0208223 0.123662
0.226085 0.477602 0.445992 0.0447053 -0.108168 -0.0215717 0.0797152 0.149493 0.0417176 0.0499549 -0.253176 -0.0200351
0.237912 0.474324 0.443027 0.0489751 -0.0837661 -0.0248391 0.0861995 0.0967116 -0.0449057 0.0602156 -0.289973 -0.0263612
-0.38364 0.190283 -0.107172 0.0163637 0.104604 0.0131149 -0.342753 0.175628 -0.0670025 0.0303922 0.0981561 0.000190348
-1.55069 -1.41581 0.00620343 -0.0123929 -0.0208798 -0.0263589 -1.52124 -1.36944 -0.0179413 -0.0174692 -0.0193578 -0.0325777
0.027873 0.0278835 0.0265291 0.00102472 -0.000443292 0.000423121 -0.000185269 0.000222323 -0.00118572 0.000926345 -0.000111161 -0.000148215
0.255656 0.375215 0.327892 0.209075 -0.0402114 -0.186141 0.11359 0.135084 0.0515652 0.180008 -0.138588 -0.167404
0.40707 -0.335383 -0.0241669 -0.236996 -0.0796238 0.0237857 0.479564 -0.294579 0.00773048 -0.207492 -0.0684798 0.0428255
-0.17056 0.322991 0.34763 -0.0860517 -0.00913779 0.0396431 -0.268423 0.0489727 0.0509845 -0.0882038 -0.128758 0.0092651
-0.164277 0.195725 0.257562 -0.0295548 0.063918 -0.00349981 -0.228702 0.0496099 0.123533 -0.0382808 0.00455232 -0.0137604
0.672773 -0.264038 -0.057883 0.0191923 -0.0497216 0.0223856 0.729641 -0.254297 -0.00903558 0.0161195 -0.0540689 0.0136618
-0.145787 0.344236 0.352801 -0.119288 -0.00413251 0.0849869 -0.262795 -0.0200023 -0.0850505 -0.114918 -0.206203 0.043257
0.135061 0.053339 0.123228 0.082515 0.236937 -0.045446 -0.0114606 -0.31464 -0.40865 0.0949511 -0.0561956 -0.0419114
0.117045 0.145637 0.180029 0.116619 0.17314 -0.0782072 -0.0267777 -0.243826 -0.376661 0.128123 -0.128732 -0.0705201
0.32435 0.305026 0.264399 0.191424 -0.0081176 -0.179022 0.184336 0.113688 0.0550573 0.155745 -0.083078 -0.159474
0.10657 -0.191919 -0.217742 0.137457 0.144683 -0.0450297 0.0435165 -0.227261 -0.270215 0.158385 0.147618 -0.0802428
-0.0241437 -0.254697 0.218692 0.0666324 -0.0132926 -0.269774 -0.0391374 -0.302598 0.175913 0.118492 -0.037201 -0.348029
-0.0782779 0.0483638 0.167923 -0.00410216 0.170108 0.00181358 -0.119404 0.0063432 0.141631 -0.0194863 0.135491 0.00806855
-0.217486 0.0790305 -0.154255 0.0583399 -0.122667 0.0356637 -0.240708 0.0267536 -0.211369 0.0584533 -0.12856 0.0411047
-0.0424256 -0.153126 0.223707 0.134234 -0.0297106 -0.250545 -0.0450396 -0.181755 0.19204 0.185877 -0.047416 -0.336405
-0.0422262 0.0190517 0.152869 -0.00496265 0.196328 0.011042 -0.0811836 -0.00616712 0.140074 -0.0222421 0.16075 0.019664
-0.105387 0.180734 -0.283106 0.165454 -0.0110517 -0.0467375 -0.136104 0.165472 -0.317513 0.181484 0.00976445 -0.0861217
-0.00124669 0.0612826 -0.521978 -0.034478 -0.0808482 -0.314832 -0.0378572 -0.0239197 -0.582361 0.0181187 -0.0983158 -0.378987
0.00771713 0.0389035 -0.508477 -0.0902973 -0.0962077 -0.310036 -0.0313971 -0.0517129 -0.574759 -0.0447776 -0.116316 -0.364327
-0.034296 0.136094 -0.145834 0.276349 -0.0564677 0.0900174 -0.0201666 0.161189 -0.126421 0.279153 -0.0250095 0.101122
-0.180717 0.0228899 -0.230932 0.0487856 -0.0364695 0.118317 -0.233778 -0.0228168 -0.290029 0.0300459 -0.0295188 0.142436
1.53188 0.877463 0.899765 -0.632071 -0.553213 0.515443 1.24712 0.810508 0.921732 -0.558835 -0.308375 0.369051
-0.364689 0.0375278 0.286518 0.276655 -0.0113063 0.0404336 -0.297674 0.0833249 0.0910761 0.29365 0.0598479 0.0750521
-0.0794878 0.0821028 0.159859 0.266007 -0.059276 -0.18735 -0.0508583 0.0924763 0.155236 0.310287 -0.0623532 -0.279055
0.0351502 0.193523 0.225724 0.0291225 0.117262 0.0197095 -0.0798685 0.0321105 0.137056 0.0014781 0.0811937 -0.000611628
0.13967 -0.0523044 0.111738 -0.0307611 0.259588 0.0593115 0.0941329 -0.0433152 0.118291 -0.0528185 0.216476 0.0704747
0.407235 0.0422708 0.103694 0.0107397 0.171223 -0.00802445 0.314572 -0.00408142 0.0479189 -0.0213645 0.117908 0.00277134
-0.172265 -0.136595 -0.282572 0.0992517 -0.00114217 -0.0115561 -0.263901 -0.263333 -0.204398 0.145539 0.000719179 -0.021916
-1.07392 -0.0358667 -0.0203627 -0.224992 -0.101599 -0.0186043 -1.03667 -0.0572892 -0.0815994 -0.215588 -0.118222 -0.0396376
-0.107279 0.461337 -0.0437324 0.150394 -0.0834002 0.0865021 -0.0976438 0.466754 -0.0449981 0.131928 -0.0568942 0.0849719
-0.00727892 0.115294 0.185859 0.269486 0.00773074 -0.108939 0.020398 0.159797 0.193339 0.307922 0.0222022 -0.190836
-0.358391 -0.293379 -0.233882 0.175491 -0.023678 0.0278063 -0.525415 -0.415682 -0.153719 0.245927 -0.0314615 0.0497887
-0.288922 -0.223007 -0.240757 0.150491 0.000576451 0.0487989 -0.397228 -0.391209 -0.178993 0.185279 0.00217169 0.0567306
-0.350707 -0.205422 -0.266495 0.170092 0.0128123 0.0531213 -0.472517 -0.36848 -0.20067 0.201777 0.0187007 0.0582775
0.0251081 -0.00638771 -0.0523467 0.0377173 -0.0228421 0.0118472 0.00468405 0.00531603 -0.0489595 0.0324538 -0.00464688 -0.0156507
-0.123548 -0.0279667 -0.157699 0.0320149 0.0789458 0.142958 -0.162308 -0.0405301 -0.193928 -0.00312059 0.0984678 0.175129
0.0533824 0.103104 -0.223345 -0.0224417 0.00429372 -0.0472745 0.0341982 0.0328198 -0.115 -0.00946225 0.00327826 -0.0550226
-0.112972 0.490073 0.0431869 0.139247 -0.0931059 0.130846 -0.0942255 0.501959 0.0541852 0.109881 -0.0648675 0.139938
0.154304 -0.0188422 -0.101524 -0.116774 0.0315099 0.00404819 0.0882443 -0.0668608 -0.000185621 -0.11928 0.0215321 0.017931
-0.136105 -0.156737 0.0845904 0.0445454 0.0839059 0.311704 -0.187812 -0.163617 0.0894627 -0.0205734 0.116122 0.35393
-0.215274 0.172074 0.225706 0.0992365 0.135608 -0.0448497 -0.300702 0.0443592 0.188261 0.0676768 0.11588 -0.0541212
-0.00376749 0.190188 0.247875 0.0658364 -0.11049 0.282023 0.0239027 0.179804 0.18264 0.0131851 -0.119955 0.35552
-0.183587 -0.0518023 -0.0401923 0.109346 0.280693 -0.0461475 -0.19523 -0.0569211 -0.056365 0.0828035 0.210446 -0.0176425
-0.0159769 -0.269479 -0.02897 -0.12144 0.0135477 -0.00102264 -0.0383503 -0.321414 -0.126808 -0.140893 0.00924012 0.031176
0.143212 0.0985994 0.0422816 -0.0272588 0.00949141 0.0612986 0.122527 0.0809579 0.16502 -0.0173297 0.00949621 0.0477027
0.302078 0.107561 -0.00651407 -0.107664 -0.00936133 -0.0546515 0.388989 0.0369558 0.133121 -0.166851 -0.0356359 -0.0387156
0.0609477 -0.129432 0.31952 -0.157991 -0.0589014 -0.327451 0.0630711 -0.154256 0.32538 -0.131654 -0.0919987 -0.362224
0.015173 0.145344 0.316535 0.0768809 -0.0834883 0.276567 0.0422413 0.139429 0.242473 0.0272893 -0.097446 0.352072
0.0755277 -0.0503254 0.316597 0.108014 0.0381073 0.211883 0.0746481 -0.0549863 0.229387 0.0765735 0.0207726 0.269933
0.0890903 -0.00287867 -0.132982 -0.00850157 -0.012709 0.0208567 0.0227347 -0.0170417 -0.0199068 0.00226975 0.00226975 -0.0120185
-0.0432541 0.0773895 -0.35647 -0.0615036 0.0118706 0.259363 -0.0257472 0.0539643 -0.407352 -0.130383 0.00381717 0.362519
-0.0375924 -0.0383394 -0.263575 -0.0101229 -0.0257557 -0.0181586 -0.0540177 -0.159798 -0.165887 0.00593932 -0.0374403 -0.0212011
-0.401844 0.068779 -0.303246 0.267061 0.0407903 0.0653412 -0.536442 -0.0134859 -0.21513 0.264565 0.0709902 0.0451928
-0.180799 -0.00569105 -0.232409 0.276049 0.0765776 -0.0274138 -0.343082 -0.0293403 -0.130468 0.350389 0.0764581 -0.00967967
0.0271163 -0.0597901 -0.0900698 0.00103875 -0.0431663 -0.0375498 -0.0146692 -0.0812594 -0.132247 -0.00888367 -0.0232916 -0.0635294
-0.104323 0.428416 -0.134646 0.413112 -0.0441081 -0.00491299 -0.0671441 0.473002 -0.114444 0.42851 -0.0180701 -0.067218
-0.0130749 -0.0973287 -0.16786 -0.0961205 0.00148406 -0.055306 -0.0711118 -0.140572 -0.048371 -0.0603794 0.00018763 -0.0270938
0.0527341 0.339396 -0.0819311 -0.320704 -0.0827746 0.0770575 0.0985247 0.326108 -0.0572733 -0.365481 -0.0970146 0.175356
-0.0508974 0.111636 -0.0724976 0.00346434 -0.0408269 -0.0532398 -0.118113 0.0817073 0.0238235 -0.0391599 -0.0811862 -0.0148153
0.448273 0.159987 0.0371602 -0.213652 -0.0473812 -0.00696426 0.484431 0.201209 0.178193 -0.203612 -0.0290615 -0.0294621
-0.362972 -0.0709014 -0.145241 0.189207 0.0387991 0.033839 -0.45236 -0.213487 -0.0599933 0.240581 0.056009 0.0442076
-0.177147 0.207954 -0.220122 0.23486 0.0210807 0.044365 -0.268997 0.19072 -0.121303 0.183094 0.0493062 0.0176814
0.0798538 -0.0588105 -0.223889 -0.344295 -0.0323825 -0.118784 0.112243 -0.0913495 -0.236858 -0.363716 -0.0695587 -0.0545705
-0.0329361 0.190603 -0.172038 0.14432 0.00782177 0.0161235 -0.0982831 0.18615 -0.0637984 0.0680765 0.0231014 -0.00119041
0.0776255 -0.0888119 -0.212265 -0.0596315 0.0882009 -0.146147 -0.00468037 -0.121165 -0.188974 -0.0742868 0.106525 -0.176281
0.0393879 -0.0126336 -0.12769 -0.0166821 -0.0242185 0.0206441 -0.0516328 -0.0227781 -0.0239338 0.00436176 -0.0057784 -0.0234118
-0.0655091 -0.0182531 0.0302939 0.0437043 0.158524 0.0961678 -0.0468618 0.0235426 0.0449992 0.00447012 0.179066 0.128516
-0.014514 0.059248 -0.0142395 0.00587267 0.00465423 -0.0419769 -0.0516006 0.00208789 0.0897419 -0.00119308 -0.00197604 -0.0277018
-0.0110295 -0.0129406 -0.121678 -0.0184148 -0.0308867 0.0106224 -0.120333 -0.0268734 -0.0188487 0.0121677 -0.0143325 -0.0266495
-0.0320828 -0.199973 0.438242 -0.252812 -0.058662 0.112201 -0.0431017 -0.18394 0.431424 -0.304041 -0.0520473 0.166381
-0.0600448 -0.0707612 -0.0803906 0.0149473 0.0213562 0.0897547 0.0150802 -0.0654978 0.00377006 0.0311171 0.0070337 0.0105787
0.131001 0.0242419 -0.0083847 -0.00474229 0.00163424 0.120551 0.145804 -0.0274747 0.111378 -0.0979178 0.0435971 0.0738821
0.242872 0.0610976 -0.0913124 -0.122487 -0.00562753 -0.0660969 0.222607 0.0426268 0.0260867 -0.229933 -0.0271968 -0.0484362
0.248385 -0.607847 0.639573 -0.512004 -0.44786 0.301082 0.454206 -0.496187 0.715096 -0.459226 -0.330332 0.13416
0.24752 0.339845 -0.054122 -0.0545933 -0.0233972 -0.0486579 0.247763 0.398142 0.0717469 -0.118553 -0.0684873 -0.0022707
0.314003 0.0678635 -0.13742 -0.403739 -0.054103 -0.0195511 0.264961 0.11619 -0.00214006 -0.443767 -0.0412883 -0.0461588
-0.0310459 -0.0118725 -0.0200555 -0.152443 0.0624156 -0.00523294 -0.151894 0.00152863 0.0839256 -0.158046 0.0549935 0.0204315
-0.0997233 0.0475221 0.115877 0.0394971 -0.0140733 -0.0579085 -0.0163304 0.0620333 0.0972434 0.0164412 -0.0219463 -0.0190275
-0.102198 0.0468864 0.124828 0.0561444 0.0283059 -0.0241889 -0.0110053 0.0848662 0.13487 0.0289904 0.0272178 0.0122609
0.348705 0.114067 -0.143358 -0.366289 -0.061006 -0.0190804 0.310889 0.18604 -0.00202497 -0.398 -0.0487099 -0.0510294
0.376419 0.155925 -0.150112 -0.310738 -0.0671504 -0.0165696 0.348378 0.248899 -0.00264591 -0.331768 -0.0559316 -0.0521465
0.37429 -0.145324 -0.198803 -0.150791 0.0867031 -0.0157841 0.402756 -0.226734 -0.0937594 -0.1108 0.061018 0.0115711
0.0860932 -0.028827 -0.154543 -0.0476895 -0.0180854 -0.00116344 0.239153 -0.00426958 -0.0775827 -0.0480889 -0.0279208 -0.0488754
0.0444992 -0.0242102 -0.0788262 0.0287196 0.0129624 -0.0686571 0.199502 -0.000336522 -0.0227713 0.027034 -0.00291653 -0.12098
0.424554 0.192855 0.532334 -0.0424809 0.0536387 0.0253445 0.465923 0.395141 0.57114 -0.0582811 -0.0174157 0.0405041
0.0780128 0.323258 0.209332 -0.660834 0.0567547 0.720758 0.116812 0.458416 0.35268 -0.566592 0.19576 0.614897
-0.678929 -0.741988 -0.103172 0.00378603 0.0300808 -0.0237699 -0.719176 -0.738669 -0.129756 0.0360434 0.0541387 -0.0100774
-0.729999 -1.12812 0.0676558 -0.400209 -0.0610183 0.11903 -0.6946 -0.988579 0.0160438 -0.36995 -0.0449461 0.112896
-0.299343 -0.0707202 0.0600418 -0.21401 0.082549 -0.199762 -0.349265 -0.0663003 -0.0234289 -0.169877 0.0636427 -0.168898
0.285109 -0.198577 -0.173407 -0.0902863 -0.018996 0.0917223 0.348597 -0.196368 -0.0960109 -0.0342049 -0.0305925 0.0248917
-0.346765 0.0417989 -0.0266165 0.00171852 -0.00274506 0.024243 -0.242843 0.0641524 0.0605414 0.0473385 -0.00643217 -0.0212713
-0.357068 -0.00297165 -0.0345337 -0.00902642 -0.0139135 0.0294116 -0.250158 0.0211998 0.0487313 0.0341458 -0.0192777 -0.0145855
0.0285532 -0.0999026 -0.413 -0.084262 -0.00347325 -0.0872845 0.0276658 -0.0754111 -0.374527 -0.0642013 -0.0493305 -0.107531
-0.154389 0.0174034 -0.0779169 0.140893 -0.0727051 0.0848067 -0.182653 0.0109344 -0.00465933 0.121331 -0.0762402 0.0308493
0.614038 0.686263 0.969991 0.010377 0.104907 -0.0607604 0.971216 1.07737 1.25679 0.0185336 0.0847843 -0.0396951
0.337606 -0.0915332 -0.206236 -0.107242 0.0251034 0.128489 0.405718 -0.0967851 -0.138345 -0.0460774 0.0100512 0.0644858
-0.362242 -0.0541741 -0.0438972 -0.0202136 -0.0237053 0.0363874 -0.253436 -0.0289463 0.0347242 0.0205626 -0.0302492 -0.00645769
0.266059 0.0933471 0.0824869 0.0663994 -0.0638428 -0.0393107 0.313408 0.106201 0.14941 0.0768049 -0.0605598 -0.120899
0.0210514 -0.0658199 -0.027071 0.149093 0.0726501 -0.136044 0.132925 -0.0545691 0.0118653 0.137514 0.0377226 -0.192419
0.0803243 0.240296 -0.140752 0.208558 0.036782 0.167322 0.1342 0.228544 -0.0730981 0.224395 0.0220864 0.113235
-0.157239 -0.132878 -0.101198 0.00119968 -0.0804479 0.0298224 -0.0952105 -0.150478 0.0031549 -0.00574643 -0.119717 -0.0384222
0.0365082 0.0347245 -0.0898165 -0.0235647 -0.0383874 0.156842 0.135109 0.0604362 0.014687 0.0167128 -0.043442 0.0800189
-0.480282 -0.016167 0.0936486 -0.0625027 -0.0689387 0.128787 -0.431574 -0.0665398 0.185858 -0.0452471 -0.0712967 0.138176
-0.244488 -0.221425 -0.0860296 -0.0685615 -0.0452307 0.101891 -0.178367 -0.223527 -0.0571047 -0.0383352 -0.0521564 0.0468668
0.0935097 0.0223258 -0.146685 -0.0325592 0.0430497 -0.0228422 0.0420874 0.0131244 -0.0500066 0.039522 -0.00509361 0.0398566
-0.303891 -0.103155 -0.0926732 -0.123375 0.0985749 -0.0390069 -0.296512 -0.12736 -0.0425854 -0.1072 0.0740147 -0.102103
-0.610292 -0.377857 0.0820885 0.422654 0.0521306 -0.0503181 -0.556489 -0.307853 0.0543183 0.459695 0.0652843 -0.019154
0.340056 0.108738 -0.324466 0.0904269 0.121665 0.200888 0.404076 0.0719681 -0.276927 0.122272 0.115353 0.130098
-0.00714624 0.187768 -0.0556281 0.0625063 0.0232852 -0.0863517 0.0483055 0.168123 0.0225945 0.0582115 -0.0230397 -0.146308
-0.456877 0.00598264 0.0880372 -0.100363 -0.0675486 0.131054 -0.405944 -0.0446142 0.178627 -0.0776786 -0.0698088 0.143581
-0.118977 -0.144502 -0.159556 -0.119187 -0.0580109 0.0111177 0.0168208 -0.112234 -0.0980268 -0.0762052 -0.0425067 -0.0101152
-0.0403914 0.134513 -0.059034 0.00478615 -0.0322091 -0.0338919 0.00301297 0.117171 0.0333659 0.00541219 -0.0771098 -0.0964709
-0.200741 -0.0801524 -0.109558 -0.130309 0.0824762 -0.00290424 -0.170161 -0.0847696 -0.0666854 -0.12139 0.0588866 -0.077875
-0.102236 -0.116372 -0.156001 -0.163979 -0.0692417 0.00550331 0.0300877 -0.085097 -0.0954858 -0.118704 -0.051149 -0.0172578
-0.0515747 0.173564 0.0290409 0.127375 0.119903 0.097327 0.0304432 0.13027 0.0996578 0.114514 0.0985886 0.0503072
-0.155196 0.000257969 -0.114218 -0.114657 0.0703621 0.0215134 -0.108678 0.00456819 -0.0667746 -0.111441 0.0470355 -0.0569614
-0.0598835 -0.0663973 -0.170114 -0.232257 -0.0244513 -0.00118043 0.0322164 -0.0486913 -0.11335 -0.171068 0.00338526 -0.0426543
-0.37369 0.0612063 0.0480202 -0.197047 -0.052152 0.135284 -0.321423 0.0100215 0.135318 -0.160853 -0.0558824 0.149982
-1.11042 0.585336 0.832484 -0.331313 -0.56322 0.484579 -0.997456 0.753777 0.858775 -0.269966 -0.32239 0.465619
-0.0921643 -0.159837 -0.184889 -0.0307598 -0.0176499 -0.0101573 -0.110452 -0.19436 -0.184269 -0.0452722 -0.0317259 -0.0105622
-0.1147 0.207411 -0.0663286 -0.110658 0.108297 -0.140765 -0.00840404 0.20965 -0.0115062 -0.0922752 0.0649198 -0.199723
-0.123036 0.0181861 -0.119254 -0.100733 0.0511251 0.0208447 -0.0502468 0.0102854 -0.0540125 -0.032992 0.074752 -0.0292825
-1.04262 -1.29824 0.242359 0.400934 -0.0847206 0.115404 -0.997037 -1.2286 0.0409427 0.382422 -0.066522 0.0693729
0.254142 -0.000243823 0.0206532 -0.338144 0.191855 0.270982 0.249723 0.0551286 0.110686 -0.3373 0.148137 0.269687
-0.00805044 0.0486709 0.00769174 -0.0147407 0.0607787 -0.0585434 -0.0591999 0.0149263 0.0168698 0.0100286 0.0502597 -0.0511537
-0.215615 -0.0127077 -1.106 -0.00864327 0.0309476 -0.0339576 -0.270958 -0.0923259 -1.05608 -0.0038654 0.0204676 -0.0301628
0.176829 0.0820204 -0.207261 0.0195973 -0.117069 -0.0393495 0.137932 0.03673 -0.143652 0.0105832 -0.122602 -0.0266137
-0.198723 -0.16375 -0.191375 0.0359454 0.195403 0.176698 -0.193097 -0.159 -0.112985 0.0307424 0.215552 0.224708
0.0487859 0.0225642 -0.057646 -0.0364556 0.0901839 0.0503456 0.0728045 0.0456387 0.0832052 -0.0290287 0.0716015 0.0392353
-0.241876 0.0471098 -0.313576 -0.110049 -0.0069126 0.123269 -0.325533 -0.0459012 -0.253522 -0.0934009 -0.0485654 0.0371853
0.614161 0.454923 -0.0936145 -0.324983 0.200239 0.0133183 0.682823 0.418288 -0.100817 -0.319701 0.212193 0.018736
0.0265826 -0.0326866 -0.00630784 -0.0203994 -0.24008 -0.181388 -0.036229 -0.0783467 0.111768 -0.0209808 -0.307888 -0.2086
-0.0538213 -0.0724695 -0.238513 -0.0219228 -0.106874 -0.114568 -0.110861 -0.10933 -0.211398 -0.0212379 -0.151413 -0.186077
0.0240306 -0.0803541 -0.115926 -0.0809812 -0.0589486 -0.0177485 -0.0131916 -0.111443 0.00551931 -0.0806759 -0.0759004 -0.0142484
-0.0192894 -0.032424 -0.186689 -0.0236845 -0.135574 -0.144872 -0.0769766 -0.0693455 -0.15771 -0.0245762 -0.186826 -0.223573
0.271937 0.045988 -0.0797235 -0.00580353 0.0138426 0.0143252 0.20386 0.00450177 -0.00283301 -0.00143591 0.0078781 0.0176966
0.455066 0.743018 0.173541 -0.166262 -0.00702162 0.290363 0.534384 0.671539 0.203287 -0.125996 -0.0165466 0.186246
0.0958903 0.0118706 -0.247602 -0.0515003 -0.0726682 0.0100414 0.0440238 -0.0411646 -0.214205 -0.0565181 -0.0616881 0.0202102
-0.0393754 0.0972476 -0.000795484 0.0542718 -0.0542468 0.00279551 -0.0165712 0.113165 0.090734 0.0604635 -0.0435042 0.00403607
0.0514553 0.0558772 -0.0632198 -0.0196523 -0.181048 -0.194779 -0.00252663 0.023245 -0.0290757 -0.0262381 -0.24345 -0.282555
0.0439899 -0.0386088 -0.132794 0.0103016 -0.147554 -0.111191 0.00733763 -0.0739618 -0.0829777 -0.00601061 -0.164824 -0.180084
-0.169551 0.208784 -0.0693853 -0.196025 0.0156165 0.0829432 -0.171488 0.104177 0.0499298 -0.179447 0.0296951 0.0294323
0.0850039 0.100536 0.00228488 -0.0145757 -0.197147 -0.213634 0.0355261 0.071982 0.0388966 -0.0242523 -0.263947 -0.302921
-0.0418867 -0.0910925 -0.000199318 0.0302153 0.0745757 0.00788348 -0.040888 -0.0797472 0.0397175 0.0162694 0.0479497 -0.00191175
-0.00599825 -0.0127028 -0.200219 0.0291404 0.169727 0.140087 -0.00646568 0.0215003 -0.160006 0.0212666 0.227701 0.140064
0.0685811 0.105993 0.0369606 0.0126229 0.0641063 0.0250455 0.0308234 0.106375 0.133607 0.0117422 0.129242 0.0243343
-0.179193 -0.145227 -0.0786552 -0.0364905 0.166388 0.0560735 -0.200606 -0.121077 -0.0297499 -0.0342574 0.169876 0.0341398
-0.328883 -0.545474 -0.233267 -0.196616 -0.115736 0.0142774 -0.312629 -0.557179 -0.145394 -0.146614 -0.0864929 -0.060179
-0.0217671 -0.0687625 0.00793457 0.0366034 0.0730324 0.00328264 -0.0221763 -0.0538234 0.0524983 0.0238132 0.046847 -0.00666459
0.0394647 0.00853586 -0.0145431 0.0164148 -0.0315503 0.0379731 0.00676138 0.0106861 0.103674 0.0229265 -0.0108415 0.0967577
-0.0204769 -0.0908877 -0.0456601 -0.000894576 -0.0757482 -0.0775112 -0.0448735 -0.0988778 0.0121744 -0.0124865 -0.0866254 -0.142464
0.106209 0.146816 -0.121792 0.00870423 -0.0919062 -0.0928298 0.0613987 0.137372 -0.0612436 0.012365 -0.0882994 -0.0726396
0.133669 0.116134 -0.0911872 0.00117075 0.0536358 0.0708124 0.142155 0.119996 0.0666728 0.00768406 0.0495583 0.0571259
0.255894 -0.681899 -0.0504974 0.0790268 0.0224986 0.0457289 0.201593 -0.651868 -0.129626 0.0360983 0.0412497 0.0419366
0.050616 0.0294096 -0.0523584 0.0391825 0.0197975 -0.0478366 0.0364117 0.041036 -0.00287563 0.0304662 -0.00104922 -0.052422
-1.15782 -0.0055182 -0.0697929 0.209458 -0.306732 0.196572 -1.09452 0.0461332 -0.0651514 0.219368 -0.268703 0.187922
0.104369 0.0945022 -0.0491037 0.0105461 -0.094026 -0.0393541 0.0597632 0.0912339 0.0455782 0.0189909 -0.0799944 0.000503841
-0.262503 0.0838474 -0.942916 -0.76184 -1.68682 -1.01583 -0.0915219 -0.0936456 -0.973318 -0.830574 -1.53246 -0.994555
-0.025062 -0.0366027 0.0714575 -0.0587025 0.0750528 0.113723 0.0330265 -0.000605066 0.1015 -0.0661035 0.0376654 0.104323
-0.139095 -0.0976306 -0.0153469 0.0612405 0.118881 0.0329253 -0.120378 -0.0278997 0.0785093 0.0476441 0.124163 -0.0302409
0.34259 -0.17423 -0.0643375 0.159902 0.0877529 -0.0832766 0.390293 -0.0625792 0.005927 0.133456 0.0363522 -0.08362
0.495871 0.746647 -0.406093 -0.228206 -0.0184166 -0.411147 0.526957 0.766277 -0.217818 -0.0579817 -0.0377848 -0.35852
-0.0712161 -0.00286591 -0.138443 0.0929177 0.060694 0.035575 -0.0983155 0.0229077 -0.106798 0.0912009 0.0637585 0.0706386
0.432295 -0.205774 -0.0231285 0.18225 0.107444 -0.0299677 0.46584 -0.0879558 0.0338595 0.153503 0.0595256 -0.0376107
-0.509266 -0.00416017 -0.250311 -0.0983832 -0.0244493 -0.0755795 -0.433635 -0.0527311 -0.22517 -0.0623651 -0.0482728 -0.0931634
0.512984 -0.226423 0.015555 0.198303 0.128392 0.0210968 0.530444 -0.106513 0.0580666 0.169661 0.0850032 0.00542679
-0.292848 -0.0686611 -0.258771 0.00990131 -0.115335 0.0776171 -0.242973 -0.0309018 -0.221514 0.044333 -0.116235 0.0352442
-0.139454 0.0299538 -0.220006 0.0411611 0.0263116 -0.265218 -0.028593 0.0969674 -0.113626 0.0267033 -0.0323225 -0.251767
0.0853294 -0.267737 -0.0332599 0.16423 -0.0265471 0.208681 0.0928833 -0.22334 -0.00794532 0.105698 -0.0481333 0.151115
0.619167 -0.194318 0.0929518 0.18586 0.237813 0.161228 0.602474 -0.0862228 0.0910102 0.16524 0.217951 0.120969
-0.079404 -0.218331 -0.0893587 0.114219 -0.0206935 0.156012 -0.0662023 -0.191971 -0.0702146 0.0632703 -0.0471183 0.116098
0.344162 0.122028 -0.0414641 0.101199 0.0620308 0.087632 0.390429 0.172289 0.162711 0.0887792 0.0481593 0.0739699
-0.300703 0.0803885 -0.235556 0.0145132 0.0249038 -0.273101 -0.174848 0.131698 -0.137691 0.00404533 -0.0341605 -0.261797
0.616863 -0.066018 -0.0513613 -0.0678082 0.0377951 0.165082 0.58436 -0.00719151 -0.0421502 -0.0384546 0.0159811 0.134042
-0.40099 -0.0291109 0.0722845 -0.151672 -0.102671 0.130047 -0.350458 -0.0702455 0.0632159 -0.10796 -0.125867 0.104316
0.375775 -0.0877947 0.142032 0.0679763 0.0530608 -0.178362 0.399195 0.00639991 0.161498 0.0464494 -0.0101499 -0.161648
0.114595 -0.0331788 0.125133 -0.132235 -0.0869099 0.172848 0.126055 0.0241522 0.142745 -0.116173 -0.115769 0.165738
0.602905 -0.042677 -0.0602642 -0.100288 0.0625648 0.209458 0.570788 0.00684686 -0.0621715 -0.0622714 0.0405314 0.178718
-0.33188 0.0251226 -0.333246 -0.0800596 0.0411506 -0.200931 -0.280027 0.0150171 -0.290518 -0.105737 -0.0145028 -0.180565
-0.182911 -0.150525 0.334801 0.0743409 0.160777 -0.00858068 -0.134526 -0.114055 0.387646 0.0724567 0.10271 0.0181016
0.423422 -0.196461 -0.0191407 0.0077807 0.0624483 0.0620405 0.477095 -0.150611 -0.0149754 0.00912641 0.0468422 -0.00388251
-0.222399 -0.119528 -0.160013 0.0313937 -0.0642798 0.149402 -0.117842 -0.139684 -0.141919 0.0596831 -0.0815246 0.106414
0.153236 -0.0736883 0.130818 0.0827341 0.0801855 -0.309168 0.192222 0.0149411 0.139249 0.0426098 -0.00306871 -0.258174
0.0923579 -0.0222089 -0.115489 -4.99268e-08 -6.85453e-07 -1.35916e-07 -0.010687 -0.01753 -0.00283014 0 0 0
0.303186 -0.248277 0.113237 0.109525 -0.0606315 -0.105291 0.181049 -0.174361 0.22229 0.0455502 0.0239269 -0.00226636
0.143185 -0.0179918 -0.0542791 0.0193399 -0.0217887 -4.62253e-05 0.0253005 -0.025934 0.0469262 0.0168951 -0.0218792 -0.00709595
0.365881 -0.267365 0.111904 0.172044 0.00182517 0.236828 0.344666 -0.208817 0.111594 0.114804 -0.0264461 0.160817
0.462907 0.124569 0.0256088 0.00933871 -0.0774786 0.0484736 0.305655 0.0032599 0.0123799 0.038692 -0.0405936 0.0420683
-0.583539 -0.0192026 0.0509613 0.0678337 0.226884 -0.398789 -0.495976 -0.0130041 0.0505995 0.064312 0.170166 -0.335728
-0.328823 -0.127729 -0.0771773 0.0446786 0.0281796 -0.511265 -0.266401 -0.0723934 -0.0469093 0.00298 -0.04172 -0.440885
-0.0256426 0.0201334 -0.0985105 -0.135727 -0.0718525 0.107402 -0.0419443 0.0411881 -0.108138 -0.0945762 -0.0733016 0.0859555
-0.515083 -0.0106201 -0.228614 0.0197691 -0.0136452 -0.269348 -0.364029 0.0361909 -0.159654 0.0281653 -0.0382099 -0.283723
0.482147 -0.188795 0.200806 0.124388 0.0193952 0.340681 0.458691 -0.116264 0.159011 0.081754 -0.0231417 0.262189
0.252261 0.150691 -0.180322 -0.280101 0.107654 0.382967 0.302088 0.164817 -0.183113 -0.221666 0.0926874 0.34994
1.19764 1.0691 -0.930407 -0.129897 -0.0905305 0.192347 1.3022 1.13748 -0.782804 -0.0642682 -0.0543584 0.0522088
0.503334 -0.20405 0.209714 0.133624 0.0263345 0.308563 0.478695 -0.13398 0.172838 0.0883417 -0.0153814 0.228343
0.157965 -0.000882864 -0.0860682 0.153604 -0.109801 0.00998933 0.0723844 0.0323491 0.0285906 0.117867 -0.0860673 0.0116558
0.183963 -0.0284237 0.0769569 0.0423758 -0.0502929 -4.05996e-05 0.0396418 -0.0588069 0.155436 0.0373995 -0.0494993 -0.0202651
-0.296849 0.013904 -0.177725 -0.13367 0.0504792 -0.174246 -0.284783 -0.00894309 -0.177001 -0.154566 -0.00279148 -0.154049
-0.233264 -0.529224 0.194977 -0.106587 -0.169829 -0.026638 -0.232779 -0.535229 0.195469 -0.122716 -0.20723 -0.0222235
-0.448113 0.376735 0.00982157 -0.723098 -1.69886 -0.712954 -0.3793 0.0749951 -0.122007 -0.76613 -1.53155 -0.691186
0.408178 0.152709 -0.00594616 -0.116808 -0.254364 0.168229 0.35327 0.0942496 0.0915947 -0.145896 -0.240851 0.212559
0.612202 0.144657 -0.0455225 0.0344726 0.0551635 0.198389 0.57942 0.146226 0.0534223 0.0362241 0.057161 0.223077
-0.269763 -0.975492 0.0855424 0.0761085 0.0910432 -0.100535 -0.379464 -1.21262 0.219669 0.140283 0.0810776 -0.0494491
0.19934 0.096004 -0.0640119 -0.0863869 -0.302877 0.142863 0.162431 0.0823665 0.0345287 -0.116477 -0.283093 0.176829
0.0431575 0.0292512 -0.081439 0.19798 -0.0103881 0.0287913 0.0266479 0.0871653 0.0589971 0.154144 -0.0271969 0.0300687
-0.510444 -0.272224 -0.128734 0.0911361 0.169653 0.133462 -0.613619 -0.201228 0.000216934 0.104779 0.141441 0.137926
0.0275345 0.121168 0.175625 -0.155307 -0.0598613 0.0182299 0.0194747 0.0540689 0.0193514 -0.0460572 -0.069435 0.0165165
0.138898 -0.218022 0.0337318 -0.0715484 0.179718 -0.139883 0.216878 -0.0923789 0.128078 -0.107321 0.141141 -0.158543
-0.00803888 0.023221 -0.126858 -0.0460607 -0.314248 0.107376 -0.0455447 0.0456716 -0.0303209 -0.073878 -0.291833 0.128642
0.0906988 0.0408494 -0.129229 -0.0546844 -0.205843 0.0951559 -0.0192849 0.00985299 -0.0167585 -0.0843399 -0.201776 0.11971
0.347125 -0.0107578 -0.410087 -0.0996852 0.078291 0.0957408 0.3578 0.0287019 -0.210565 -0.0986787 0.0748875 0.0975781
0.892234 0.243817 -0.00419378 -0.0287909 -0.0897771 0.187782 0.849823 0.218184 0.0894291 -0.0397782 -0.0849864 0.218636
0.531988 0.0162561 -0.421753 0.100068 -0.0537558 0.108613 0.452058 0.0613355 -0.234773 0.102084 -0.0562844 0.132773
0.24742 -0.032871 -0.39796 -0.11994 0.108502 0.0887424 0.267919 0.0118698 -0.197336 -0.123531 0.10208 0.084742
0.0398277 0.131693 0.185933 -0.17031 -0.0731454 0.0143282 0.0311991 0.0699206 0.0267597 -0.0577944 -0.0865272 0.0141403
0.141668 -0.0560309 -0.38029 -0.130735 0.137071 0.0811063 0.168553 -0.00467142 -0.178363 -0.13993 0.126128 0.0711754
0.0687789 0.0702279 -0.151964 0.0865502 0.0970225 0.0228273 0.0188351 0.135605 -0.0212423 0.059715 0.115714 -0.000126694
0.295334 -0.0596886 -0.43195 0.184672 -0.105153 0.0876242 0.162699 0.0204873 -0.25172 0.180357 -0.100894 0.119367
0.146964 -0.221282 -0.478903 0.144202 0.174824 -0.248842 0.0409504 -0.122765 -0.362549 0.170799 0.151058 -0.330281
0.743069 0.171221 0.009215 -0.0380424 0.105245 -0.152895 0.741777 0.0615415 0.248919 -0.0269244 0.106645 -0.195232
-0.480166 -0.281527 0.10164 0.107019 -0.0630899 -0.0241317 -0.43461 -0.283794 0.151278 0.0987445 -0.0697534 -0.11067
0.0474566 -0.12464 -0.450969 0.188976 -0.125307 0.0588595 -0.109557 -0.0139538 -0.274108 0.184078 -0.111803 0.0947823
0.284258 0.159748 -0.127532 -0.0266231 -0.0101222 0.227347 0.166277 0.193801 0.0691454 -0.0266397 0.00479768 0.249185
0.697394 0.18253 0.0239284 -0.00933728 0.0930568 -0.138642 0.701705 0.0746288 0.265108 0 0.103784 -0.179546
-0.391909 -0.290404 -0.196844 0.057807 0.037344 0.00803989 -0.537449 -0.222034 -0.0602494 0.0491325 0.00601623 -0.0199233
-0.0922273 -0.273711 -0.460069 0.145694 0.10978 -0.186175 -0.212232 -0.174664 -0.350981 0.177403 0.0861363 -0.269453
-0.303871 -0.140957 -0.29818 -0.0137958 0.0369965 -0.170021 -0.447823 -0.219997 -0.117806 -0.0202937 0.000638167 -0.221827
-0.65017 -0.379791 -0.156108 0.0899745 0.0910222 0.061046 -0.796145 -0.293901 -0.0194032 0.090475 0.0568048 0.0424938
-0.301025 -0.162542 -0.155653 -0.0701022 0.175685 0.0366683 -0.326353 -0.107611 0.0219256 -0.107011 0.13666 0.000300351
-0.303538 -0.170234 -0.0456232 -0.0364494 0.126695 0.0255896 -0.363524 -0.131593 0.110126 -0.0725588 0.0910634 -0.0145118
0.199376 0.163303 -0.391337 -0.0858801 -0.000164688 -0.170454 0.182542 0.294687 -0.235902 -0.0839178 0.0532327 -0.153892
-0.388949 -0.188768 -0.494152 0.112976 -0.125254 -0.0265887 -0.5655 -0.0275886 -0.326603 0.113459 -0.0877063 0.0173576
0.164969 0.0997125 0.253723 -0.241354 -0.0571544 0.0283886 0.152762 0.0450072 0.102252 -0.162412 -0.0753542 0.0280474
0.158254 0.043928 0.270696 -0.183922 -0.0563322 0.0769209 0.177401 -0.00459928 0.125207 -0.039217 -0.0860311 0.0839778
-0.0932631 0.184004 0.169057 -0.0996748 -0.000935366 -0.0616255 -0.0743276 0.0196291 0.00291561 -0.0479228 0.021518 -0.0132229
0.18984 0.123319 -0.0969698 0.0445006 0.115246 0.328999 0.0221547 0.161649 0.0708273 0.038506 0.102386 0.369132
-0.00849787 0.0498977 0.289749 -0.220448 0.0469513 0.0150033 0.00895216 0.0056259 0.0573267 -0.09987 0.00032852 0.0198754
0.0500244 -0.0424424 -0.13327 -0.110505 -0.0367123 -0.20689 0.0567595 -0.0558416 -0.177622 -0.0990614 -0.0737415 -0.180682
-0.200145 0.0636371 -0.437281 -0.0454735 -0.00671569 -0.163096 -0.262101 0.230474 -0.283186 -0.0429018 0.0512929 -0.130728
0.0603372 -0.0404156 -0.149828 -0.101785 -0.0379373 -0.198596 0.0826352 -0.0513699 -0.189427 -0.0915026 -0.0729269 -0.176278
-0.0607616 -0.00263914 0.066098 -0.0112477 0.0703077 -0.00448543 -0.0295408 0.0284467 0.12254 -0.0129104 0.0457336 -0.00809638
0.103876 -0.127164 0.212961 -0.0750597 0.118743 -0.0128772 0.0317021 -0.170379 0.1018 0.0336733 0.0952296 -0.0184382
0.0623219 -0.0379302 -0.0428594 -0.111393 -0.0113661 -0.196013 0.035235 -0.0577548 -0.0989645 -0.101033 -0.052393 -0.170584
0.0739616 0.0263074 0.160121 -0.116835 0.0427917 -0.131298 0.0529366 0.00252276 -0.000951205 -0.0061208 0.00703065 -0.109306
0.0494647 -0.0351872 -0.0786017 -0.0751857 -0.0436837 -0.163834 -0.0199714 -0.0452429 -0.0878742 -0.076045 -0.0444748 -0.18343
-0.359613 0.0102538 0.0233793 0.0994396 0.0552914 0.338335 -0.352707 0.0131881 0.0230792 0.0571735 0.0208312 0.208462
0.039741 -0.0082466 -0.00735199 -0.0516687 0.0415879 -0.0383781 0.00453444 -0.032648 -0.0798817 -0.0502567 -0.0183645 -0.0368801
-0.179152 -0.0171886 -0.0649947 -0.0291429 0.0619652 -0.0263555 -0.142663 0.0207945 -0.0386908 -0.0223885 0.016085 -0.0158676
0.0381385 0.0220971 0.327324 -0.0694426 0.159879 -0.122456 -0.0509369 0.0350557 0.327797 -0.053718 0.126903 -0.0965313
-0.0110862 0.0113984 0.285151 -0.0873874 0.144396 -0.145177 -0.0819318 0.0308707 0.306732 -0.0709588 0.119167 -0.114485
-0.350542 0.0172201 0.0990266 0.0226047 0.0778221 0.103555 -0.310575 -0.00740555 0.0497775 0.0287824 0.0300803 0.114061
0.311385 0.133248 0.293811 -0.358305 -0.121548 0.222727 0.275382 0.138266 0.141551 -0.212552 -0.167668 0.205366
0.0626589 -0.00475106 0.117707 -0.0119638 0.0720268 -0.0830215 0.0730661 -0.0138923 0.102052 -0.00202753 0.0267333 -0.0658571
0.075918 -0.0316969 0.0264767 -0.104433 0.0116342 -0.179743 0.0335726 -0.0548813 -0.0359488 -0.0960423 -0.0311965 -0.158512
0.0718442 0.0459181 0.294973 0.00494631 0.166079 0.00265098 -0.011028 0.0516345 0.233487 0.010955 0.102539 -0.00883702
-0.385611 0.00906262 0.0155445 0.000774547 0.0471824 0.024744 -0.313885 -0.0082521 -0.0064183 0.01085 0.00962745 0.0546319
-0.270923 0.167491 -0.147856 0.193405 -0.292706 -0.174364 -0.250205 0.163963 -0.0778341 0.169815 -0.289179 -0.283725
-0.212671 0.0329048 0.228705 0.0536607 0.123235 0.200368 -0.210297 -0.00480199 0.14688 0.0519072 0.0659321 0.177369
-0.048289 0.555284 0.339491 -0.282492 -0.312122 0.368462 -0.0499699 0.444045 0.196783 -0.225925 -0.291293 0.340499
0.15762 -0.0709437 -0.102879 -0.0394851 0.00175825 -0.17316 0.0750713 -0.0529612 -0.103205 -0.0261501 -0.0408411 -0.119806
0.00168216 -0.0103777 0.042322 0.0179984 0.0403817 0.00801143 -0.0874366 -0.0214467 0.00877365 0.0112483 0.00517421 0.00667398
-0.109086 -2.84612e-05 0.00232553 0.0112722 0.00658542 0.012104 -0.157291 -0.013005 0.0300115 0.000923432 0.0238553 0.00554059
-0.11596 -0.00401482 -0.0128766 0.00857788 0.00324073 0.0279677 -0.154083 -0.0142385 0.0231664 7.69647e-05 0.023936 0.0253983
0.0559116 -0.0437544 -0.143428 0.0107425 -0.0476781 0.158659 0.0281034 -0.0461973 -0.117649 0.0120883 -0.033647 0.160459
-0.108794 -0.00878009 -0.0286502 0.00557868 -0.000923663 0.0448908 -0.138015 -0.0164726 0.0132396 -0.000692771 0.0220917 0.0460308
-0.172741 -0.0355638 -0.253587 -0.0673118 -0.0662721 -0.107034 -0.107021 -0.0553031 -0.273998 -0.0646093 -0.0995456 -0.0844421
-0.0894053 -0.0144558 -0.0458789 0.00338258 -0.00649956 0.063919 -0.111701 -0.0199384 -0.00107775 -0.000615858 0.017475 0.0680523
-0.0606859 -0.0210865 -0.0657938 0.00274311 -0.0140623 0.0855474 -0.0787588 -0.0247902 -0.0213257 0.000846868 0.00946953 0.0913078
-0.186476 -0.0751984 -0.483302 0.00305177 -0.139936 -0.0138649 -0.164349 -0.0545076 -0.409858 0.00150159 -0.126284 -0.000976032
-0.110549 -0.0338373 -0.238268 -0.0748557 -0.0581363 -0.10196 -0.0643252 -0.0560178 -0.271401 -0.0730899 -0.0963354 -0.0833789
-0.30243 -0.0701437 -0.269576 0.00579268 -0.056763 -0.0387462 -0.280858 -0.0276871 -0.206361 0.0218544 -0.0673351 -0.025546
0.135034 -0.0573911 -0.0810896 -0.0602376 -0.00248173 -0.0809918 0.0954428 -0.0139065 -0.0191764 -0.0598713 -0.0134674 -0.0718017
-0.00852776 -0.0679428 -0.372914 0.0108068 -0.107893 -0.0394395 -0.0326745 -0.0592648 -0.336886 0.00803718 -0.109441 -0.025764
0.0524193 0.00665778 0.19452 -0.00618833 0.0937302 -0.0944396 0.0957089 0.00307047 0.210365 0.00696473 0.0600615 -0.0674755
-0.405877 -0.4833 -0.408646 0.0745481 0.0155097 -0.105204 -0.56623 -0.587906 -0.366826 0.0243502 -0.073562 -0.146613
0.169565 0.0137272 0.102523 0.0909287 0.0769316 0.141088 0.183634 -0.0159748 0.0435883 0.0794174 0.0387958 0.097446
0.0480556 -0.0472059 0.000864625 -0.0849644 0.0293424 -0.13017 0.0315986 -0.00190177 0.0882858 -0.0795816 0.027283 -0.112497
0.36898 0.0189991 0.179178 0.0773438 0.0984621 0.0535933 0.228716 0.0145158 0.147295 0.0781052 0.0563684 0.0414842
-0.180376 -0.0135123 0.245478 -0.0140803 0.0992611 -0.0482399 -0.227163 -0.0347408 0.192885 -0.0220308 0.0607001 -0.06278
-0.0908855 -0.00916862 0.266813 -0.0294826 0.104605 -0.0649345 -0.147761 -0.0344776 0.204634 -0.035709 0.0631064 -0.0756507
0.215428 -0.295768 0.0345809 -0.845159 0.0716922 -0.105438 0.206161 -0.193498 -0.013801 -0.763607 0.068507 -0.0919829
-0.685423 -0.000329614 -0.513668 -0.549527 -0.221671 0.143689 -0.668527 -0.0607535 -0.441671 -0.435053 -0.157935 0.156624
0.212062 -0.645779 -0.0888925 -0.251466 -0.0493172 0.0771342 0.208927 -0.685717 -0.0915262 -0.181943 -0.0164712 -0.0298468
-1.10483 -0.159717 0.0194494 0.212188 -0.19766 -0.0805789 -1.07638 -0.222844 0.0370672 0.210176 -0.204723 -0.0668641
1.16882 0.348305 -0.0597436 -0.0194175 -0.0654336 -0.06774 1.12101 0.122424 -0.204347 -0.0337959 0.0231437 -0.0909271
1.0022 1.3711 0.65787 0.195381 -0.146643 -0.106927 0.823614 1.15618 0.547797 0.297341 -0.0691989 -0.107768
-0.917977 0.169177 1.2565 0.0443829 0.681738 -0.724973 -0.822234 0.251459 1.36551 0.0349393 0.601239 -0.637039
-0.0911391 -0.184667 0.167696 -0.0812327 0.123608 -0.453915 -0.0558964 -0.0944575 0.0882031 -0.174732 0.129916 -0.422941
-0.361123 -2.3682 -2.73765 0.519415 -0.155059 -0.250515 -0.38046 -2.32195 -2.42476 0.496954 -0.124409 -0.221357
0.150825 -0.0233237 0.404402 0.0716473 0.288232 -0.773391 0.192752 0.184517 0.395662 0.0418147 0.205868 -0.736294
-0.617018 -0.377018 0.137171 0.0518618 -0.286144 -0.409121 -0.586156 -0.439598 -0.0748401 0.137818 -0.370142 -0.137506
5.05178 3.0034 -0.0963966 -0.333243 0.0168515 -0.00836537 5.28708 2.51728 -0.00493334 -0.398687 -0.00127901 -0.012242
-0.000474095 -0.0799083 -0.12705 -0.0354516 0.0289812 0.0294784 -0.055529 -0.00724622 -0.105337 -0.0335615 0.04035 -0.00327987
0.0612324 -0.0193253 0.0521176 -0.0490842 -0.0200943 -0.0709227 0.00105842 0.0593474 0.0963166 -0.0238901 -0.016708 -0.0790794
0.0142315 -0.157169 -0.069851 0.00614182 -0.0870963 0.0673527 -0.0511777 -0.0901884 -0.0415201 0.0250946 -0.091253 0.0357408
0.0568942 -0.0370889 0.0065471 -0.00248787 0.00611671 0.0343383 0.00348427 0.0391602 0.0130281 -0.010983 0.00477193 0.026738
-0.0436793 -0.162897 -0.135807 0.0114312 -0.0698691 0.051 -0.117999 -0.12404 -0.113793 0.0143006 -0.0783856 0.0332661
0.0716465 -0.194781 -0.150745 0.041783 -0.0292759 0.0730767 0.00129526 -0.130593 -0.119393 0.0531058 -0.0320007 0.0470867
0.123173 -0.0337196 0.0169645 -0.000869811 -0.00592187 0.00772154 0.0647333 0.033467 0.047886 0.00106245 -0.0117628 -0.0261817
0.0565864 -0.0698947 -0.0440773 0.0593565 -0.039729 -0.0313834 0.000758446 0.00940473 -0.0154723 0.0648472 -0.0373914 -0.0495265
0.130308 -0.0339557 0.0249391 -0.02466 -1.11678e-05 0.00847967 0.0691544 0.0311992 0.0524541 -0.0210272 -0.00440281 -0.0258096
-0.0949588 -0.294398 -0.166374 -0.0544496 0.0486332 0.0790089 -0.17182 -0.230039 -0.144626 -0.030871 0.0448893 0.077752
0.0283687 -0.085165 -0.0389457 -0.0203578 0.037903 0.0403754 -0.0355442 -0.00350114 0.011569 -0.00372947 0.0491682 0.00951396
-0.0107953 -0.172481 -0.162926 0.00515448 -0.0663822 0.0417613 -0.0835708 -0.117596 -0.142598 0.0034407 -0.0707256 0.0222499
0.0219188 -0.0688698 -0.026125 -0.010514 0.0309926 0.0285117 -0.0415443 0.0149894 0.0242722 0.0059349 0.0399464 -0.0012935
-0.0247073 -0.21805 -0.112957 0.0173594 0.0117798 -0.00254 -0.0883339 -0.136509 -0.0719192 0.0456557 0.0234386 -0.00656587
0.0795327 -0.00433224 -0.0114314 0.047404 -0.0614382 -0.0673261 0.0248566 0.0824513 0.0140197 0.0575946 -0.0636572 -0.0726753
0.0358152 -0.00783368 -0.0631766 0.0404942 0.0198837 0.0444631 -0.0194192 0.06865 -0.0556027 0.0547683 0.0115302 0.0135024
0.0809081 -0.0385164 -0.0199018 0.0494684 -0.0494941 -0.0667405 0.0233498 0.0464722 0.00515516 0.0586778 -0.0504902 -0.0770241
-0.118026 -0.188754 -0.135293 0.0251026 -0.0113882 -0.00324243 -0.173628 -0.104942 -0.101882 0.0356435 0.000458929 -0.0165214
-0.0927265 -0.275908 -0.141101 -0.125221 0.0287014 0.0857188 -0.158147 -0.203124 -0.110182 -0.103133 0.024902 0.0824449
0.141335 0.0414465 -0.0450929 0.0889515 -0.0415631 0.0238923 0.0907975 0.124145 0.00765488 0.0879932 -0.0497946 -0.00439587
0.059832 -0.141618 0.0506589 0.0642625 -0.0244455 -0.00525904 0.00463309 -0.0515717 0.0830919 0.0745852 -0.0173171 0
0.145333 -0.0145079 0.0285606 -0.0946581 0.0168993 0.023551 0.0787485 0.0492558 0.0466714 -0.0884781 0.0199912 -0.0136822
0.103218 -0.166301 -0.200029 0.0391848 0.0264154 0.02058 0.0191655 -0.115375 -0.191197 0.0416906 0.0155767 0.000458139
0.0443065 -0.01014 0.0466961 -0.046642 -0.0406376 0.0131953 -0.0258268 0.0569552 0.0718756 -0.0156021 -0.0360514 -0.00999746
-0.0563872 -0.0484235 -0.130468 -0.0697149 0.00294895 0.00333245 -0.132446 -0.00779543 -0.115632 -0.0525045 0.000993535 -0.0140623
0.0528621 -0.169155 -0.173552 0.0176487 -0.00347966 0.0238171 -0.0269 -0.114249 -0.162699 0.0130679 -0.012533 0.00183409
0.183799 -0.0753958 0.132034 -0.0472712 -0.00148751 -0.100246 0.127256 0.00974243 0.170379 -0.0317951 0.00113284 -0.109886
0.182092 0.124904 -0.0572112 0.0822245 -0.0358158 0.0264777 0.123963 0.197538 0.000151545 0.0854711 -0.0440995 0.00227317
0.201712 0.0099121 0.0338148 0.0132481 -0.0719219 0.00362908 0.151758 0.087433 0.0646277 0.0153046 -0.0794777 -0.0194716
0.139387 0.0963328 0.0828535 0.0700902 -0.132388 0.0769617 0.0942519 0.19108 0.148879 0.0694767 -0.130998 0.0596272
0.21478 0.129462 0.0743724 0.104468 0.00731447 0.0691176 0.162744 0.203505 0.115012 0.110996 -0.00340943 0.0534902
0.159394 0.102742 -0.028863 0.103141 -0.0520943 -0.00725486 0.130089 0.190625 0.0333367 0.119027 -0.0559147 -0.0234114
0.0941425 0.0957584 0.0610928 0.10613 -0.0622165 -0.0161088 0.0513688 0.171078 0.111981 0.111451 -0.0698555 -0.0378068
0.166177 -0.00408999 0.0266928 0.155842 -0.0634936 0.0254658 0.103874 0.0837963 0.0834175 0.149864 -0.0672795 0.0157592
0.0861382 -0.0254444 0.0885392 -0.015993 0.0115255 0.0826363 0.0810048 -0.0268154 0.0450115 -0.0288106 -0.0115721 0.0429365
0.231452 0.0788987 0.0995404 0.0226202 -0.0167347 -0.0390582 0.168274 0.161759 0.161228 0.0193959 -0.0362915 -0.0449287
-0.105795 -0.0474179 -0.0403567 0.0723339 0.0248976 0.0574473 -0.101558 -0.080957 -0.058907 0.0578609 -0.00321896 0.0209233
0.0825466 0.0146914 0.123969 -0.00992225 0.0481074 0.033217 0.0820974 0.00415279 0.0706773 -0.0250765 0.0313855 -0.00998267
-0.0243565 0.0778923 0.106928 -0.0661832 -0.030574 0.0775434 -0.0274584 0.0634025 0.0649235 -0.0808542 -0.0464311 0.0691664
-0.0054334 -0.0460741 -0.0167694 0.0957393 0.0607735 -0.000332665 -0.0441898 -0.0756619 -0.047007 0.0837915 0.0292184 -0.03767
-0.00574113 -0.0204296 0.00680698 0.0802552 0.042236 0.0151017 -0.0415067 -0.0484245 -0.0293603 0.0709475 0.00571119 -0.0209947
-0.0808456 -0.0758767 -0.0367379 0.0653887 0.0192641 0.0695311 -0.0896712 -0.117789 -0.0592974 0.0646148 -0.00942635 0.0335965
-0.0755536 -0.0823165 -0.0373768 0.0561799 0.016826 0.0660079 -0.091891 -0.12768 -0.0641625 0.0610995 -0.0121715 0.0298243
-0.060841 -0.103034 -0.0554539 0.0267185 0.04869 -0.00555825 -0.101665 -0.15274 -0.100455 0.039133 0.0228343 -0.0475244
0.059133 0.158931 0.126316 -0.0727148 0.064214 0.0729499 0.0504175 0.135567 0.0993945 -0.0961133 0.0405741 0.0608211
-0.0717943 0.0261057 -0.0737714 -0.0420482 0.0452232 0.00972574 -0.10621 -0.00223432 -0.0933628 -0.0517086 0.0148423 -0.00965547
-0.0157108 -0.127063 -0.0893712 0.0324776 0.0880288 -0.0449569 -0.0687529 -0.173173 -0.128871 0.0363132 0.0710124 -0.0989332
-0.088539 0.0336911 -0.0939064 -0.036864 0.0476752 -0.00148038 -0.122248 0.00359084 -0.110438 -0.0462021 0.0149219 -0.021545
-0.112901 0.0716189 -0.126144 0.00653296 0.0427077 -0.0481004 -0.143359 0.0405265 -0.144874 -0.0037495 -0.00311129 -0.0806542
-0.561748 -0.274035 -0.0474515 0.0895546 -5.03759e-05 0.120204 -0.606121 -0.263966 0.0455349 0.0778108 0.0265936 0.116224
0.0402106 0.120394 -0.0267943 0.0409382 0.00490184 -0.0242797 0.0044646 0.0964672 -0.0597937 0.0332453 -0.0448852 -0.0754198
-0.132946 0.189209 0.064392 0.0297908 0.0764574 -0.0205298 -0.158214 0.0984074 -0.0251777 0.0478932 0.0132639 0.0019062
0.0479383 0.190484 0.00269593 -0.0383564 -0.251387 -0.122674 0.0993431 0.187707 -0.0953934 -0.0528178 -0.224392 -0.15437
0.422035 0.313255 0.370199 -0.0457396 0.0592918 0.113866 0.314236 0.162792 0.271939 -0.0491059 0.0530261 0.130193
0.584401 0.152273 0.208933 0.0175858 -0.114146 0.14023 0.54075 0.108899 0.159883 0.0110731 -0.150562 0.0994189
0.479009 0.174557 0.307662 -0.0654027 -0.161796 0.184514 0.462362 0.153908 0.280731 -0.0611012 -0.202263 0.143313
0.605936 0.199735 0.233239 -0.0981279 -0.122313 0.252128 0.578351 0.173505 0.195333 -0.0945595 -0.153908 0.21477
0.22322 0.522171 0.454335 -0.20786 -0.359178 0.0619641 0.067958 0.467756 0.383055 -0.194447 -0.39016 0.0431245
0.706928 0.181026 0.265973 0.0137825 -0.117649 0.243805 0.66351 0.149606 0.218037 0.00812559 -0.13702 0.197404
0.657375 0.369122 0.299352 -0.113291 -0.169134 0.307421 0.623838 0.295708 0.258027 -0.091851 -0.17462 0.268622
0.813643 0.25808 0.263407 -0.0928582 -0.165503 0.202767 0.736959 0.239625 0.204494 -0.084761 -0.188561 0.135825
0.58538 0.117344 0.139004 -0.048225 -0.238637 -0.0725913 0.604863 0.130743 0.211899 -0.0204224 -0.209963 -0.0834914
0.533989 0.31539 0.276054 0.142305 -0.0567033 0.0136685 0.397174 0.298742 0.216103 0.120365 -0.0635509 0.0622784
0.618997 0.788365 0.296305 -0.0293401 0.0177 0.276582 0.56519 0.639782 0.238946 -0.0378648 -0.012137 0.282184
0.188094 0.037594 -0.0486472 -0.0477351 0.198267 -0.0572747 0.0529203 -0.0489583 -0.12565 -0.075277 0.208568 0.0038912
0.350235 -0.0562635 -0.476387 0.00943058 0.113238 -0.228602 0.444135 -0.197293 -0.400722 0.0254571 0.060991 -0.191837
-0.101678 0.0768936 0.0992621 0.0610584 0.22427 0.329934 -0.0420735 -0.0589874 0.092463 0.105148 0.245534 0.355616
0.0732382 0.661675 -0.0114468 -0.049384 -0.365154 -0.0132942 -0.110333 0.626626 -0.1841 -0.0281209 -0.327812 -0.0197563
0.0397003 -0.0431764 -0.0463853 -0.019609 -0.0179728 -0.0313479 0.000157556 0.000315112 0 0 -0.000236334 0
0.124835 0.00430546 -0.0453966 -0.00270577 -0.146663 -0.00237107 0.0757539 0.022262 -0.0123503 0.0191155 -0.108714 0.0239927
0.0427976 -0.0557634 -0.0590385 0.0209287 -0.0316861 -0.0605568 -0.00323482 -0.0457609 -0.0334528 0.0427628 0.00520728 -0.030218
-0.0394492 -0.205744 -0.13067 -0.00356227 0.0487053 -0.00594816 -0.107597 -0.170163 -0.123856 0.00812955 0.0420824 0.0330761
-0.0282492 0.0804629 -0.0496901 0.0222396 0.0249738 -0.0629287 -0.0824563 0.115312 -0.0469148 0.0431237 0.0414651 -0.0366472
0.117037 0.128419 -0.107089 -0.0415443 -0.139591 0.0198065 0.0637044 0.144669 -0.100264 -0.0185935 -0.112032 0.0475429
0.0316873 0.0763412 0.00187796 -0.0245445 -0.0948969 -0.161218 -0.0207658 0.119089 0.0158103 -0.000471951 -0.0453073 -0.146541
-0.000843637 -0.110237 -0.0498784 -0.0202487 0.0464958 -0.0728678 -0.068461 -0.093291 -0.0590208 0.00896419 0.0700476 -0.0540231
0.0581212 0.128981 0.00996137 -0.0302925 -0.112007 -0.033877 0.0149699 0.153383 0.037699 -0.00556472 -0.084333 0.00305668
0.0438836 0.132459 0.0144298 -0.0268431 -0.118913 -0.0410034 -0.00101892 0.154641 0.0383272 -0.00211622 -0.090449 -0.00266488
0.0371461 -0.216608 -0.0844897 -0.0170276 0.0182816 -0.0125747 -0.0276256 -0.194653 -0.0710145 -0.00143303 0.0183109 0.0174352
0.0717815 -0.223595 -0.154236 -0.065026 -0.0174332 0.02669 0.0197701 -0.204688 -0.150936 -0.0481153 0.00611366 0.0571667
-0.0177495 0.065398 0.00392076 0.0219736 0.052186 -0.0527046 -0.0742068 0.0984682 -0.00537387 0.0427538 0.0659879 -0.022997
0.00596367 0.0128729 0.0108743 0.0111222 0.059718 -0.0404891 -0.0487234 0.0388364 -0.00529947 0.0330623 0.073718 -0.00980797
-0.0379301 -0.169624 -0.133131 -0.0307014 0.0419006 -0.0216299 -0.0802303 -0.136479 -0.120306 -0.0104371 0.0503531 0.0144207
0.0390158 -0.150456 -0.0629108 -0.0199293 0.0103977 0.000529249 -0.0218022 -0.157214 -0.0952954 0.00190274 0.030206 0.0256077
0.0277963 -0.198641 -0.0773615 -0.0283313 -0.00975052 0.00879892 -0.0352244 -0.203175 -0.104721 -0.00745742 0.0137248 0.0344311
0.0398414 -0.154437 -0.233351 -0.0736704 0.0080366 0.0494959 -0.0135703 -0.14721 -0.23022 -0.0636457 0.0287279 0.0856281
0.0239012 0.149266 0.0466279 -0.0216881 -0.146769 -0.0951294 -0.0290924 0.164204 0.0689279 0.00188199 -0.11143 -0.0568518
0.0224035 0.149293 0.0544001 -0.0209027 -0.142235 -0.0832229 -0.0292452 0.164102 0.0753475 0.00282259 -0.108356 -0.043907
0.111013 0.130917 0.0638105 -0.0432883 -0.0877846 -0.0241568 0.0689758 0.15739 0.0732868 -0.0184981 -0.0663108 0.0126194
-0.0253805 0.0140882 -0.140561 -0.01721 -0.0590318 -0.0902389 -0.109443 0.0448396 -0.0868669 -0.0124988 -0.056401 -0.0659314
0.0405238 -0.0818348 -0.0489788 -0.0341993 -0.0805512 -0.0517074 -0.0132783 -0.103336 -0.0240571 0.000937291 -0.0487391 0.00195269
-0.0274611 -0.0423071 -0.142684 -0.0528924 -0.16105 -0.0420665 -0.0944003 -0.0848736 -0.169669 -0.032674 -0.108336 0.00810945
0.0410804 -0.0946828 -0.0795119 -0.0343536 -0.0770743 -0.0529141 -0.00664036 -0.122339 -0.0538259 0.00140619 -0.039139 0.000312487
-0.00670864 0.0626128 -0.0425447 -0.103991 -0.0582105 -0.0556328 -0.0869023 0.0135077 -0.0483311 -0.096428 -0.0155378 -0.00749561
0.00664111 -0.119039 -0.161594 -0.0703734 -0.115544 -0.0868839 -0.062514 -0.17146 -0.174771 -0.0489549 -0.0671651 -0.0361052
0.0869155 0.0184945 -0.0607009 -0.0221404 0.057681 -0.0398017 0.0232464 -0.0535916 -0.0332314 -0.00265228 0.107105 0.0219983
0.0307808 0.0694912 0.032908 -0.0298304 0.0159439 0.0486045 -0.0437525 -0.00670716 0.0543592 -0.0108406 0.0538913 0.0951481
0.0554484 -0.0634707 -0.000783261 -0.026868 -0.0636976 -0.0435178 -0.00812083 -0.0808179 0.020224 0.00765232 -0.0413069 0.00929211
0.0876337 0.0516101 -0.0535307 -0.0208132 0.0598531 -0.0367012 0.0237119 -0.0273779 -0.0379079 -0.00467999 0.100854 0.0223079
0.00638344 -0.149861 -0.0840373 -0.0293661 0.0334264 -0.121777 -0.0504433 -0.180808 -0.0693596 0.00299507 0.0710936 -0.0793694
-0.032696 -0.0668857 -0.082904 -0.0200019 0.01372 -0.121901 -0.0868038 -0.0920026 -0.0548235 0.0111852 0.0491521 -0.0726253
-0.0222647 -0.0326814 -0.147074 -0.0596261 -0.146237 -0.058486 -0.0890881 -0.0813687 -0.173371 -0.040645 -0.0960985 -0.00701047
0.0502336 0.170409 -0.111845 -0.0367468 -0.0421186 -0.0790426 -0.0210992 0.137417 -0.0789468 -0.0290406 -0.00965424 -0.0158828
-0.00356758 0.157466 0.018798 -0.0176942 0.038022 -0.0193822 -0.0747249 0.101301 -0.0133661 0.00703477 0.0681591 0.0262632
0.0549756 -0.0627558 0.064448 -0.05429 -0.0603264 -0.113105 0.0145641 -0.110282 0.0831009 -0.0359818 -0.0228196 -0.0691599
0.0725372 -0.0599927 -0.00102194 -0.0231586 -0.0442842 -0.0408852 0.00374706 -0.0839185 0.0198282 0.0110851 -0.0238094 0.0118657
0.0625841 -0.128601 -0.137525 -0.0157426 -0.0216603 -0.0893784 0.024226 -0.164424 -0.128945 0.0153171 0.0236008 -0.043216
0.0924918 -0.000877436 -0.0344829 -0.016215 0.061814 -0.0314582 0.0263698 -0.0691233 -0.00850388 0.00538319 0.108366 0.0282422
0.102317 0.046838 -0.131784 -0.113014 -0.140766 -0.0296242 0.0709884 0.0206946 -0.238524 -0.0745336 -0.0847573 -0.0146759
0.0574169 0.170047 -0.102729 -0.0366625 -0.0376221 -0.0777855 -0.00864038 0.139025 -0.0658537 -0.0267774 -0.00233524 -0.0115984
-0.0156009 -0.0327545 -0.141234 -0.0606388 -0.13464 -0.0619147 -0.0830396 -0.0847729 -0.167497 -0.0423865 -0.087294 -0.0105572
0.0314998 0.019379 0.148008 -0.0836896 -0.132566 0.0139289 -0.03997 -0.0136718 0.0683592 -0.0277458 -0.0558937 0.0314452
0.0559949 -0.101757 -0.102935 -0.0212619 -0.0409882 -0.0565824 0.0133618 -0.137603 -0.0881408 0.012346 0.00117208 -0.00914226
0.10939 0.0357552 -0.123248 -0.116748 -0.145024 -0.023242 0.0757032 0.0110504 -0.227027 -0.0766927 -0.0874957 -0.00758681
0.15012 0.1467 0.224623 -0.0590752 -0.0445549 0.025176 0.0826819 0.126864 0.172808 -0.0141672 0.0383394 0.0565087
0.0523291 0.00916436 0.0433897 -0.0309843 -0.016974 0.0099987 0.014236 -0.00780409 0.0183525 -0.0183525 -0.0144933 -0.0261566
0.0107108 -0.00416082 0.0152521 0.0228642 -0.0763403 0.0391324 -0.0482384 -0.0323684 0.00408533 0.0484741 -0.021998 0.0933342
0.0238561 0.013784 -0.114442 0.0132024 0.028102 -0.0196903 -0.0084106 -0.0195975 -0.22529 0.0668765 0.0559346 -0.000979876
0.00790713 0.00384855 0.0958083 0.0118092 0.0953992 0.00540531 -0.0588325 -0.0195839 -0.0202313 0.077688 0.153353 0.0284047
0.0678399 0.16927 0.438678 -0.0106856 -0.0236212 -0.0293953 0.0163329 0.138429 0.361646 0.0313848 0.0402718 0.00424335
0.0410356 0.128667 0.438461 0.0102549 0.00134546 -0.0494674 -0.0110555 0.102224 0.352896 0.0523937 0.0641702 -0.0160225
-0.036193 0.0805988 -0.134776 -0.0509686 -0.06282 -0.0410585 -0.0642799 0.0419217 -0.238954 -0.0166865 -0.0231802 -0.0332907
0.142269 0.126158 0.191496 -0.0657827 -0.0488622 0.0286611 0.0701464 0.106501 0.13749 -0.0188979 0.0353935 0.0576546
0.0423502 0.0427315 0.0088505 -0.0530487 0.053384 -0.0182274 -0.0224029 -0.0130814 0.00728486 -0.0490357 0.111858 0.0206013
-0.0140274 0.00252006 0.0576978 0.00931671 0.0949988 -0.0115832 -0.0651485 -0.0268545 -0.0563863 0.0745598 0.140276 0.00933011
0.0340353 -0.0938175 0.0227147 -0.0763292 -0.209156 -0.138051 -0.0195814 -0.149942 0.0193473 -0.0506307 -0.144715 -0.092836
0.0193447 0.149792 0.0577737 -0.0125155 -0.0968344 -0.0752387 -0.0484981 0.143558 -0.0460772 0.0388146 -0.0383304 -0.0533398
-0.0289205 0.0511567 -0.166579 -0.0469173 -0.0509911 -0.0492271 -0.0537525 0.0169054 -0.262526 -0.0111608 -0.0136228 -0.0409504
0.0169215 0.168577 -0.0144047 -0.0477216 -0.0279426 -0.0462536 -0.0779106 0.119089 -0.0188732 -0.0485869 -0.00834478 -0.00132581
-0.0816469 -0.101152 0.100691 -0.0705802 -0.104314 -0.00660006 -0.101215 -0.139584 0.0354748 -0.0300171 -0.0744226 0.0060365
0.0692628 0.0230158 0.153985 -0.037552 0.0534249 0.0413179 0.0639567 -0.00437238 0.128856 -0.0179182 0.0617277 0.00231479
0.00330104 0.00783991 -0.0227654 0.0194448 0.0921852 -0.0327646 -0.0375979 -0.0257977 -0.134197 0.0823573 0.126222 -0.0139975
0.0737918 -0.115465 0.13049 -0.0948032 -0.0339954 0.0664383 0.0228642 -0.133537 0.0385124 -0.0586199 0.0246479 0.0852138
0.0400385 0.0217663 0.139711 0.048389 0.13452 -0.037111 -0.036681 0.0100772 0.0236209 0.105045 0.20364 -0.0091904
0.0182701 0.00374478 0.0510825 -0.0499194 -0.0115389 0.0379793 0.0146697 -0.0269232 -0.00396944 -0.0134616 -0.00724854 -0.0173447
0.14246 -0.0556499 0.212359 -0.0860025 0.00487504 0.0206773 0.0912156 -0.055909 0.123452 -0.0494455 0.0619685 0.0437092
0.0922902 0.0802469 0.174516 -0.0850295 -0.0868066 0.0336468 0.0137958 0.0538998 0.110286 -0.0321634 -0.00745934 0.0562258
0.0871365 -0.127524 -0.164205 -0.0186141 -0.168219 -0.036734 0.00325034 -0.126926 -0.256452 0.0155204 -0.0962102 0.00146266
0.0636517 -0.261804 -0.165502 0.0128124 -0.142389 -0.0453632 -0.0142433 -0.245391 -0.249786 0.0424042 -0.0775647 -0.0090343
0.038145 0.0247899 0.16021 0.0559896 0.139097 -0.0509448 -0.0369 0.0145022 0.0448763 0.109492 0.208429 -0.021995
0.0356997 0.171464 0.0631838 -0.0185693 -0.0943356 -0.0700497 -0.0299372 0.162274 -0.0401046 0.0280813 -0.0364734 -0.0475283
-0.0486372 -0.125698 0.162545 -0.0824363 -0.168328 0.0121273 -0.0751253 -0.159094 0.088018 -0.0386784 -0.129341 0.0242979
-0.0410633 -0.196445 0.0575301 -0.0591318 -0.089444 0.0508674 -0.0959239 -0.211195 -0.0556847 -0.0281268 -0.0347115 0.0716178
0.0536307 0.0643234 0.0436638 -0.10552 -0.063104 0.0338315 0.00697751 0.0081835 0.019985 -0.0997526 -0.0490149 0.00835579
-0.0698515 -0.000592252 0.0360837 -0.0124753 0.0588506 0.117091 -0.0867622 -0.0340667 -0.00681333 0.00862447 0.0592501 0.08107
-0.0581374 -0.0365467 -0.055023 0.0153956 -0.0951015 -0.0113242 -0.12172 -0.077092 -0.0904642 0.0615447 -0.109475 0.0301279
0.0748473 0.0503268 0.0444433 -0.0961264 -0.0516561 0.0321416 0.0298922 -0.00275663 0.0225699 -0.0887291 -0.0397127 0.00663314
0.0299201 0.0292508 0.211793 0.0667629 0.139264 -0.0752675 -0.0404768 0.0212443 0.100106 0.114349 0.208258 -0.0448222
0.0621916 -0.0529221 -0.0876026 -0.0619473 -0.1826 -0.0216578 -0.0163884 -0.0550065 -0.185059 -0.0250693 -0.112609 0.0171185
0.0898155 -0.134822 -0.152417 0.0351151 -0.0372675 0.028327 0.0564561 -0.160623 -0.172832 0.0463252 -0.0285744 -0.0150665
0.0430165 -0.0669141 0.104461 0.00771841 -0.00328583 -0.060791 -0.0215796 -0.0875172 0.037005 0.0505921 -0.0208603 -0.0346872
0.0412883 0.0164135 0.0262506 -0.0231669 -0.0146558 0.0637547 -0.000172741 -0.0320434 -0.021679 -0.00475037 -0.002332 0.0390394
-0.0206782 -0.0420774 -0.0587015 -0.00341692 -0.10985 -0.0188181 -0.081967 -0.0652357 -0.0912174 0.0378866 -0.114705 0.0197075
-0.0110994 0.00513479 -0.158914 -0.0194113 0.0123227 0.00870038 -0.0461194 0.00303417 -0.162545 0.00225396 0.0308619 -0.00641511
0.116664 -0.0854554 0.116194 -0.0294998 0.0657721 -0.0358458 0.0754434 -0.0860501 0.112846 0.0246427 0.0527944 0.0216122
-0.00281156 0.0456656 -0.0457271 0.0769212 0.0315882 0.0681265 -0.0253589 0.0238976 -0.064128 0.0865642 0.0379954 0.0427233
-0.00216925 -0.0954428 -0.0761773 -0.0352193 0.0215873 -0.014063 -0.0219913 -0.143245 -0.115217 -0.0200078 0.0281144 -0.0436376
-0.0567595 -0.0154099 0.0255337 -0.0189971 0.0496884 0.107613 -0.0749512 -0.0598575 -0.0225975 -0.003105 0.0508875 0.0749512
0.0437251 -0.020978 0.067652 0.012517 -0.0331222 0.0050649 0.0163972 -0.0526438 0.0250274 0.0488465 -0.0157931 -0.0176918
-0.00581162 -0.0548009 -0.0282077 -0.0232133 -0.0707631 0.00606716 -0.0270706 -0.0522446 -0.0432785 -0.00431061 -0.0689697 -0.0184494
-0.0561946 0.143435 0.123266 -0.109051 0.0872652 -0.0651632 -0.119226 0.124065 0.0722656 -0.0668715 0.0667921 -0.024353
0.00681007 -0.0291353 -0.0167901 -0.0108253 0.00800739 -0.0108646 -0.0361129 -0.0648647 -0.0491898 0.00874677 0.020871 -0.0260671
-0.00454917 0.018584 0.00964382 -0.0293736 -0.0299568 -0.129664 -0.0758907 0.0330205 -0.0793623 0.0236553 0.0309214 -0.111091
0.0201879 -0.0964802 -0.0586435 -0.0434846 0.0693065 -0.0330579 -0.00232654 -0.121153 -0.0826354 -0.0241271 0.0789302 -0.0657464
0.0238646 0.059018 0.0457379 -0.0106297 0.027172 0.0968776 0.000259175 0.0190062 0.00786166 0.00872557 0.0353343 0.0744698
-0.0620986 0.171395 0.0948211 -0.117667 0.0990368 -0.072756 -0.122789 0.150331 0.0473058 -0.0755623 0.0785784 -0.0359556
0.0747717 0.0276565 0.171761 -0.0407493 0.102761 -0.0386533 0.0324789 0.0161599 0.177122 0.0226079 0.0868493 0.0208566
-0.0012127 0.145 0.0232686 -0.0161378 0.00306947 -0.088143 -0.0539103 0.134736 -0.0185541 0.0273135 -0.000238893 -0.0617938
0.0374241 0.00276451 -0.116831 -0.0128672 -0.0142946 -0.0659211 -0.0274247 -0.0367681 -0.126915 0.00648849 -0.00536382 -0.0885896
0.0827507 0.0402468 0.118791 -0.0455463 -0.0417945 0.0615523 0.066443 0.0105451 0.0578697 -0.0162892 -0.0229764 0.0187755
0.00547528 0.158915 0.047726 -0.0428344 0.0662003 0.107746 -0.030903 0.140531 0.0389308 -0.023911 0.0696612 0.0802787
0.0339872 -0.0862767 0.00382255 -0.0382823 -0.0157921 -0.0626817 -0.0117876 -0.0831501 -0.0334512 -0.00669023 -0.0140973 -0.0250884
-0.00638665 0.169581 0.0610528 -0.0430104 0.0681817 0.107158 -0.0403933 0.152511 0.0504916 -0.0224407 0.0714651 0.0811319
0.0680279 -0.0493156 0.104928 -0.0188483 -0.00686618 -0.0670259 0.007287 -0.0696669 0.0521301 0.0315503 -0.0217008 -0.0418002
0.0753875 -0.0081631 0.0836038 -0.0493075 -0.00246104 0.0609759 0.0573119 -0.0374897 0.0595526 -0.0256826 -0.00680848 0.0246484
0.0744838 -0.113076 0.0108711 -0.033089 -0.0299538 -0.0480272 0.0320858 -0.112022 -0.0252387 0.000796174 -0.0304139 -0.0115445
0.00621751 -0.0774071 0.135689 0.000865401 0.035529 -0.0309 -0.0537972 -0.0886258 0.0753957 0.0324377 0.0173745 -0.00350678
0.0459947 0.00310933 -0.00408119 0.0227452 -0.0364158 -0.0500692 -0.006467 0.0182833 -0.0534925 0.0641112 -0.0243511 -0.0167663
-0.0122046 -0.0579318 0.0790477 -0.0144938 -0.0816093 -0.02239 -0.0448982 -0.0698895 0.0364529 0.0147363 -0.0614442 -0.0506721
0.129828 -0.115227 0.0371097 -0.0458212 -0.0430249 -0.0278871 0.091977 -0.125633 0.00326216 -0.00270521 -0.050285 0.0114573
0.0348548 0.133842 0.0170126 -0.0383796 0.0662131 0.0994563 -0.00673506 0.108538 0.0113978 -0.0224502 0.0676097 0.0686458
0.0560633 -0.0364086 -0.10894 -0.0818327 0.0743727 -0.00140363 -0.00297151 -0.0426452 -0.120306 -0.0504354 0.0701117 0.0187125
-0.0517504 -0.109101 -0.153061 -0.0351073 -0.0575727 -0.0054588 -0.112026 -0.120582 -0.202664 -0.0110574 -0.0616629 0.018402
0.107479 0.165673 0.213784 0.0133382 0.0186005 0.0321697 0.103394 0.148489 0.182354 0.0347218 0.0342074 -0.00351505
0.140153 -0.0675995 0.073588 -0.0516009 -0.0355568 -0.0343939 0.100844 -0.0889142 0.0431846 -0.00119295 -0.0501833 0.00779391
-0.032705 0.160331 0.0876664 -0.0305164 0.0746135 0.0874007 -0.056258 0.147375 0.0709265 -0.00146685 0.0793825 0.0646277
-0.0228394 0.177978 0.0803936 -0.0393067 0.0737569 0.0996535 -0.0514314 0.164218 0.0669644 -0.0147563 0.0773197 0.075939
0.103366 -0.0447696 -0.0170922 -0.0702813 0.0493012 -0.0163969 0.0527839 -0.0513422 -0.0211456 -0.0409296 0.0443737 0.0169005
0.0053486 0.0813626 -0.00964846 0.0864735 0.0256585 0.0601273 -0.0189034 0.0537027 -0.0330809 0.0964071 0.0308468 0.0378926
0.0240993 -0.033082 -0.0583374 -0.0108112 -0.0549015 -0.00673997 -0.0316932 -0.0230277 -0.0839267 0.0319339 -0.038112 0.031292
0.0126768 -0.0459561 -0.0311053 -0.00338832 0.0345147 0.0566968 -0.00413149 -0.0672228 -0.0486311 0.00860727 0.0430363 0.0215182
0.0580996 0.119672 0.091172 -0.108851 0.120461 -0.035889 0.0208795 0.0896312 0.0541439 -0.0867731 0.0951885 -0.00793899
0.0321083 0.100952 0.205071 -0.0387677 0.0111599 -0.0404723 -0.0253489 0.0850773 0.153123 0.0067333 -0.00285175 0.00348547
-0.0335354 -0.060332 -0.124218 -0.0704388 -0.0105164 0.039576 -0.0858952 -0.0864608 -0.170821 -0.0444425 0.00379781 0.0900162
0.0835595 0.162607 0.00684479 0.0154406 -0.0472704 0.016998 0.0613847 0.162207 0.00394371 0.0374653 -0.0404659 -0.0144889
0.148699 -0.0879977 0.0461876 -0.0385339 0.0263954 -0.0332087 0.104792 -0.0908035 0.0384476 -0.00223812 0.0193437 0.0155069
0.0912127 0.0781464 0.144063 0.0639963 0.017723 -0.0295687 0.0752735 0.0460386 0.11231 0.0852185 0.0247768 -0.0704724
0.08244 -0.232182 0.052372 -0.0393257 -0.0725684 -0.0600927 0.0302132 -0.227001 0.0194457 0.00273204 -0.0817203 -0.033347
0.051569 -0.0388342 -0.0131785 0.0212339 -0.0110671 -0.0179474 -0.00255947 -0.0150369 -0.0566283 0.0659064 0.00663863 0.019516
-0.0603118 -0.0308548 -0.102569 -0.0142547 -0.00405493 0.0264732 -0.1134 -0.0761652 -0.140134 0.0180923 0.00113077 0.070996
0.0441995 0.170799 0.0860371 -0.0403986 -0.0023887 0.0943904 0.0136315 0.143431 0.0672146 -0.0286348 -0.00351505 0.0629279
0.121772 0.0574176 -0.0317185 0.0028176 -0.0651584 0.0120586 0.0978311 0.013482 -0.086164 0.0250627 -0.0516811 -0.0430388
0.0868316 0.137942 0.404679 -0.103641 -0.0115073 -0.0660591 0.0612904 0.160316 0.383577 -0.0697985 0.0277303 -0.0508915
-0.0308463 -0.0804959 -0.160864 -0.0225426 -0.0143777 -0.0248922 -0.093668 -0.0843173 -0.200314 0.00153158 -0.0182983 -0.00652935
0.0797423 0.171294 0.421962 -0.0443651 0.0309953 -0.099561 0.0455345 0.217904 0.399805 -0.00898085 0.0653081 -0.0765736
0.0150221 0.120942 0.449237 -0.0725739 0.130822 -0.0972415 -0.00811428 0.161419 0.443922 -0.0330086 0.144009 -0.0623145
0.101256 0.23593 0.050994 -0.0227505 0.0471895 0.010732 0.081189 0.203273 0.0477532 -0.00334358 0.0554692 -0.0207474
0.037481 0.166575 0.493955 -0.0591424 0.00483393 -0.100267 0.0164649 0.202699 0.462829 -0.0293847 0.037499 -0.0769675
-0.0205604 0.266754 0.450778 -0.0196332 0.000207115 -0.103768 -0.0501037 0.313306 0.402878 0.0109503 0.0239489 -0.0870512
0.175677 -0.00438 0.215441 0.059321 -0.0327848 0.0303977 0.129774 -0.0321107 0.231119 0.0984467 0.0143323 0.0827046
0.0675722 0.132082 0.499371 -0.0885858 0.00850344 -0.0990607 0.0317481 0.182296 0.482603 -0.0622357 0.0297786 -0.0746041
0.028571 0.134209 0.559244 -0.0418265 0.0459847 -0.0428589 -0.0172527 0.176545 0.515611 -0.0107928 0.06712 -0.0362385
-0.0678136 -0.195751 0.0509743 0.0335382 0.0995734 -0.0830354 -0.126107 -0.229342 0.0641969 0.0385655 0.114435 -0.0871469
-0.00402178 0.113235 -0.00281482 -0.0669602 -0.0603437 -0.166257 -0.0898591 0.0986593 -0.115614 -0.0115452 -0.015905 -0.158485
0.0680006 0.109611 0.140926 -0.0151688 0.0171984 -0.107039 -0.00662035 0.139835 0.0421442 0.0406102 0.0753266 -0.0914738
0.191788 0.00325185 0.188056 0.0601187 -0.0728801 0.0377533 0.141992 -0.0187182 0.204412 0.100248 -0.0416656 0.0924162
-0.021574 0.16969 -0.0487363 -0.0150737 -0.0250879 -0.162703 -0.0896976 0.173663 -0.14815 0.0518325 0.031487 -0.14476
0.210008 0.0751121 0.230838 0.061183 0.0556741 0.0928467 0.171596 0.0651612 0.232293 0.0972719 0.102284 0.14583
0.14813 0.0038995 0.142842 -0.0543491 -0.0509901 -0.0414247 0.103094 -0.0476893 0.0916849 -0.0450627 -0.0447343 -0.054502
0.0249367 0.312236 0.422604 0.0349786 0.00458955 0.00934592 -0.010223 0.273587 0.39602 0.0369164 0.0146043 0.00640967
0.0123851 0.0950359 0.0574532 -0.000510617 -0.0596881 -0.0934616 -0.0447277 0.115372 -0.0306797 0.047392 -0.00266429 -0.0745193
0.000697445 0.119082 0.108729 -0.0544274 0.0184862 -0.180606 -0.0580491 0.119328 0.00952684 0.0108994 0.0611978 -0.156628
0.0685481 0.126695 0.0587649 -0.0441601 -0.0700046 -0.14755 -0.00387532 0.135636 -0.0257548 0.0156628 -0.000968831 -0.133699
0.0339331 0.0849794 0.0772601 -0.0232272 -0.0829883 -0.112376 -0.0331825 0.0880829 -0.00799286 0.0472305 -0.0228483 -0.0918775
-0.0278376 0.0835293 -0.100079 0.0618511 -0.0614627 -0.20446 -0.114458 0.0732726 -0.166579 0.0656899 -0.0549943 -0.193159
0.0067094 0.0141238 0.21039 -0.0658606 0.0236215 -0.12901 -0.0658805 0.00524784 0.0774258 -0.0111416 0.0804937 -0.103261
0.155117 0.128186 0.292004 0.0985498 0.0319409 0.0959762 0.104869 0.10949 0.298081 0.139094 0.0639081 0.146613
0.218464 0.0953323 0.404236 0.0565885 0.00297236 0.140639 0.164548 0.073698 0.392455 0.091398 0.0496541 0.182483
0.00357314 0.0202941 -0.0307538 0.0443138 -0.0358986 -0.227738 -0.0563535 0.00965832 -0.119811 0.0530808 -0.0288153 -0.208412
-0.11094 0.123732 -0.0270088 -0.0348854 0.0223581 -0.245555 -0.162595 0.101612 -0.090437 -0.0305714 0.0269794 -0.225494
-0.0336912 0.069519 -0.0610392 0.0878087 -0.0562891 -0.120452 -0.0799804 0.0575508 -0.119093 0.0937894 -0.0540387 -0.0893993
-0.0554195 0.139816 -0.0213398 0.0532801 0.0146105 -0.167659 -0.123722 0.114782 -0.109434 0.0588279 0.0193965 -0.153894
-0.0476773 0.125352 0.0278606 0.0214365 -0.0201064 -0.240102 -0.120929 0.0858872 -0.0594665 0.0387131 -0.0197956 -0.211525
0.0328219 0.201792 -0.0302181 -0.0127297 0.0560272 -0.17988 -0.0363185 0.179357 -0.12037 -0.00462961 0.06681 -0.166586
0.161594 -0.165366 -0.0177666 -0.0585365 -0.00922619 0.0547285 0.0954657 -0.195162 -0.0863661 -0.0140485 0.00973814 0.109514
-0.00461282 -0.0660786 -0.220604 -0.00387101 0.0623862 -0.0921516 -0.00610231 0.00484841 -0.104492 0.103488 0.0702183 -0.0686301
0.0361065 -0.0682179 0.134102 -0.0373193 0.32557 -0.0810866 0.0534001 -0.0364781 0.130986 -0.0189175 0.308667 -0.0612225
0.628737 0.550493 0.389863 -0.103471 -0.0956505 0.0394988 0.462952 0.531314 0.462213 -0.0766147 -0.122497 0.00929969
0.036539 -0.0512979 -0.129522 -0.0319406 -0.0192181 -0.00108778 0.0109466 -0.05891 -0.156061 -0.0804432 0.00432103 -0.029455
0.0679644 -0.0646247 -0.0454615 0.144503 0.0314226 0.054598 0.0492159 -0.0582424 -0.0786595 0.100295 0.0540874 0.0171217
0.068907 -0.0328271 -0.0401661 0.129333 0.0273162 0.0681061 0.0471866 -0.0321499 -0.0673072 0.087929 0.0549914 0.0296438
-0.104598 -0.0584443 0.0285399 0.0547896 -0.0462895 0.0134463 -0.094621 -0.0681586 -0.010871 -0.0007152 -0.0567869 -0.00729504
0.0381002 0.00849343 0.0270681 0.0705068 -0.0439892 0.0538804 0.0400569 0.010282 -0.000357013 0.0142091 -0.0317027 0.00514099
-0.076981 -0.000785026 -0.0364454 0.0347824 0.0591866 0.0527082 -0.0886609 -0.00762598 -0.0712708 0.0017105 0.0706294 0.0217376
0.0508792 0.088753 0.0199956 0.0449058 -0.00366186 0.105156 0.0256125 0.0800392 0.00533595 -0.00256125 0.00988929 0.0646717
-0.0398918 -0.133989 -0.0548857 0.0214527 -0.0660847 0.0433837 -0.0286495 -0.12333 -0.075629 -0.0399794 -0.0480619 0.0130619
-0.176802 -0.0565406 0.0420882 0.0160385 -0.0312392 0.028068 -0.176822 -0.061588 0.0238266 -0.0423102 -0.0109747 0.00353788
0.00172884 -0.00411561 -0.156832 -0.0659603 0.129683 -0.0396007 -0.0232671 0.0577977 -0.0908484 0.00147988 0.129901 -0.00353528
-0.0792654 0.0133481 -0.0297467 0.0326803 0.0568512 0.0498357 -0.0915689 0.00719725 -0.0684807 -0.000285039 0.068552 0.0188126
-0.0529321 -0.152543 -0.0133058 0.00456907 -0.0577568 0.0383495 -0.0421527 -0.146091 -0.0331303 -0.0538457 -0.0393377 0.00844497
0.0884249 0.104032 0.0239776 0.0446345 -0.0288334 0.0904426 0.0607271 0.104388 0.0161418 -0.00732423 -0.00924417 0.0513407
-0.154616 -0.0833948 0.0470105 0.00911139 -0.0329431 0.029547 -0.152274 -0.0870035 0.0275812 -0.0476533 -0.0142238 0.00375451
0.000434054 -0.168373 -0.04859 0.132315 -0.0774635 0.0236549 -0.0275509 -0.203519 -0.0946749 0.0722764 -0.0723479 -0.0106626
-0.105817 -0.128232 0.0343623 -0.00177202 -0.0352876 0.0323686 -0.0992709 -0.128511 0.0155945 -0.05718 -0.0173273 0.00433182
-0.0873824 0.0787049 -0.0531373 0.0442933 0.0221314 0.0618678 -0.0930343 0.070873 -0.0959843 -0.0114404 0.0475604 0.0380627
-0.0637904 -0.0078792 -0.0274877 0.0524831 -0.0524646 0.00025772 -0.0561056 -0.0100061 -0.0601081 -0.00371655 -0.0548191 -0.0187257
-0.139266 -0.0164113 -0.0235126 0.0256504 -0.0596783 0.0445515 -0.150212 -0.0284399 -0.0298836 -0.0329153 -0.0392673 0.0156636
0.114784 0.112851 0.0246625 0.0634352 -0.0344208 0.0666857 0.0814669 0.109689 0.0180564 0.00497616 -0.0100945 0.0289328
0.0197384 -0.00649565 0.0134958 -0.0242448 -0.00744419 -0.0346807 0.00848514 -0.00417066 -0.0248801 -0.0740652 0.0130153 -0.0608341
-0.0868912 -0.0883531 0.153839 0.0951324 -0.0663641 -0.0121496 -0.117973 -0.151435 0.138136 0.0398964 -0.0519082 -0.0560551
-0.00470202 -0.0586341 -0.139508 0.00816231 -0.047428 0.0520524 -0.0296461 -0.0747285 -0.145922 -0.0423413 -0.0276986 0.0183936
-0.0288389 -0.00573443 0.108371 0.106239 0.00357604 0.0447929 -0.0525652 -0.0487138 0.0953592 0.0440778 0.0164043 -0.00534924
-0.0543547 0.104841 0.00958567 0.0293927 0.073359 0.0770355 -0.0698206 0.0770039 -0.0355568 -0.0164495 0.085911 0.0469063
0.0588043 -0.129598 -0.0186503 0.0682346 -0.0646968 0.00583028 0.0316068 -0.154459 -0.0532024 0.0194503 -0.053703 -0.0338236
0.0325976 0.00236467 0.0280723 0.0393861 -0.0277621 0.0199743 0.0285322 0.00114415 0.0139443 0.00443358 0.0091532 -0.00965377
0.0276779 -0.060751 0.0559773 0.0924344 0.00268321 -0.0364508 0.0307156 -0.0491594 0.0062436 0.0386816 0.0158602 -0.0657372
0.0135949 -0.00138713 0.00375092 0.00638254 0.0413254 -0.0209581 -7.40071e-05 -0.000148014 7.40071e-05 0 -7.40071e-05 7.40071e-05
0.524975 0.277636 0.375519 0.0760022 -0.0887089 -0.128353 0.497243 0.21347 0.282091 0.1131 -0.0326277 -0.0824472
0.144555 0.0208365 0.127982 0.12022 0.0184881 0.0407451 0.126639 0.030696 0.103867 0.0588935 0.0201309 -0.0196312
0.092145 0.0712593 0.0906968 0.15067 -0.0452832 0.0961794 0.0680309 0.064176 0.0378346 0.0928732 -0.0511838 0.0389768
0.100384 0.104961 0.147987 0.148877 -0.00755224 0.122876 0.103153 0.112433 0.12157 0.0829506 0.00142772 0.0614634
0.260132 0.111503 0.221978 0.130315 0.10727 0.00777799 0.297108 0.124694 0.217647 0.118374 0.100125 -0.0357183
0.20284 0.0231002 0.0251287 0.0936081 -0.0601849 0.0598647 0.199952 0.028483 -0.00928018 0.0172754 -0.0568233 0.01442
-0.0202975 -0.0696208 -0.0276109 0.0344848 0.0907866 -0.0601908 -0.0457752 -0.0859212 -0.0425162 0.0354054 0.0352573 -0.0249616
0.212388 0.13116 0.0984661 0.0795068 -0.0516116 0.066993 0.193599 0.130922 0.0513979 0.0244854 -0.0351219 0.0180607
-0.0567002 0.02112 -0.0119658 0.0303981 0.0477721 -0.0692434 -0.076465 0.00503352 -0.0304972 0.0251676 -0.00843854 -0.0347905
-0.0529394 0.0098979 -0.0146838 0.0345893 0.0579907 -0.0711152 -0.0729223 -0.00732925 -0.0320562 0.0308717 0.00162872 -0.0357579
-0.00363429 -0.048567 -0.0424574 -0.00407562 0.051979 -0.024516 -0.0245246 -0.0401582 -0.0412695 -0.0101507 0.0132626 0.00963203
0.000482645 -0.0234578 -0.0490162 0.00338211 0.0543189 -0.0173167 -0.0152608 -0.0147422 -0.0523015 -0.00451897 0.0179277 0.0159275
0.0198258 -0.041726 -0.0042108 0.00174491 -0.0341898 -0.0728958 0.00724185 -0.0295586 0.000221689 -0.019287 -0.0892669 -0.0514319
0.0767191 -0.0129815 -0.014502 -0.00647988 -0.0409001 -0.0621882 0.0643784 0.00819496 -0.00221485 -0.0198599 -0.0959032 -0.041344
0.0107232 0.0329959 0.0841533 -0.0502148 -0.0257071 0.00708953 0.0181184 0.0294608 0.0722525 -0.0562701 -0.0702639 0.0200333
0.464232 0.57256 0.766996 -0.0243535 -0.000128107 0.127101 0.437244 0.408207 0.695501 -0.000564428 -0.0218873 0.129693
0.0659677 0.166064 0.0661113 0.120737 -0.0257236 0.120306 0.0805234 0.162617 0.0434027 0.0599643 -0.0204878 0.0720285
0.116491 0.0030184 -0.00807151 -0.0255774 -0.039433 -0.0436813 0.105391 0.0257393 0.00523636 -0.0318607 -0.0983109 -0.0258131
0.00770569 -0.0537281 0.0206011 0.000255375 0.054225 0.00608839 -0.0164243 -0.0524687 0.0337405 -0.0187282 0.014938 0.0321798
-0.0752454 -0.0507041 -0.0164661 0.00144531 0.0508049 -0.0436065 -0.10207 -0.0615228 -0.0457174 0.00679484 0.00849355 -0.0184642
0.127157 0.104777 0.100226 0.102215 -0.0278985 0.115023 0.123426 0.0881617 0.0613206 0.0404045 -0.0182034 0.048828
-0.044219 -0.0225138 0.000206704 0.0417673 0.128071 0.0263259 -0.098808 -0.0197467 0.00365128 0.0386737 0.101491 0.0604323
-0.0256619 0.0489361 0.0195302 -0.0265138 -0.0208548 -0.0558369 -0.0561786 0.0459777 0.00133054 -0.0450168 -0.0677099 -0.0299373
-0.0117733 0.0767521 -0.032112 0.0109833 0.0286625 -0.0264738 -0.0601136 0.0641753 -0.0508824 0.0102651 0.00561257 -0.00428328
0.117704 -0.0111041 0.00727338 -0.0335584 -0.0243331 -0.0535608 0.104353 0.000589567 0.0112018 -0.0397221 -0.0862979 -0.0386167
-0.0322091 0.000613476 0.0832315 -0.0427648 -0.00801765 -0.0196587 -0.0310364 -0.00272766 0.0763746 -0.0423157 -0.0513833 0.000294883
-0.0105687 0.0935167 -0.0406353 0.0154379 0.0219984 -0.0366028 -0.0576726 0.0809336 -0.0572295 0.0140305 -0.000959979 -0.0149904
0.115443 -0.014081 0.0094357 -0.0320191 -0.020322 -0.0562543 0.101022 -0.0064843 0.00987381 -0.0391268 -0.0828958 -0.0420742
0.124464 0.126629 0.218968 0.0951917 -0.0102076 0.0234188 0.119929 0.113718 0.17254 0.0304818 -0.0104224 -0.0339084
0.178139 0.226402 0.0422717 0.0866012 -0.056952 0.105571 0.164045 0.206948 0.00549672 0.0147769 -0.0515407 0.0529684
0.00930389 0.128576 -0.0683954 0.0239355 0.00123581 -0.0795677 -0.0259126 0.119744 -0.0692478 0.0203019 -0.0272414 -0.05906
-0.00244705 0.0465136 0.0220832 -0.0197624 -0.0259666 -0.0611641 -0.0288115 0.0429218 0.0155139 -0.0345738 -0.068335 -0.0353865
0.00336337 0.0482068 0.023109 -0.0142828 -0.0228719 -0.0627732 -0.0208303 0.0438027 0.0201655 -0.0272567 -0.0641898 -0.0373025
0.0246548 0.0641339 0.0137578 0.0102816 -0.00457713 -0.0727822 0.00679296 0.0584047 0.0211911 0.00509472 -0.0431944 -0.0497659
0.050666 -0.0853851 -0.0191082 -0.0552769 -0.219472 -0.00478397 -0.00990784 -0.124158 -0.0268595 -0.0243052 -0.173929 0.0261629
0.0361583 0.118826 0.0705836 0.0261864 0.0581157 -0.0359573 0.0202041 0.0939157 0.0628325 0.0127293 0.0316013 -0.0109531
0.1093 0.0335537 0.0385968 -0.0587193 0.0143954 -0.0139649 0.0946557 0.0144315 0.0395201 -0.0619444 -0.0316013 0.00784481
0.0974401 0.0742782 0.144667 0.0239947 0.0342827 0.117225 0.0660888 0.0629065 0.130845 0.0187239 -0.0155416 0.128699
0.542974 0.543825 0.635059 0.0262487 0.0613143 -0.149355 0.471153 0.460297 0.583158 0.0294842 0.0805624 -0.0981224
0.0634602 0.00626845 0.0444006 0.00538278 0.0144202 -0.0432967 0.0285669 -0.0173178 0.0517313 0.00436645 -0.0134694 -0.0119892
0.128229 0.105675 0.166368 0.0940898 0.0814577 -0.0100527 0.108865 0.101464 0.159782 0.0859968 0.0447746 0.0149495
0.0460025 0.14331 0.110986 -0.00410782 0.083551 0.0518123 0.0304911 0.146757 0.126701 -0.00740076 0.0589101 0.077486
0.0475332 0.0980935 0.0990469 0.0193507 0.122595 -0.0201816 0.0372998 0.0952478 0.0985781 0.019094 0.0843687 0.000370038
0.00100424 -0.178992 -0.074261 0.0434669 0.0314987 0.0405669 -0.0497233 -0.182319 -0.0753725 0.0423736 -0.0060748 0.0752975
0.147446 0.179602 -0.0824837 0.144589 -0.0141661 -0.0632348 0.0744512 0.205156 -0.16818 0.187541 -0.0865828 -0.105445
0.131404 0.195452 0.0372267 0.153033 -0.0611856 0.0784248 0.0731707 0.126924 -0.0400476 0.090803 -0.0722427 0.0819512
0.215615 0.427414 0.113329 -0.0388968 -0.0857186 -0.0136071 0.123965 0.28862 0.11142 -0.0267409 -0.0833589 -0.0607447
0.142206 -0.130256 0.364577 0.10373 -0.200193 -0.171986 0.155006 -0.170608 0.368285 0.122086 -0.18309 -0.198692
-0.00868924 0.0394387 -0.0362713 -0.00115306 0.0205174 0.00367293 0.00162083 -8.53067e-05 -0.000170613 0.000682454 0.00051184 0.000597147
0.013575 0.0151807 -0.0162452 -0.00369439 -0.0353311 0.00281557 0.0255851 -0.0168571 0.0289223 8.55688e-05 -0.0504 0.00359389
-0.0280103 0.04326 -0.0122478 0.00887124 0.0367352 0.0473691 -0.0650324 -0.00993908 0.000771135 0.0203922 0.0155084 0.0318736
-0.0479821 0.0462297 -0.0372762 0.0128226 0.0464395 0.0842548 -0.0939063 -0.00925354 -0.0247618 0.0269038 0.0228768 0.0755706
-0.05912 0.0610416 -0.0743302 0.0285958 0.0572124 0.0880999 -0.097836 0.0118226 -0.0526875 0.0456625 0.0350393 0.0836146
0.061906 0.106196 0.102904 -0.0830773 0.057173 0.178358 0.0265793 0.107559 -0.0555599 -0.0814768 0.0497638 0.170157
0.0148014 0.0594612 -0.0178924 0.0268035 0.0366589 -0.0128528 0.0115673 0.0316172 0.0119957 0.0367583 0.0265619 -0.0282756
-0.0106679 -0.0348551 0.0380995 -0.000865168 0.0324358 0.0462683 -0.0328529 -0.0909508 0.0267146 0.0103746 0.0120173 0.0368299
0.00709809 0.0665333 -0.0785941 0.0195571 -0.0140812 -0.0246478 0.0185744 0.0345809 -0.0203719 0.0310715 -0.0289316 -0.0188312
0.0834442 -0.0210746 -0.138194 0.00748727 0.065089 -0.0509276 0.0702046 -0.110804 -0.10838 -0.0206026 0.0496886 -0.0693389
-0.0515039 -0.0450257 0.0168803 -0.00808524 0.0342794 0.0347087 -0.0699259 -0.0974462 0.00450018 0.00675027 0.0135871 0.0267414
0.0998039 0.0759555 -0.0366647 0.0150175 -0.0337679 0.0113928 0.0810148 0.0241229 -0.0159955 0.00657111 -0.0660569 -0.0142662
-0.107149 0.0404682 -0.0439879 -0.0144789 -0.00965655 0.0412746 -0.110508 0.00408324 -0.0210243 -0.00946963 -0.033274 0.0229356
0.0323161 0.123519 -0.0898705 0.0404404 0.00254478 0.00427492 0.042356 0.115664 -0.0387549 0.0564175 -0.0108891 -0.00248649
-0.0396108 -0.0963777 -0.0200907 -0.00576093 0.00797382 -0.0716349 -0.046578 -0.143104 0.0330972 0.00561701 -0.013308 -0.077342
-0.0492288 -0.0179632 0.0610888 -0.0129391 -0.00460172 0.0396594 -0.0453874 -0.0536868 0.10625 -0.0150427 -0.0483267 0.0195382
-0.130069 0.0355816 -0.0760111 -0.0380529 -0.0365485 0.0403942 -0.135676 -0.001043 -0.0514545 -0.0345927 -0.0589293 0.0232936
0.0898594 0.135389 -0.120117 0.00488897 -0.0187881 0.0209519 0.0829481 0.0906461 -0.0951438 -0.00164339 -0.0428147 0.00631409
-0.0169136 0.0045709 -0.121353 -0.0358136 -0.00970426 -0.0389898 0.00770065 -0.0408394 -0.053645 -0.0339175 -0.035648 -0.046377
0.00266615 0.153442 -0.176433 -0.00222381 0.0463561 -0.0155418 0.00484839 0.12779 -0.126145 0.00787864 0.0298696 -0.0117747
-0.061226 0.000396434 -0.0868252 -0.0386448 -0.0265983 -0.0294667 -0.0315769 -0.0314904 -0.0167833 -0.0333936 -0.0564923 -0.032788
-0.0444689 0.0904142 -0.0637318 0.0125712 0.0655733 -0.0328776 -0.0440271 0.0718474 -0.0180269 0.0330204 0.0543406 -0.0304203
-0.139059 -0.0629047 -0.0600398 -0.0417404 0.044622 0.0170579 -0.14521 -0.110599 -0.0568174 -0.017956 0.0212523 0.0105828
-0.161132 0.0234461 -0.167913 -0.0677484 -0.057366 0.032636 -0.170832 -0.0108727 -0.135952 -0.0635836 -0.0742823 0.0168744
-0.0757598 -0.0119529 0.0396333 -0.0208267 -0.00579519 0.0435818 -0.0613867 -0.0384747 0.0935498 -0.0214421 -0.0491093 0.0290506
-0.0927174 -0.00222212 -0.0513944 -0.0371886 -0.0330782 -0.0137434 -0.0615877 -0.0239604 0.0187704 -0.0314858 -0.0669507 -0.0150509
0.00994071 -0.0693664 -0.0231549 0.0162131 0.0627971 0.00645693 -0.0201712 -0.146912 -0.0266641 -0.0136783 0.0516834 0.00701232
-0.0187311 -0.0807355 -0.0087771 0.0122061 0.0529562 0.0110044 -0.0472615 -0.148969 -0.00657852 -0.00995434 0.0389518 0.0168791
-0.107087 -0.00205247 -0.00811366 -0.0323594 -0.02469 0.0177665 -0.0792169 -0.0192853 0.0581154 -0.0290577 -0.0633908 0.0143559
-0.233659 -0.289682 -0.218534 0.0175159 0.0941854 -0.0497368 -0.32273 -0.326982 -0.228059 0.0692309 0.0774372 -0.0149205
-0.137619 0.0341672 -0.187052 0.0610914 0.0812139 0.137569 -0.159075 -0.0186777 -0.272401 0.0924791 0.102483 0.153829
0.0535687 0.0574706 0.0367704 -0.0238949 0.0345099 0.102437 0.0572435 -0.00154019 0.0391892 -0.0254131 0.0164286 0.0965183
0.0176672 0.0124295 0.0845973 -0.0213191 -0.0389965 -0.0244524 0.0199368 -0.0328573 0.0975451 -0.0207069 -0.0734155 -0.0309748
0.261748 -0.0119939 0.157522 0.111505 -0.154046 -0.0629481 0.0543328 -0.147248 0.0844441 0.0796792 -0.162734 -0.0416264
0.0293085 0.064489 0.0978383 -0.073097 -0.035523 0.00729689 0.0438097 0.0189956 0.127408 -0.0764959 -0.0652012 0.00718753
0.0753084 0.0693844 0.100023 -0.00337116 -0.0326231 -0.0160041 0.0901008 0.0121504 0.113803 0.00179688 -0.052623 -0.0166853
0.0634391 0.030483 0.087842 0.00921949 0.0399004 0.0281717 0.0583559 -0.00966894 0.114829 0.019509 0.0232739 0.010439
0.0176503 0.0728624 0.201727 -0.00592417 -0.057681 0.0661942 -0.00829989 0.0280656 0.177121 -0.0102679 -0.0830844 0.0595538
-0.018014 -0.0295439 0.217232 0.0800423 -0.0390482 -0.0338055 -0.0449521 -0.107088 0.126539 0.116161 -0.0398657 -0.0473578
-0.0150668 0.0235362 0.143729 0.0136696 -0.0596861 0.149385 -0.00710197 0.0100112 0.203304 0.0165142 -0.0639177 0.138103
0.124376 0.0625543 0.132405 0.0399833 -0.0605569 0.00214129 0.109607 0.102744 -0.0131148 0.0131827 -0.0738641 -0.0522553
0.0147382 0.211201 0.482062 0.0752241 0.34018 -0.237307 -0.0195276 0.083429 0.497875 0.133994 0.345385 -0.179797
0.250762 0.0494601 0.358326 -0.0242899 0.177771 0.0264061 0.178041 -0.0684316 0.230256 -0.0798934 0.194682 0.00144335
-0.069404 -0.0547991 -0.0302518 0.0573196 0.195221 0.0340144 -0.242807 -0.0484886 -0.0873813 0.0375841 0.193736 -0.00312595
-0.0329995 -0.1232 0.0680187 0.111354 -0.0869046 -0.188424 -0.182929 -0.176743 -0.0254917 0.138267 -0.0373879 -0.173752
-0.220933 -0.479003 -0.066997 0.0742928 0.0488013 0.0377675 -0.323006 -0.458719 -0.146565 0.0686317 0.0348091 0.0517909
0.0810349 0.202351 0.997533 -0.0214958 -0.00356884 -0.184227 0.0106681 0.11829 0.788027 -0.0799323 0.0171788 -0.203008
0.548256 0.673704 0.867944 -0.0609858 0.0495121 0.0245088 0.466097 0.582105 0.833652 -0.0296216 -0.0128045 -0.00737589
0.579633 0.427131 0.565268 0.215608 -0.19973 -0.268136 0.505348 0.276588 0.356599 0.21304 -0.147192 -0.297499
-0.0283841 -0.438001 0.286931 0.0342433 0.0334801 -0.11054 0.157044 -0.543092 0.265154 -0.0208247 0.0312714 -0.157525
0.530796 0.561371 0.870426 0.258918 -0.264131 -0.126881 0.275786 0.226404 0.562067 0.236353 -0.333479 -0.176173
-0.0985675 0.306878 0.100941 -0.0178036 0.1488 0.0830342 -0.173956 0.257105 -0.0448508 -0.0661273 0.0959143 0.0594039
0.757436 1.07877 0.957463 0.311242 -0.407742 -0.378977 0.804826 0.903515 0.807461 0.37236 -0.428324 -0.347704
-0.286359 -0.0766195 -0.0783916 0.0856603 0.24626 0.0919119 -0.312608 -0.216768 -0.188053 0.103315 0.200339 0.0942117
0.142152 -0.15092 -0.325872 -0.228536 -0.2221 -0.0550381 0.0948834 -0.279503 -0.359116 -0.275471 -0.243557 -0.076696
-0.213178 -0.0141677 -0.106987 -0.395773 0.287569 -0.0269626 -0.370556 -0.133584 -0.163187 -0.367374 0.264429 0.0465508
-0.218171 0.168887 0.0746181 -0.117503 0.163927 -0.171955 -0.333621 0.0799185 -0.00821432 -0.117225 0.191154 -0.190384
0.170885 0.204676 0.220315 0.0266092 -0.113487 0.0606623 0.112732 -0.0546536 0.150761 0.0338196 -0.137062 0.0911131
0.14327 0.365247 0.0514171 0.064149 0.0865857 0.16883 0.0437261 0.271914 -0.0244426 0.116462 0.0578504 0.125427
0.0943569 0.386495 0.598774 -0.0816754 0.081799 0.204814 0.0247183 0.313802 0.412373 -0.14843 0.0370171 0.182734
0.0889916 0.0288712 0.175602 -0.0883719 0.0828036 0.0250065 -0.00502204 -0.0288973 0.0678387 -0.0591942 0.155272 0.0347427
0.050079 0.601169 0.120141 -0.282285 -0.00857242 -0.17116 -0.0612876 0.449782 0.0164248 -0.374852 0.0234834 -0.187392
0.445038 0.976467 0.810357 -0.183008 -0.17827 -0.414858 0.328066 0.800705 0.714355 -0.182627 -0.181287 -0.410634
-0.0919285 0.00998688 0.0370842 -0.0925898 -0.039056 -0.0660023 0.0194953 0.0117241 0.00741181 0.0121733 0.00759149 0.00965781
-0.201071 -0.187921 -0.271856 0.01692 -0.260591 0.0171202 -0.0966359 0.0624097 -0.214376 0.105204 -0.189935 -0.0635371
-0.290613 -0.225086 -0.289616 0.0360317 -0.196562 0.0946602 -0.29981 -0.0101024 -0.268778 0.0560388 -0.15815 0.0827218
-0.13562 -0.0237446 -0.230962 -0.0301281 -0.104685 -0.0129866 0.0579019 0.0195851 -0.262737 0.158747 -0.142531 -0.168315
-0.170675 -0.200128 -0.27255 0.0511082 -0.28393 0.0133606 -0.0780603 0.0490356 -0.233775 0.134442 -0.222914 -0.0574185
0.116378 -0.0144698 -0.401056 -0.243678 -0.0796351 0.184944 0.277829 0.17282 -0.438592 -0.158612 -0.0087844 0.168427
-0.0722226 -0.249487 0.100276 -0.105418 0.115247 0.16437 -0.165195 -0.309707 0.17949 0.031136 0.185833 0.141251
0.0479321 -0.152492 0.0617729 0.11852 -0.214631 0.0704941 -0.095793 -0.121744 -0.077498 0.182683 -0.193678 0.0474959
-0.16318 -0.304957 0.306314 -0.0702756 -0.0415536 0.118073 -0.313035 -0.38991 0.399999 0.0407589 0.0193303 0.121384
-0.0239398 -0.196051 -0.0829597 0.1358 -0.262727 0.0566181 -0.118749 -0.0848654 -0.175773 0.205539 -0.235797 0.0283332
-0.17017 -0.0801535 -0.175986 -0.0572983 0.00576844 -0.066311 -0.243668 -0.103238 -0.132541 0.0951229 -0.13191 -0.112479
-0.120839 -0.0156123 -0.162701 -0.0679283 -0.030643 -0.073868 -0.213048 -0.0424746 -0.150551 0.0815746 -0.178087 -0.113386
-0.167307 -0.298318 0.346961 -0.0666927 -0.0682689 0.10248 -0.324755 -0.383477 0.437871 0.0388653 -0.0100398 0.110751
0.197733 0.0741501 -0.0565778 -0.110942 0.264509 -0.0246359 0.135758 0.0953579 -0.146997 -0.0161953 0.294835 -0.0189831
-0.0264061 0.112512 -0.126966 -0.0898375 -0.0947348 -0.0869143 -0.152777 0.0788524 -0.177552 0.0513885 -0.257077 -0.11111
0.271442 0.277073 0.0650824 -0.0761504 0.0079445 -0.155329 0.0920121 0.252769 -0.159218 -0.0138106 -0.0610042 -0.100941
0.0828751 -0.379514 -0.232454 -0.0260613 0.0760833 0.0262047 0.0766666 -0.314099 -0.226351 -0.0586035 0.176306 0.123603
-0.221869 0.0574366 -0.0661447 0.0215131 -0.297167 0.0263432 -0.302873 0.253187 -0.0951131 0.0417942 -0.275025 -0.0519736
-0.0703125 -0.0014356 0.071947 -0.1665 -0.0423794 -0.0637267 -0.00628881 0.0412366 0.0559255 -0.0810358 0.0410569 -0.01406
0.270702 0.300911 0.0818382 -0.0775108 -0.0244719 -0.154181 0.0788053 0.271377 -0.15462 -0.0154356 -0.108841 -0.100002
-0.0032711 -0.0193829 0.144295 -0.198341 -0.141768 0.0620269 -0.0973093 -0.00876139 0.165043 -0.118123 -0.086591 0.0707138
0.0942685 0.276914 -0.054626 -0.115527 -0.158259 -0.100009 -0.079848 0.23309 -0.194412 0.00721035 -0.331632 -0.100099
0.268386 0.324409 0.0947385 -0.0806804 -0.0542664 -0.150242 0.0649113 0.289506 -0.151679 -0.0176791 -0.153922 -0.0974109
-0.0223741 0.048554 -0.03095 -0.0935225 -0.0746436 -0.0897646 0.149449 0.0758251 0.0282996 -0.00184172 -0.0481992 -0.0616752
-0.0269955 -0.372966 -0.209077 0.0256417 -0.126007 0.0650689 0.162043 -0.181412 -0.196763 0.115493 0.0617649 0.0511547
-0.135799 0.124018 0.149686 -0.135073 -0.149606 -0.0972953 -0.117825 0.0902444 0.0807663 -0.026413 -0.0560153 -0.031489
-0.06707 -0.00597204 0.0796478 -0.0993883 -0.00396092 -0.155998 0.0675148 -0.0538142 0.0319382 0.021921 0.0441115 -0.0859321
0.217658 0.389512 0.072272 -0.112493 -0.157582 -0.117012 -0.00428029 0.341011 -0.170462 -0.0273586 -0.316742 -0.0844585
-0.0740145 -0.125585 0.33016 -0.137085 -0.158918 0.0362328 -0.219004 -0.154068 0.376007 -0.0522158 -0.104832 0.0557294
-0.171966 0.165437 0.0915015 0.0353949 -0.30608 -0.0464772 -0.280391 0.327776 0.0276825 0.0491687 -0.290421 -0.143628
-0.153224 0.187993 0.180332 0.0533852 -0.294583 -0.0997268 -0.265165 0.323433 0.0984478 0.0654689 -0.277876 -0.197829
0.448869 0.261717 0.573659 -0.22074 0.12611 -0.0568783 0.280485 0.0532561 0.358328 -0.24152 0.246863 -0.0577303
0.396061 0.024386 0.23777 -0.168609 0.196313 -0.0435019 0.295882 -0.101269 0.117825 -0.213194 0.316753 0.00902617
0.441642 0.137128 0.379981 -0.205411 0.202369 -0.0546014 0.316883 -0.0299417 0.221542 -0.245837 0.325681 -0.0232004
0.235966 0.199522 0.197175 0.162425 0.138771 0.197429 -0.226151 0.097203 -0.102479 0.11245 0.00858462 0.35425
-1.7609 -1.33986 -0.972914 0.126188 0.287611 -0.3112 -1.05187 -0.731346 -0.275705 0.175956 0.400433 -0.139538
0.542236 -0.287993 0.801108 0.462762 0.142093 -0.475806 -0.472875 -1.24749 0.27389 0.520558 0.182307 -0.471843
1.9985 1.44388 0.332956 1.60504 -0.971907 0.557499 1.86554 0.885905 0.260167 1.44311 -0.89329 0.332445
1.33908 0.427216 -0.299941 -0.306396 0.61652 -0.94283 0.825661 -0.354424 -0.197535 -0.866819 0.292374 -0.799361
2.88154 3.90296 3.01186 -0.667732 -1.05346 -1.62512 2.99012 3.42429 2.60349 -0.34688 -1.27662 -1.66418
0.0250509 -0.0057075 0.101459 0.0141453 -0.000426338 -0.000433871 0.0144259 -0.01639 0.00596002 0.0139519 -0.000474092 -0.000406365
-0.0476351 -0.0473435 -0.0831319 0.000554779 -0.000424309 -0.00039955 0.00232945 0.00252357 0.0225827 0.000129414 -0.000452948 -0.000388241
0.0819345 -0.13226 0.0862114 0.0679789 0.0148486 -0.00976518 0.0944161 -0.111057 0.00745024 0.0699765 0.0103746 -0.00473473
0.0556905 -0.16539 0.107741 0.136786 -0.0152867 0.0299685 0.0677168 -0.165098 0.0225041 0.117226 0.000886524 0.00190944
-0.0419214 -0.0504704 0.0658314 -0.0150939 -0.0056924 0.00896062 -0.0230098 -0.0259652 -0.0346907 -0.0114697 0.00907728 -0.016325
-0.0177858 0.00365639 0.124644 0.0592098 0.00345313 -0.00618196 -0.0139863 -0.0107158 -0.0070975 0.0422371 0.0062625 -0.0107854
-0.116295 0.127313 0.133542 -0.0755716 -0.0197984 0.0196793 -0.117531 0.108956 0.0219817 -0.0822101 -0.00408328 -0.00347079
-0.0928228 -0.0771334 -0.0605522 0.016952 -0.00498926 0.00478171 -0.0422304 -0.0337324 0.0243263 0.0103792 -0.00123253 -0.000648701
0.180468 -0.198882 0.04368 0.131539 0.00594337 -0.0115221 0.194765 -0.187308 0.00874511 0.105619 -6.77915e-05 0.00257608
-0.0609646 -0.0255508 0.0541456 0.0273974 -0.00167214 -0.00199518 -0.0334103 0.00180222 -0.0124769 0.0279343 0.00616912 -0.0138632
-0.251824 -0.0587504 -0.0286142 -0.0234164 0.00713315 -0.000411661 -0.15347 0.0258984 0.0177513 -0.0213943 0.00331182 0.0029144
0.0478394 -0.0180187 0.0620274 0.0286683 -0.00522012 0.014941 0.0901446 -0.0109205 0.0173642 0.000203487 0.00264533 0.0040019
0.0963373 -0.100224 0.0421724 0.00219278 0.0155969 -0.0250668 0.116231 -0.0610968 -0.00603252 0.00469975 0.00434903 -0.00666383
-0.0852625 -0.0508575 0.0183441 0.0324447 -3.10279e-05 -0.00387955 -0.0458297 -0.0169616 0.0393776 0.0262739 -0.00232807 0.000598646
-0.0565314 -0.0572007 0.064087 -0.00634439 0.00737213 -0.0182514 -0.0327925 -0.0320503 0.0230087 -0.00620763 -0.00148443 -0.00283392
-0.268252 0.16614 0.118057 -0.0692571 0.000784561 -0.0201691 -0.259483 0.142336 -0.019208 -0.0791537 0.000844306 -0.0189969
-0.0798273 -0.0358477 -0.022587 0.0428196 -0.00339002 0.0159466 -0.0353717 0.000260086 0.0291297 0.0336162 0.00266588 0.00455151
0.174835 -0.277424 0.140502 0.162676 -0.00768587 0.0349984 0.149174 -0.283219 0.0219072 0.15246 0.0078729 0.00362838
-0.262682 0.288685 0.147417 -0.129487 -0.0268071 0.0307465 -0.273851 0.248165 0.0298661 -0.116431 -0.00701145 -0.00316864
-0.00715756 -0.131294 -0.0320584 -0.175507 -0.0096254 -0.00914154 0.0586215 -0.0737684 0.0365565 -0.169602 -0.00983093 -0.00553445
-0.305319 0.212933 0.13987 -0.0354608 -0.0078127 -0.0151228 -0.298242 0.185523 -0.00674504 -0.0506921 -0.00396358 -0.0193311
-0.103139 -0.00400543 0.127558 0.0312913 0.00343087 -0.0224845 -0.0982365 -0.0240478 -0.024612 0.0156558 0.00126939 -0.0199576
-0.0328732 0.0553164 0.0765699 0.018974 0.00948246 0.00149184 -0.0381346 0.045179 -0.00291259 0.0106343 0.00677347 0.00704441
-0.0463696 -0.045923 0.0461613 -0.00364321 0.00451491 -0.0217638 -0.0196475 -0.0184153 0.000684582 -0.00253295 -0.00116379 -0.0102687
-0.0881982 -0.0434198 -0.069147 0.0439939 0.00434755 0.0109619 -0.0385041 -0.00123161 0.0180205 0.036754 0.00751933 0.0071304
-0.199276 0.215456 0.140704 -0.103001 -0.0184547 0.029009 -0.209621 0.186187 0.0243087 -0.0935988 -0.00114473 -0.00148142
0.0497003 -0.0452347 0.089272 0.0514885 -0.00804459 -0.0086521 0.0367953 -0.0603091 -0.00569209 0.0498058 -0.00874143 -0.00792827
-0.360944 0.0530176 0.148024 0.419018 -0.00865096 -0.000682208 -0.373157 0.0301203 0.00160059 0.402404 -0.00145509 0.00312843
-0.125743 0.0932722 0.0935276 -0.0882318 -0.0210715 0.0232175 -0.119371 0.092703 0.0207863 -0.0796029 -0.00822095 -0.00066837
0.098875 -0.137018 0.158585 0.137111 -0.0144331 0.0258098 0.0813295 -0.151774 0.0140341 0.127334 -0.000616133 -0.00143764
-0.145451 -0.0374134 -0.025058 -0.0406626 -0.00830706 -0.00879225 -0.0602632 0.0475101 0.008458 -0.041431 -0.00892054 -0.00740075
-0.260529 0.211202 0.10444 -0.0771183 -0.0041972 -0.0170735 -0.253517 0.186029 -0.0267562 -0.0857462 -0.00273882 -0.0171352
-0.256629 -0.266238 0.0248957 0.0785824 -0.0173696 -0.00453171 -0.227857 -0.234514 0.0163121 0.0762207 -0.00980189 0.00665651
0.206275 -0.0894256 0.137927 0.0573514 0.00704013 0.0137598 0.187862 -0.105896 -0.00295682 0.0392639 0.0109334 0.00632623
-0.0560372 -0.0373893 0.081178 0.0123699 0.014505 -0.00674488 -0.0379923 -0.0186892 0.00450178 0.0134371 0.0113909 0.00184164
-0.101145 -0.179504 -0.0399328 0.107457 0.0129978 0.00117498 -0.0173473 -0.0942846 0.00291329 0.104349 0.00840881 0.00695216
-0.242894 -0.106332 0.0624159 0.115453 -0.0223224 -0.0122223 -0.173196 -0.0464384 -0.0821731 0.105856 -0.00994506 0.00143276
-0.130756 0.0938022 0.138339 -0.0118855 -0.0283714 0.0289801 -0.14951 0.0675905 0.0131126 -0.0102738 -0.00736736 -0.00588037
-0.0905762 0.0836349 0.129122 -0.0351051 -0.01342 0.0277959 -0.104589 0.0656876 0.0137298 -0.0310266 0.00275942 -0.000201909
-0.0518546 -0.0517859 0.0621388 -0.00365991 -0.00917234 -0.00752532 -0.0401658 -0.0369892 -0.0540015 0.00021177 0.000917672 -0.0247065
-0.0791645 -0.0800433 0.00482166 0.00346468 0.00160808 0.00586872 -0.0479434 -0.0521932 0.0249013 -0.000332018 0.00126167 0.00610913
-0.245353 0.116072 0.108026 -0.051373 -0.00629052 -0.0020182 -0.239535 0.111409 -0.00520277 -0.0500853 -0.000277481 -0.0083938
0.00825238 -0.0376198 0.115292 0.0382921 -0.0270048 0.0233197 -0.00281523 -0.0409549 0.0151486 0.0409549 -0.0121323 -0.0011395
-0.501569 -0.142467 0.132717 0.373716 -0.0153763 0.00581594 -0.507808 -0.139472 0.00527137 0.373755 -0.00475887 0.00878561
-0.14548 0.0264452 0.0269442 -0.0570383 -0.00108927 -0.0344721 -0.117408 0.0603934 -0.0280147 -0.0502575 -0.0108398 -0.0194273
0.134732 -0.172565 0.0190905 0.0913894 0.0241854 -0.0261346 0.151148 -0.144707 -0.0235928 0.0926209 0.0102212 -0.00413048
-0.0781879 -0.0188868 -0.03069 0.0495821 0.00529803 0.020401 -0.0394223 0.0124252 0.0128805 0.041504 0.00982305 0.0120349
-0.0966587 0.0133257 0.094628 0.0233921 0.00110292 0.0177809 -0.0955371 -0.00539487 0.00177553 0.0098337 0.012975 0.00109263
-0.139885 -0.0605845 0.0372935 0.0399664 -0.00362116 0.0175869 -0.121719 -0.0383919 0.0050744 0.0422644 0.00554178 0.0025372
0.225221 -0.113306 0.131618 0.0970461 0.00517008 0.0102145 0.20475 -0.133218 -0.0153528 0.0784164 0.00819276 0.00330464
-0.055305 0.0436642 0.0730029 -0.0336423 -0.0277583 0.0187862 -0.0505518 0.0444081 0.00868128 -0.028114 -0.0158266 -0.00353929
-0.0903301 0.0910294 0.0769684 -0.054703 -0.035168 0.0294306 -0.0834013 0.0751566 0.000885798 -0.0629598 -0.0160806 -0.0023167
0.265312 -0.229317 0.090233 0.131642 0.00906669 0.000165768 0.238163 -0.241718 -0.0293435 0.112425 0.011361 -0.00613355
-0.184804 0.0390868 0.0212699 -0.055424 -0.00120962 -0.0341402 -0.156529 0.0713608 -0.0344476 -0.0479026 -0.0102145 -0.0199359
-0.0845203 -0.0285683 -0.0351966 0.0445712 0.00413196 0.0185787 -0.0476393 0.00117146 0.00709382 0.0372914 0.00833036 0.0109987
-0.0595045 -0.0179479 0.0767627 0.0329447 0.0107386 -0.00514962 -0.050765 -0.00830206 -0.0100713 0.0341609 0.00857426 6.80497e-05
0.16519 -0.018831 0.194441 -0.174112 0.00436604 -0.00989952 0.148398 -0.0283936 0.00339568 -0.171229 0.0044794 -0.00881431
-0.0833538 -0.0266535 -0.0047735 0.0489402 0.00114637 0.0148122 -0.0500314 -0.000656581 0.0156923 0.0428747 0.00564659 0.00801028
0.0183463 -0.0102692 0.0619154 0.0373398 -0.00366808 0.0111884 0.0156513 -0.00806699 -0.0129623 0.0399213 0.00124108 0.00324059
-0.742191 -0.0995629 -0.0302895 0.491035 -0.00118214 0.00480667 -0.69629 -0.0700275 0.0333535 0.486282 0.00088549 0.00457503
-0.0912011 -0.040657 -0.0395975 0.0382347 0.00143358 0.0154452 -0.0553457 -0.01159 0.00306029 0.0317098 0.00533923 0.00865997
0.0919619 -0.0789342 0.111258 0.122257 0.00611288 -0.0118933 0.0850376 -0.102257 -0.0547628 0.103104 0.00437538 -0.00952704
-0.0595596 -0.0425947 0.0667441 0.0197082 -0.00896368 -0.0227574 -0.0496119 -0.0296453 -0.00128599 0.0181392 -0.0140105 -0.0159056
-0.0188575 -0.0108311 -0.00205261 0.0114068 -0.00157797 -0.0410346 0.00838157 0.0137458 0.0077781 0.010259 -0.0172996 -0.0123377
0.122036 -0.145301 0.107198 0.109176 -0.0276559 0.0234598 0.0955198 -0.150591 0.00308561 0.1086 -0.0126108 0
-0.177418 0.14529 0.0529894 -0.0578097 0.00374898 -0.00527998 -0.187329 0.11953 -0.0315266 -0.0589852 -0.000135598 0.000474593
-0.070642 -0.0754421 0.0307314 0.0689362 -0.0132996 0.0147203 -0.0604132 -0.0604132 -0.00480635 0.0709605 -0.0041388 -0.00120159
-0.0173895 -0.041743 -0.0499452 -0.0102906 0.00215539 0.0116082 0.0554066 0.0354629 -0.015321 -0.00825486 0.00462272 0.00482084
-0.096694 -0.0526118 -0.0433543 0.0316597 -0.00248024 0.0112612 -0.0627995 -0.0253413 -0.00299666 0.0257973 0.0011726 0.00527672
0.20862 -0.158804 0.087936 0.0575782 -0.00323423 0.00260884 0.185966 -0.154046 -0.0235927 0.0552347 -0.00326134 -0.00506549
-0.172241 0.11992 0.0512725 -0.0531411 -0.000624912 -0.00864603 -0.183321 0.0932545 -0.0343176 -0.053918 -0.00440839 -0.00339107
-0.268364 0.121649 0.1249 -0.0143739 -0.0158491 -0.0189026 -0.270286 0.0869248 -0.0313818 -0.0317289 -0.0122195 -0.0240223
-0.107049 -0.0415401 0.00483483 0.0263458 0.011561 -0.0398226 -0.0909471 -0.0245235 -0.038607 0.0293581 -0.00273262 -0.0184277
-0.0206611 -0.106687 0.00205281 0.142993 0.0213914 -0.00451417 -0.00149472 -0.106465 -0.0226926 0.114958 0.0154228 0.0103272
-0.538262 -0.3886 0.111769 0.157368 -0.020835 0.00608348 -0.54534 -0.373376 0.0068462 0.167401 -0.0063309 0.00787681
-0.242442 0.0580161 -0.00121132 0.0415524 0.0185708 -0.00328993 -0.216143 0.0517736 -0.0244921 0.0178928 0.0136067 0.00721157
-0.388788 0.19737 0.0145753 -0.0750643 -0.00235312 -0.0489247 -0.370798 0.197544 -0.0319207 -0.0666414 -0.0123903 -0.0303806
0.844699 0.0826516 -0.0261571 -0.683198 -0.00332659 -0.019594 0.821033 0.100079 0.0401608 -0.631365 -0.0083339 -0.017027
0.146616 -0.094429 0.0864629 0.0384326 -0.00876283 0.00110639 0.131577 -0.0930816 -0.0275361 0.0365529 -0.00804581 -0.00693604
-0.0386927 -0.032546 -0.0062933 0.00897085 0.0124211 0.0183191 -0.0180833 -0.0149701 0.00900853 0.00430555 0.0127842 0.0181495
-0.120063 0.0471902 0.0635226 0.00272861 -0.0238173 0.00856609 -0.0978387 0.0354478 -0.0191867 -0.0246298 -0.016057 -0.00741615
-0.201083 0.0268073 -0.00346288 0.0666791 0.021627 -0.00296307 -0.176713 0.02163 -0.0259832 0.0420357 0.0162565 0.00884245
-0.0637422 -0.169426 -0.0593069 0.0851383 -0.00924301 -0.017605 0.00628399 -0.0896957 -0.021564 0.0779876 -0.0128326 -0.0111127
0.0343673 -0.0485466 0.119529 0.0847643 -0.00863282 -0.00724291 0.0226094 -0.0790291 -0.0365069 0.0664453 -0.00601534 -0.0130678
-0.0871065 -0.0134313 -0.00809497 -0.0451224 0.0119788 0.0180606 -0.0450604 0.0241561 -0.0145335 -0.0384241 0.0169226 0.00955627
0.1548 -0.199326 0.126059 0.138336 -0.0114759 0.0309276 0.114791 -0.225042 -0.012604 0.134442 0.00786055 -0.0020329
-0.00243545 -0.0696673 0.0303075 0.0845095 -0.0244784 0.0118565 0.00173492 -0.0613893 -0.0104762 0.0861453 -0.0150137 -0.0053382
-0.473323 -0.368018 -0.00802804 -0.0678327 -0.0044396 0.00609767 -0.446373 -0.318331 -0.0128315 -0.0890016 -0.00464119 0.00682527
0.194704 -0.213326 0.101581 0.142539 -0.0152732 0.0262206 0.156724 -0.223594 -0.00940883 0.140796 -6.72059e-05 0.00295706
0.230026 -0.183423 0.0671466 0.102693 0.000690788 -0.00232832 0.204263 -0.198257 -0.0479057 0.085057 0.0035615 -0.00789117
-0.0733242 -0.0641692 -0.0249478 0.00774033 0.00469405 -0.0354231 -0.0499121 -0.0424756 -0.00556068 0.00690061 -0.0111214 -0.00803954
0.0295987 -0.0438612 0.0379128 0.0717107 -0.0319166 0.0112825 0.0311556 -0.0401621 -0.00940673 0.0735193 -0.0218823 -0.00753873
0.188937 0.0423429 0.189099 -0.136942 0.0072645 -0.0173835 0.167911 0.030969 0.00144378 -0.133982 0.00772421 -0.0150875
-0.0337567 0.00604463 -0.0663395 0.0314537 0.016399 0.0209804 -0.00486319 0.0258073 -0.013163 0.0226301 0.0204903 0.0181559
-0.0599763 -0.0357032 0.0630152 0.12465 0.0140513 0.0218591 -0.0634849 -0.0578007 -0.0228738 0.106356 0.023764 0.00862902
-0.0453916 -0.0272932 -0.00925034 0.0190449 0.0298372 0.0068495 -0.0256965 -0.00682024 -0.0427126 0.0168095 0.0252142 0.0107471
-0.909681 -0.34415 0.0612648 0.476192 -0.0298816 -0.0111651 -0.859001 -0.286137 -0.0447537 0.472063 -0.0331228 -0.0117995
-0.0442731 -0.328541 -0.0277553 -0.0704567 0.00723313 -0.0102572 -0.00862244 -0.265093 0.0112658 -0.0740146 0.00793013 -0.00793013
0.768954 0.0931945 0.117051 -0.609445 -0.0267338 -0.00585078 0.790573 0.150854 0.0902808 -0.570667 -0.030794 -0.0106511
0.983108 0.257151 0.0327308 -0.542604 -0.0192727 -0.00706241 0.954911 0.292595 -0.0118285 -0.502871 -0.0392418 -0.0127076
-0.392713 -0.31561 0.235796 0.060918 -0.0551559 -0.0484797 -0.289904 -0.227689 0.101516 0.0475712 -0.0552342 -0.0336868
-1.14181 -0.471177 0.0796869 0.560617 -0.0114071 0.0094338 -1.06638 -0.407575 0.0737768 0.561665 -0.0153263 -0.00480826
1.13905 0.278225 0.0364417 -0.683295 0.00396547 -0.0225929 1.08792 0.28467 -0.124667 -0.637106 0.0223124 0.00497675
-0.653006 -0.323994 0.0745006 0.250538 -0.032169 0.00559068 -0.568537 -0.247491 0.0263443 0.246927 -0.0665455 -0.0123262
0.143792 0.220979 0.214592 -0.00852771 -0.0039456 -0.0258244 0.245358 0.283139 0.117345 -0.043708 0 -0.00140755
-1.11447 -0.287488 0.0721444 0.651024 -0.0283185 -0.00961125 -1.08166 -0.251185 -0.064461 0.644867 -0.0208324 -0.00563501
0.0406082 -0.149986 0.0510402 0.0802884 -0.0496655 -0.0269794 0.0813171 -0.0717759 -0.0195161 0.0758237 -0.0150346 -0.0292019
1.2715 0.368112 0.0325627 -0.71217 -0.0130838 -0.0103026 1.20703 0.38643 -0.00324598 -0.653312 -0.0377642 -0.018605
-1.16961 -0.338879 0.0707966 0.66229 -0.0291491 -0.0102522 -1.13903 -0.299165 -0.0580597 0.659374 -0.0248949 -0.00895193
-0.0271995 -0.0855064 0.048889 -0.0405959 -0.0225307 0.000315618 0.0364029 -0.0300177 -0.0512282 -0.0340543 -0.0248068 -0.00447697
1.05956 0.752103 0.00448161 -0.112919 -0.00331419 -0.00722886 0.995084 0.705451 0.0498884 -0.140212 0.00268348 -0.0093312
0.172616 0.200445 0.200425 -0.00501068 0.000176415 -0.0307199 0.267541 0.259113 0.117396 -0.0376287 0.0044356 -0.00672733
0.968386 1.37605 0.238625 -0.0633562 -0.000107981 -0.0621276 0.922357 1.24346 0.0939817 -0.0490742 0.0291667 0.0190477
-0.764666 -0.720106 -0.0346947 -0.283282 0.0135499 -0.0256756 -0.675942 -0.611241 0.0152519 -0.268722 0.009712 -0.0346076
-0.462949 -0.894921 0.0706394 0.133446 -0.00511633 -0.00123623 -0.347977 -0.818915 0.0377504 0.129005 0.0112954 0.0298238
-0.0556938 0.395909 0.387091 0.0747948 0.0170204 -0.045142 -0.161052 0.0492587 -0.107242 0.0972709 -0.209552 -0.0332184
-0.0346611 0.141058 0.0902194 -0.00270556 -0.0319669 0.0108749 -0.0365182 0.109139 -0.0207191 0.0223128 -0.0301431 0.00450415
0.44114 0.168435 0.229837 0.0464174 0.177777 -0.0247419 0.277277 -0.194148 -0.21888 0.0289262 -0.0868329 -0.0698368
0.392189 0.152008 0.213026 0.0646569 0.186205 -0.0377631 0.236048 -0.218855 -0.251817 0.0446799 -0.0925356 -0.0791207
0.371047 0.260289 -0.0617014 0.176199 0.021123 -0.0558256 0.404492 0.29671 -0.0789253 0.198629 0.0513014 -0.0560698
0.563678 0.243958 0.277705 -0.054722 0.121467 0.0585449 0.372829 -0.0549103 -0.0557575 -0.0620587 -0.0500388 0.00518921
0.284889 0.0846283 0.162462 -0.100445 0.199894 0.10025 0.126758 -0.212218 -0.236403 -0.0759039 -0.00971742 0.0806546
0.257871 0.0598904 0.14445 -0.0655529 0.219397 0.0751687 0.102678 -0.249663 -0.281645 -0.0439273 -0.00852482 0.059891
0.0282927 0.0282984 0.028301 -1.07793e-05 -2.2007e-06 -7.00262e-06 -0.000666932 -0.000666932 -0.00062988 0 0 0
0.187951 0.373346 0.355801 0.0809567 0.00187012 -0.0516319 0.0428042 -0.0208281 -0.178269 0.094847 -0.259012 -0.0504575
0.126373 0.122677 0.161242 0.0717522 0.194008 -0.0327484 -0.000445707 -0.277676 -0.366149 0.055992 -0.127417 -0.0642933
0.0509218 0.281352 0.264556 0.103964 0.0042452 -0.0671093 -0.0523494 0.090166 0.0463071 0.0950624 -0.0666218 -0.0494324
-0.170886 0.233772 0.283438 -0.0425395 0.0397729 0.00392531 -0.244539 0.0549835 0.111111 -0.0495215 -0.0312111 -0.0117041
-0.159948 0.349478 0.364559 -0.109627 -0.0166522 0.0660545 -0.269737 0.0229871 -0.0101272 -0.108291 -0.177199 0.0284526
-0.71779 -0.611446 -0.00885651 0.12547 0.00623651 0.00695126 -0.673461 -0.577623 -0.0215047 0.0952697 0.0212612 0.012497
-0.442323 0.037456 -0.0662164 0.153454 -0.0311601 0.0970208 -0.430102 0.0347833 -0.0662446 0.161215 -0.0334806 0.107867
-0.127974 0.313801 0.318875 -0.110048 0.0274632 0.0896269 -0.24727 -0.0757039 -0.166965 -0.103805 -0.214513 0.0471095
-0.134294 0.11819 0.208199 -0.011004 0.116684 -0.00780407 -0.183454 0.0307207 0.137987 -0.0229893 0.074293 -0.0086018
0.0655785 -0.0299318 0.0778521 -0.483671 0.00634735 0.0309603 0.0739495 0.0508943 0.013089 -0.475788 -0.0083052 0.0408616
-0.00822186 -0.336672 0.189888 0.00167824 0.00132409 -0.279803 -0.0308496 -0.401157 0.138562 0.0509803 -0.0277871 -0.347787
1.33559 1.6101 0.0544469 -0.562257 -0.0628239 0.11527 1.22244 1.46093 0.0217767 -0.533626 -0.0331554 0.0874336
0.0212815 0.0202813 -0.0021317 0.018718 -0.00908548 0.00871164 0.00292982 0.0104583 -0.0133511 0.0166147 -0.00178014 -0.00267021
0.064657 -0.108714 -0.0382181 -0.429458 -0.0363703 -0.0309595 0.0683522 -0.0817415 -0.0383603 -0.428323 -0.0382933 -0.0435821
-0.106553 -0.0613148 -0.340958 0.147433 0.0405523 -0.133946 -0.159632 -0.0910621 -0.386515 0.183028 0.0565135 -0.197194
-0.209915 -0.20271 -0.0653726 -0.134439 -0.015542 -0.0188241 -0.158249 -0.188721 -0.0360129 -0.159721 -0.00675241 -0.0380905
-0.604871 -0.579054 0.0644035 -0.0728745 -0.0263862 0.0019964 -0.579749 -0.57479 -0.0661981 -0.0627852 -0.0773385 -0.0179018
0.0185494 0.0153747 -0.0168476 0.0263953 -0.0132882 0.0121247 0.00415577 0.0133949 -0.0206675 0.0232649 -0.00252314 -0.00463813
-0.16486 -0.839797 0.119433 0.0702856 -0.0363357 -0.00955684 -0.0396979 -0.775253 0.0355411 0.0590273 -0.0463489 -0.00374117
0.398084 0.141796 0.149924 0.0932952 0.0938618 -0.0954034 0.285193 0.0435273 0.0452583 0.0563056 0.0395564 -0.0793674
0.0676088 -0.0403388 -0.0698152 -0.0164875 0.0160178 -0.000591448 0.00931937 -0.0855874 -0.149247 -0.00712657 0.0387165 -0.00849707
-0.218875 -0.1351 -0.277052 0.175041 0.0216195 -0.0111475 -0.352039 -0.246742 -0.204608 0.23958 0.029024 -0.0197787
-0.0990002 -0.142885 0.00220537 -0.00744385 0.149176 0.308541 -0.149883 -0.146671 -0.0225533 -0.0711326 0.191703 0.362123
-0.163109 0.00466585 -0.223851 0.0427885 -0.00253619 0.132147 -0.21795 -0.0337075 -0.277946 0.018605 0.00877525 0.159838
-0.223708 -0.0897934 -0.263755 0.240155 0.0456394 -0.0157039 -0.381284 -0.171196 -0.185043 0.316892 0.0534963 -0.0169115
-0.0266564 -0.334427 0.0129175 -0.0127644 0.0555617 -0.31678 -0.0828476 -0.387649 -0.0230216 0.0389076 0.0440152 -0.394259
-0.316252 -0.138473 -0.1341 0.153074 0.0279436 -0.0779325 -0.27736 -0.0900124 -0.0879415 0.135204 0.0148665 -0.096891
-0.353779 -0.300612 -0.107625 0.20699 -0.024581 -0.00835004 -0.484009 -0.479625 -0.0431933 0.241166 -0.0242081 -0.0103313
-0.0407607 0.184127 0.222859 0.0502457 0.123904 0.00269341 -0.146486 0.032948 0.151418 0.0214568 0.0937085 -0.0147452
-0.0136049 0.0821309 -0.294504 -0.00520984 -0.0362289 0.105687 -0.0528622 0.0413639 -0.299889 -0.0472251 -0.0162021 0.116513
-0.0926664 0.0130641 0.194095 -0.0202348 -0.0570863 -0.240046 -0.0695956 0.00255567 0.198786 0.00300013 -0.0656695 -0.280568
0.0502088 -0.350968 -0.122092 -0.247992 0.0108815 -0.213483 0.0563738 -0.40951 -0.162427 -0.243848 -0.0303494 -0.200486
0.0329626 -0.0210621 0.5038 0.261037 0.0950492 0.128321 0.0370091 0.0305105 0.46724 0.251757 0.116645 0.104455
0.101703 -0.168823 0.158433 0.126618 0.114296 0.138457 0.0724623 -0.181025 0.07738 0.112102 0.103273 0.1678
-0.260469 0.204679 0.237347 0.0755377 0.107442 -0.058981 -0.333464 0.0936527 0.218001 0.0512439 0.0963285 -0.062149
-0.164502 0.143722 -0.18684 0.0968972 -0.0183201 -0.0543119 -0.238935 0.088255 -0.0855637 0.0795454 -0.0337919 -0.0414548
0.0419619 0.06792 0.0106109 0.466111 0.0311871 0.0751719 0.0854625 0.176354 0.0151348 0.467699 0.021962 0.0793756
0.164826 0.0361936 -0.218403 -0.0741612 0.0239752 -0.0381831 0.161993 -0.0500388 -0.1143 -0.0522727 0.0291521 -0.0521237
0.012466 0.293505 0.0251777 -0.2044 -0.0577112 0.158368 0.0403872 0.286793 0.0467138 -0.261524 -0.0574175 0.242654
-0.0457397 -0.0725818 -0.173623 0.0372258 0.109754 0.35114 -0.0545186 -0.096456 -0.25316 -0.0333253 0.117088 0.448431
-0.425251 -0.118479 -0.303273 0.211955 0.0319137 0.0607794 -0.563057 -0.256726 -0.22639 0.234327 0.0480788 0.0568551
-0.250581 0.173575 0.228307 0.106619 0.135097 -0.0560026 -0.331604 0.0515368 0.197659 0.0752336 0.117372 -0.0632588
0.0935135 0.00158143 -0.12945 -0.00784952 -0.0100822 0.0166903 0.0294584 -0.0173329 -0.0169981 0.00171097 0.00278962 -0.00922435
0.293054 0.196068 -0.0566227 -0.150983 0.00643819 0.0561939 0.367037 0.133795 0.0893308 -0.215464 0.01151 0.0553873
-0.0459151 0.271327 -0.0192454 0.136529 0.0220927 0.0161541 -0.00743919 0.18239 0.0987821 0.142529 0.0359006 0.01362
-0.112765 0.365681 -0.282474 0.353778 0.0457856 0.134428 -0.104758 0.396941 -0.289506 0.338854 0.0862381 0.12019
-0.133818 0.0956919 0.184408 0.0748057 0.0165633 0.300891 -0.159208 0.105929 0.20771 0.0120702 0.0485769 0.341556
0.0340369 0.33256 -0.0280926 -0.270239 -0.0744704 0.118593 0.0723646 0.322311 -0.00360535 -0.321391 -0.0816723 0.211943
0.149685 -0.0390539 -0.104449 0.0496109 -0.0671885 0.0303468 0.142683 -0.139183 -0.0172768 0.0909267 -0.0626657 0.0274791
-0.127754 0.33969 0.204177 0.0993137 -0.0526883 0.250006 -0.122009 0.356162 0.234853 0.0471472 -0.0214205 0.282736
0.528643 -0.0816016 -0.423662 -0.192914 0.0723069 -0.209339 0.494809 -0.127563 -0.411789 -0.181856 0.0235553 -0.200685
0.354131 0.0566282 -0.00947285 -0.163868 -0.00830334 -0.0742356 0.436016 -0.0148529 0.125865 -0.235043 -0.043642 -0.0508668
0.0209022 -0.456438 -0.0142377 0.0438631 -0.162625 -0.0661897 0.0624662 -0.441423 -0.129092 0.0493193 -0.148032 -0.0599408
0.00343561 0.211892 -0.247173 -0.147701 -0.0965096 0.0757178 0.046756 0.186541 -0.249452 -0.191666 -0.119471 0.149775
0.0324507 -0.0549371 -0.0915117 0.0117344 -0.0394109 -0.0242242 -0.00999965 -0.0659305 -0.121078 0.00249991 -0.0172382 -0.0546996
-0.107022 0.442086 -0.201333 0.409608 -0.0193235 0.0428459 -0.0775556 0.483547 -0.187318 0.415876 0.0123645 -0.0045904
-0.361315 0.123479 -0.287816 0.275316 0.0380481 0.0643568 -0.488182 0.0606688 -0.198278 0.261476 0.0710131 0.0394517
0.00033164 -0.0509832 0.212125 -0.0586231 0.0221399 -0.302686 -0.00667154 -0.0538542 0.231058 -0.036434 0.0157522 -0.345104
0.116299 0.123445 -0.0865324 0.131519 0.0756034 -0.00495416 0.0826079 0.071114 0.00782328 0.174708 0.0507215 0.0125321
-0.278511 -0.00585866 -0.0692513 0.206257 -0.00957924 -0.00547688 -0.392678 -0.0681234 0.0236984 0.131357 -0.0102693 -0.00447636
-0.245547 0.19503 -0.244769 0.260937 0.0276608 0.05404 -0.350735 0.165394 -0.150058 0.222087 0.0596932 0.0256846
-0.143254 -0.541867 -0.0534717 0.0240341 0.0778279 0.0708177 -0.0828609 -0.48705 -0.0389554 -0.0155678 0.0798478 0.110266
0.120592 0.00304651 0.0468402 -0.296767 0.0330487 -7.36564e-05 0.0354112 0.0112487 0.156261 -0.314705 0.0302679 0.00303419
0.067507 0.311279 -0.132123 -0.354317 -0.0829076 0.035437 0.116995 0.295293 -0.110795 -0.393281 -0.103598 0.134305
0.41932 0.160424 -0.0168774 -0.0812266 -0.0824996 0.0115586 0.476444 0.170615 0.116216 -0.0525729 -0.0584915 -0.0111064
0.0733733 0.0495434 0.13975 -0.17065 -0.124212 -0.191563 0.0940292 0.00289435 0.0136925 -0.156406 -0.155404 -0.159894
-0.0767652 -0.0513673 -0.0835497 0.0016992 0.0189173 0.0841387 0.00647141 -0.043668 0.00557104 0.0178949 0.00489577 0.00900371
0.0144868 -0.0136862 -0.124298 -0.0182468 -0.027995 0.0165545 -0.0863967 -0.0256653 -0.022196 0.00734894 -0.00992293 -0.0257772
0.0572019 0.166132 -0.0820222 0.251435 0.0835485 -0.0109214 0.0299815 0.0987123 0.00713314 0.316199 0.0592571 0.00141177
-0.055908 -0.00485706 -0.121901 -0.014152 -0.032579 -0.00506748 -0.178432 -0.0239378 -0.0136681 0.0274109 -0.0228548 -0.0229295
0.129104 -0.0217395 -0.0981679 0.0580426 0.0762968 0.023523 0.082807 -0.000706164 0.0360144 0.0343419 0.0591691 0.0225972
-0.0190783 -0.169688 0.410205 -0.274541 -0.0958964 0.0530841 -0.0251423 -0.160763 0.399467 -0.31646 -0.0953189 0.100495
-0.237548 -0.0464737 -0.0430286 0.207725 -0.0052253 0.024618 -0.336427 -0.105023 0.056817 0.11965 0.00725723 0.0102278
-0.0766165 0.0141428 -0.115082 -0.00533297 -0.0285415 -0.012975 -0.205222 -0.00552536 -0.0106027 0.0485336 -0.0290455 -0.0125441
-0.147246 -0.200053 0.0720398 -0.0594485 0.0703739 -0.112488 -0.136357 -0.140683 0.00811244 -0.0161573 0.0605053 -0.111952
-0.0777595 0.0256739 -0.115998 -0.000367198 -0.0241638 -0.0166468 -0.204836 0.00813523 -0.0114192 0.0594842 -0.0307124 -0.00556032
0.374927 -0.145625 -0.205979 -0.152887 0.081327 -0.0195943 0.404228 -0.236128 -0.0964609 -0.117152 0.0657586 -0.00115366
-0.0961657 0.0386865 0.119569 0.0611094 0.065153 0.00491741 -0.00997801 0.0866239 0.145531 0.0312644 0.0705482 0.0377317
2.64939 1.24929 0.00382847 -0.113701 0.0743055 0.00297746 2.61056 1.12804 -0.0242181 -0.0966487 0.0812237 -0.0188528
-0.0194709 -0.0449853 -0.00645351 0.107892 -0.00354084 0.106076 -0.0492431 -0.0939011 0.102736 0.00823825 0.0398865 0.0549465
0.391615 0.209982 -0.165202 -0.164872 -0.076837 -0.0067946 0.369316 0.325109 -0.0101986 -0.16094 -0.0689326 -0.0433626
-1.88769 -0.137321 -0.0888183 -0.325634 -0.0307649 -0.0576256 -1.91949 -0.128241 -0.135374 -0.331931 -0.0392275 -0.0625823
0.0703427 -0.0138247 -0.128036 -0.0252063 -0.0096781 -0.0247818 0.22753 0.0112839 -0.0577668 -0.02588 -0.0208836 -0.0740471
-0.0465426 0.058538 0.0605786 0.0207001 0.0164683 -0.0302869 0.0324573 0.139574 0.0147095 -0.0183406 -0.00900358 -0.00759561
-0.144597 0.04634 -0.0665599 0.101574 0.0303087 0.0341321 -0.0673576 0.042823 0.0441736 0.0832826 0.00686519 -0.0534584
1.18323 0.179441 -0.0451895 -1.22409 0.160662 1.52246 0.800064 0.0654067 -0.0768595 -1.03658 0.241874 1.33367
0.0285504 -0.0604961 -0.0451746 0.0845586 0.0409594 -0.10511 0.171079 -0.0391823 -5.60548e-05 0.0814477 0.0172088 -0.159196
-0.181356 -0.0875171 -0.215161 -0.185177 -0.0275377 0.165506 -0.149725 -0.121791 -0.110595 -0.139671 -0.0176517 0.141328
-0.00114095 -0.140351 -0.033678 0.0687461 0.0480146 0.0972218 0.063081 -0.134265 0.0588606 0.0620118 0.0262228 0.0308934
-0.0133198 -0.0814627 -0.071716 -0.121941 0.293388 0.130125 -0.00264029 -0.0279186 -0.00136904 -0.142722 0.224424 0.149372
-0.0258733 0.207618 -0.0844771 -0.14621 -0.0222309 0.082244 0.0642064 0.212314 0.00298242 -0.115864 -0.0173881 0.0380399
0.250036 0.0834099 0.0113119 0.0274438 -0.100476 0.00183067 0.290381 0.0974042 0.106284 0.0422363 -0.0947957 -0.082419
-0.203197 -0.151322 -0.131154 0.00264691 -0.0596594 0.0463202 -0.119287 -0.161421 -0.0341707 -0.00948872 -0.0960733 -0.0242301
-0.104119 -0.0111432 -0.350099 -0.0375629 -0.0160005 0.167704 -0.0739104 -0.0380716 -0.241826 -0.00377853 0.00509529 0.119596
0.016533 0.21188 -0.0732681 -0.0384734 -0.00588259 0.11416 0.041458 0.167457 -0.0433068 -0.0124934 -0.0166952 0.0235302
-0.149964 -0.196896 -0.176604 0.0385534 -0.00464585 0.0352959 -0.0144494 -0.16594 -0.114685 0.0757739 0.00278748 0.0141649
-0.416528 0.108732 0.000103414 0.0123428 0.0623372 0.0106478 -0.415629 0.0627173 0.0787074 0.014747 0.0448061 -0.0308501
-0.178515 -0.158728 -0.112751 0.0043301 -0.0779627 0.0367308 -0.108426 -0.174542 -0.0095902 -0.00502075 -0.115816 -0.0324374
-0.191807 -0.0312693 -0.139599 -0.0224084 -0.0130055 0.0550195 -0.0979226 -0.0289368 -0.0569147 -0.0345211 -0.0466486 -0.0192348
0.0249343 0.0513864 -0.133136 -0.00737301 0.024006 -0.0274824 -0.0510398 0.0471337 -0.0373498 0.067557 -0.0181169 0.0331089
-0.424155 0.510396 0.495226 0.265984 -0.120756 0.206267 -0.384236 0.572569 0.532953 0.321138 -0.0684144 0.248182
0.244837 -0.0467973 0.121791 0.0927959 -0.0152163 -0.0700795 0.314134 -0.0316514 0.16285 0.107847 -0.0159917 -0.142431
-0.177476 0.0147569 -0.137443 -0.0354229 0.00356613 0.0559416 -0.0857296 0.0206856 -0.0605349 -0.0463312 -0.0286329 -0.0198965
0.2292 -0.08129 0.129795 0.0971542 0.00309232 -0.076516 0.309547 -0.063626 0.166291 0.114793 0.000498376 -0.144695
0.10888 0.268115 -0.128744 0.181713 0.0227464 0.184256 0.15697 0.251018 -0.0567645 0.200411 0.00755741 0.126461
-0.13574 0.153781 -0.102898 -0.196614 0.0603907 0.107157 0.0255599 0.182305 0.00220052 -0.174969 0.0366753 0.0665234
-0.162153 0.05193 -0.133798 -0.049333 0.0190841 0.0552569 -0.0745765 0.0607201 -0.0626353 -0.058805 -0.0113217 -0.0219674
0.223545 -0.0463552 -0.170762 -0.0858235 0.073715 -0.0147717 0.215312 -0.0731831 -0.0709159 -0.0226351 0.0204422 0.0431888
0.131093 -0.282978 -0.147479 -0.293116 0.171459 -0.146278 0.0767256 -0.32771 -0.182528 -0.278367 0.163821 -0.139014
-0.322937 -0.237224 -0.0776537 -0.0566118 -0.0443029 0.0738792 -0.231001 -0.220633 -0.0256351 -0.022445 -0.0528653 0.0295658
-0.0587499 0.0857356 -0.062721 -0.0033273 -0.0483911 -0.0175701 -0.0162095 0.0667382 0.0335368 -0.003186 -0.0926175 -0.0811032
-0.760249 -0.309005 -0.0344709 -0.418873 0.067089 0.0632924 -0.726267 -0.244378 -0.0438017 -0.367724 0.0768106 0.0431709
0.41554 0.135977 -0.272972 -0.0215333 0.112663 0.199565 0.484187 0.110466 -0.222345 0.0273482 0.0974137 0.134085
0.0440068 -0.0110197 -0.478081 -0.087182 -0.0500396 -0.0514365 -0.0316295 -0.110816 -0.340168 -0.033098 -0.0365622 -0.0107691
-0.430111 0.0298504 0.0784972 -0.136545 -0.063795 0.13258 -0.37791 -0.0209447 0.167841 -0.108856 -0.0662871 0.147122
-0.057292 -0.0651312 -0.164056 -0.248923 -0.0569527 -0.00453745 0.0493412 -0.0415981 -0.106878 -0.192843 -0.0309725 -0.0393373
-0.401825 0.049978 0.0655765 -0.169227 -0.058156 0.133859 -0.34926 -0.00118873 0.153403 -0.137043 -0.061361 0.149101
-0.0249569 -0.0455135 -0.0850157 0.0651527 0.00542655 0.0138909 0.0738289 -0.0319063 -0.0373084 0.0711841 -0.0129426 -0.071353
1.22724 0.532005 0.226335 0.34427 -0.0301805 -0.0405871 1.40301 0.75329 0.450853 0.319923 -0.019495 -0.0094126
-0.0916634 -0.0350199 -0.153179 -0.160529 0.0272948 0.0115516 -0.0134534 -0.0314664 -0.092429 -0.09378 0.0540952 -0.0363074
-0.106908 -0.0104749 -0.138297 -0.130718 0.0407246 0.0161823 -0.0314984 -0.0131618 -0.0753711 -0.0632217 0.0662028 -0.0326796
-0.141016 0.0487096 -0.0974289 -0.071873 0.0582925 0.0248903 -0.0689705 0.0375181 -0.0290934 -0.00454936 0.0795295 -0.0267345
-0.356806 -0.187408 0.224234 -0.0192488 -0.0384051 0.000645667 -0.44327 -0.0588816 0.129921 -0.0219901 -0.0316322 -0.0113952
0.266271 0.112294 0.291907 -0.0402279 0.0531156 0.00815173 0.234192 0.0921786 0.352319 -0.0353122 0.0434523 0.00657326
0.0225945 -0.0647995 -0.257713 -0.0527281 -0.0754397 0.000631243 -0.0194293 -0.114339 -0.242965 -0.0613496 -0.0732427 0.00761473
0.271815 -0.59803 0.0147124 -0.134109 0.0440144 0.0211001 0.32383 -0.602955 -0.00128594 -0.145009 0.0142966 0.0269291
0.129089 0.198219 0.284125 -0.0523216 -0.0371566 -0.0636915 0.116009 0.29182 0.231055 -0.0276777 -0.102115 -0.0335689
0.107143 0.0471435 -0.15439 -0.00762887 -0.00281019 0.0466988 0.0845388 0.0258745 -0.0924255 -0.00831402 0.0279336 0.0927363
-0.0969014 -0.138419 -0.275752 -0.0614569 0.22319 0.186651 -0.0884115 -0.129822 -0.219887 -0.066722 0.268856 0.222367
-0.163455 -0.17827 -0.332251 0.00434406 0.0378837 0.0268973 -0.200943 -0.200191 -0.301276 0.00269244 0.022173 -0.00332595
-0.181518 -0.189167 -0.326729 0.0128778 0.0761112 0.0621791 -0.211345 -0.206154 -0.291952 0.00951113 0.0672912 0.0440682
0.0356634 -0.0383345 -0.0162072 -0.0363707 -0.215648 -0.154628 -0.0239136 -0.0838731 0.107865 -0.036397 -0.274831 -0.17746
-0.0845858 -0.0738899 -0.333166 -0.0171721 -0.178259 -0.125498 -0.123133 -0.118201 -0.308996 -0.016373 -0.246818 -0.193635
0.0347269 -0.0678301 -0.0852369 -0.0738788 -0.104916 -0.0544341 -0.00891511 -0.103736 0.042073 -0.0732368 -0.133296 -0.0583001
-0.123347 -0.123309 -0.301252 -0.0170953 0.297926 0.242837 -0.10446 -0.0948675 -0.273555 -0.0256728 0.36681 0.274184
0.358753 0.033371 0.0637496 -0.404652 0.150356 0.310388 0.344122 0.0855111 0.154307 -0.396486 0.117052 0.299596
-0.0298083 0.128967 0.582069 0.124694 -0.0432567 0.00434853 -0.0110346 0.0888341 0.614073 0.0740841 -0.0238897 0.0471478
-0.0956131 -0.0918655 -0.283512 0.00340663 0.273599 0.224896 -0.0816657 -0.0586127 -0.25574 -0.00509676 0.344619 0.246173
-0.020901 0.0147959 -0.0193208 -0.0051533 0.229158 0.175363 -0.00636272 0.0430648 0.0205237 -0.00741024 0.315769 0.255673
-0.0713236 -0.0693512 -0.264017 0.0125278 0.246832 0.203541 -0.0613185 -0.0350224 -0.233261 0.00442182 0.315554 0.218469
-0.150103 -0.0476278 -0.145007 0.0777616 0.128503 0.0210104 -0.103604 -0.0720424 -0.105605 0.044712 0.0567763 -0.0625511
0.179649 0.426312 0.212563 -0.134 -0.112577 0.000305559 0.265616 0.298133 0.391973 -0.182528 -0.0623257 -0.0215415
0.0400532 0.0372123 0.0531482 0.0796776 -0.104326 -0.09611 0.0348887 0.0265449 0.116968 0.049209 -0.0960507 -0.0821961
-0.0232046 0.00290632 -0.0287464 -0.180773 0.0763108 -0.0777801 -0.0525412 0.00379633 0.0390263 -0.0873156 0.0861387 -0.00990842
0.257607 0.221186 -0.11723 0.0234977 -0.0434063 -0.0418182 0.179217 0.136256 -0.0399338 0.00434654 -0.0353156 -0.0308527
-0.153994 -0.110074 -0.324952 0.00851005 -0.0366179 -0.0688146 -0.16375 -0.094259 -0.28538 0.00260297 -0.0830189 -0.147896
0.104273 0.1331 -0.00198722 0.00259244 0.0467287 0.0220415 0.0572853 0.118668 0.0905664 0.00344021 0.108811 0.0257436
0.032779 0.0233411 -0.153766 0.0369215 0.123336 0.0998765 0.0273881 0.0551258 -0.108931 0.0282039 0.17237 0.0921094
-0.0331146 0.0176443 0.125806 0.0447094 0.116924 0.0427325 -0.0392812 0.0585934 0.232906 0.0364616 0.176978 0.0231747
0.179839 0.122603 -0.20137 -0.0412943 -0.0457488 0.0180406 0.117317 0.0662028 -0.13993 -0.0411721 -0.0185196 0.0322437
0.0879874 0.120125 -0.133763 0.0223073 -0.0490845 -0.0981682 0.0568078 0.115556 -0.0875011 0.0165301 -0.0593688 -0.0920022
0.182796 0.171883 -0.116499 -0.022999 -0.00299222 0.0192742 0.12043 0.125047 -0.0361599 -0.0200975 0.0432212 0.0318921
0.19123 0.148352 -0.177521 -0.036133 -0.0327695 0.018759 0.127669 0.093261 -0.108324 -0.0345642 0.000778472 0.0333965
0.0632116 0.0549573 -0.0778705 0.035869 0.00122552 -0.0639218 0.0449795 0.0623032 -0.0293649 0.0275004 -0.0174014 -0.0658379
-0.155907 -0.114184 -0.216597 0.0312029 0.0326397 -0.0259128 -0.15213 -0.0697572 -0.154488 0.0219686 0.00632727 -0.101708
-0.0827873 -0.032708 0.135824 0.0611116 0.14245 0.0534704 -0.071445 0.0279433 0.245916 0.049191 0.187785 0.0189256
-0.607152 -1.19981 0.0223234 0.538416 0.0742201 0.138146 -0.628291 -1.15944 -0.0225783 0.486296 0.0840872 0.128419
-0.101643 -0.0531793 0.119484 0.0660302 0.147733 0.0551608 -0.0848951 0.0133351 0.228519 0.0527978 0.183591 0.0128312
-0.147028 -0.107892 -0.0814313 0.0530687 0.0939943 0.016175 -0.131785 -0.0418161 0.00375523 0.0406817 0.0896953 -0.0522994
0.244596 -0.135696 -0.106137 0.13524 0.0705044 -0.135646 0.307739 -0.0322817 -0.0233832 0.110934 0.0159678 -0.129077
-0.0560399 0.00662613 -0.0614862 0.0755319 0.193537 0.140824 -0.0602743 0.0511513 -0.0339579 0.0728282 0.239421 0.195482
0.0430579 -0.049964 -0.177176 0.0847641 0.0427291 -0.220867 0.135987 0.0360287 -0.0762203 0.0646237 -0.015363 -0.206459
-0.0607603 0.0025512 -0.0894928 0.0828662 0.154284 0.110841 -0.0724714 0.0433189 -0.0606855 0.0811352 0.185998 0.15907
0.0206399 0.124284 -0.88429 0.407488 -0.129077 -0.220943 0.0540234 0.0824608 -0.701088 0.30266 -0.0802557 -0.153022
-0.0511237 -0.00728357 -0.201837 0.0609557 0.0329193 -0.248121 0.0518702 0.0686969 -0.097089 0.0440276 -0.0257614 -0.233639
0.126397 0.257083 0.141964 0.103525 -0.0195598 0.201891 0.0401726 0.181725 0.196622 0.192438 -0.0116612 0.16348
-0.31767 1.77346 -0.622546 -0.495119 -2.02292 -1.26407 -0.48054 1.26579 -0.844996 -0.546524 -1.73721 -1.20604
-0.254325 -0.0555013 -0.245799 -0.0134334 -0.11421 0.0948793 -0.217898 -0.0240818 -0.218857 0.0231731 -0.115058 0.0547773
0.505062 -0.0977266 0.0861161 0.0366442 0.0240849 -0.0638037 0.507355 -0.00838439 0.109247 0.0316411 -0.0202623 -0.0721656
0.2497 0.388445 -0.0974927 -0.0406573 -0.128492 -0.13838 0.135056 0.50894 0.0386612 -0.0243108 -0.0529746 -0.057586
-0.66469 -0.786532 -0.375517 -0.713365 -0.433828 -0.645414 -0.48476 -0.800031 -0.191372 -0.738029 -0.417496 -0.651644
0.626259 0.0846065 0.17812 -0.528015 0.0439636 0.351927 0.591807 0.1431 0.268175 -0.504944 0.0420289 0.31747
-0.192563 0.167662 -1.47872 -0.221787 0.0209687 -0.0632069 -0.332272 -0.0212667 -1.41053 -0.30116 0.0662023 -0.0854605
0.166739 0.106015 -0.364089 -0.177161 -0.0339028 0.375786 0.236663 0.116671 -0.327072 -0.147512 -0.049506 0.348705
-0.358742 0.14812 -0.292343 -0.400432 -0.146618 0.00634915 -0.250136 0.122793 -0.0644863 -0.307419 -0.0804089 0.070135
0.11478 0.0066483 -0.216591 -0.0233215 -0.0385614 0.31521 0.189808 0.029329 -0.189205 -0.0221854 -0.0607205 0.298723
-0.149642 -0.019256 -0.190129 -0.0735773 -0.0995081 0.108094 -0.141282 0.002977 -0.18301 -0.0332516 -0.10036 0.0749297
-0.370617 -0.0776267 -0.253466 0.0416292 -0.0914302 -0.0329876 -0.275083 -0.0226207 -0.198032 0.0664987 -0.0988644 -0.0697302
-0.0503843 0.71386 -0.0731987 0.0211742 0.0184109 0.0152536 -0.101282 0.730752 0.203182 -0.0180323 0.0186115 0.0132443
-0.814923 -0.266964 -0.228171 0.131176 -0.0910957 -0.298665 -0.813825 -0.318143 -0.225695 0.106947 -0.105042 -0.320207
-0.757365 0.382721 -0.0365739 0.0223869 0.346955 -0.0515352 -0.665222 0.369752 -0.121744 0.0281005 0.344891 -0.0603446
0.674833 0.0802089 0.206534 -0.52864 0.0316531 0.326546 0.64291 0.140705 0.291763 -0.505352 0.0306951 0.289164
-0.39143 -0.0699571 -0.249644 0.0398037 -0.0769558 -0.0839226 -0.280664 -0.0121172 -0.18827 0.0608887 -0.0878494 -0.116628
-0.0894464 -0.000188112 -0.147086 -0.104602 -0.0867733 0.107889 -0.0930062 0.0214862 -0.149294 -0.0645092 -0.0878111 0.0800438
-0.45807 0.0432674 -0.0109476 -0.15883 -0.229134 0.34945 -0.40391 0.0524512 -0.02306 -0.143353 -0.217937 0.277337
0.442358 -0.174348 0.180954 0.113904 0.00756642 0.374109 0.423786 -0.0989186 0.138032 0.0738357 -0.0340664 0.298219
-0.642942 -0.000802279 0.0362318 0.0733823 0.215925 -0.389831 -0.544713 0.0077397 0.0422901 0.070062 0.158234 -0.329469
0.161091 -0.0205008 -0.0217808 0.0273014 -0.0312759 -5.82074e-05 0.0353604 -0.0362476 0.0732557 0.0241228 -0.0312625 -0.0105617
-0.476351 -0.0076977 -0.0357872 -0.127647 -0.238024 0.335022 -0.422922 0.000155068 -0.0461069 -0.115784 -0.224383 0.258395
-0.459803 -0.0701457 0.0695446 0.0700523 0.219783 -0.396057 -0.38612 -0.0664031 0.0574954 0.0624048 0.168994 -0.332471
-0.340551 0.0492949 -0.284057 -0.156894 0.04784 -0.250187 -0.305536 0.022923 -0.264647 -0.175123 -0.00913821 -0.219678
0.174846 -0.0224684 0.0109837 0.0337905 -0.0391591 -5.14747e-05 0.0420487 -0.0445421 0.099945 0.0300469 -0.0389637 -0.013819
-0.49574 -0.0584322 -0.0670319 -0.0902697 -0.244178 0.317915 -0.444164 -0.0545993 -0.0733873 -0.0821585 -0.228933 0.237756
-0.52052 -0.108456 -0.104596 -0.0481071 -0.247747 0.295423 -0.470279 -0.108582 -0.104779 -0.0445999 -0.231909 0.2131
-0.327513 0.0466118 -0.248187 -0.162315 0.0508337 -0.23992 -0.301622 0.0190128 -0.236059 -0.180157 -0.0050632 -0.210691
-0.0634488 0.000668466 0.0166359 0.097312 0.100596 -0.0179947 -0.0109482 0.0333515 0.0407517 0.0644222 0.0469861 -0.0308172
-0.073597 0.0540568 0.0853721 -0.22684 0.117404 -0.0690351 -0.0181321 0.111714 0.0971578 -0.200914 0.0727299 -0.0107282
-0.28097 -0.0160302 -0.149698 -0.101291 0.043443 -0.12187 -0.271147 -0.0336478 -0.153302 -0.125546 -0.00651248 -0.109627
0.595009 -0.0198622 0.202819 -0.3991 0.0624013 0.167218 0.601986 0.0665377 0.280717 -0.396259 0.0533201 0.133975
-0.164551 0.128105 0.316707 -0.0310825 0.0061609 0.0993571 -0.214159 0.185473 0.25686 -0.0574886 0.0183886 0.128411
0.115706 0.0520638 0.0265253 -0.188053 -0.0373376 0.147588 0.091772 0.0853787 0.0134411 -0.151829 -0.0391151 0.139898
0.272303 0.0385262 -0.0336407 -0.351902 0.237064 -0.224923 0.187932 0.00256667 -0.0495881 -0.318832 0.22484 -0.236442
0.17121 0.121079 -0.197131 -0.142166 0.056378 -0.00017588 0.0294352 0.133535 -0.0750027 -0.106549 0.0287595 -0.0136407
0.64039 0.21905 0.141246 -0.10568 -0.0782193 0.184146 0.483672 0.0454626 0.217109 -0.126884 -0.0712178 0.248131
-0.41801 -0.205452 -0.0784456 0.419936 -0.057748 -0.156271 -0.403383 -0.146765 -0.0412117 0.420168 -0.0633186 -0.145742
0.414916 -0.0904245 -0.492877 0.0361377 0.200512 -0.272123 0.347103 -0.00414643 -0.364544 0.0343684 0.178553 -0.329406
0.292322 -0.0306334 -0.473704 -0.0843714 0.161709 -0.195052 0.255577 0.06051 -0.337951 -0.100266 0.127596 -0.232261
0.685212 0.145888 -0.311902 -0.122453 -0.0311486 -0.114844 0.627496 0.169591 -0.162336 -0.124468 -0.0342202 -0.138852
0.641199 0.110344 -0.0592668 -0.090248 0.126854 -0.189808 0.605094 -0.011707 0.165204 -0.0771766 0.103364 -0.236465
0.500039 0.0218915 -0.421097 -0.0322806 0.0193534 0.106375 0.479363 0.0550574 -0.226446 -0.0265984 0.0177605 0.118826
0.112287 -0.0300857 -0.196105 -0.0613855 0.0991366 -0.202238 0.0127765 -0.140333 -4.17533e-05 -0.0556572 0.0595402 -0.254319
0.761226 0.19839 -0.329487 -0.139699 -0.0325201 -0.135521 0.725303 0.23684 -0.176533 -0.138654 -0.0189605 -0.151643
0.0418841 0.0889032 -0.237529 -0.115979 0.0634448 -0.0265484 -0.0471723 0.138012 -0.131719 -0.083449 0.0669365 -0.0363611
0.840216 0.236074 -0.00681233 -0.041935 -0.121786 0.177788 0.790749 0.205883 0.0873942 -0.0566703 -0.117542 0.209672
0.240749 -0.00653803 -0.0690664 0.15222 -0.0211913 -0.00117373 0.119641 0.0250431 0.0522401 0.125258 -0.0284216 -0.00739047
-0.17679 -0.0627007 -0.196667 -0.00374115 -0.282396 0.0655095 -0.231291 -0.0139296 -0.102848 -0.0249109 -0.263167 0.0698616
0.270139 0.0316154 0.0765249 -0.0353845 -0.0820905 -0.03895 0.164491 0.0386416 0.201528 -0.0206933 -0.06246 -0.0589126
-0.239543 -0.106361 -0.233158 0.0164813 -0.252736 0.0428926 -0.305847 -0.0480838 -0.139958 0.000429319 -0.236598 0.0372649
0.43352 0.176085 0.316995 0.0425089 0.164331 0.0139182 0.365951 0.127295 0.396371 0.0115572 0.136499 0.00804878
0.0366687 -0.0788285 -0.356998 -0.13278 0.161934 0.0731229 0.0647221 -0.0221272 -0.155359 -0.148252 0.145401 0.0574882
-0.314616 -0.185586 -0.305083 0.0533211 -0.17271 -0.00524187 -0.406371 -0.113633 -0.210953 0.0507153 -0.166858 -0.0324976
-0.270455 -0.0704739 -0.315513 -0.052436 0.123632 0.115718 -0.353362 0.0390427 -0.141723 -0.0551241 0.0605849 0.149506
0.0404614 -0.084278 0.187593 0.036743 -0.0383066 0.00383814 -0.107263 -0.106837 0.265369 0.0228663 -0.0407932 -0.0325324
0.0471863 -0.000949413 0.0495174 -0.000500515 0.0601353 0.00614178 -0.00758595 0.0128378 0.0229767 0.000218825 0.00780477 0.00102119
-1.26699 0.0520735 -0.662682 -0.509245 -0.0832093 -1.58865 -1.26617 0.225441 -0.71565 -0.439432 -0.147876 -1.50306
-0.0164988 -0.157544 -0.0679023 -0.124707 0.0837285 0.00525719 -0.0539049 -0.212029 -0.0838065 -0.0965262 0.0653937 -0.0625728
0.61558 0.188676 0.0350107 0.0205789 0.0804514 -0.124109 0.621342 0.0805316 0.275738 0.0283848 0.0997116 -0.163375
-0.161635 -0.280251 -0.449223 0.137986 0.0798622 -0.161419 -0.284114 -0.183923 -0.342853 0.168509 0.0570841 -0.241268
0.0591987 0.127333 0.193305 -0.177671 -0.068755 -0.0144698 0.0491107 0.0774327 0.0314918 -0.0617074 -0.0900705 -0.0098386
0.150534 0.0924395 0.0988515 -0.0350596 -0.0622196 0.0199065 0.146643 0.0561769 0.0287455 0.0438984 -0.0456232 -0.00172473
-0.275911 -0.166789 0.00972438 -0.0209658 0.0967098 0.0208174 -0.353754 -0.138317 0.152222 -0.0547175 0.0649314 -0.0202562
-0.350497 -0.295904 -0.141763 0.191139 0.240514 -0.378448 -0.21592 -0.161582 -0.0412236 0.12752 0.189646 -0.385022
0.360237 0.184792 -0.098063 -0.00488025 0.0394092 0.282902 0.218304 0.212584 0.0853028 -0.0109783 0.0511901 0.308949
0.150498 0.017839 0.0933863 -0.0256041 0.00743304 -0.0446951 0.155595 -0.0266512 -0.00887003 0.0759702 0.0160153 -0.0596263
-0.40581 0.0125321 0.0840127 0.0952154 0.0816786 0.0193554 -0.531421 -0.108682 0.280401 0.120585 0.101472 0.00603554
-0.594049 -0.200864 -0.337617 -0.00302318 -0.12402 -0.0432713 -0.77284 -0.228296 -0.184751 -0.0289578 -0.133914 -0.0605481
-0.0792246 0.264782 -0.000695705 -0.0529568 -0.0449018 -0.0377073 -0.211274 0.386679 0.189417 -0.0378414 -0.0452671 -0.0801298
-0.343451 -0.206814 -0.575045 -0.0582484 0.048598 0.147929 -0.274328 -0.299167 -0.59797 -0.0598334 0.0479605 0.10066
0.3547 0.183555 -0.0807101 0.0214874 0.0756406 0.32062 0.194493 0.210753 0.0919596 0.0128904 0.0812598 0.35103
0.126424 0.177905 0.164729 0.012117 0.0845778 -0.00942887 0.0700158 0.12418 0.0324824 0.0854151 0.0652522 -0.0112107
-0.452277 -0.0637991 -0.48241 0.000885308 -0.0501627 -0.129919 -0.575131 0.117927 -0.325858 0.00431283 0.00605538 -0.0875199
0.0543364 0.264114 0.0800484 0.0247772 -0.0776457 -0.0503364 0.119458 0.130915 -0.0321539 0.0527685 -0.0466087 -0.00119088
-0.24988 -0.469085 1.71604 -0.141572 -0.0396007 -0.0716297 -0.503283 -0.514747 1.66309 -0.150759 0.135725 -0.0153353
-0.156373 0.16844 0.123252 -0.339423 0.40321 -0.0551364 -0.117008 0.143901 0.111155 -0.280486 0.357532 -0.0711431
-0.724901 -0.396096 -0.777901 0.0431483 -0.0656367 0.148107 -0.712254 -0.330184 -0.696745 0.0495687 -0.161433 0.122685
0.0746098 -0.0512217 -0.133403 -0.0785015 -0.0652313 -0.174873 0.0238059 -0.0553679 -0.12548 -0.0771771 -0.0595147 -0.189372
-0.670136 -0.224924 -0.223788 0.311655 0.218171 -0.484248 -0.525576 -0.109523 -0.144794 0.234916 0.170096 -0.480739
-0.12061 0.0132791 0.181073 0.0145725 0.0950567 0.0420861 -0.204017 0.000674313 0.137035 0.00629359 0.0525215 0.0326667
0.0857998 -0.00582525 -0.0494112 0.0138142 0.0563705 0.100913 0.10642 0.0185998 -0.0226844 0.0129104 0.0307079 0.0655734
0.107045 -0.0306976 -0.137862 -0.067992 -0.0237288 -0.152147 0.15222 -0.0394673 -0.171229 -0.0625981 -0.0552695 -0.144052
0.0327857 -0.107211 -0.3832 0.0168296 -0.125748 0.130115 -0.0121874 -0.0668458 -0.363478 0.00723855 -0.150163 0.116777
-0.31479 0.02185 0.142541 0.0334668 0.0930421 0.140685 -0.289738 -0.00732548 0.0806566 0.0370853 0.0412822 0.139947
0.105953 0.0312752 0.360119 -0.0465082 0.171239 -0.0950364 -0.00117167 0.0371273 0.341542 -0.0322941 0.13174 -0.0756459
-0.1096 0.0158385 0.143047 -0.039851 0.106488 -0.0968324 -0.064844 0.0363972 0.157916 -0.030562 0.0641146 -0.0790673
-0.290598 -0.120928 -0.500934 -0.0112829 -0.161901 -0.00412977 -0.262159 -0.0723861 -0.416849 0.00118423 -0.164682 0.0163572
-0.193386 0.0254532 0.260701 0.011911 0.124515 0.0568512 -0.19646 0.0254269 0.262047 0.00979684 0.0891438 0.0523495
-0.241391 -0.0721579 -0.472982 0.0316679 -0.134673 0.0715488 -0.228151 -0.0467522 -0.394963 0.029323 -0.122902 0.0717366
-0.566157 0.327607 0.0807727 0.0015028 -0.131353 -0.101776 -0.479194 0.309166 0.0332834 -0.0291937 -0.145185 -0.104505
-0.715991 0.136308 -0.0688407 0.159997 0.00299267 -0.297923 -0.601962 0.169601 -0.0701541 0.101822 -0.0261264 -0.290161
-0.415805 -0.0374088 0.0911309 0.0198202 0.0475771 -0.0262643 -0.427774 -0.0443297 0.0763799 0.0126656 0.0217787 -0.0404682
0.185233 0.0377172 0.376325 -0.0200408 0.176002 -0.0647631 0.0621478 0.0384026 0.343352 -0.00813491 0.131331 -0.0526937
0.0343202 -0.161154 0.0457228 0.0257453 0.240442 -0.224364 -0.00646376 -0.165264 -0.10659 0.115639 0.200335 -0.186031
0.0682248 -0.00164318 0.144923 -0.00943223 0.0789002 -0.0940148 0.0921937 -0.0084017 0.141704 0.00225046 0.0378827 -0.0720896
-0.222392 0.871138 -1.36866 -0.0478611 0.0288894 -0.119517 -0.404213 1.11999 -1.78668 -0.00790894 -0.0112595 -0.109362
-0.376012 -0.00638244 -0.109435 -0.0250558 -0.00522551 -0.068437 -0.269563 -0.0190361 -0.100914 -0.0147549 -0.0293569 -0.0271398
-0.0562983 0.00580338 0.0302494 0.0108927 0.0118267 -0.0212947 -0.126232 -0.0126155 0.0371541 -0.00123078 0.0203847 -0.0343848
0.367418 -0.0538847 -0.110869 0.0112237 -0.0113543 0.0614644 0.258996 -0.0209898 -0.131883 -0.00220172 -0.0499057 0.0461628
-0.0181437 0.00732112 0.0399712 0.00608635 0.0131577 -0.0402814 -0.0983649 -0.0132281 0.0369157 -0.00569117 0.0173811 -0.0555273
0.264559 0.0401899 0.368951 0.0079691 0.171812 -0.0333741 0.128382 0.036534 0.326972 0.0170932 0.124274 -0.0286843
-0.352412 -0.0290498 0.148703 0.0108085 0.0675305 -0.0292297 -0.376198 -0.0415169 0.119998 0.00239224 0.0371182 -0.0454525
0.381312 -0.0571738 -0.121849 0.0303814 -0.0179526 0.113091 0.268897 -0.0258752 -0.154884 0.0124231 -0.059616 0.0882846
0.15046 -0.00766981 0.0820651 0.0202451 0.0577199 -0.0267413 0.112912 0.00291761 0.0646981 0.0271338 0.00970106 -0.00700227
0.257741 -0.0117662 -0.0420545 0.093837 0.0171787 0.0957688 0.145424 -0.009616 -0.0446034 0.0909082 -0.0117611 0.0784074
-0.27972 -0.0515893 -0.177 0.011259 -0.01738 -0.0341254 -0.268598 -0.0136438 -0.129505 0.02655 -0.0337038 -0.0261813
-1.29659 -0.373748 -0.728753 0.217123 -0.0435419 0.313293 -1.2988 -0.393786 -0.72709 0.208033 -0.0752995 0.329784
0.187917 -0.000444084 0.00983065 0.0580765 0.0429755 0.0640372 0.221133 -0.0208573 -0.0365383 0.0503163 0.0095913 0.0323516
0.33078 0.00431636 0.0722475 0.0891203 0.0589048 0.0768915 0.201312 0.00206701 0.0531517 0.0877741 0.0228109 0.0614197
-0.159538 -0.100072 -0.15195 -0.340895 -0.129934 0.080719 -0.0660177 0.0309538 0.015584 -0.27593 -0.137644 0.0998829
0.000485539 0.0758094 0.288193 -0.313417 -0.200417 0.0114462 0.0425691 0.0517755 0.498836 -0.211663 -0.172304 0.0191308
0.283963 -0.0688727 -0.244037 -0.0664914 -0.0948725 -0.229963 0.276569 -0.0656889 -0.20382 -0.0539478 -0.0788113 -0.198601
-0.319497 0.187 -0.718709 -0.512055 -0.421073 0.649067 -0.313594 0.115403 -0.711066 -0.417052 -0.420947 0.601583
-0.142357 -0.0175834 0.202448 0.101931 0.154299 0.118566 -0.118063 0.0490594 0.224989 0.0786843 0.118863 0.0923685
-0.483203 -0.203669 0.642813 -0.17337 -0.0426145 0.343558 -0.493184 -0.235388 0.656481 -0.175667 -0.0930298 0.19625
-0.989142 0.203746 0.197654 0.208718 -0.173243 -0.000747494 -1.00793 0.191849 0.0842582 0.249566 -0.111631 -0.0368803
-0.0566493 -0.0169543 -0.699407 -0.134688 -0.163243 -0.0158324 0.0751186 0.0355982 -0.75347 -0.0821687 -0.103865 -0.0513368
-0.198878 -0.156149 0.137968 0.0494845 0.042866 0.212016 -0.137247 -0.143665 0.18691 0.0223883 0.0298268 0.143373
0.523489 -0.871537 0.0390972 1.11464 -0.0671169 -0.0694837 0.488651 -0.771524 -0.0121766 0.977878 -0.0654224 -0.0749332
-0.0921609 0.539419 0.0345654 -0.192551 -0.0134261 0.102681 0.0277882 0.687314 0.157396 -0.169009 -0.0309555 -0.000211156
0.183227 0.103048 0.140363 0.094837 0.0532119 -0.150749 0.214419 -0.062178 0.142764 0.132333 0.0503151 -0.119993
-1.55067 0.148674 0.167468 0.164554 -0.385499 0.250622 -1.47873 0.0900257 0.0636949 0.215816 -0.431366 0.295821
0.900266 0.233733 1.6489 -0.0664792 -0.245351 0.0352348 0.669915 0.310402 1.60879 -0.0904318 -0.21139 0.0936742
1.75031 3.1681 -0.00163942 1.29281 0.0237588 -0.0576452 2.56178 3.6359 0.00731937 1.8518 0.0100641 -0.0274476
4.53003 4.85335 0.0354284 -0.0074935 0.000246944 0.0106928 4.50239 4.13319 0.020533 -0.282573 0.00723543 0.00860429
0.0535375 -0.0220849 0.0466909 -0.0454691 -0.0202524 -0.0555037 -0.00741083 0.0580767 0.0888543 -0.0206445 -0.016939 -0.0659413
0.0050775 -0.148986 -0.0547227 0.000783073 -0.0940892 0.0620927 -0.0583019 -0.0805737 -0.0282008 0.0205995 -0.0972965 0.029265
-0.00148466 -0.123028 -0.0243648 -0.0163981 -0.0992238 0.0484155 -0.0639495 -0.055671 -0.00174684 0.00744305 -0.0997977 0.0139747
-0.0105286 0.00388429 -0.0679605 0.066558 -0.0273506 0.0150088 -0.065481 0.0940434 -0.0180794 0.0824969 -0.0325886 -0.016864
0.167261 -0.00919025 0.0276394 -0.0561153 -0.0158336 -0.0169542 0.11478 0.0837989 0.0562941 -0.0496446 -0.0125434 -0.0355144
0.121926 0.0800494 -0.0225228 -0.0595154 -0.0174262 0.00921737 0.0662567 0.167835 0.0010589 -0.0619455 -0.0173962 -0.00771482
0.0952109 0.0328865 -0.0154631 -0.00172185 -0.0327897 0.0111443 0.0377195 0.125126 0.0119672 -0.00583213 -0.027873 0.00265097
0.107662 0.0761221 -0.0252427 -0.0365256 -0.0245859 0.0139248 0.0498005 0.16522 -0.000378424 -0.0409454 -0.0228568 0.000227054
0.0128957 -0.00246436 -0.0793342 0.0617008 -0.000610719 0.0317108 -0.0421914 0.0796021 -0.0547881 0.0790709 -0.00956135 -0.000910605
0.0585756 0.0318959 -0.0107683 0.0564132 -0.0681526 -0.0382128 0.00916694 0.116897 0.0184854 0.0638656 -0.0696233 -0.0421983
-0.0187487 -0.0425898 -0.189101 -0.0617367 0.0201942 0.0244587 -0.0910327 0.0117609 -0.168777 -0.0467383 0.0303951 -0.00129829
0.0102924 -0.0591454 -0.193144 -0.0564464 0.0329196 0.0379744 -0.0596172 0.00160302 -0.16931 -0.0415259 0.0469457 0.00923647
0.0708206 -0.0546464 -0.0305396 0.0541514 -0.0444593 -0.0522986 0.0136489 0.0279803 -0.00417051 0.0617235 -0.0439799 -0.0662731
-0.0317343 -0.0388056 -0.178998 -0.0637952 0.0150223 0.018145 -0.104343 0.0122981 -0.159264 -0.0488868 0.0231448 -0.00656916
0.00870337 -0.0333524 -0.0220881 0.0163548 0.010544 0.0151354 -0.0512534 0.0543711 0.029733 0.0315581 0.0151327 -0.0147525
0.109358 -0.169869 -0.203505 0.0517805 0.0162197 0.0470043 0.0299833 -0.116347 -0.184554 0.0590511 0.00953668 0.0261687
0.0472262 0.0652755 0.00319181 0.0657597 -0.0567425 -0.00904687 -0.00568083 0.142021 0.0311309 0.067564 -0.0599138 -0.00931656
-0.111248 -0.175287 -0.136076 0.0314656 -0.0065651 -0.00538758 -0.165771 -0.0910668 -0.102919 0.039837 0.00726394 -0.0209507
0.0338945 0.025653 0.0223452 0.0376222 -0.0204602 0.0267526 -0.0173434 0.107696 0.0435479 0.0320361 -0.0196912 0.0252956
-0.0801522 -0.231165 -0.140844 0.0105152 0.0573072 0.024806 -0.15722 -0.174664 -0.118891 0.0393242 0.054855 0.0209627
0.0786765 -0.0305113 -0.0339993 -0.00275974 0.0403711 0.0485632 0.0244139 0.0431414 -0.0463258 0.0034877 0.0329815 0.0209262
0.0190866 -0.166772 -0.169112 0.00671156 -0.0359882 0.0342908 -0.0573326 -0.11176 -0.153346 0.00328707 -0.0425025 0.0133012
0.116785 -0.0437837 0.109291 -0.0455085 -0.0139149 -0.114588 0.0617196 0.0373188 0.156301 -0.0255339 -0.00906531 -0.119284
0.106983 -0.0483089 -0.0143104 -0.0280573 0.0477403 0.0370301 0.0529829 0.0250134 -0.0325174 -0.0269841 0.0404762 0.0128099
0.0965818 -0.168715 -0.190643 0.0335863 0.0248808 0.0152068 0.0110743 -0.117082 -0.184368 0.0343686 0.0130601 -0.00442973
-0.1027 -0.226707 -0.135033 -0.107479 0.0139606 0.0511679 -0.163997 -0.149979 -0.101033 -0.0837985 0.0137111 0.045959
0.153003 -0.0664089 0.137747 -0.0459891 -0.00661137 -0.123871 0.0958454 0.0160875 0.181797 -0.026737 -0.00226585 -0.12802
0.220469 0.020989 0.0301537 0.0298418 -0.0803012 0.00435448 0.175548 0.106526 0.0440196 0.0265936 -0.0828113 -0.0242449
0.195383 0.079757 0.0197747 0.0439229 -0.0550046 -0.0361867 0.14062 0.164865 0.0799323 0.051293 -0.0540206 -0.05099
0.190919 -0.00692575 0.0854905 0.0875916 -0.0134248 0.0616022 0.14312 0.0542479 0.112436 0.082584 -0.00689463 0.0368976
0.190315 0.0200699 0.0437154 0.105505 -0.0460685 0.0364032 0.144408 0.0841751 0.0991766 0.114254 -0.047429 0.0430346
0.152907 -0.0444911 0.0517049 0.0624485 -0.138917 0.0524052 0.0975098 0.0356096 0.0837205 0.0703858 -0.144333 0.0450045
0.0425959 -0.0307065 0.0610106 -0.0308507 0.0087141 0.077941 0.0298448 -0.0375852 0.0201891 -0.0447671 -0.0133264 0.0438893
0.236827 0.0992194 0.142267 0.00203184 0.00406994 0.0166167 0.19305 0.165926 0.161834 0.0203808 0.0017426 0.00356096
-0.114581 -0.0081371 -0.0365846 0.0615019 0.0215495 0.0575782 -0.1062 -0.0366594 -0.0552303 0.0387497 -0.00731581 0.0188925
-0.110633 -0.0357384 -0.0401483 0.0702607 0.0242185 0.0558257 -0.104663 -0.0676569 -0.058888 0.0526131 -0.00394196 0.0187444
0.171714 0.197767 0.142584 0.0706777 -0.0827005 -0.03218 0.0950095 0.253131 0.179412 0.0666734 -0.0967521 -0.0580361
-0.0272332 0.0243841 0.0206912 -0.0088551 -0.0159824 0.035504 -0.0491499 -0.00280628 -0.00962152 -0.0230917 -0.0468247 -0.00120269
0.100663 0.00103214 0.119353 -0.0102125 0.0357505 0.055683 0.0985192 -0.00351284 0.0664246 -0.0233125 0.0160473 0.0120554
-0.035644 0.0723233 0.0962873 -0.059916 -0.0411406 0.0712661 -0.0380315 0.0586085 0.0534042 -0.073741 -0.0566068 0.0638128
-0.00782782 -0.00740802 0.0151583 0.0709022 0.0311607 0.0212484 -0.0420558 -0.0348991 -0.0231589 0.0626415 -0.00667426 -0.0145547
-0.0717927 -0.094129 -0.0464677 0.0351718 0.0315499 0.0223101 -0.104544 -0.143345 -0.0856681 0.0466254 0.00379134 -0.0162947
0.14647 0.146099 0.0333085 0.0662242 -0.0823439 0.0522676 0.102435 0.231538 0.0627336 0.073871 -0.0888726 0.0416708
-0.0211886 0.0402079 0.0271496 0.00188154 -0.0220993 0.0399188 -0.0478166 0.0124355 -0.00794269 -0.00898567 -0.0561604 0.00240688
0.0376831 0.157368 0.0910664 -0.0398711 0.0668943 0.0690868 0.0361159 0.134854 0.0697494 -0.0667064 0.0382781 0.0500498
-0.0194401 0.12279 0.0434631 0.0012853 0.0450601 0.0794604 -0.0130673 0.101091 0.0237296 -0.0270967 0.012426 0.0477799
-0.00270633 0.134248 0.0561165 -0.00841669 0.0511843 0.0776529 0.00232414 0.112601 0.036465 -0.0367856 0.0193144 0.049368
0.266499 -0.00784013 0.0714471 0.0567168 -0.0657986 -0.0130356 0.196762 0.083569 0.107511 0.062279 -0.0666734 -0.0178806
0.0361913 -0.0687612 0.142656 -0.0906209 0.131229 -0.00876469 -0.0234326 0.00334752 0.129586 -0.0692564 0.171839 -0.0132413
-0.0495533 0.100123 -0.0808134 0.0321776 0.0275118 -0.0497809 -0.0824607 0.0732895 -0.107741 0.0226488 -0.0234463 -0.0941041
0.0977681 0.130974 0.00607443 0.0409715 -0.0117101 -0.0022498 0.0611399 0.10841 -0.0302909 0.0339577 -0.0599442 -0.0556397
-0.16798 0.157003 -0.141715 -0.0986452 0.125954 -0.0592991 -0.196183 0.183563 -0.136155 -0.0618699 0.11992 -0.0832208
-0.0145404 0.572385 0.298122 -0.0144362 0.231455 0.0325884 -0.00813745 0.633165 0.23167 -0.0314884 0.208814 0.00134445
0.22151 -0.248317 -0.300974 0.186282 0.0837368 -0.0127676 0.252837 -0.0643763 -0.149174 0.178218 0.0976341 -0.0123825
-0.318769 -0.105209 -0.116723 0.0114604 0.00221302 -0.201453 -0.392378 -0.12932 -0.116064 0.0552334 -0.0760012 -0.19479
-0.261236 0.256408 -0.508447 0.212102 -0.272422 -0.110501 -0.253486 0.216603 -0.641045 0.226162 -0.290848 -0.0796626
0.562233 0.174913 0.244189 -0.0760106 -0.100771 0.222756 0.544175 0.145862 0.20776 -0.0762371 -0.124672 0.189119
0.617681 0.333743 0.340483 -0.0390267 -0.178148 0.250576 0.592929 0.310605 0.306143 -0.0432568 -0.218355 0.19605
0.650612 0.164967 0.425935 -0.0476589 -0.149651 0.257473 0.629494 0.138852 0.36119 -0.0236598 -0.173904 0.215009
0.72535 0.228647 0.305773 -0.0714427 -0.170702 0.260344 0.69657 0.190712 0.252053 -0.0571181 -0.202502 0.197962
0.871048 0.194422 0.281722 -0.0991472 -0.122513 0.204298 0.819967 0.17239 0.257629 -0.0743252 -0.142118 0.162193
0.755378 0.172168 0.324846 -0.0228752 -0.178962 0.309695 0.744527 0.164025 0.286706 -0.0325023 -0.213655 0.27874
0.162383 -0.190355 -0.227566 0.0221467 0.12089 -0.110229 0.208861 -0.127645 -0.203475 -0.0104066 0.17211 -0.125899
0.0676697 -0.444082 -0.332535 0.133651 0.088323 -0.0449049 0.163282 -0.432082 -0.266703 0.149822 0.137038 0.0287468
0.00736714 0.401098 -0.0114428 0.167158 0.0928784 -0.0144146 -0.0964703 0.356193 -0.0939799 0.156043 0.0768748 -0.0321131
-0.0777915 0.416024 -0.103558 -0.149058 -0.133151 -0.125484 -0.32001 0.332781 -0.186222 -0.174735 -0.198858 -0.0791918
0.479116 0.617366 0.12368 -0.0356587 0.0272108 0.0452931 0.416661 0.531369 0.0424421 -0.0725361 0.0359644 0.103777
0.0554319 0.449844 0.254933 -0.0225928 0.0783869 -0.173959 -0.0873682 0.151142 0.0306053 -0.0303791 0.117521 -0.183858
0.0123639 -0.0461175 -0.0428438 -0.030569 -0.0183201 -0.0357833 -0.028433 -0.0254358 -0.00801955 -0.00672346 -0.00623743 -0.00907263
-0.0427688 -0.0922689 -0.092356 -0.00803728 -0.0528434 -0.0740101 -0.0916848 -0.075101 -0.080392 0.0115297 -0.0145306 -0.0514098
0.0244162 -0.0919316 -0.0683224 0.0236471 0.0471351 0.0674048 -0.0339405 -0.0681189 -0.0460734 0.0372711 0.0601095 0.0953981
0.0397722 -0.0578455 -0.0796448 -0.00302842 0.0327027 -0.0182126 -0.0141712 -0.0450471 -0.0917567 0.0201881 0.0503514 0.00942109
-0.0472769 -0.208533 -0.109954 -0.00341293 0.0529803 -0.0121388 -0.113024 -0.169296 -0.101865 0.0089271 0.0468673 0.0279769
-0.0322211 -0.152424 -0.163198 -0.00770496 0.004806 0.0323291 -0.0826786 -0.119601 -0.159389 0.00763921 0.0125729 0.067241
0.0214756 0.0683996 -0.0299484 -0.0213084 -0.0935916 -0.153615 -0.0304537 0.109224 -0.0163679 0.00157383 -0.0432804 -0.139678
0.125925 -0.0292607 0.0322117 0.00214901 -0.110543 -0.0353796 0.0780953 -0.0105492 0.0521947 0.0252708 -0.0746314 -0.0034639
0.0301787 -0.156906 -0.168656 -0.0385788 -0.0169969 0.0642581 -0.0324143 -0.153433 -0.144081 -0.0295612 -0.00261534 0.0907442
0.024599 -0.229936 -0.110591 -0.0354685 -0.0234675 0.0105144 -0.0353159 -0.226894 -0.125947 -0.0146025 0.00238084 0.0381729
0.00352774 -0.122074 -0.0210651 -0.0223209 0.0516191 -0.0778251 -0.0634053 -0.0996709 -0.0319804 0.00642782 0.0743564 -0.056422
0.00402254 -0.208132 -0.109937 -0.0114965 0.0266384 -0.00448763 -0.0650836 -0.184895 -0.102764 0.00095594 0.0227036 0.0287579
0.043685 -0.134043 -0.0713614 -0.0172242 0.0149588 -0.00196148 -0.0145046 -0.138943 -0.102008 0.00523117 0.0339234 0.0239366
-0.0284472 0.0922594 0.00117901 0.0110316 -1.33514e-05 -0.0883321 -0.0758342 0.123181 -0.00434015 0.0338531 0.0175184 -0.0677063
0.0662877 -0.238696 -0.104845 -0.0624503 -0.020346 0.0172321 0.015324 -0.21795 -0.109332 -0.0443046 0.00293776 0.0484333
0.0582423 0.0960269 0.117855 -0.031073 -0.0938321 -0.175142 0.00377128 0.136866 0.118717 -0.00463553 -0.0505194 -0.15203
-0.0392342 -0.162124 -0.130434 -0.0303347 0.037197 -0.0175076 -0.0816522 -0.130962 -0.1222 -0.0103559 0.0462829 0.017605
0.110769 0.0955297 -0.0652441 -0.0231353 -0.163945 0.0183349 0.056545 0.107436 -0.0516758 -0.00164923 -0.130132 0.0449219
-0.0508663 -0.211114 -0.0231438 -0.012338 0.0600195 -0.0376742 -0.10346 -0.164834 -0.0187312 0.00414477 0.0593818 0.00621716
0.132135 0.134999 0.0288539 -0.0479927 -0.0939754 -0.00776362 0.0852174 0.159459 0.0323779 -0.0237543 -0.0729875 0.0251654
0.125125 0.133363 0.0594335 -0.0463282 -0.0875226 -0.0171537 0.0804261 0.159128 0.0641214 -0.0218703 -0.0669434 0.0176373
0.106523 0.026622 0.127034 0.0315353 -0.0494585 0.0510131 0.0652566 0.0132393 0.152057 0.074344 0.0100274 0.119389
0.0385429 -0.0905569 -0.0684821 -0.0362463 -0.0828064 -0.0541339 -0.0112485 -0.113657 -0.0403073 0.000234345 -0.0463221 0.000703034
0.0444715 -0.0737204 -0.0292184 -0.0313883 -0.0753256 -0.048702 -0.0130427 -0.0930952 -0.0066385 0.0029678 -0.0475629 0.0042174
-0.0247814 -0.044133 -0.124336 -0.0456367 -0.158043 -0.0275742 -0.0915417 -0.0850086 -0.151599 -0.0248729 -0.105474 0.0221967
0.0430325 0.0921763 -0.101099 -0.0511948 -0.201102 -0.080226 -0.0071569 0.0384294 -0.0925729 -0.0235711 -0.179856 -0.032595
-0.00615765 0.0828741 -0.0420999 -0.0950173 -0.0613498 -0.0590354 -0.090155 0.0345009 -0.0460532 -0.0889842 -0.0238072 -0.0103034
0.0864863 0.0339066 -0.061773 -0.022317 0.0579602 -0.0397637 0.0230891 -0.04103 -0.0382999 -0.00436821 0.104681 0.020983
0.0415667 0.0991284 0.0153347 0.0281538 0.0462469 -0.0657687 -0.0336638 0.148105 0.0608715 0.0369687 0.0664822 -0.0263623
0.0462757 -0.0967973 -0.0855614 -0.0301116 -0.0659047 -0.0507447 -0.000156256 -0.128599 -0.0650027 0.00453144 -0.027423 -0.000390641
0.0441828 0.024144 -0.0704025 -0.0340551 -0.123315 -0.0905872 -0.0011674 -0.030508 -0.0526885 -0.009417 -0.0888778 -0.0478633
0.0725256 -0.163954 -0.0149787 -0.0326855 -0.115438 -0.102851 0.0207735 -0.220621 -0.0199926 -0.0019524 -0.0689587 -0.05537
0.0474253 0.0777218 -0.115403 -0.0946682 -0.118105 -0.0507171 0.0243021 0.0438262 -0.228357 -0.0603022 -0.0692816 -0.0397072
0.0654547 0.175172 -0.0520648 -0.0427144 -0.103926 -0.0649603 0.0143085 0.141841 -0.0178856 -0.0227069 -0.0702204 0.0017108
0.0278023 -0.103314 0.0269312 -0.0886881 -0.212589 -0.140269 -0.0218361 -0.159014 0.0271392 -0.0666001 -0.152697 -0.0949091
0.0916022 0.0557941 -0.133733 -0.108618 -0.136084 -0.0358526 0.0626483 0.0281917 -0.242844 -0.071386 -0.0819373 -0.021762
0.0902342 0.0803835 -0.0331211 -0.0171647 0.0208516 -0.0032088 0.0223825 -0.000311952 -0.0253461 -0.00272958 0.0506142 0.0510821
0.0906508 0.0799862 -0.0345799 -0.0173829 0.0365508 -0.0148627 0.024099 -0.00171578 -0.0283104 -0.00304162 0.0673055 0.0407109
0.0517759 -0.0985043 -0.0925971 -0.0254166 -0.0529956 -0.0514441 0.00695392 -0.13314 -0.0757118 0.0085166 -0.0130484 -0.00304723
0.0201156 0.0308539 -0.0401302 -0.106778 -0.00620997 -0.036423 -0.0468383 -0.0175155 -0.0454308 -0.0964916 0.0602877 0.00453526
-0.0648067 0.0779747 -0.146589 -0.00405436 -0.0578966 -0.131842 -0.122881 0.0516855 -0.114857 0.0255674 -0.0160485 -0.0823665
0.0260829 -0.00866591 0.0838205 -0.0748402 -0.141116 -0.0400417 -0.0357337 -0.0454939 0.0021779 -0.0249248 -0.0673535 -0.0176652
0.0619405 0.155946 -0.064078 -0.0422634 -0.188767 -0.0542667 0.0108879 0.110668 -0.0500066 -0.0154764 -0.168918 0
-0.0106753 0.125789 0.104229 0.016745 0.110726 0.0310617 -0.078431 0.0671931 0.120027 0.0319187 0.134698 0.0838158
0.0278243 -0.00986936 0.074392 -0.0774141 -0.143693 -0.0454552 -0.0335727 -0.0458396 -0.00718261 -0.029134 -0.0703735 -0.0214671
0.0301438 -0.0974515 0.0240845 -0.0829477 -0.213276 -0.140179 -0.021762 -0.15366 0.021606 -0.0593579 -0.151008 -0.0953939
0.0681586 0.16111 -0.0630901 -0.0462438 -0.051243 -0.0749964 0.013769 0.131467 -0.0214703 -0.0304163 -0.0112797 -0.00427851
0.0293026 -0.0104867 0.0629679 -0.0806771 -0.147331 -0.0482111 -0.0321362 -0.0450553 -0.0194593 -0.0339126 -0.0742847 -0.0224469
0.0830361 0.185145 0.420942 -0.0201071 -0.0317246 -0.0190457 0.0308971 0.153285 0.350675 0.0219322 0.0332184 0.0143279
0.0636364 0.169518 -0.0903259 -0.0373879 -0.0347003 -0.0758672 0.0020235 0.140166 -0.0498092 -0.0252937 0.00334655 -0.00700441
0.0304801 -0.0109751 0.0500056 -0.0840185 -0.151968 -0.0481791 -0.0315061 -0.0433006 -0.0346567 -0.0386959 -0.0790883 -0.0205193
0.0252424 0.00864656 0.103272 0.0193934 0.105364 0.00261686 -0.0488162 -0.0105876 -0.0134972 0.0843777 0.16924 0.0265095
0.0948369 -0.181943 -0.0197555 -0.00575819 -0.0389727 -0.0868903 0.0496895 -0.226103 -0.0260167 0.0214852 -0.0019532 -0.0390641
0.0170007 0.00676646 -0.075644 0.0245523 0.0665547 -0.0290881 -0.018098 -0.0268209 -0.187257 0.083316 0.0964411 -0.0100273
-0.0543335 0.0322826 -0.0881214 -0.00910306 -0.0108582 -0.120625 -0.109975 0.00369994 -0.060065 0.0203891 0.0220422 -0.0709287
0.0373126 0.0153062 0.113889 0.0324875 0.120485 -0.0122292 -0.0402787 -0.000161437 -0.00298659 0.0943602 0.187994 0.0133186
0.01314 0.00670965 -0.0587312 0.0240365 0.0770491 -0.0318245 -0.023791 -0.0269686 -0.170041 0.0844092 0.1082 -0.0128732
0.0991225 0.0115439 0.134155 -0.0439769 -0.00695366 -0.0319089 0.0451229 0.0070227 0.0376159 -0.00758775 0.0498047 -0.00871784
-0.0180124 -0.307034 -0.107326 -0.00550017 -0.136132 -0.021054 -0.0834594 -0.286123 -0.20128 0.0228801 -0.0798767 0.0112365
-0.0344445 -0.306422 -0.0844541 -0.0119756 -0.13719 -0.0147616 -0.0974609 -0.287416 -0.180917 0.0163656 -0.0824795 0.0166099
0.0085215 0.00716882 -0.0409943 0.0221444 0.0856595 -0.0331326 -0.0304544 -0.0264644 -0.152028 0.0838717 0.118235 -0.0143315
0.0799428 0.0689228 0.103247 -0.0346565 -0.0337814 -0.0461896 0.0230015 0.0631936 0.00476171 0.00330899 0.0230015 -0.0233243
-0.0117212 0.00608379 0.0281183 0.0117537 0.0982267 -0.0227781 -0.0575128 -0.025832 -0.0848882 0.0766025 0.138177 -0.00292438
-0.0133926 0.0498837 -0.172088 -0.0492036 -0.0458072 -0.0473449 -0.0391147 0.0163183 -0.266259 -0.0107422 -0.0111522 -0.0378847
-0.00746841 0.00759776 0.0120489 0.0139519 0.0982436 -0.0273668 -0.0516145 -0.0253602 -0.100465 0.0783565 0.135986 -0.00804699
0.0387877 -0.0944327 0.02173 -0.0697405 -0.201507 -0.134095 -0.0164636 -0.150904 0.0169318 -0.0421344 -0.136391 -0.0886383
0.104532 0.0901479 0.170917 -0.0816692 -0.0769356 0.0334117 0.026218 0.0652644 0.108881 -0.0299062 0.00384851 0.0570863
0.0102585 0.0455027 -0.158107 -0.041138 -0.0322401 -0.0367523 -0.0195733 0.011056 -0.254453 0.00262069 -0.00147414 -0.0247328
0.0814663 0.0651917 0.0361927 6.48156e-05 0.0102927 0.111109 0.0644711 0.0433808 0.0269201 0.0122598 0.0102879 0.0741589
-0.0268925 0.0486754 0.080473 -0.00551714 0.0315479 0.0491503 -0.0460766 0.0302863 0.0517714 0.0312354 0.0426251 0.0264034
0.0079274 0.0936504 0.105824 -0.0284287 0.0451643 0.0381944 -0.0119169 0.073816 0.0882191 -0.0062585 0.0586413 -0.00060013
0.0826364 -0.222684 -0.172914 0.00985354 -0.149851 -0.0471935 0.00122034 -0.213478 -0.257573 0.0405967 -0.0819255 -0.00976272
0.102724 0.0716028 0.00715087 -0.0212395 -0.032925 0.0190769 0.0633593 0.0591582 -0.0126033 -0.00437257 -0.0249493 -0.0246921
0.0438278 0.167576 0.0659827 -0.0215703 -0.0873852 -0.0666209 -0.0203348 0.157837 -0.0367963 0.0227556 -0.0296953 -0.0439781
0.0176876 0.00431907 0.0574727 -0.0507652 -0.00363713 0.0475998 0.0163924 -0.0256239 0.00560793 -0.0145806 -0.00155296 -0.00698834
-0.0123107 -0.170375 0.0831763 -0.0679804 -0.0649534 0.0636263 -0.0659634 -0.189686 -0.026889 -0.0359874 -0.00934211 0.0819669
0.0315058 0.0773982 0.0462831 -0.112807 -0.0733392 0.0360297 -0.0152469 0.0186925 0.0203292 -0.107848 -0.0578003 0.0099923
0.0693056 -0.0672318 -0.111152 -0.052096 -0.180159 -0.0248198 -0.0110384 -0.0680972 -0.208269 -0.0158271 -0.109572 0.0139603
-0.0495388 -0.0389868 -0.0539817 0.0115764 -0.102622 -0.0143439 -0.112981 -0.0756966 -0.0892253 0.0562893 -0.115316 0.0267354
0.0775269 -0.143991 -0.153489 0.0328166 -0.028071 0.0265799 0.0424368 -0.16637 -0.171826 0.0453814 -0.0190533 -0.0141167
0.0954985 0.15506 0.0908534 -0.0414577 0.0830293 -0.0184325 0.0582077 0.12972 0.0475957 -0.00332615 0.0669191 0.0245502
0.0377159 0.0180116 0.0848513 -0.028895 -0.0186447 0.0118979 0.000857765 -0.00171553 0.0565267 -0.0163833 -0.0152682 -0.0190424
0.147205 -0.0557742 0.23168 -0.101328 -0.0187898 0.0439105 0.0962132 -0.0552215 0.154507 -0.0638726 0.0382427 0.0659747
0.0340462 0.0303594 0.0303117 -0.0211704 -0.00038988 0.0767621 -0.0019003 -0.0159798 -0.0141659 -0.00250494 0.0106244 0.0523446
0.0183454 -0.111134 -0.0904625 -0.0327471 0.0337206 -0.0423915 -0.00388017 -0.150292 -0.123907 -0.0136237 0.0421646 -0.0709641
-0.0835168 0.073422 -0.171358 -0.0577547 -0.0200275 0.0385991 -0.115225 0.0730018 -0.1871 -0.0467316 0.00710944 0.028958
0.0325877 -0.0820427 0.111142 0.014403 0.00116634 -0.0496773 -0.0328181 -0.10077 0.041841 0.0534192 -0.0157303 -0.0220384
0.02821 0.0454093 0.0372177 -0.0169733 0.0139595 0.0880837 -0.00181407 0.00181407 -0.00388729 0.00190045 0.0234101 0.0644427
-0.0742726 -0.0244235 -0.0629148 0.0146647 -0.0463742 0.012611 -0.137191 -0.0794436 -0.0973487 0.064684 -0.0623451 0.054683
0.0542799 0.0251871 -0.0810182 -0.0282177 0.0337855 0.0165638 -0.00207432 -0.0008643 -0.0816764 -0.0108037 0.0376835 -0.0131374
0.025744 -0.101474 -0.0707406 -0.0406814 0.0655803 -0.0446587 0.00129273 -0.128842 -0.0972995 -0.0206837 0.0751507 -0.0758402
0.1106 -0.0932181 -0.136391 0.0342318 -0.0559849 0.030142 0.0805794 -0.12775 -0.163236 0.0437085 -0.0469975 -0.0180027
-0.0351808 -0.00810367 0.00127261 -0.014714 -0.0343681 0.0560772 -0.0471623 -0.00672515 -0.0151747 0.012933 -0.0326773 0.0218136
-0.0607651 0.158161 0.108309 -0.114805 0.0948556 -0.0689476 -0.122831 0.137749 0.0587971 -0.0728418 0.074032 -0.0299937
-0.000264447 -0.0652421 -0.024644 -0.024553 -0.0711363 -0.00335858 -0.0229318 -0.0625883 -0.0412082 -0.00689678 -0.0691402 -0.0263802
-0.0754936 -0.0236665 -0.0663791 0.0117807 -0.0339711 0.0190556 -0.137631 -0.0803517 -0.100359 0.0608285 -0.0484853 0.0614739
0.0839493 0.148418 0.341829 -0.0321974 0.00324971 -0.13164 0.0472676 0.169691 0.314724 -0.000315118 0.0118169 -0.117696
0.0882906 0.178458 0.078773 -0.0634739 0.1138 -0.0285992 0.0535503 0.151383 0.0351721 -0.0291516 0.0964064 0.012437
-0.0137425 0.106535 0.0694856 -0.0107465 0.0112351 0.0173014 -0.0584698 0.0893336 0.0484391 0.00703009 0.0179182 -0.0230621
0.0628245 -0.0460752 0.106203 -0.0120169 -0.00362683 -0.0668282 0.00120057 -0.067072 0.0489834 0.0373779 -0.0200096 -0.0416999
0.0090499 -0.0140482 -0.147475 -0.0118538 0.0110644 0.00705962 -0.0266992 -0.0196777 -0.15144 0.0101422 0.0284329 -0.0108357
0.0835468 0.00513585 0.167374 -0.0365741 0.0995113 -0.038389 0.0411688 -0.00382224 0.171603 0.0273131 0.0839301 0.0214205
0.060183 0.0442206 -0.0606843 -0.0301515 0.0448824 0.0366349 0.00613527 0.0196156 -0.0608342 -0.0133939 0.0475268 0.00656733
0.00216014 0.0663406 -0.0295053 0.0844305 0.0313872 0.0642814 -0.0210561 0.0414247 -0.0501049 0.0941079 0.0366978 0.0405652
0.0194903 -0.0891289 -0.044838 -0.0439745 0.0707552 -0.0198363 -0.0035323 -0.112603 -0.0670276 -0.0255877 0.0796922 -0.0528122
-0.0212389 0.0940624 0.0672077 -0.113933 -0.0904026 0.0384857 -0.0609014 0.0357483 0.0352315 -0.106728 -0.0733056 0.00921704
0.0570897 -0.102107 0.00750542 -0.033416 -0.023999 -0.0555253 0.0129001 -0.0996974 -0.0291448 -0.00111483 -0.0231725 -0.0183947
0.0151427 0.185267 0.394683 -0.042216 0.0287517 -0.10554 -0.0401775 0.208765 0.330873 -0.0152832 0.0549092 -0.0805125
0.00154544 -0.0660059 0.13904 -0.00963206 0.0484534 -0.0282801 -0.0564009 -0.0771131 0.0823708 0.0200749 0.0285988 -0.00151358
0.0320592 -0.0500635 -0.138064 -0.0675515 0.0603603 -0.00668717 -0.0291831 -0.0528994 -0.157492 -0.0383481 0.0574015 0.0106924
-0.00859819 -0.0713178 0.0691367 -0.0144217 -0.0734434 -0.0220652 -0.0393004 -0.0761013 0.0306819 0.0123245 -0.0571406 -0.0472294
0.0104964 0.0996502 0.196788 -0.050847 0.0221611 -0.0472403 -0.0488848 0.0839836 0.14404 -0.00538763 0.00713068 -0.00348611
-0.0578784 0.0358551 0.0822047 -0.0727444 -0.0929785 0.0225373 -0.087615 -0.00603053 0.0464351 -0.0547917 -0.072711 -0.010338
-0.0118912 -0.0688591 -0.0496581 -0.0370965 0.0184425 0.0199766 -0.0317397 -0.122819 -0.0943566 -0.0254435 0.0237185 -0.00931491
-0.00755636 -0.0643665 0.075909 -0.0135132 -0.077259 -0.0232823 -0.0401603 -0.0726506 0.0348171 0.0148231 -0.0588616 -0.0497264
0.0784759 -0.205257 0.0592512 -0.0405691 -0.0646976 -0.0640865 0.0252189 -0.203358 0.0244961 0.0032126 -0.0734883 -0.0379087
-0.0177491 0.190341 0.0503336 -0.071597 0.0575324 -0.084592 -0.0744454 0.166707 0.0105783 -0.0231449 0.0438242 -0.0563908
0.0821246 0.120588 0.116687 0.0102237 -0.0287498 -0.0140384 0.0543546 0.0834181 0.0868474 0.0267487 -0.0247768 -0.0421806
0.0737921 -0.00670991 0.038332 -0.00799747 -0.060001 0.00576643 0.0195123 -0.0645805 -0.020462 0.0145047 -0.0426508 -0.0172675
-0.000851073 0.0625566 0.0971188 0.0234308 -0.033091 0.0365053 -0.0357947 0.0341638 0.061718 0.0357089 -0.0254941 0.0163952
0.072805 0.163241 0.0741587 -0.10395 0.127361 -0.0441297 0.0399723 0.137445 0.0352137 -0.0836722 0.107545 -0.0130069
0.0839017 0.187248 0.0749626 -0.083978 0.129799 -0.0370638 0.0507977 0.160556 0.0328085 -0.0554733 0.111818 0.000713228
0.0771688 -0.0080174 0.042056 -0.00204034 -0.0614274 -0.000756057 0.0253813 -0.06518 -0.0161439 0.0228777 -0.0432519 -0.0235684
0.0531967 -0.0275715 -0.00706936 0.024424 -0.0242464 -0.0300741 0.000319645 -0.00647282 -0.0546593 0.0668059 -0.00895007 0.00519424
0.123752 -0.000795618 -0.0890237 0.0227258 -0.0717142 0.0260123 0.0980775 -0.0440224 -0.129819 0.0358926 -0.0604552 -0.0270708
0.0120158 0.0468811 0.115919 -0.00560229 -0.0326564 0.0251345 -0.0247992 0.0205087 0.081949 0.0065216 -0.0266871 0.00171621
0.00562455 0.0885101 0.0123664 0.0822892 0.014932 0.0559499 -0.0201879 0.0590173 -0.0144322 0.0927783 0.0206174 0.0348778
-0.0665486 -0.0283551 -0.0964163 -0.00711189 -0.00508284 0.0263964 -0.121055 -0.0776077 -0.132926 0.0276997 -0.0033918 0.070501
0.109085 0.124905 0.182066 -0.0201504 0.0105128 -0.0113114 0.0576432 0.0977876 0.135398 0.028109 -0.00443409 0.0363437
0.133251 -0.0627615 0.0176752 -0.0503462 0.0301184 -0.0291366 0.0846541 -0.0683313 0.0112019 -0.0201633 0.0252042 0.0128021
0.0211666 -0.0725633 -0.0234594 -0.0357813 0.0628427 0.0125312 0.000947349 -0.0937876 -0.0425446 -0.0194637 0.0712234 -0.0217029
-0.0146876 -0.0710721 -0.161283 -0.0336091 0.0146256 -0.020635 -0.0780481 -0.0729738 -0.194919 -0.00877941 0.0118401 -0.00330235
-0.0534003 -0.0347004 -0.107814 -0.0229888 -0.00378117 0.0277429 -0.105579 -0.0755287 -0.146776 0.00694703 0.00484676 0.0731861
0.0783287 0.112726 0.206212 -0.0245128 0.00196435 -0.0247614 0.0229659 0.0913886 0.156485 0.0234411 -0.0121165 0.0215405
-0.0379542 -0.0870601 -0.15995 -0.0208924 -0.0285907 -0.0242951 -0.100395 -0.092492 -0.202079 0.00306425 -0.0330616 -0.00516084
0.0855394 -0.255484 0.0463251 -0.0364176 -0.0786543 -0.0555517 0.0338454 -0.24761 0.0149531 0.00377846 -0.0883517 -0.0282179
0.0756105 -0.300692 0.0254359 -0.0221155 -0.0878916 -0.0490391 0.0213332 -0.285785 -0.00217358 0.013766 -0.0978109 -0.0210917
0.0168495 -0.0300477 -0.120932 -0.0629799 0.00117422 -0.000367767 -0.0301145 -0.0822699 -0.162441 -0.0144517 0.0597446 0.0381074
-0.0945664 -0.0634545 -0.0362181 0.0446914 0.0862347 -0.0197284 -0.134258 -0.0895051 -0.0691864 0.0575268 0.0483533 -0.0461243
0.102035 0.157673 0.252015 -0.0124097 0.0788212 0.0491931 0.0896766 0.123112 0.200272 0.00120026 0.0973068 0.0175752
0.182882 0.160747 0.510975 -0.0737574 -0.00097605 -0.100473 0.14653 0.22011 0.483548 -0.0407289 0.0234763 -0.077834
0.177883 0.0850761 0.203351 0.110737 -0.0760218 0.0400354 0.118261 0.0416656 0.219919 0.149197 -0.0346952 0.0939042
-0.154402 0.101776 0.0153462 -0.0482324 0.0573863 -0.0550938 -0.201747 0.11905 -0.0104106 -0.0390396 0.0821931 -0.0660735
-0.125583 -0.079139 -0.0207932 -0.0548005 -0.0325127 -0.0377589 -0.154975 -0.118622 -0.0817516 -0.0450538 -0.041005 -0.0710696
0.0310359 0.0855674 0.139362 0.016656 0.0733932 0.048143 0.0129747 0.0720725 0.157036 0.0302186 0.0733281 0.0126399
0.00840391 0.12217 0.0715425 0.00326119 -0.0137768 -0.0786941 -0.063297 0.127563 -0.0369771 0.0647502 0.0560307 -0.062974
0.0533858 0.25323 -0.0615949 -0.000960224 -0.0293267 -0.0424923 -0.00305443 0.221642 -0.0456598 0.0285864 0.0113562 -0.0116695
-0.0496352 0.140654 0.474033 -0.119805 0.0506671 -0.14251 -0.0748404 0.184344 0.437304 -0.0747616 0.0732648 -0.107298
-0.0530317 0.167062 0.519146 -0.0473541 0.0597504 -0.180575 -0.0766523 0.227672 0.493947 -0.0152832 0.0828759 -0.154408
-0.0184297 0.139864 0.0554796 -0.0445889 -0.0667024 -0.0661223 -0.0667686 0.13386 -0.048603 0.0182463 -0.00863875 -0.0519939
-0.0392403 0.16968 0.228159 -0.0605399 -0.0402444 -0.109865 -0.123687 0.168011 0.0989823 -0.0215565 0.0258355 -0.0938152
0.231502 -0.0304814 0.35733 0.100825 0.0789766 0.138904 0.175669 -0.0705652 0.379141 0.132045 0.123274 0.199635
0.224302 0.107426 0.261393 -0.0326778 -0.0177214 0.101731 0.181621 0.0968803 0.249837 0.0146456 0.0263151 0.147004
0.0537634 0.100529 0.108435 -0.0249743 0.0384206 -0.125841 -0.0428708 0.119328 0.0127563 0.0206684 0.0996282 -0.112061
0.0284092 0.0914234 0.206236 -0.0125055 0.00669801 -0.112671 -0.052882 0.100193 0.0683026 0.0476342 0.0775065 -0.10746
-0.0195538 0.112106 0.151478 -0.022775 -0.0144851 -0.120443 -0.0928463 0.104795 0.0376229 0.0245437 0.0508636 -0.107217
0.0969571 0.172578 0.0805688 -0.0974654 -0.0419433 -0.136912 -0.00435974 0.163732 -0.000645888 -0.0569188 0.0165509 -0.113434
0.238304 0.0854292 0.224058 0.0566049 0.0415392 0.0535355 0.191959 0.0631249 0.246939 0.0878737 0.0909281 0.118183
0.0029003 0.0766318 -0.0954509 0.0859101 -0.0688105 -0.219925 -0.0795015 0.065453 -0.163712 0.0825347 -0.0610629 -0.20945
-0.0527845 0.121196 0.00352405 0.0135051 -0.00814165 -0.187078 -0.103607 0.105523 -0.0827742 0.0196359 -0.0201947 -0.164191
0.0222463 0.0680702 -0.101292 0.0449293 0.00757927 -0.193165 -0.0319283 0.0501275 -0.165069 0.0550763 -0.00399104 -0.171136
0.0253464 0.0300747 -0.0571242 -0.0515305 0.0834805 -0.00994359 -0.0328939 -0.0379063 -0.0332072 -0.035635 0.146926 0.0471479
-0.0989862 0.165758 -0.0126297 0.0739923 -0.0131772 -0.150164 -0.157247 0.144795 -0.0865257 0.0850091 -0.0136494 -0.146631
0.0323374 -0.0441238 -0.307487 0.00935465 0.0162984 0.0140815 -0.0296636 -0.0726157 -0.258999 0.0109738 0.00480104 -0.0180896
-0.0166137 0.219297 -0.00165102 0.056202 -0.00988769 -0.211082 -0.0661714 0.192927 -0.0733553 0.0613024 -0.0174808 -0.196519
0.0273486 0.121584 0.0307237 0.0900474 0.0216539 -0.199325 -0.036079 0.114463 -0.0245848 0.0857275 0.0257023 -0.1871
-0.0284725 0.062144 0.0430341 0.0415125 0.0255706 -0.209968 -0.10704 0.0396709 -0.0775858 0.0449391 0.0282566 -0.185982
0.0198932 0.315692 0.145983 0.05456 -0.0468658 -0.0242363 -0.0201761 0.200298 0.0445876 0.0537516 0.00831686 -0.000231024
-0.151437 -0.282285 -0.311711 -0.0228614 -0.208161 -0.151463 -0.223497 -0.316851 -0.271631 0.0126047 -0.205142 -0.166618
0.362906 0.114503 0.285555 -0.0336409 -0.112552 -0.0868852 0.403843 0.0516819 0.183142 -0.0112384 -0.0265433 -0.0502771
0.0403709 -0.0622502 -0.144494 -0.0273045 -0.0223491 0.00688991 0.0128226 -0.0723973 -0.168279 -0.0762873 0.00050426 -0.0225476
-0.0445584 -0.0234801 -0.0158039 0.0516881 0.024398 0.0784012 -0.07703 -0.0693557 -0.0495603 0.00753086 0.021445 0.0438225
0.0127108 0.0490863 -0.00532701 0.0430272 -0.000745063 0.0266581 -0.0204854 0.0512846 -0.047657 -0.0146527 0.0241841 0.00611717
-0.0454047 -0.0422928 -0.0080385 0.057923 0.0101968 0.0689008 -0.0801645 -0.0907049 -0.0395803 0.013552 0.00652502 0.0344894
0.035995 -0.00318271 0.0244509 0.0556856 -0.0439167 0.0418153 0.0379896 0 -0.00199945 0.0023565 -0.0289921 -0.00335622
0.0396436 0.0189126 0.0306164 0.0857886 -0.0424618 0.0654643 0.0419815 0.0207765 0.00292728 0.0264169 -0.0334852 0.0137796
0.0635931 0.0936827 0.0205851 0.0419682 -0.0130957 0.102056 0.0377 0.0886305 0.00775339 -0.00618849 0.00220509 0.061956
-0.0397025 -0.149935 -0.0166178 0.128353 -0.0702949 0.0542624 -0.056758 -0.18781 -0.0658479 0.0704286 -0.0684246 0.0185376
-0.18174 -0.0448134 0.0363574 0.0187198 -0.031443 0.0280263 -0.183172 -0.0501071 0.0203605 -0.0404322 -0.0106135 0.00361002
0.0213183 -0.00941537 -0.0207421 -0.0310048 -0.00761256 -0.0279509 0.00661758 -0.00863163 -0.056681 -0.0799864 0.0137387 -0.0539477
0.0587737 -0.0034087 -0.0156538 0.103757 0.00767034 0.0669481 0.0385043 -0.0060834 -0.0390769 0.0648418 0.0406514 0.029916
0.0196725 0.0652091 0.032019 0.0659009 0.0198636 0.101761 -0.0049837 0.0449245 0.0159478 0.0156631 0.0307565 0.05895
-0.0582552 0.0197717 -0.14081 0.0938962 -0.0461547 0.0617015 -0.0580132 0.0211874 -0.174616 0.0278175 -0.0222684 0.0352403
-0.0633983 -0.109831 0.0383437 0.106739 -0.0637387 0.0651265 -0.0693493 -0.143708 -0.0114509 0.0544631 -0.065914 0.0292713
-0.0655794 0.0344893 -0.132562 0.0890511 -0.0391325 0.0617511 -0.0663571 0.0340792 -0.167298 0.02356 -0.0141936 0.0360245
-0.0848864 -0.0222269 -0.00781636 0.0497086 -0.0525975 -0.000749501 -0.075711 -0.025809 -0.0436107 -0.00764975 -0.0591962 -0.0186597
0.0514325 0.00558997 -0.000169318 0.0878901 -0.00568539 0.0602052 0.0339162 0.00243281 -0.0231117 0.0503735 0.0306248 0.0246859
-0.155662 -0.0144418 -0.00718818 0.0246524 -0.0516121 0.0395002 -0.16466 -0.0258432 -0.0135713 -0.0343613 -0.0319791 0.0118388
-0.0535011 -0.0818987 0.0345685 0.0747462 -0.0284605 0.0282376 -0.0919883 -0.136765 0.011606 0.0286568 -0.030018 -0.00573136
-0.00206037 0.0272232 0.0668783 0.091002 0.023243 0.0787302 -0.0262933 -0.00498788 0.0525865 0.0342739 0.0337751 0.032065
0.013555 -0.0647004 -0.150728 0.0022493 -0.0412313 0.0471565 -0.0136305 -0.0814947 -0.159023 -0.0475987 -0.0212752 0.0137026
-0.076378 0.0962835 -0.00345647 0.0298446 0.0593579 0.0677339 -0.084903 0.0829619 -0.0505392 -0.0196262 0.0802301 0.0418404
-0.0262843 -0.0523376 -0.125135 0.0138608 -0.0537927 0.0551717 -0.0486965 -0.0671651 -0.12993 -0.0379472 -0.0344122 0.0216429
0.039529 -0.153191 -0.0359545 0.102558 -0.0735493 0.00800326 0.00958548 -0.182911 -0.0750386 0.0484281 -0.0654531 -0.0290426
-0.0864102 0.0708563 -0.00767552 0.0275663 0.0413475 0.0449597 -0.0994306 0.0682339 -0.0559831 -0.00676641 0.0559831 0.0146012
-0.0874272 0.0900526 -0.00243333 0.0253927 0.0352619 0.044311 -0.10091 0.0868807 -0.052342 -0.0104684 0.0514875 0.0148837
0.0264888 -0.0148448 0.0315837 0.016774 -0.0287378 -0.00550309 0.0299519 -0.0145113 0.0230179 -0.0188718 0.00493241 -0.0331687
0.019237 -0.0126463 0.0691397 -0.00154808 -0.00847333 -0.0466913 0.0155946 -0.00754576 0.0257274 -0.053539 0.0107078 -0.0740922
-0.0651438 0.103929 -0.052075 -0.0429872 -0.148938 -0.0886925 -0.179494 0.0973664 0.0147991 -0.0701126 -0.150702 -0.0882818
0.0671161 -0.506692 0.0608322 0.196559 -0.2525 -0.0158494 0.0213122 -0.518516 0.0415866 0.269954 -0.21392 0.0187579
-0.142004 0.176617 -0.510189 0.0115642 -0.0129241 -0.203893 -0.185721 0.193061 -0.483407 0.0231702 -0.0324526 -0.203207
0.433078 0.58218 0.545876 -0.0128333 0.0459406 0.0275268 0.35339 0.430214 0.493104 -0.0474007 -0.0119435 0.030854
0.0558486 0.184456 0.191123 0.140209 -0.0552731 0.0979062 0.0389768 0.160619 0.142915 0.0688161 -0.0308388 0.034765
0.00847263 0.142192 0.0636019 0.124659 -0.0428752 0.0943289 0.00835217 0.131707 0.0370493 0.0518263 -0.0336228 0.048828
0.0645639 -0.0456309 0.00361788 0.0384492 0.0984236 0.0022145 0.0545583 -0.0424178 -0.00607025 0.0308695 0.0561128 0.0225784
0.0543731 -0.0461308 -0.030822 0.0393893 0.0998578 -0.0023603 0.0418341 -0.0390205 -0.0459805 0.0303575 0.0587158 0.0213243
0.076271 0.20396 0.14305 0.158743 -0.0725544 0.100226 0.0575371 0.170184 0.0863057 0.0937299 -0.0688875 0.0389768
0.0219129 -0.136062 -0.0309453 0.00482452 0.0868404 -0.0193269 -0.00970726 -0.134346 -0.0379398 0.00348276 0.0414967 0.0116339
-0.0471357 -0.00561589 -0.0176699 0.0369479 0.0679955 -0.0714077 -0.0679714 -0.0235457 -0.0342078 0.0347261 0.0116247 -0.0356147
0.112841 0.226726 0.0698544 0.109834 -0.0263103 0.0924024 0.0773111 0.195812 -0.00542534 0.0463295 -0.0194884 0.0349078
-0.17806 -0.163927 -0.510783 0.0787389 0.0183261 -0.0208442 -0.229729 -0.129029 -0.453824 0.115142 0.0590392 -0.0307893
0.0397941 -0.0317604 -0.00959485 0.000260923 -0.0367922 -0.0714516 0.0274808 -0.0159566 -0.00177296 -0.0180989 -0.091455 -0.0498644
-0.0190112 -0.0596625 0.012072 3.16507e-05 -0.0282468 -0.0701386 -0.0321655 -0.0559015 0.00990846 -0.026324 -0.0847395 -0.0490986
-0.0247059 -0.0378394 -0.0461603 0.00695486 0.186649 0.0037202 -0.0816125 -0.0412916 -0.0332274 -0.00044801 0.149262 0.0358408
-0.00562275 -0.0644481 0.0383846 -0.020664 0.0435633 -0.0215504 -0.0216076 -0.0680899 0.050789 -0.0461853 -0.00467793 0.0037869
0.111273 0.00285356 -0.011022 -0.0210654 -0.0416354 -0.0459701 0.0999569 0.0264093 0.00280322 -0.0286223 -0.099293 -0.0272207
-0.0707165 0.0113438 -0.0414306 -0.00697901 0.0250066 -0.0115517 -0.0799898 0.0207737 -0.0811726 -0.00620993 -0.00887132 0.023509
-0.0513593 -0.0222678 -0.00645167 0.042352 0.138152 0.0247931 -0.106513 -0.0196777 -0.00193796 0.0392809 0.111432 0.0597785
0.223653 0.111161 0.163673 0.1458 0.0289021 0.128181 0.209661 0.0938726 0.140131 0.0891612 0.0242712 0.0665318
0.0519536 0.0321531 0.0672103 -0.0259457 -0.00510216 0.00971324 0.0498457 0.0218673 0.0527908 -0.035562 -0.0553677 0.0191431
0.00395415 -0.0420301 0.0104858 0.0171307 0.0701283 0.0236508 -0.0328037 -0.0381594 0.0190425 0.00550447 0.0370436 0.0519949
0.0268032 0.0970849 -0.0470617 0.0239338 0.00254284 -0.088942 0.00250992 0.0904309 -0.0402325 0.0209652 -0.0336624 -0.0675463
-0.0354287 -0.0240166 0.00493187 0.039578 0.117588 0.0277308 -0.088872 -0.0208585 0.00759844 0.0361299 0.0906599 0.0609365
-0.016676 -0.0300371 0.00869004 0.0317446 0.0966757 0.0292676 -0.0654425 -0.0262068 0.0118377 0.0262812 0.0678994 0.0604543
-0.0368565 -0.00671807 0.0789471 -0.0391616 -0.0019277 -0.0242534 -0.038711 -0.011429 0.0715969 -0.0369413 -0.0453472 -0.00302314
0.0573156 0.0732138 0.0323328 0.183462 -0.00038878 0.109957 0.0475431 0.088947 -0.00421178 0.103224 0.00107079 0.0748126
-0.0252763 -0.0574991 0.0550877 -0.0444047 0.0306141 0.0179643 -0.0368101 -0.0538847 0.0287533 -0.0414668 -0.00716984 0.0431669
0.0809471 0.00585512 0.0243521 0.00110267 -0.000747896 -0.00937578 0.0673002 -0.0107504 0.0065533 -0.0126648 -0.0600842 -0.000736326
-0.00818403 0.0460215 0.0211595 -0.0240974 -0.0274098 -0.0596742 -0.0363518 0.0430754 0.0111568 -0.0404894 -0.0708565 -0.0336919
-0.0695704 -0.0803799 0.0787612 -0.029413 0.000938405 -0.0625577 -0.0809707 -0.0902308 0.0770444 -0.0645987 -0.0578574 -0.0403001
0.029493 0.0749357 -0.00711073 0.019105 0.00131582 -0.0804795 0.0110741 0.0690286 0.00132889 0.0157991 -0.0369137 -0.0585451
0.112508 0.115826 0.136195 0.0317884 -0.0249224 0.0609333 0.113432 0.102368 0.0905175 -0.0177037 -0.0061392 0.0181321
0.0150798 0.0549106 0.0227921 -0.00178281 -0.0137081 -0.0668944 -0.00509563 0.0494054 0.0263643 -0.0105605 -0.0533195 -0.0423897
-0.0776998 -0.13058 -0.0611013 -0.0103201 -0.00436935 -0.201906 -0.161305 -0.275005 -0.164386 0.0377107 0.0444419 -0.19861
0.0180774 0.135656 0.149638 0.0460506 0.0557405 -0.0172879 0.0170217 0.1156 0.162151 0.0479569 0.0232384 0.00495851
0.143859 -0.0148126 0.0982108 0.0861175 0.0909519 0.00507891 0.141429 -0.0355236 0.078004 0.0797062 0.0498811 0.0182799
0.0947697 0.0619183 0.122719 0.00793093 0.126393 -0.0184141 0.0725275 0.0731935 0.126257 0.0108051 0.0915474 0.0068087
0.0510973 0.147805 0.0804425 0.0294216 0.0296229 0.00591072 0.039298 0.135656 0.102723 0.0307132 -0.00399641 0.0435905
0.0765976 0.0459237 0.0305671 -0.00322316 0.0888708 0.0337771 0.0744517 0.0378919 0.0426284 0.000148015 0.0301211 0.0569859
-0.0440222 0.175818 0.0605298 0.0673126 -0.120951 0.0328016 -0.0552103 0.179117 0.0330841 0.0738947 -0.115267 -0.0174201
0.0698227 0.0546713 0.0916174 0.0460062 0.0843045 -0.042667 0.0539515 0.0506952 0.0842207 0.0382619 0.0332294 -0.0148015
0.0497636 0.187549 0.135503 0.0447548 0.0827745 0.0481682 0.0466988 0.182429 0.129217 0.0267908 0.0451446 0.0717134
-0.0988484 -0.074799 -0.148383 0.0347666 -0.0443748 -0.0174959 -0.203817 -0.0791141 -0.172882 0.0334514 -0.0742296 0.00503252
0.0126603 0.0433027 -0.139432 0.0645155 0.093055 0.0349851 -0.0513496 0.0336174 -0.141932 0.0602896 0.0616195 0.0390848
0.180909 0.14773 -0.123345 -0.0971962 -0.0606566 -0.0775364 0.107621 0.101212 -0.118641 -0.0341542 0.00211021 -0.0147715
-0.113383 -0.151234 0.399392 -0.0821383 -0.276652 0.0992303 -0.174724 -0.21759 0.310182 -0.126027 -0.236194 0.0966209
-0.0235566 -0.222922 -0.165425 -0.0888776 -0.0979967 -0.199169 -0.100107 -0.380965 -0.197113 -0.0748283 -0.0973156 -0.158419
0.0285863 -0.556933 0.0518395 0.0132871 -0.459782 -0.0160451 -0.0316109 -0.565511 -0.00509853 0.0165702 -0.471274 -0.0394286
0.809104 0.626596 0.631223 -0.039503 0.120826 0.132621 0.607453 0.419441 0.456823 -0.0389393 0.0863804 0.148424
-0.0210468 0.045133 -0.011162 0.0102488 0.0368235 0.03651 -0.0539792 -0.00616905 0.00282748 0.021249 0.0170506 0.0197067
-0.00550467 0.0501746 -0.011864 0.0151912 0.0387869 0.0161809 -0.02896 0.00428402 0.00531219 0.0251044 0.022534 -0.00197065
-0.0468118 0.077156 -0.1094 0.0337166 0.0300678 0.0251693 -0.0548917 0.0385355 -0.0673087 0.0495824 0.0115607 0.0261185
0.0656884 -0.0358235 -0.112528 0.0129585 0.0710424 -0.0400361 0.0443248 -0.127953 -0.0961813 -0.0196518 0.0576568 -0.056012
0.0112236 0.0814377 -0.0510031 0.0339678 0.0208029 -0.0192447 0.0214248 0.0719015 -0.00385646 0.0466203 0.0125121 -0.0282807
0.055234 0.105795 -0.073882 0.0297427 0.0115366 0.0399406 0.0496887 0.0774079 -0.0393047 0.04248 -0.00849599 0.0258313
0.0556265 0.0962964 -0.0625118 0.0244275 0.0137187 0.0429588 0.0465241 0.0621466 -0.0325325 0.0360519 -0.00738205 0.0277256
0.0485802 0.120415 -0.0883959 0.037438 0.00551575 0.0274043 0.0507827 0.10208 -0.0455501 0.0521553 -0.0120952 0.0164701
-0.0550347 0.0480176 -0.00832603 0.0234025 0.0601092 0.00245769 -0.055599 0.0240264 0.0243733 0.0414607 0.044323 -0.00771967
0.0991828 0.106489 -0.0814833 0.010451 -0.0299201 0.0172717 0.0862169 0.0578526 -0.0599281 0.00216191 -0.0575932 -0.0032861
-0.0708212 -0.0497248 0.00434588 -0.0137498 0.0365064 0.0287997 -0.0868442 -0.100351 -0.00675359 0.00329021 0.0152389 0.0218193
-0.11939 0.0381972 -0.0590487 -0.0265278 -0.0240347 0.0410922 -0.123828 0.00130346 -0.0356278 -0.0225064 -0.0472721 0.0233753
-0.0509065 -0.0964102 -0.013878 0.00272733 0.0195798 -0.0736797 -0.0646711 -0.148536 0.0319897 0.00925109 -0.00207501 -0.0760837
-0.0637702 0.0436269 -0.00393662 0.0208304 0.0436545 0.0296241 -0.0641423 0.0139742 0.0230878 0.0339373 0.0231746 0.0130194
0.086594 -0.00758196 -0.153369 -0.00147461 0.0535759 -0.0535174 0.0830081 -0.0900192 -0.109841 -0.022851 0.0361808 -0.0720153
-0.00857429 -0.0203541 -0.0248527 -0.0485983 -0.00380183 -0.0174432 -0.0400308 -0.0893591 -0.0114497 -0.0473483 -0.0306472 -0.0331438
-0.0273775 -0.062908 -0.0514328 -0.0415332 0.0280144 -0.0291708 -0.0270235 -0.107144 0.00751133 -0.0320311 0.00543924 -0.0359163
0.0513022 0.0058235 -0.153388 -0.0206023 0.0249697 -0.0473367 0.0628291 -0.0610117 -0.0945033 -0.0294241 0.00380782 -0.0620502
-0.123742 -0.0605938 -0.0410918 -0.0343973 0.0436162 0.0178136 -0.132227 -0.108296 -0.0424861 -0.0118788 0.0204627 0.0117921
-0.0422944 -0.0145013 -0.0498893 -0.0755382 0.0395392 -0.0124538 -0.0550904 -0.0766437 -0.0125872 -0.0778507 0.0147425 -0.019398
-0.14654 0.0301791 -0.117209 -0.0568063 -0.0531778 0.0374784 -0.1546 -0.00530406 -0.0892994 -0.0533014 -0.0730394 0.0214771
0.018333 -0.0646672 -0.0324091 0.0167478 0.0658434 0.000523199 -0.0116875 -0.145618 -0.0359282 -0.0149773 0.0554074 -0.00138518
0.0719991 0.155759 -0.151192 0.000631581 -0.00157768 0.0180625 0.0704236 0.116277 -0.119478 -0.00233592 -0.0230996 0.0089111
-0.0385015 -0.0846234 -0.00657905 0.00741351 0.047355 0.00212459 -0.0646502 -0.1486 0.00389459 -0.00813537 0.0311567 0.00900083
-0.0873488 -0.00839678 0.0273627 -0.0245027 -0.00917304 0.0409034 -0.0683072 -0.0310409 0.0853408 -0.0241237 -0.0516195 0.0297439
-0.18918 -0.0160459 -0.253116 -0.0781438 0.0229816 0.0293407 -0.194353 -0.0562875 -0.215493 -0.0628123 0.0124407 0.0143546
-0.198134 -0.535511 -0.426907 -0.1413 -0.0515709 -0.126823 -0.222861 -0.440114 -0.308547 -0.120739 -0.0977599 -0.103213
0.122435 0.333905 0.0406333 -0.12027 -0.33802 0.0534777 -0.046932 0.323201 -0.0208743 -0.121533 -0.418326 0.0390166
0.0015109 -0.137427 0.320551 -0.198117 0.0575995 -0.00799953 -0.0702473 -0.155864 0.191363 -0.18276 0.0427665 -0.0245573
0.107559 0.0860796 0.066586 -0.00966466 -0.0342476 0.0720376 0.0460344 0.01814 0.058527 -0.0126637 -0.050056 0.0610084
0.0505173 0.0282319 0.157464 -0.00740731 -0.0105758 0.066711 0.041585 -0.0282367 0.176522 0.00222471 -0.011038 0.0655434
0.146577 0.0744264 0.0358452 0.0364318 -0.0828431 0.0717445 0.148628 0.0436386 0.0623775 0.0334562 -0.0906142 0.0647733
0.108221 0.0313155 0.0310506 0.00347963 -0.016162 0.00248388 0.101224 -0.0138617 0.0545054 0.00316594 -0.0265254 -0.0296058
0.192196 -0.0288739 0.142573 -0.0333403 0.0231502 0.128932 0.199796 -0.0542487 0.141184 -0.0322583 0.0158297 0.106187
0.455859 0.543307 0.374634 -0.204521 0.246363 -0.069738 0.371951 0.329011 0.291554 -0.19357 0.254324 -0.136127
-0.0104833 0.0778801 -0.0904324 -0.0316828 0.0100058 -0.0924539 -0.0829419 0.11867 -0.116132 -0.13049 0.0601028 -0.0633751
-0.0101286 -0.696345 -0.104991 -0.0942603 -0.0903666 -0.201294 -0.141695 -0.781928 -0.182256 -0.0891726 -0.0983736 -0.179955
0.175084 0.0286234 -0.00689339 -0.129728 -0.171028 0.0461094 0.0513123 -0.0020928 0.0338723 -0.138745 -0.199436 0.0959586
-0.0804768 -0.367062 -0.412015 -0.0925334 -0.211452 -0.0200672 -0.187013 -0.413324 -0.545745 -0.123194 -0.243996 -0.0884231
0.208482 -0.139237 0.429714 0.264131 0.188866 -0.0303545 0.103817 -0.280385 0.349189 0.299971 0.23418 -0.0533792
0.649045 0.784281 0.511068 0.135259 -0.129955 -0.108675 0.497002 0.668588 0.412024 0.113002 -0.062329 -0.164761
0.319032 0.270694 0.676875 0.235207 -0.079699 -0.0854844 0.184011 0.112563 0.624944 0.248394 -0.108786 -0.136257
0.280654 0.783002 0.672973 0.106814 0.158606 0.133229 0.160845 0.541442 0.554475 0.0930361 0.105682 0.164265
0.527465 0.571398 0.546837 0.0559334 0.0173742 0.0274845 0.524418 0.611358 0.437769 0.117794 -0.0941309 -0.0168774
0.0849075 0.228547 -0.111146 -0.0688661 0.00793048 -0.100025 -0.082489 0.127942 -0.183416 -0.0346309 0.0353524 -0.0772783
0.24002 0.390284 0.227198 0.0668416 -0.059783 0.109428 0.202821 0.278341 0.173397 0.0101411 -0.0500138 0.166021
0.277345 0.26127 -0.0572541 -0.0870337 0.123471 -0.106928 0.163372 0.115244 -0.216195 -0.127052 0.112413 -0.132576
0.0318191 0.733948 0.481248 -0.174382 -0.210961 -0.21124 -0.0893335 0.627648 0.413057 -0.129748 -0.247521 -0.131245
0.125237 0.313709 -0.116847 0.0921514 0.0340207 0.107278 0.189395 0.330531 -0.273732 0.183768 0.0407785 0.122269
0.183147 0.184501 -0.168189 -0.0583593 -0.124256 0.0397821 0.0810309 0.106957 -0.187304 -0.0741 -0.197657 0.0475746
-0.0747142 0.413406 0.289267 -0.0797941 0.0480941 -0.0313396 0.0491305 0.351948 0.291868 -0.0730203 0.0130114 -0.0370434
0.123693 0.251178 0.0912043 0.142523 -0.0438918 0.224885 0.204228 0.272443 0.106425 0.122979 -0.015105 0.210781
-0.205737 0.0276481 0.115367 0.295156 -0.208612 -0.0264797 -0.247988 -0.0287939 0.0376125 0.178308 -0.200355 -0.0404184
0.0488001 0.60157 0.475927 0.166557 -0.204732 -0.11442 -0.0791147 0.355754 0.369676 0.179636 -0.126045 -0.108231
-0.426574 -0.469544 -0.594772 0.0799023 -0.0634963 -0.108168 -0.584939 -0.625416 -0.730809 0.0279799 -0.0343673 -0.0438097
0.557343 0.477472 0.961365 -0.148776 0.226453 0.144574 0.633272 0.267318 1.03391 -0.0797442 0.327323 0.157063
0.618253 0.90521 0.422182 0.367498 0.156546 0.0117914 0.471927 0.813662 0.179092 0.338066 0.187252 0.0206231
-0.17661 0.635445 -0.00693156 0.293238 0.235736 0.114267 -0.291629 0.59286 -0.00960125 0.312973 0.220414 0.0581601
0.287053 0.328561 0.556809 -0.0631692 0.224485 -0.297289 0.233054 0.31238 0.415656 -0.0702689 0.173058 -0.334689
0.860808 0.404961 0.855139 -0.0668229 0.00687186 -0.0351049 0.584174 0.31269 0.705559 -0.110897 0.0372523 -0.139438
0.751471 0.76868 0.587184 -0.194596 0.243964 -0.122621 0.518888 0.526587 0.33895 -0.279251 0.22431 -0.178258
-0.232899 -0.152808 -0.24021 -0.0248032 -0.211107 0.0310738 -0.142234 0.0722222 -0.177826 0.0590499 -0.123197 -0.0489902
-0.277281 -0.325841 -0.335468 0.0429886 -0.140047 0.0991687 -0.267625 -0.120595 -0.308277 0.0557778 -0.0936595 0.118778
-0.234695 -0.399622 -0.355019 0.0425001 -0.0850727 0.0936549 -0.213912 -0.213503 -0.327144 0.0460657 -0.0281942 0.14179
-0.10396 -0.0108507 0.0724711 -0.122252 -0.0241834 -0.0762177 -0.0315868 -0.030194 0.0235441 -0.038731 0.0491551 0.0251167
0.111532 -0.0494785 -0.422268 -0.232566 -0.0819416 0.192056 0.289378 0.151218 -0.458725 -0.144712 -0.00323077 0.173744
0.0949128 -0.123995 -0.444222 -0.20129 -0.088294 0.198363 0.297068 0.0952145 -0.473149 -0.108617 0.0100747 0.178286
0.119112 0.0435329 -0.336184 -0.25848 -0.0797824 0.168085 0.237259 0.19706 -0.372344 -0.177699 -0.0191829 0.153239
-0.0452072 -0.22586 0.0686558 -0.112573 0.148057 0.163714 -0.125397 -0.27607 0.138571 0.0272854 0.218373 0.136963
-0.137546 -0.204101 -0.254154 0.0870445 -0.298215 0.0156427 -0.0802444 0.0280991 -0.247668 0.1622 -0.244066 -0.0388163
0.262648 0.203624 0.00493889 -0.0820594 0.113762 -0.135968 0.124473 0.197721 -0.173452 -0.0134339 0.0899852 -0.0892364
-0.26486 -0.203434 -0.191653 -0.0398491 0.0824477 -0.0520317 -0.299059 -0.216243 -0.0885599 0.117055 -0.0306658 -0.106833
0.215053 0.102478 -0.0507557 -0.104503 0.241928 -0.0519967 0.139458 0.119567 -0.159703 -0.0167969 0.26433 -0.0369973
-0.126757 0.0732775 0.0569972 -0.108727 0.0420432 -0.0119736 0.0474805 0.0774422 0.0433928 -0.0271766 0.0532303 0.0659876
-0.198933 -0.0582258 -0.0993703 -0.0816202 -0.111615 0.0276276 -0.159884 0.0678131 -0.082061 -0.0177649 0.0126699 0.0150145
-0.360615 -0.345445 -0.1852 -0.0284875 0.190391 -0.0352342 -0.35224 -0.347069 -0.00957025 0.132396 0.126273 -0.0923915
-0.0566142 0.152828 0.0250992 -0.04781 -0.0405504 -0.0787244 0.059564 0.146889 -0.00664817 0.0693566 -0.00238076 0.00161712
0.115107 -0.0481105 -0.044854 -0.130269 0.287904 0.0830726 0.0792473 -0.0346235 -0.0625356 -0.00302233 0.341346 0.0586688
-0.0583153 0.0607929 0.104192 -0.0909253 -0.055811 -0.147976 -0.0187766 0.00835513 -0.0024706 0.0512987 0.00911877 -0.0551169
-0.019699 0.0939725 0.133137 -0.0848691 -0.0202947 -0.130311 0.0496367 0.0428537 0.11248 0.00139252 0.0108707 -0.0666164
-0.127186 -0.285325 0.166851 0.114346 -0.209662 -0.191311 -0.0496988 -0.186717 0.141 0.185331 -0.042631 -0.198885
0.00592155 -0.339487 -0.299084 -0.0210301 -0.112219 0.11952 0.209561 -0.13123 -0.291642 0.0695676 0.0622494 0.102996
-0.115483 0.0917734 0.034995 -0.141264 -0.0952358 -0.0372511 -0.0142397 0.0833267 0.0123979 -0.0257392 -0.0632474 -0.0100621
-0.089768 -0.00582174 0.0993009 -0.111733 -0.0563756 -0.0579515 0.0461778 0.0232237 0.0819342 0.029243 0.00534549 0.0291531
0.1262 0.316965 -0.0276421 -0.119591 -0.168405 -0.103221 -0.0614732 0.271077 -0.193881 -0.00466379 -0.342767 -0.0955855
0.188732 -0.287359 -0.12823 -0.0616047 0.11665 0.00413701 0.158194 -0.275328 -0.147134 -0.101955 0.226567 0.0964029
0.255507 0.364257 0.104622 -0.0914495 -0.105277 -0.137023 0.0363507 0.321127 -0.152884 -0.0232803 -0.233111 -0.0902607
0.199062 0.384201 0.0506298 -0.117748 -0.167243 -0.112494 -0.0177628 0.335284 -0.178335 -0.0254954 -0.333384 -0.0854558
0.232977 0.387257 0.088922 -0.105817 -0.143803 -0.122866 0.00881544 0.339571 -0.163262 -0.0273279 -0.294215 -0.085069
-0.134375 -0.223638 0.41784 -0.0861405 -0.14475 0.046208 -0.301078 -0.283847 0.488083 0.00440797 -0.0914098 0.0671437
-0.116927 -0.194039 0.402267 -0.100374 -0.15384 0.0384244 -0.279045 -0.244198 0.465298 -0.0120163 -0.100403 0.060304
-0.153265 -0.0320015 -0.0263189 -0.108287 -0.0770959 0.00601558 -0.127193 0.0498318 -0.0331611 -0.048435 0.0566352 0.0376216
-0.0318685 0.261044 0.0958314 -0.203638 -0.13649 -0.0965428 0.0182375 0.141408 -0.0341842 -0.110638 -0.109246 -0.0254697
-0.124929 -0.0196435 0.0218806 -0.124104 -0.0575329 -0.0150189 -0.10384 0.0309359 -0.00499838 -0.0662848 0.07403 0.044445
0.462869 0.218946 0.491811 -0.227383 0.187351 -0.0610512 0.317048 0.0234463 0.302318 -0.26157 0.311905 -0.0466311
-0.661911 -0.429933 -0.673662 -0.0209616 -0.0914728 -0.0676112 -0.452007 -0.173777 -0.327827 -0.0445726 -0.0417809 0.116689
0.474376 1.28988 1.16834 -0.479112 -0.351859 0.378558 1.03516 1.24677 0.970052 -0.21528 0.0286539 0.8141
-1.57031 -0.355135 -1.76848 -0.467104 0.536253 0.270684 -1.2146 0.17014 -1.42926 -0.528283 0.403239 0.179625
2.32329 3.59595 3.42967 -0.210864 -0.00166499 -0.145642 2.74701 3.80937 3.72708 0.203958 0.524984 -0.252593
1.55523 -0.412405 1.38897 -0.417673 -0.351338 2.15855 2.60985 -0.522696 2.07626 -0.343188 -0.386533 2.21503
0.00884318 0.00883794 0.198269 -3.16005e-06 1.73573e-08 -1.03303e-07 -0.00173477 -0.00173477 0.00383094 0 0 0
0.0412693 -0.0234754 0.0990014 0.0309849 -0.00214337 -0.00221615 0.0300738 -0.0348829 0.00372536 0.0303447 -0.00230295 -0.00203201
-0.101459 0.0726244 0.131626 0.0327321 0.000739887 -0.00852381 -0.0959996 0.0558606 -0.00459128 0.0163478 0.0037565 -0.0127999
0.108252 -0.11988 0.143221 0.0974382 -0.00770254 0.0226439 0.0989578 -0.121704 0.021647 0.0956592 0.00515405 0.00096209
-0.0865517 0.00408006 0.0713258 0.0235761 0.00935142 -0.0217218 -0.0691525 0.0222376 0.00292783 0.027675 0.0041129 -0.0119204
-0.040287 -0.03864 0.0541007 -0.00540539 0.0108977 -0.0203374 -0.0114475 -0.010168 0.0284167 -0.0053197 -0.000134676 -0.000134676
-0.167946 -0.147072 -0.0230997 0.0870346 0.000735847 0.00357735 -0.0883114 -0.0650052 0.0200527 0.085589 0.00225759 0.000995993
-0.0940249 -0.0851054 -0.0616601 0.00911445 -0.006955 0.00361443 -0.0439897 -0.0421081 0.0240062 0.00291967 -0.00291967 -0.00220597
-0.250899 0.180851 0.139253 -0.0162447 -0.00496595 -0.013096 -0.243122 0.158279 -0.00403348 -0.0322679 -0.0014604 -0.0171771
0.211245 -0.169469 0.0415501 0.0513269 0.0252131 -0.0191442 0.216592 -0.130221 -0.0035725 0.0523967 0.0133093 0.000490343
-0.208708 0.0783792 0.126083 -0.0268916 0.00360046 -0.0222992 -0.200468 0.0589072 -0.0194478 -0.0411505 0.00218436 -0.0201525
-0.333081 0.093435 -0.0286515 -0.140672 -0.000158207 -0.00147651 -0.233423 0.161682 0.0188618 -0.127664 -0.00244872 -0.00132363
0.0207767 -0.166883 0.108034 0.170527 -0.0128951 0.0249927 0.0358702 -0.166735 0.0186171 0.145731 0.000204583 0.000477361
-0.136997 -0.0360951 0.114758 0.0218057 2.83606e-05 -0.00219061 -0.128266 -0.0333491 0.0135199 0.0215625 0.00637863 -0.00755729
0.0696902 -0.00919986 0.138292 -0.011733 -0.00127396 0.00930437 0.0709096 -0.0233617 0.0107876 -0.0284463 0.00426007 0.00103066
-0.0483327 -0.0287352 -0.00972724 0.0170827 -0.00949982 0.00523694 -0.0045667 0.00730671 0.0337935 0.0109601 -0.0054148 -0.000130477
-0.152004 0.113302 0.102609 -0.104931 -0.018536 0.0246806 -0.145766 0.111866 0.0254757 -0.0952161 -0.00528236 0.000133731
-0.201911 -0.104965 -0.0313666 0.0233831 0.00981673 0.000428564 -0.107963 -0.0196055 0.0137768 0.0237783 0.00562996 0.00470267
-0.179928 -0.00228786 0.115339 -0.000968914 0.000352945 -0.00196169 -0.17084 -0.000901713 0.0113754 -0.000901713 0.00686689 -0.00742179
-0.150999 0.0449142 0.0386397 -0.00548049 -0.00817356 -0.00118168 -0.11055 0.0471552 0.008969 -0.0295569 -0.00672675 -0.00203841
-0.0857937 -0.0688853 0.00511146 0.0187377 -0.00374031 0.0111249 -0.0466386 -0.0328051 0.0438719 0.0138335 -0.000329369 0.00395242
-0.162504 -0.0269997 0.0528283 0.00409839 -0.00364098 0.0175594 -0.131233 0.00793533 0.0246062 0.00626825 0.00586815 0.00286739
-0.0783293 -0.0708008 0.0078581 0.00346658 -0.00856937 0.00557896 -0.0451738 -0.0402278 0.0371283 0.000395683 -0.00580336 -6.59472e-05
-0.0525982 -0.0477467 0.0766521 0.00109977 0.0108074 -0.0130221 -0.030533 -0.0250002 0.00826508 0.00204919 0.00676234 -0.00252734
0.165602 -0.256239 0.080137 0.169708 -0.00282889 -0.000748035 0.150385 -0.258084 -0.0020359 0.153371 -0.00142513 -0.00237522
-0.368323 0.149326 -0.00507563 -0.0669704 -0.0004854 0.00652225 -0.292194 0.199266 0.0153996 -0.0586778 -6.63776e-05 0.00132755
-0.149834 -0.145809 -0.0352579 0.068373 0.0119022 0.00107835 -0.0608611 -0.0603313 0.00874175 0.0670201 0.00748347 0.00615896
-0.304217 0.14976 -0.0318698 -0.162298 -0.00188884 0.00075931 -0.209903 0.211226 0.0111067 -0.145908 -0.00277668 -0.00132223
0.0897532 -0.177484 0.120085 0.104479 -0.00982285 0.0350926 0.0799595 -0.184269 0.0149112 0.0967174 0.00718199 0.00314639
-0.0464072 -0.0364611 0.126025 0.0607895 0.00292426 -0.0216622 -0.0433088 -0.0567105 -0.0285669 0.0443668 0.000564283 -0.0190446
0.267242 -0.259979 0.0941889 0.0975856 0.0146746 0.00227413 0.248338 -0.242081 -0.000903808 0.0962207 0.0119581 -6.95237e-05
-0.0842991 -0.0514367 0.00355619 0.0331419 0.00139032 0.0160766 -0.0452701 -0.0175027 0.0382295 0.0274384 0.00579036 0.00894874
0.0928814 -0.13901 0.0345377 0.0503354 -0.0151811 0.014613 0.120396 -0.0912429 0.0138126 0.0524614 -0.0048477 0.000132814
0.136581 -0.236186 0.0750786 0.164676 -0.00276418 0.00141553 0.126717 -0.23986 -0.00705868 0.148775 -0.00067872 -0.00128957
0.602781 0.246496 0.0848958 -0.387912 -0.0159205 -0.00874182 0.556318 0.239341 0.0112951 -0.350505 0.00064339 -0.00300249
-0.094276 -0.0822556 -0.0378822 0.0104131 -0.00312765 0.0103742 -0.0557794 -0.0516187 0.012092 0.00351059 0.00227538 0.00286048
-0.357442 0.159813 -0.0046078 -0.0854604 0.00122182 0.00841994 -0.286615 0.20152 0.0105539 -0.0744083 0.00212405 0.00252231
0.00552273 -0.0606098 0.123288 0.0866689 0.00263152 -0.0201406 0.00564347 -0.0820419 -0.0354833 0.0694852 0.00021163 -0.0174948
-0.0739741 -0.00948977 0.0106494 0.0544088 0.0158713 -0.00451098 -0.0399766 0.0203881 0.0308486 0.0477055 0.00932788 0.00939451
-0.0923324 0.0683722 0.0834795 -0.0630356 -0.0243152 0.0211776 -0.086182 0.0694132 0.0150985 -0.0563857 -0.0118918 -0.00200423
0.128649 -0.156107 0.0264569 0.0560625 -0.0121993 0.0158562 0.153458 -0.108191 0.00769947 0.0584761 -0.00192487 0.00152662
0.286906 -0.264973 0.0935827 0.0951299 0.0117729 0.00385565 0.260728 -0.250582 -0.00729648 0.0930475 0.00972864 -0.000416942
-0.0639775 -0.0547163 -0.0969707 0.00970414 -0.0122888 -0.0102487 -0.0193646 -0.0114633 0.00479257 0.00634692 -0.0126938 -0.0109452
-0.0109022 -0.0184112 0.0966377 0.0240981 -0.0145674 0.0343498 -0.0187163 -0.0305335 0.00211753 0.0190578 0.00368861 0.00191261
-0.49545 -0.156138 0.0654077 0.271477 -0.0245404 -0.0109339 -0.430837 -0.0997558 -0.0786032 0.26187 -0.0131146 0.000676884
0.0115893 -0.0103369 0.0628501 0.00309828 -0.00462985 0.019362 0.0435209 -0.0117459 -0.00420951 -0.0251213 0.00529583 0.00359845
-0.0253808 0.0118012 0.122462 0.00469369 -0.0119501 0.0273934 -0.0432654 -0.00430636 0.00760341 0.00787256 0.00390264 0.000605582
-0.0590475 -0.0244637 0.0792735 0.026148 0.0134524 -0.00436363 -0.0474677 -0.0121223 -0.00524392 0.0274455 0.0110327 0.00197498
0.0435612 -0.139975 0.0635307 0.12577 -0.00188774 0.00693736 0.0390943 -0.14993 -0.0194793 0.111514 0.0016968 0.00237552
-0.236708 0.145319 0.103718 -0.0570508 -0.0101931 -0.0022762 -0.232266 0.139193 -0.0110273 -0.0555525 -0.00457736 -0.00915472
0.567642 -0.00705361 -0.0285954 -0.541536 -0.00673852 -0.0171006 0.575115 0.0224446 0.0391878 -0.503956 -0.0101037 -0.0137843
-0.0474827 -0.0388184 0.0590457 0.00695113 -0.0119219 -0.0124731 -0.0384913 -0.0273324 -0.0619392 0.0104527 -0.00289568 -0.0280386
-0.10376 -0.0395756 -0.0874892 0.0533612 0.00444455 0.0111106 -0.0614391 -0.00324046 -0.00518473 0.0481532 0.00771229 0.00719381
-0.0831439 -0.0248275 -0.00143921 0.0456885 0.0212164 -0.00759075 -0.0530494 0.00193514 0.0190844 0.0405711 0.0115441 0.0110103
0.077281 -0.0815446 0.115497 0.118603 0.00405781 -0.0151057 0.0726034 -0.104495 -0.0485434 0.10005 0.0019756 -0.0126297
0.106157 -0.187597 0.014176 0.173704 0.015685 -0.00750282 0.117771 -0.182393 -0.0131687 0.144516 0.00950317 0.00834922
0.59836 0.155444 0.0451594 -0.324581 -0.021095 0.000112591 0.58976 0.179639 0.0128365 -0.309366 -0.00917915 0.0136253
-0.169659 0.159612 0.0562572 -0.055354 0.00741041 -0.00231362 -0.178453 0.135686 -0.0270424 -0.057338 0.00352432 0.0038632
-0.0849636 0.0267787 -0.0465376 -0.0527368 0.00103591 0.00974088 -0.00719717 0.101553 -0.0122814 -0.0484654 0.00297131 0.00356557
-0.0341582 -0.0120406 -0.00362015 0.011458 0.00276144 0.0142614 -0.0127331 0.00613564 0.015636 0.00818085 0.00481615 0.0108858
0.25535 -0.211888 0.0899358 0.0741852 0.0024043 0.00376983 0.227916 -0.203756 -0.0185359 0.0715751 0.00166615 -0.00319346
-0.711824 -0.1939 0.0680912 0.409005 -0.026077 -0.0101014 -0.655945 -0.145775 -0.074628 0.398186 -0.0156218 -0.000509406
-0.0590653 -0.0121253 0.0737574 0.0390507 0.00682259 -0.0071701 -0.0529024 -0.00482786 -0.0145516 0.0401188 0.00475986 -0.00292391
-0.0426302 -0.0240881 0.0558449 0.0185603 -0.0143617 -0.0168203 -0.0358235 -0.0151914 -0.0683968 0.0216213 -0.00621789 -0.0310895
-0.763492 -0.356652 0.0357414 0.328569 -0.0106047 0.0113129 -0.682511 -0.293578 0.064785 0.325859 -0.0152479 -0.00342148
-0.385414 0.209907 0.0215067 -0.0745453 -0.0025277 -0.046914 -0.366436 0.210431 -0.0258842 -0.0656198 -0.0113331 -0.0292421
0.0997658 -0.122759 0.10993 0.0842849 -0.0117307 0.0267963 0.0745135 -0.135644 -0.00342977 0.0849373 0.00369877 0.00215201
0.164912 -0.108202 0.134586 0.0799597 -0.00114129 0.0396842 0.124542 -0.132813 -0.0037288 0.0740337 0.0176949 0.00847455
0.844402 0.30824 0.05219 -0.428525 -0.0209213 0.000165682 0.807639 0.317009 0.0119787 -0.399506 -0.00770062 0.0138326
-0.125122 0.00386286 0.0807051 0.0806602 -0.0295034 0.00967287 -0.106911 -0.00722277 -0.00974393 0.0524673 -0.0211232 -0.0089944
-0.266855 -0.155675 0.230781 0.0440785 -0.0424518 -0.03926 -0.156943 -0.0691751 0.107639 0.0232591 -0.0402706 -0.0202482
-0.110518 -0.108541 -0.0510294 0.0240582 -0.0146888 -0.0191392 -0.0365061 -0.0290329 -0.0154754 0.0193112 -0.0171288 -0.0143511
-0.160337 0.196397 0.145192 -0.0487507 -0.0207563 0.0164277 -0.178791 0.161877 -0.0123941 -0.0516308 -0.00534112 -0.00773778
0.435516 -0.0503643 0.129764 -0.465907 -0.0316858 -0.0203647 0.481033 0.0204291 0.0967465 -0.435943 -0.0326866 -0.0236394
0.109144 -0.162905 0.12771 0.121772 -0.0156773 0.0293257 0.0738378 -0.188456 -0.00934827 0.118953 0.00392898 -0.00392898
-0.154735 0.0880687 0.051339 -0.0419996 -0.00516395 -0.0120058 -0.166951 0.0612585 -0.035344 -0.0428063 -0.00868338 -0.0073266
0.171396 -0.189405 0.103457 0.13598 -0.0262857 0.0240573 0.136221 -0.195138 -0.00114077 0.134208 -0.0112064 0.000872352
-0.0321996 -0.022728 0.0460524 0.0189334 -0.0264377 0.00779977 -0.0195929 -0.00580789 -0.0619275 0.0190331 -0.00748728 -0.02743
-0.110847 -0.0652168 -0.100154 0.0340245 -0.0122932 -0.00410925 -0.073527 -0.0315116 -0.0188032 0.0304093 -0.0102445 -0.0085587
-0.531256 -0.35978 0.18082 0.216834 -0.0456473 -0.0239067 -0.419319 -0.2721 0.109515 0.197141 -0.0419019 -0.00959471
-0.0990694 -0.0674484 -0.0470597 0.0215109 -0.0120425 0.00169126 -0.0662403 -0.0412698 -0.00710649 0.0162341 -0.00873642 -0.00299907
-0.192064 0.0137126 0.00275695 -0.0011994 0.00764026 -0.0438119 -0.175262 0.0279607 -0.0401541 0.00238262 -0.00651715 -0.0228451
-0.0581791 0.0963216 0.0882047 -0.0212578 -0.0188826 -0.00214247 -0.0621009 0.0897552 -0.0300108 -0.0206541 -0.0159411 -0.0104657
-0.587564 -0.380904 0.178409 0.25073 -0.0467885 -0.0179857 -0.476628 -0.293569 0.10886 0.231974 -0.043514 -0.00532671
-0.0430987 -0.00767422 -0.0619915 0.0282877 0.014105 0.0199873 -0.0127797 0.0136231 -0.00947128 0.019721 0.0184885 0.0164774
0.0254807 -0.0253167 0.04466 0.0531021 -0.0331849 0.0122526 0.0276218 -0.0227513 -0.00580458 0.0554437 -0.0226845 -0.00740584
-0.369661 0.166388 0.00883025 -0.0663787 -0.00108193 -0.0495717 -0.351939 0.169071 -0.0368397 -0.0594619 -0.0124667 -0.0302562
-0.0161242 -0.0576398 -0.00686854 -0.0215819 0.0115402 0.0190821 0.0203704 -0.0193751 -0.0161238 -0.0155267 0.0175836 0.00988663
-0.0383067 0.03865 0.0498714 -0.0171893 0.00839555 0.0201106 -0.04369 0.0368677 -0.0212248 -0.0138512 0.0138512 0.0107502
-0.030103 0.00965881 -0.0708309 0.0298243 0.0159303 0.0193277 -0.000583327 0.0302682 -0.013611 0.021259 0.0196387 0.0171757
-0.0539784 -0.0407183 -0.00510848 0.0154711 0.0278133 0.00613751 -0.0336532 -0.0193092 -0.0408942 0.0136544 0.0239296 0.00868915
-0.071105 -0.0279379 0.0635741 0.119125 0.01055 0.0197527 -0.074273 -0.0496752 -0.0226793 0.1012 0.0201441 0.00657768
-0.912423 -0.27286 0.0893775 0.549771 -0.000366941 0.0171631 -0.833309 -0.219009 0.0785212 0.537494 -0.00559268 0.00402673
0.219117 -0.233973 0.0997112 0.157492 -0.0181043 0.0258363 0.175679 -0.243331 -0.0102787 0.155054 -0.00295598 0.0028888
-0.162865 0.144716 -0.0247728 0.0516485 -0.00591882 0.0026167 -0.0774003 0.2217 0.0177651 0.0573238 -0.00435872 0.00132082
0.433444 0.103528 0.192668 -0.30468 -0.0241329 -0.0214327 0.495198 0.175212 0.082533 -0.296664 -0.0415694 -0.0173395
-0.0145531 0.00447989 -0.0112782 0.0175079 0.0164702 0.0236948 0.0015208 0.0171917 0.00284324 0.0123648 0.0173239 0.0228781
-1.05203 -0.383676 0.0850353 0.566224 -0.00627001 0.0128488 -0.974821 -0.323617 0.0769162 0.56193 -0.0107099 -0.000898729
0.980913 0.237026 0.0329602 -0.597932 0.00492956 -0.0176916 0.943716 0.249222 -0.131726 -0.557775 0.0236324 0.0103184
0.15925 -0.0134149 0.217639 -0.10137 -0.0236336 -0.0309335 0.234891 0.0704672 0.0885008 -0.102443 -0.0325816 -0.0240195
-0.503766 -0.297002 0.0694159 0.138868 -0.0335069 0.000983477 -0.418805 -0.218213 0.0234145 0.136866 -0.0676686 -0.0167361
-1.15562 -0.538701 0.0656049 0.504493 -0.0164521 0.00671356 -1.08115 -0.476665 0.0701155 0.506155 -0.0206133 -0.00850112
1.23383 0.265319 -0.0216411 -0.822 0.0049235 -0.019282 1.1705 0.269979 0.0428685 -0.752231 -0.0024965 -0.0186167
0.486588 0.114373 0.172392 -0.365663 -0.0239891 -0.0189145 0.556194 0.191222 0.0780236 -0.354563 -0.046647 -0.0169418
0.050036 -0.0758204 0.223333 -0.0399372 -0.0259342 -0.0352952 0.134296 0.0151747 0.0895305 -0.043703 -0.0324738 -0.0277696
-0.102332 0.215793 -0.0693285 -0.194576 0.0188379 0.0412785 -0.042701 0.270999 0.0208843 -0.186592 0.0263541 0.0321345
-1.13054 -0.354352 0.0689078 0.6257 -0.029392 -0.010751 -1.09547 -0.309967 -0.0540848 0.623251 -0.0274676 -0.0102897
-0.845069 -0.327741 0.0850782 0.433146 -0.0250219 0.0132668 -0.761369 -0.25532 0.0335756 0.427143 -0.0590995 -0.00418689
-0.0352647 0.00941753 0.192139 0.0506185 -0.0145983 -0.0342701 0.0651698 0.0795695 0.115049 0.0237521 -0.00994618 -0.0127667
0.0526552 0.186048 0.0812373 -0.196127 -0.00058608 -0.046923 0.0195727 0.175477 -0.0106329 -0.195659 -0.00060953 -0.0490333
-0.0626776 0.520602 0.0228832 0.0605936 -0.0605354 0.0100535 -0.0150002 0.523772 0.0269757 0.0523464 -0.064507 0.00808652
-0.36886 -0.362471 0.2367 0.069149 -0.0531397 -0.0534181 -0.274948 -0.271057 0.0949806 0.0668297 -0.05531 -0.0427222
0.360978 0.633148 0.238454 0.125924 0.0822117 -0.0172916 0.333482 0.559821 0.0990655 0.127702 -0.0115036 -0.0247205
0.82504 0.453174 -0.0324568 0.482954 -0.0126727 0.104229 0.802532 0.515856 -0.0264977 0.47061 -0.00435477 0.0693811
0.286302 0.130009 -0.0604734 -0.344173 0.0438193 -0.0367065 0.324877 0.181822 -0.0215141 -0.325645 0.0457524 -0.0454729
-0.0149666 0.415256 0.401278 0.104602 -0.00338785 -0.0727903 -0.125432 0.076413 -0.0695644 0.118961 -0.212522 -0.0603431
-0.150382 0.310047 0.310118 -0.00695441 0.0852048 0.0251136 -0.248491 -0.0478099 -0.236195 0.0341421 -0.180262 0.0415524
1.14781 0.997361 0.201499 -0.0381155 0.00326143 0.00443875 0.994577 0.868071 0.512836 -0.036328 0.00236922 -0.00424484
-0.0145173 -0.448288 0.0889564 0.180554 -0.0135182 -0.0101275 0.000722592 -0.40971 -0.0151142 0.165835 -0.0176433 -0.0138497
0.339048 0.138314 0.197219 0.078277 0.193046 -0.0466581 0.190949 -0.24013 -0.28282 0.056773 -0.0983075 -0.0845544
0.242729 0.488196 0.455474 0.0434676 -0.100215 -0.0201165 0.0909854 0.122691 -0.00917364 0.0531106 -0.28567 -0.0216198
0.292478 0.225388 0.241825 -0.204316 0.0808733 0.153371 0.145962 0.00512883 0.00371578 -0.176473 -0.0237601 0.127436
0.136966 0.378351 0.354203 0.075426 -0.0585247 -0.0464705 0.0116494 0.129718 0.0622878 0.0718383 -0.152545 -0.0352632
-0.362416 0.00580072 -0.0579397 -0.0780078 -0.0687647 -0.0673686 -0.328772 0.030451 -0.104392 -0.119658 -0.0768289 -0.0632952
-0.233958 -0.568124 -0.0129811 0.41225 -0.00155774 0.0147322 -0.180018 -0.493911 0.0113314 0.387722 0.00478958 -0.00221956
0.167878 0.32865 0.318963 0.0933745 0.0374096 -0.0616351 0.0243707 -0.0675682 -0.225209 0.107088 -0.23734 -0.0588409
0.0264151 0.0265288 0.020757 0.00486784 -0.00226471 0.00227207 0.000481779 0.00270538 -0.00344657 0.00437307 -0.000481779 -0.000555899
0.148911 0.281122 0.280857 0.104347 0.0738189 -0.0703679 0.00710579 -0.114794 -0.26991 0.117549 -0.212127 -0.0658801
0.483483 0.253172 0.268599 -0.0696722 0.0982824 0.0794929 0.299795 0.00422173 0.0244965 -0.0812032 -0.01303 0.0353374
-0.00101789 0.221512 0.209563 0.119203 0.0465659 -0.0768646 -0.089805 0.0632422 0.0305057 0.107444 -0.0158754 -0.0560308
0.102048 -0.0716574 -0.283436 0.112515 0.0852593 -0.139046 0.0473759 -0.114922 -0.33006 0.148415 0.0858828 -0.19145
0.0240757 0.023999 0.0108516 0.01112 -0.00526299 0.0052205 0.00159405 0.00645035 -0.00756248 0.00993502 -0.00103799 -0.00133455
0.123035 0.0772397 0.136151 0.0995569 0.221083 -0.0611058 -0.0227866 -0.29994 -0.40794 0.111216 -0.0776739 -0.0552754
-0.191325 0.291945 0.0185707 -0.245964 0.0385159 -0.0553871 -0.139018 0.343285 0.00575297 -0.28073 0.0627729 -0.0101223
-0.187078 0.236843 -0.00136741 0.282022 0.0438348 0.0367348 -0.114898 0.259717 -0.00573809 0.287998 0.0388004 0.0143452
-0.217704 0.0894554 -0.0997031 0.0548907 -0.137697 -0.00500984 -0.227 0.0403688 -0.150822 0.0612634 -0.146487 -0.00781212
0.971368 0.299051 0.278408 0.0680395 -0.0178348 0.0456483 0.936194 0.28614 0.0933163 0.0748723 -0.0608136 0.0199917
-0.195349 0.0845807 0.0320454 0.0347744 -0.1361 -0.099411 -0.177834 0.0476852 -0.00145064 0.051442 -0.147445 -0.119585
0.371947 0.222668 0.201296 0.149254 0.0391751 -0.146517 0.242426 0.0802784 0.0503023 0.111281 -0.0212502 -0.12786
0.0666144 0.0474949 -0.0957198 -0.00259588 -0.000266911 0.00032064 0.00460719 -0.0078768 -0.000111464 -0.00100318 7.43094e-05 -0.000260083
0.0774064 0.035598 -0.0997057 -0.00498924 -0.00114906 0.00191325 0.0136741 -0.0133769 -0.00193221 -0.00148632 0.000594527 -0.00100326
-0.00955462 0.084065 -0.498196 0.0225463 -0.0668673 -0.310809 -0.0403508 0.0100783 -0.549456 0.0804384 -0.0810401 -0.383465
-0.0617154 -0.0379508 0.203531 0.201809 -0.0458375 -0.222689 -0.048924 -0.0469241 0.184845 0.250805 -0.0565163 -0.313099
0.141466 -0.0231426 -0.115462 0.111683 -0.109773 0.0210137 0.183556 -0.0170649 -0.102676 0.113073 -0.0820264 0.0444549
-0.105679 -0.0744529 -0.0930223 0.0516599 0.156585 0.29808 -0.154726 -0.0782787 -0.124184 -0.00564474 0.20093 0.347096
-0.131877 0.0434933 0.153846 -0.000158183 -0.0915172 -0.197251 -0.106346 0.0251686 0.146008 0.0222774 -0.101675 -0.232189
0.0195751 -0.00314212 -0.381718 -0.187462 -0.130364 -0.272182 -0.0123008 -0.0862562 -0.444259 -0.161754 -0.151447 -0.307069
0.360248 0.830784 0.157832 0.220153 -0.0941419 0.0275311 0.328202 0.773224 -0.0217848 0.218461 -0.0390765 -0.0435015
-0.0396483 0.176828 -0.159813 0.0196759 -0.0987559 0.204056 -0.0446363 0.142561 -0.183558 -0.0305993 -0.0860419 0.240635
-0.693249 -0.764728 -0.148195 -0.0881886 0.0947132 0.0585053 -0.663765 -0.716549 -0.12714 -0.0818968 0.0911555 0.0742607
-0.369529 -0.288173 -0.112863 0.140256 -0.0421412 -0.0165961 -0.505093 -0.455072 -0.0409545 0.148998 -0.0502503 -0.0122292
-0.210712 -0.179884 -0.220232 0.176337 -0.0468665 0.0243656 -0.365547 -0.255989 -0.134165 0.245616 -0.0573534 0.0383113
-0.118874 0.197305 -0.276115 0.2458 0.111654 0.215928 -0.136354 0.210431 -0.304034 0.211401 0.156479 0.233206
-0.0314765 0.222208 0.0469553 0.0433074 -0.129062 0.264491 -0.0161791 0.198692 0.00247488 -0.0110077 -0.126884 0.323323
0.234497 -0.059128 0.09938 -0.0453197 0.263509 0.075488 0.178642 -0.0490155 0.101825 -0.0689811 0.217026 0.0857522
-0.103562 -0.403965 -0.0967438 -0.0427406 0.107052 0.190102 -0.154286 -0.449914 -0.145002 -0.091032 0.130358 0.222221
0.00129819 0.0893021 0.313998 0.280976 0.0266904 -0.0529918 0.0322494 0.145784 0.316618 0.308941 0.0447011 -0.125178
-0.0792127 -0.389125 -0.0972548 -0.0690198 0.0844797 0.133047 -0.121489 -0.438151 -0.159746 -0.109227 0.100624 0.163293
-0.0274894 -0.102765 -0.0592639 0.0723652 0.130198 0.354093 -0.0504568 -0.124161 -0.143596 0.00601744 0.141578 0.442076
-0.116241 0.148857 -0.202811 0.0680033 -0.0156734 -0.054646 -0.175447 0.0927456 -0.0975621 0.0596275 -0.0284136 -0.0464848
0.110901 0.0714927 -0.222039 -0.0498934 0.0139243 -0.0429462 0.100808 -0.00692658 -0.115778 -0.0319144 0.0164227 -0.0545934
-0.405513 -0.318405 -0.235098 0.174886 -0.0114209 0.029488 -0.570167 -0.455873 -0.154905 0.243898 -0.0158848 0.0529364
0.174119 -0.0674884 -0.1101 -0.274849 0.00121735 0.0044146 0.0941387 -0.109147 -0.00408653 -0.305821 0.000668704 0.00616694
0.240707 0.161425 -0.00585532 -0.0492004 -0.00869972 -0.0347585 0.32829 0.0909104 0.136714 -0.0958979 -0.0247904 -0.0264407
-0.264455 0.0796297 -0.126935 0.168318 -0.0177312 -0.0382868 -0.374244 0.0198511 -0.0344486 0.12087 -0.0316717 -0.0237913
-0.0964572 0.297759 0.0216906 0.369677 -0.0683382 -0.100769 -0.055492 0.338154 0.0385566 0.399586 -0.0561192 -0.184518
0.145565 0.0269718 -0.0950406 -0.0305444 0.0488988 0.00184419 0.0901896 -0.0225938 0.00233729 -0.0172143 0.0322397 0.0188467
-0.432646 -0.317178 -0.230201 0.175559 0.000829179 0.0310343 -0.590383 -0.464858 -0.149512 0.242468 0.00057475 0.0542181
-0.0509505 -0.0308132 -0.265815 0.00350534 0.0819354 0.334131 -0.051904 -0.0546772 -0.337469 -0.0694052 0.0848077 0.436893
-0.27922 0.0501828 -0.105323 0.18504 -0.0152686 -0.0289937 -0.394531 -0.0111575 -0.0146512 0.127841 -0.0259214 -0.0175439
0.293239 0.235464 -0.0928035 -0.167205 0.000337541 0.020132 0.379184 0.168005 0.0551334 -0.216572 -0.0124353 0.034408
-0.421958 -0.0239351 -0.140887 -0.0996533 -0.0295135 0.0633836 -0.370411 -0.00688651 -0.139678 -0.111645 -0.0115471 0.0646914
0.0324607 -0.0347352 -0.0791459 0.0304691 -0.0316954 -0.000754848 -0.00163914 -0.0286477 -0.0863528 0.0226872 -0.00867998 -0.0344219
0.133774 0.0773544 -0.0901072 0.0538014 0.0640404 -0.00135144 0.0901429 0.0272172 0.00545085 0.0827268 0.0422719 0.0167975
0.0509305 0.163892 0.0660822 -0.193383 -0.144102 -0.13617 0.103707 0.15016 0.098177 -0.208594 -0.174529 -0.110675
0.319512 0.0742371 0.0637283 -0.310096 -0.00150133 -0.00921575 0.294299 0.102057 0.193561 -0.319987 0.00267511 -0.0222437
-0.030359 0.134849 -0.352 -0.0933205 -0.0263484 0.205711 -0.00358528 0.109388 -0.387584 -0.154989 -0.040073 0.30262
0.081521 0.0329797 -0.0639954 -0.0250342 -0.0163252 0.072455 0.0613316 0.0256538 0.0742514 -0.0380538 -0.0159269 0.0433999
0.0722489 -0.172944 -0.206564 -0.316527 -0.015772 -0.152812 0.0962538 -0.210836 -0.229465 -0.330291 -0.055136 -0.104275
-0.429339 -0.234709 -0.199293 0.18151 0.0233691 0.0333816 -0.560337 -0.387817 -0.116976 0.242285 0.0325315 0.0518363
0.251844 0.228375 -0.133308 -0.157381 -0.0122574 -0.00475307 0.335926 0.152868 0.00519131 -0.19068 -0.0356028 0.0132176
0.0124764 -0.0840101 0.123473 -0.291728 -0.159237 -0.116015 0.00457452 -0.113694 0.0911185 -0.305452 -0.172121 -0.100825
0.0162013 0.0133996 -0.248935 -0.042726 -0.0296512 -0.0199342 0.0246874 -0.100698 -0.143105 -0.0361133 -0.0458909 -0.0189932
0.476344 0.361531 -0.300966 -0.173046 -0.0729949 -0.21496 0.547478 0.341925 -0.334107 -0.132168 -0.0649407 -0.229782
-0.0703392 -0.0305305 -0.0126941 0.0376706 0.155544 0.113715 -0.069918 0.00141928 -0.0101964 -0.00339879 0.177708 0.146634
0.243878 -0.0177908 -0.122607 -0.413035 -0.0349308 -0.0108093 0.171795 -0.0176352 -0.00451994 -0.461367 -0.02586 -0.0273049
0.0706019 0.0680895 -0.230602 -0.0727151 -0.0309359 -0.0205371 0.103161 -0.0363152 -0.115216 -0.0749818 -0.0510951 -0.0154517
0.176885 0.0567942 -0.0118809 -0.0425731 0.00358769 0.115234 0.204264 0.0023237 0.111058 -0.131529 0.0411996 0.0756494
-0.0451756 -0.225986 0.428287 -0.22443 -0.0165511 0.168112 -0.0631053 -0.206073 0.423057 -0.284122 -0.00347708 0.227194
0.051626 0.203091 -0.0629208 -0.01679 -0.0353776 -0.0557581 0.00736294 0.206125 0.0408107 -0.0668585 -0.0796234 -0.0121729
0.109445 0.133139 -0.131806 0.0159733 -0.00218093 -0.0222472 0.0693043 0.127484 -0.0126817 -0.080132 -0.00437556 -0.0239543
0.218433 -0.480711 0.46797 -0.0981112 0.2246 0.0714685 0.225304 -0.396081 0.439089 -0.0787437 0.187685 0.114221
-0.0351782 -0.0101023 -0.120719 -0.0170096 -0.032489 0.00313087 -0.152115 -0.0269207 -0.016018 0.0188931 -0.0187437 -0.0256886
-0.00672746 -0.138619 0.344529 -0.288824 -0.125948 -0.00600621 -0.0106609 -0.140073 0.327861 -0.321272 -0.130744 0.0322419
0.112914 0.31854 0.179937 -0.146849 -0.206349 -0.301213 0.161046 0.276378 0.0681843 -0.106101 -0.246 -0.289287
-0.0692835 0.00366282 -0.117118 -0.0102084 -0.0314213 -0.00912516 -0.196461 -0.0168043 -0.0115763 0.0376416 -0.0263267 -0.0184847
0.436266 -0.0379708 -0.0272691 -0.282342 -0.00287318 -0.117369 0.489526 -0.103091 0.0981258 -0.382058 -0.0531821 -0.0777872
0.0884907 -0.113938 0.0454311 -0.0821761 0.101739 -0.287549 0.0291356 -0.125522 0.0754099 -0.0739941 0.106557 -0.328428
0.0818515 -0.00423527 -0.00685596 0.0340478 -0.000160579 0.120853 0.082461 -0.054319 0.109417 -0.0622165 0.0440855 0.0695209
0.328472 0.201705 -0.18177 -0.0138312 -0.0820583 0.00524245 0.288957 0.303888 -0.028208 0.015005 -0.0780408 -0.0241625
-0.772258 -0.766741 0.150643 0.0862028 -0.147605 0.0101762 -0.677962 -0.757127 -0.00596758 0.114819 -0.139823 0.0536327
-0.11925 0.0505471 -0.0628148 0.0552368 -0.00698455 0.049151 -0.0556531 0.0435546 0.0445675 0.0516577 -0.0147433 -0.0185135
-0.0610132 -0.00507641 -0.0463073 -0.0836203 0.0703472 -0.0120061 -0.18976 0.0126233 0.0561324 -0.0806319 0.0622946 0.021213
-0.0829654 0.00466704 -0.0747399 -0.0105094 0.07686 -0.0192833 -0.218064 0.025879 0.0275618 0.00258042 0.0687737 0.019484
-0.0735577 -0.0921459 -0.0822352 -0.0612919 0.310864 0.0875056 -0.062648 -0.0451144 -0.025266 -0.0867812 0.236703 0.110865
0.392223 0.189166 -0.157471 -0.241657 -0.0724719 -0.0123039 0.369107 0.296548 -0.00579884 -0.250672 -0.0627596 -0.049437
0.313473 -0.17152 0.0029664 0.365929 -0.0659577 -0.154899 0.361633 -0.0627078 -0.00484662 0.303921 -0.0592034 -0.138315
-0.127285 -0.329206 0.180828 0.0399483 0.0683235 0.0836058 -0.174464 -0.270032 0.157904 0.00428086 0.0618847 0.116372
-0.512465 -0.00306904 0.0872409 0.0601647 -0.0446246 0.105318 -0.483057 -0.0556545 0.181514 0.058542 -0.0475017 0.0937012
-0.514736 -0.0244091 0.0935149 0.0380939 -0.0558809 0.11418 -0.479127 -0.0761733 0.187743 0.0402671 -0.0582202 0.108455
-0.0337389 0.0222406 0.0473752 0.0456917 -0.0283048 0.047351 0.0597645 0.0610242 0.0934816 0.0703613 0.00503904 0.0386079
-0.159843 -0.0827984 -0.252121 -0.155068 -0.0260457 0.168068 -0.130536 -0.114526 -0.145802 -0.111496 -0.0127505 0.137568
-0.705899 -0.326439 -0.214806 0.0811474 -0.0867531 -0.040348 -0.694797 -0.336091 -0.363711 0.0701353 -0.067963 -0.0665665
-0.65599 -0.0581417 -1.187 0.135875 0.0873666 -0.00149044 -0.606333 -0.117451 -1.15613 0.111412 0.0798175 0.0441096
-0.331467 0.0776569 -0.0210367 0.0109628 0.00931007 0.021139 -0.231429 0.0977195 0.0692204 0.0589697 0.00771618 -0.0260773
0.0263633 0.188735 -0.0722168 -0.0243055 0.000659497 0.111756 0.0529388 0.148565 -0.0355726 0.000728258 -0.011148 0.019663
-0.206612 -0.121148 -0.136745 -0.00261225 -0.0456012 0.0498488 -0.116223 -0.127066 -0.0437107 -0.0155868 -0.0813788 -0.021573
-0.0258478 0.175398 -0.0771145 -0.0581152 -0.0191366 0.118533 0.00123479 0.137567 -0.0568006 -0.0327782 -0.0275022 0.0331711
0.0038383 0.0594363 -0.148845 0.18782 0.0706981 0.0331418 0.107253 0.0848778 -0.0774383 0.176237 0.0349431 -0.0756912
0.261353 0.134078 0.0481339 0.0453352 -0.0869306 -0.0177209 0.304282 0.14885 0.133639 0.0573053 -0.0823625 -0.101667
0.26531 0.123965 0.0651903 0.0558905 -0.0762221 -0.0283579 0.309065 0.137344 0.142152 0.0664889 -0.0725132 -0.111367
0.141725 0.0699089 -0.400082 0.191189 0.0923114 0.170614 0.198428 0.0272061 -0.338451 0.208865 0.100212 0.0969609
0.190773 0.0677236 -0.383256 0.176572 0.103007 0.178283 0.250255 0.0255211 -0.327103 0.196706 0.107496 0.104819
-0.0864761 0.274683 -0.145008 0.0735155 0.103298 0.154884 0.0518828 0.284849 -0.0276296 0.0673014 0.0730411 0.0949872
-0.288267 0.122847 -0.0189852 0.0200932 0.0333022 0.0209448 -0.197614 0.133072 0.0736418 0.0729116 0.0369613 -0.0297713
0.264637 -0.844586 0.884388 -0.876893 -0.634103 0.270201 0.371849 -0.833906 0.805252 -0.797924 -0.535588 0.0876306
0.158982 -0.067156 -0.154099 -0.0244394 -0.0441808 0.213899 0.21837 -0.0524157 -0.0589325 0.00646067 -0.0552808 0.154775
-0.242086 -0.308172 -0.0695655 -0.0795456 0.0727836 -0.0635042 -0.151932 -0.32875 -0.00102273 -0.0567046 0.0468182 -0.0969888
0.293467 0.0893469 -0.344256 0.124708 0.118052 0.194511 0.356763 0.0502115 -0.295248 0.151884 0.115248 0.122575
0.187748 -0.0972538 0.135392 0.0970612 0.0391062 -0.0793001 0.288361 -0.0756248 0.170211 0.118261 0.0334324 -0.137777
-0.00218678 0.162917 -0.0533713 0.0891717 0.0402574 -0.102271 0.0598904 0.14839 0.0182565 0.0809299 -0.00584432 -0.161415
-0.0417651 0.10219 -0.0595034 -0.208775 0.10516 -0.0293119 0.0238031 0.109562 0.0223963 -0.181252 0.0821009 -0.113838
-0.301334 -0.252985 -0.0829203 -0.0615916 -0.0453358 0.0836461 -0.216619 -0.241289 -0.0379453 -0.0289433 -0.0538983 0.0368628
-0.228474 -0.108926 -0.107463 -0.134271 0.0876208 -0.0149739 -0.20448 -0.118502 -0.0647661 -0.122745 0.0636349 -0.0874484
0.156561 0.0939732 -0.119155 0.0399913 -0.0315539 0.222113 0.207557 0.102182 -0.0313157 0.0674491 -0.0442565 0.159828
-0.148639 0.0747086 -0.129331 -0.0635896 0.0329681 0.0525545 -0.0674508 0.0850173 -0.0641853 -0.0712794 0.00444793 -0.0256741
0.40301 0.137906 -0.288362 0.0150601 0.11934 0.204131 0.469721 0.107971 -0.239979 0.0579162 0.106613 0.136703
-0.175486 -0.0416074 -0.111609 -0.123561 0.0767566 0.00954181 -0.137355 -0.0415509 -0.067125 -0.117539 0.0534629 -0.0674637
-0.364236 0.44344 -0.020197 0.308175 0.0823884 -0.127038 -0.363228 0.391076 -0.0390759 0.2519 0.0733307 -0.123254
-0.136356 0.0669771 -0.120399 -0.0916397 0.0549998 0.0406725 -0.0717431 0.0769802 -0.0650981 -0.0939868 0.0297897 -0.038293
-0.346709 0.0604374 0.0257506 -0.218887 -0.0465159 0.137235 -0.295529 0.00963003 0.113238 -0.179345 -0.0502461 0.150002
-0.051405 -0.122101 -0.38235 0.0629205 0.0380885 -0.00704762 -0.154738 -0.238179 -0.294897 0.0141986 -0.0194898 -0.065207
-0.504583 1.23708 0.0477889 -0.606898 -0.87854 -0.665091 -0.397957 0.999232 0.182889 -0.601957 -0.721071 -0.722242
-0.283062 -0.203076 -0.0168257 0.0166756 -0.038535 -0.0169975 -0.207356 -0.0930747 0.00357835 0.0371018 -0.0274214 -0.0104337
0.413527 -0.295314 -0.0903646 0.591012 -0.178302 -0.216939 0.385576 -0.266516 -0.0838753 0.526971 -0.171045 -0.221186
0.0890672 0.0929251 -0.105294 0.0360223 -0.066223 -0.00734285 0.0357319 0.0445484 -0.0211673 0.027265 -0.0544135 -0.00100981
0.42647 0.102695 0.796371 -0.594398 0.0665816 0.150513 0.4485 0.127286 0.858321 -0.552375 0.0481607 0.112446
-0.0464005 0.0797315 -0.123397 -0.0688563 0.0408876 -0.00656822 -0.186786 0.157556 0.0155342 -0.117482 -0.0123824 0.0104312
0.193104 0.0932385 -0.247876 0.040797 -0.223877 -0.14071 0.140554 0.0239846 -0.198936 0.0196947 -0.256967 -0.182595
0.20465 0.101982 -0.240699 0.0391668 -0.197354 -0.111797 0.155789 0.0385382 -0.184391 0.0211979 -0.22554 -0.133968
-0.185223 -0.149657 -0.166353 0.0343044 0.187171 0.174174 -0.17968 -0.144422 -0.0801685 0.0302946 0.209187 0.229357
0.0803611 0.037047 -0.13292 -0.0144289 0.0393049 0.0739474 0.0644632 0.0242708 -0.0734725 -0.0136305 0.082909 0.129392
-0.141403 -0.161408 -0.327143 -0.00420348 -0.000778347 -0.00963382 -0.186109 -0.188323 -0.29915 -0.0041911 -0.0238814 -0.0515189
-0.0861198 -0.107935 -0.280051 -0.0177852 -0.0744387 -0.0815172 -0.14066 -0.142746 -0.253802 -0.016495 -0.111922 -0.144242
0.0591267 -0.0278735 -0.254819 -0.0527231 -0.0758703 0.00546826 0.0116465 -0.0796041 -0.231675 -0.0595658 -0.069487 0.0140386
-0.210428 -0.192127 -0.268418 0.03213 0.168205 0.145899 -0.216935 -0.194909 -0.214518 0.0256313 0.177478 0.164365
-1.56939 -1.03718 0.341136 -0.00753816 0.0153384 -0.0169542 -1.51049 -0.957988 0.478761 0.0205724 0.0561206 -0.00595925
-0.0752263 -0.127071 -0.0451872 0.0110915 0.0572639 0.0064689 -0.0770789 -0.131046 -0.0200616 -0.00402797 0.0336316 -0.00117319
-0.0878775 -0.0781116 -0.0713173 0.0236928 0.0898012 0.119459 -0.0952347 -0.0733417 0.0424568 0.0253334 0.113531 0.187615
-0.0857874 -0.0526053 -0.0434289 0.0131543 0.0318506 0.0110964 -0.000605066 0.00126055 -0.0004538 0.000756333 0.000504222 0.000201689
-0.816387 -0.557417 -0.0142212 0.342456 0.0720579 0.156565 -0.861582 -0.521432 -0.0519162 0.337692 0.0716803 0.162274
-0.0888963 -0.0531914 -0.0396866 0.0287129 0.0377472 0.00112926 0.000554655 0.00115973 0.00191608 0.0130596 0.00368089 -0.010488
-0.0561088 -0.0573385 -0.0510272 0.0216148 0.0576558 0.0994978 -0.0686844 -0.0530743 0.0670454 0.0244298 0.0806652 0.167301
0.260787 -0.0913553 -0.700192 -0.24384 0.0069769 -0.26408 0.182279 -0.213821 -0.738977 -0.176503 0.023069 -0.251178
-0.0838609 -0.0500998 -0.0291644 0.0409389 0.044403 -0.00305687 0.00373154 0.00358026 0.00932886 0.0237003 0.00756394 -0.015733
-0.0409867 -0.0428679 -0.2365 0.0210597 0.211666 0.174943 -0.0358824 -0.00816042 -0.201199 0.0132753 0.276127 0.182692
0.11568 0.121116 -0.126676 0.055814 -0.0861978 0.0132263 0.0496405 0.0707815 -0.0433722 0.0421652 -0.0627222 0.0202455
-0.165356 -0.125871 -0.120901 -0.0334759 0.150983 0.0633425 -0.194285 -0.112438 -0.0763965 -0.0317665 0.15695 0.0443554
0.731141 1.76167 -0.117463 0.349705 0.215318 -0.144846 0.615867 1.59055 -0.155271 0.344912 0.24628 -0.141696
0.15901 -0.258603 -0.421651 0.0528982 0.0215436 -0.0285342 0.142979 -0.0686117 -0.455556 0.0337757 0.0308601 -0.0137072
-0.0609608 -0.0147939 -0.209832 -0.0017343 0.0533573 0.0773436 -0.11714 -0.0437265 -0.1702 -0.00462756 0.0713742 0.0692172
-0.49577 0.0792608 -0.378548 -0.0669545 0.0617577 -0.0157807 -0.477912 -0.0677759 -0.229451 -0.0465863 0.12205 0.0256646
-0.0266157 0.0157906 -0.208895 0.00941579 0.0256184 0.0742497 -0.0878278 -0.020693 -0.165387 0.00485973 0.0465985 0.0690943
-0.156681 -0.113074 -0.276514 0.0194305 -0.00182029 -0.0481367 -0.159398 -0.0826521 -0.225984 0.0119706 -0.0385894 -0.125927
-0.0738988 -0.0176719 -0.133839 0.0849745 -0.165835 -0.160537 -0.132494 -0.0316469 -0.0877428 0.080232 -0.230564 -0.164806
-0.00144172 -0.0454227 0.00501132 0.0403933 0.0657378 -0.00502476 -0.00459468 -0.0287752 0.0526441 0.0290088 0.0403008 -0.0147185
0.07331 0.0791315 -0.101454 0.0316113 -0.0167958 -0.0783799 0.050942 0.0822372 -0.0540482 0.0238014 -0.0330036 -0.0775778
0.0677068 0.0894352 -0.172738 0.0411508 -0.048651 0.0489967 -0.00101588 0.042198 -0.107918 0.0309452 -0.0210209 0.0518489
0.110842 0.126852 -0.0870962 0.00804703 -0.0989696 -0.0702723 0.0638998 0.121328 -0.0105014 0.0153065 -0.0900178 -0.0408819
0.109622 0.112421 -0.067451 0.00922005 -0.0985186 -0.0557095 0.0631641 0.107689 0.018058 0.0172054 -0.0867247 -0.0211193
0.174363 0.0643748 -0.0333816 -0.267314 0.102139 0.0651372 0.236682 0.0938413 -0.040232 -0.220299 0.0793117 0.0585193
0.187909 0.228701 0.1986 0.0199774 -0.218381 -0.236735 0.161782 0.228175 0.247238 0.000882171 -0.282448 -0.31459
-0.0521679 0.00957537 -0.0355117 0.0663529 0.226238 0.164438 -0.0491908 0.0569803 -0.00845163 0.0625499 0.284746 0.225273
-0.148916 -0.0397322 -0.0995494 0.105004 0.116751 -0.0418228 -0.0781735 0.00892253 -0.0762977 0.0611903 0.0811646 -0.0491246
-0.0754493 -0.0053184 -0.154114 0.0954907 0.011732 -0.00598751 -0.110068 0.011617 -0.120668 0.0929359 -0.000469373 0.0216303
0.0540508 -0.148512 -0.0039438 -0.0091085 0.0103239 0.163551 0.114761 -0.0809276 0.000554644 -0.0209252 -0.0313626 0.142594
-0.291051 0.17245 0.0675354 -0.162073 -0.105933 0.420436 -0.215767 0.200838 0.0795383 -0.155395 -0.109901 0.367783
0.213122 0.240703 0.2033 0.0460547 -0.172556 -0.185583 0.196096 0.254043 0.259214 0.0264653 -0.21356 -0.245273
-0.108491 0.0468329 0.118715 -0.103706 0.131451 -0.122161 -0.063784 0.102206 0.148392 -0.109063 0.104676 -0.13261
0.235518 -0.100435 0.085963 0.023126 -0.0465939 0.435046 0.254781 -0.0174115 0.0626008 -0.00171095 -0.0700988 0.37958
0.00567746 0.108615 0.147885 -0.0690694 0.0954926 0.398259 0.059637 0.168581 0.164638 -0.0757564 0.0813458 0.356225
0.230642 0.021389 0.158516 0.00716196 0.223365 0.31422 0.256945 0.0996389 0.162025 -0.00377495 0.206679 0.274826
0.578135 -0.236921 0.0476778 0.207934 0.150316 0.0660008 0.580111 -0.117482 0.0762993 0.180859 0.111958 0.0426625
-0.485832 0.0892962 -0.245309 -0.000175118 0.0377331 -0.236436 -0.343982 0.118134 -0.172091 -0.0068454 -0.0184222 -0.232089
-0.206203 -0.0383873 -0.222716 -0.0421636 -0.108644 0.104204 -0.183726 -0.0125681 -0.206389 -0.00333129 -0.109731 0.067383
-0.388905 -0.0234047 0.114026 -0.161745 -0.119263 0.149956 -0.334712 -0.0584606 0.101485 -0.119947 -0.144151 0.124767
-0.37199 0.0911745 -0.238402 0.00766504 0.0283905 -0.265512 -0.239013 0.135527 -0.148044 -0.00180236 -0.0302897 -0.256135
-0.349032 -0.0801028 -0.257692 0.0377494 -0.103003 0.0121842 -0.269192 -0.0297924 -0.208193 0.0662502 -0.107657 -0.0275706
-0.415487 0.128059 0.0228404 -0.192371 -0.200772 0.377276 -0.356979 0.139545 0.0153632 -0.174151 -0.195639 0.315738
0.184327 -0.0419921 0.0675732 -0.0596025 -0.0525083 0.382752 0.201737 0.0317367 0.0579408 -0.065787 -0.0638758 0.343169
-0.720471 0.0209832 -0.163861 0.064027 0.0564944 -0.334726 -0.551413 0.0512531 -0.103668 0.0565047 0.0136338 -0.318931
0.389703 -0.15955 0.155244 0.100361 -0.00731112 0.404491 0.380261 -0.0812251 0.114199 0.0627213 -0.0462847 0.33206
-0.310897 0.0163395 -0.315337 -0.0450005 0.0443745 -0.167951 -0.254467 0.0120637 -0.268276 -0.0734089 -0.010113 -0.154107
0.349846 -0.682171 -0.42101 0.192448 -0.0157757 0.020688 0.210006 -0.550879 -0.310943 0.123995 -0.0405047 0.00629903
0.0380695 0.40206 -0.170854 0.0870393 0.0575472 -0.124053 0.071576 0.391725 -0.0020206 0.0235867 0.050282 -0.0931809
-0.195422 -0.139846 -0.109435 0.0322789 0.00456527 0.0608119 -0.182739 -0.132141 -0.106611 -0.00737558 -0.0323391 0.041623
0.173276 -0.0121751 0.066075 -0.101864 -0.0488653 0.337095 0.182866 0.054065 0.0599996 -0.0973171 -0.0556744 0.306687
0.123125 -0.014106 -0.0845985 0.0100803 -0.0112271 2.6874e-05 0.0133456 -0.0133034 0.0223412 0.00865775 -0.0112762 -0.00354757
-0.61897 0.0112695 -0.205683 0.0348157 0.0177496 -0.316438 -0.455788 0.0483602 -0.13973 0.0350839 -0.0158004 -0.317067
0.310246 0.143317 0.551204 -0.0702641 0.0746674 -0.145223 0.510499 0.315536 0.792087 -0.0388189 0.0725778 -0.142739
-0.681021 -0.25621 -0.263699 0.10895 -0.224074 0.108997 -0.647565 -0.285017 -0.246041 0.0930894 -0.21487 0.0363391
-0.0844297 -0.0847794 0.019298 0.0626135 0.0608936 -0.4118 -0.0313883 -0.0119357 0.0386005 0.021535 -0.0246332 -0.339329
-0.738723 -0.210192 -0.102338 0.0665666 0.00685595 -0.551824 -0.700116 -0.228996 -0.100504 0.0318211 -0.0277253 -0.522317
-0.489026 -0.158636 -0.097574 0.0397649 0.0211797 -0.569717 -0.426881 -0.123409 -0.0708966 -0.00108753 -0.0359403 -0.507307
-0.629645 -0.184576 -0.0932052 0.0455174 0.0199871 -0.591828 -0.576103 -0.175774 -0.0788868 0.00725216 -0.0252521 -0.542138
-0.186243 0.00547302 -0.156732 0.0504926 0.0761429 -0.0738192 -0.133323 0.0180552 -0.117002 0.0166781 0.0205034 -0.073853
-0.0094558 0.52143 0.0539005 0.114053 -0.049145 -0.0244176 -0.130943 0.325506 0.00249639 0.0668564 -0.0229746 -0.0227405
-0.39989 -0.0547426 -0.55236 -0.104289 -0.0252809 -0.00221845 -0.481453 -0.0848415 -0.619915 -0.0589378 -0.0183299 0.00837941
-0.00672388 -0.305317 -0.388025 -0.077677 0.0294384 -0.078948 -0.139211 -0.430391 -0.514801 -0.0765862 0.00617825 -0.0706487
-1.03722 -0.0693166 -0.150653 -0.491784 0.225216 -1.38353 -1.24187 -0.0549995 -0.285112 -0.503936 0.184144 -1.41192
-0.0917226 0.00336432 -0.0233786 0.090137 0.0970435 -0.0285261 -0.0412272 0.0300065 0.00421411 0.056002 0.042395 -0.0385363
0.196718 0.0124835 -0.126302 0.0799477 -0.0177538 0.00604379 0.0851875 0.0257504 -0.0421716 0.0811772 -0.00553001 0.00759849
0.0875789 -0.0296346 -0.0934306 0.0684692 0.140701 0.177115 0.0355435 0.000973216 0.0179833 0.077815 0.132103 0.197097
0.331598 0.127592 -0.0784448 -0.263318 0.159957 0.359751 0.358563 0.145665 -0.0980637 -0.201149 0.140894 0.329791
0.498888 0.176913 0.0232916 -0.12615 -0.221954 0.176757 0.428199 0.0925602 0.118026 -0.15333 -0.210875 0.225427
0.202821 -0.732759 -0.137173 -0.627821 1.24323 0.386999 0.13723 -0.52658 0.0408491 -0.69458 1.15046 0.411737
-0.0417964 0.0828266 -0.18175 0.0960841 -0.116197 -0.0168164 -0.108408 0.113729 -0.0339117 0.076143 -0.115165 -0.0292663
-0.3928 -0.218907 -0.123325 0.087151 0.172308 0.14566 -0.483926 -0.156548 0.00159655 0.100885 0.148651 0.15452
0.747453 0.187839 -0.0300912 0.0194622 0.0190515 0.200351 0.715534 0.181303 0.0664171 0.0182792 0.0230351 0.226546
-0.0669205 0.533365 0.757768 0.268623 -0.0597449 0.163087 -0.10038 0.847325 0.865606 0.276017 -0.045353 0.209808
0.843688 0.219236 -0.0172377 0.00300504 -0.0182413 0.19916 0.810431 0.205823 0.0776217 -0.00107178 -0.0131911 0.227053
0.264856 0.284958 -0.19713 -0.29505 0.00183716 0.125009 0.365804 0.339364 -0.037245 -0.221892 -0.0138175 0.0479069
-0.778489 -0.207083 0.19127 -0.116756 -0.279822 -0.230924 -0.616156 -0.227946 0.213798 -0.105654 -0.286121 -0.309889
0.433472 0.00811243 -0.417496 -0.0700498 0.0481588 0.101757 0.429859 0.0431424 -0.220449 -0.0658978 0.0463569 0.109125
0.606608 0.182526 -0.0349135 -0.0579011 -0.172911 0.150231 0.537908 0.147844 0.0635807 -0.0801598 -0.168899 0.182411
0.294178 -0.169372 -0.486618 0.116859 0.197148 -0.273366 0.202455 -0.075738 -0.364892 0.13338 0.174773 -0.346495
0.443152 0.16414 0.207509 -0.0511594 0.0165284 0.175561 0.227718 -0.0372427 0.27692 -0.06923 0.0232146 0.244436
-0.599213 -0.317 -0.132741 0.0942479 0.16088 0.120687 -0.71403 -0.238809 -0.000523035 0.106612 0.12932 0.120385
0.740466 0.211003 -0.338012 -0.139319 -0.030015 -0.144493 0.714561 0.261708 -0.18388 -0.137409 -0.00751554 -0.155822
0.22443 -0.196317 -0.483057 0.133428 0.188228 -0.26322 0.125732 -0.0996204 -0.363537 0.155506 0.164942 -0.341045
0.330501 0.130009 0.220545 -0.0335015 0.0434394 0.17197 0.099375 -0.072352 0.291442 -0.0493969 0.04948 0.240011
0.225105 0.141363 -0.143267 -0.0336047 -0.0413853 0.1956 0.120349 0.181261 0.0599008 -0.0292764 -0.0249797 0.214623
-0.120649 -0.18023 -0.230237 0.0182419 0.00982845 -0.0280365 -0.250562 -0.131113 -0.0924055 0.00747365 -0.0181441 -0.0589684
0.175424 -0.0926433 -0.440351 0.191961 -0.116684 0.0748381 0.0287009 0.00197937 -0.262611 0.186878 -0.108048 0.108564
0.221912 0.254333 0.298849 -0.244376 -0.144609 0.115203 0.259805 0.16192 0.105014 -0.142571 -0.117071 0.108394
0.134777 -0.026755 0.0273961 -0.0500518 0.0354663 -0.0288312 0.0950203 0.0483548 0.17129 -0.0421046 0.0421468 -0.0369101
-0.0617446 -0.100424 -0.327875 -0.127717 0.181109 0.0651524 -0.0363723 -0.0392292 -0.127324 -0.149412 0.158409 0.0441328
0.112011 0.0289352 0.00401914 0.153436 0.157342 -0.00877125 0.0881789 0.106592 0.154271 0.127581 0.147472 0.00848848
-0.0789837 -0.152391 -0.462687 0.177466 -0.130783 0.0403444 -0.245613 -0.0268857 -0.287677 0.173499 -0.111532 0.0783587
-0.133653 -0.0060252 -0.19648 0.0152103 0.142899 0.250678 -0.272687 0.0666321 -0.0234367 0.0153964 0.0956287 0.29993
-0.21799 -0.137693 -0.25234 -0.10335 0.196221 0.0499363 -0.212593 -0.074859 -0.0599642 -0.135208 0.162216 0.0199025
-0.220979 -0.281047 -0.434734 0.127747 0.0452303 -0.135767 -0.344308 -0.187776 -0.331016 0.155398 0.0248393 -0.210088
0.341262 0.185555 -0.378449 -0.0995743 -0.005191 -0.168299 0.330828 0.301213 -0.222619 -0.0974091 0.0444648 -0.157567
-2.38085 0.10196 0.0436428 0.206296 0.225327 -0.055953 -2.15195 0.181976 0.159636 0.158669 0.236222 -0.0409649
-0.300704 -0.0491551 0.208336 0.0286192 0.128628 0.137133 -0.551548 -0.218562 0.318736 0.0345719 0.127494 0.18146
0.0646926 0.0180603 0.14302 0.000977516 0.100012 0.00890964 -0.00744137 0.0268473 0.0992912 0.00321 0.041803 0
-0.463608 -0.0768876 0.174257 0.0481303 0.132535 0.11036 -0.694274 -0.229424 0.309703 0.0637076 0.131896 0.138449
-0.313297 0.0487335 0.0726343 0.102628 0.0692173 -0.000265568 -0.413724 -0.0707976 0.278849 0.125357 0.0948421 -0.0201206
0.057579 0.135424 -0.405414 -0.0724066 0.0018706 -0.170626 0.0296465 0.280961 -0.250292 -0.0703679 0.057717 -0.148318
0.0780512 0.427937 -0.0271788 -0.618204 -0.283207 0.150771 0.148776 0.366964 0.101411 -0.453742 -0.313698 0.0836072
-0.611421 -0.213454 -0.351861 0.00345079 -0.0985457 -0.067236 -0.791749 -0.245103 -0.193198 -0.0202093 -0.113095 -0.0925398
-0.331739 -0.620647 -0.358585 -0.251049 -0.0111529 -0.0126757 -0.294016 -0.692083 -0.319545 -0.25769 -0.0397891 -0.0802237
0.0729327 0.0285504 0.197332 0.00196427 0.123283 0.00795281 -0.00554575 0.0353906 0.145576 0.0051809 0.0623897 -0.00226208
0.124821 0.247077 0.170216 -0.108512 -0.0364055 0.0413917 0.162576 0.198795 -0.00131408 -0.0032852 -0.0482513 0.0581069
0.0715294 0.0691482 0.176532 -0.145068 -0.00533064 -0.0881096 0.0557724 0.0374018 0.0151919 -0.0308379 -0.036122 -0.0723679
-0.217798 -0.918195 -0.286496 -0.335462 -0.0967305 0.106832 -0.223565 -0.961533 -0.195219 -0.362685 -0.0990653 0.0679848
0.0807016 -0.0362282 -0.149953 -0.0874501 -0.0329731 -0.180219 0.116191 -0.045529 -0.185706 -0.0792938 -0.0660782 -0.164241
-0.214412 0.025723 0.253104 0.0135328 0.124259 0.0710364 -0.278497 0.0166949 0.215087 0.00449189 0.0803299 0.055924
0.0771506 0.0390833 0.254786 0.00333621 0.148156 0.00546381 -0.0055478 0.0446744 0.196144 0.00802972 0.085188 -0.0056208
-0.143687 -0.124004 -0.484755 0.00104346 -0.163875 0.0811154 -0.149564 -0.0781847 -0.430497 0.000665717 -0.176711 0.0838803
0.0531802 -0.00679666 0.0911237 -0.0160737 0.0659435 -0.0689924 0.049619 -0.0189454 0.062099 -0.00826984 0.0165397 -0.0569867
0.0541344 -0.0260486 -0.0495554 -0.0699965 -0.0315639 -0.157751 -0.0245831 -0.0392562 -0.0660672 -0.0718288 -0.035031 -0.177613
-0.472826 -0.0494902 -0.0367666 0.0330279 0.00523284 -0.0306558 -0.454427 -0.0420006 -0.0123759 0.0319452 -0.00634263 -0.032564
0.912242 -0.275946 0.226966 -0.527901 -0.0507817 0.0928116 0.825476 -0.294068 0.293014 -0.412239 -0.0454716 0.0243994
0.191628 -0.0534074 -0.200387 0.0250752 -0.0719263 0.209263 0.126188 -0.0607458 -0.20418 0.0260229 -0.0720635 0.200946
-0.424991 -0.0433861 -0.0720102 0.0306122 0.000330299 -0.0337453 -0.393809 -0.0313345 -0.031025 0.0331914 -0.00410057 -0.0269245
-0.0496323 -0.0535055 -0.336478 0.0730837 -0.0879538 0.114847 -0.0931044 -0.0365422 -0.288691 0.0693631 -0.0935509 0.10144
0.303681 -0.0286806 -0.0577745 0.0175543 0.00755358 0.1043 0.261053 -0.0193292 -0.089279 0.00459524 -0.0409195 0.0701686
0.0647731 -0.0673308 0.112748 -0.0519143 0.142731 -0.19847 0.0345814 -0.0760957 -0.043507 0.0499002 0.101129 -0.166389
-0.284971 -0.022236 -0.0816247 0.0175057 0.0143558 -0.0262693 -0.25848 -0.0110567 -0.0371908 0.0237372 0.0141495 -0.00966497
-0.219537 -0.0139894 -0.0747185 0.0138758 0.02181 -0.0193519 -0.202801 -0.00502366 -0.0354748 0.0209448 0.0210994 -0.000309149
-0.652475 0.231954 0.00208362 0.0848291 -0.0630349 -0.206463 -0.549534 0.24029 -0.0208701 0.0383711 -0.0850553 -0.202531
-0.465198 0.416321 0.160015 -0.0825942 -0.19658 0.00914548 -0.395123 0.37172 0.0878147 -0.0951253 -0.201844 -0.00134101
-0.356886 0.490055 0.231653 -0.159811 -0.252645 0.118775 -0.303475 0.421724 0.136488 -0.153135 -0.249791 0.100871
-0.244469 0.541522 0.289398 -0.222925 -0.293944 0.219588 -0.210736 0.453522 0.173981 -0.197172 -0.283392 0.195717
-0.257471 -0.0739001 -0.489255 0.0198167 -0.139946 0.0487907 -0.232861 -0.0471115 -0.406252 0.0179758 -0.125306 0.0531034
0.0483184 -0.0117132 -0.0680944 -0.0724685 0.0191914 -0.0512867 0.0196261 -0.0393279 -0.145036 -0.071836 -0.039631 -0.0473602
0.076378 0.000942409 0.192275 0.0389828 0.0977433 0.0247994 0.0094093 0.0185268 0.181403 0.0191833 0.0536111 -0.033042
0.124118 -0.0116955 0.683462 -0.365219 -0.130022 0.234533 0.0455148 -0.11807 0.488071 -0.296775 -0.141447 0.163791
0.160454 -0.0275685 -0.153541 0.0918893 -0.023066 0.109057 0.0694523 -0.0203836 -0.13846 0.0881311 -0.0441767 0.0913183
0.0325791 0.00866681 -0.0294269 0.0154276 0.0432654 0.0197382 0.00169764 0.00594174 -0.0190599 0.0227638 0.0372709 0.041052
-0.227638 -0.0751729 -0.494262 0.00526313 -0.142361 0.00422961 -0.198848 -0.0515503 -0.414054 0.00382688 -0.126662 0.0150074
-0.0942135 0.0427233 0.291183 0.0721706 0.145654 0.233335 -0.103171 -0.00182737 0.199184 0.0652525 0.0874856 0.19256
0.0192549 0.00755358 0.0448925 -0.0021749 0.0130611 -0.0609356 -0.0693565 -0.0143788 0.0331404 -0.0128409 0.0133023 -0.077507
0.0657953 0.00228021 0.171082 -0.00776269 0.0863171 -0.0986641 0.101103 -0.00277303 0.178523 0.00509638 0.04924 -0.073223
0.0737543 -0.0384794 -0.136876 0.0195281 -0.0267304 -0.0210222 -0.000525363 -0.0432299 -0.146426 0.01441 -0.0496093 -0.0149353
0.176096 -0.0124502 -0.0626419 0.00888778 0.0141233 -0.0272933 0.224627 -0.0256019 -0.0991313 0.00563852 -0.0164584 -0.0445748
0.0712075 -0.0508273 -0.225648 0.0180751 -0.0584318 -0.0312525 0.0112619 -0.0512791 -0.220508 0.0137395 -0.0742533 -0.0220733
0.330117 0.0378723 0.333343 0.0351356 0.157219 -0.00236216 0.185834 0.0320986 0.288667 0.0412067 0.109077 -0.00433368
0.235034 -0.0664899 -0.210418 -0.0730443 -0.0881428 -0.218684 0.217974 -0.0640108 -0.174226 -0.0639341 -0.071993 -0.202778
0.150428 0.0217288 0.153848 0.0993738 0.0954907 0.171816 0.156294 -0.0124731 0.087996 0.0864749 0.0542274 0.123514
0.0118755 -0.0397255 0.0490189 -0.0950432 0.0488573 -0.149597 -0.000585031 0.00468024 0.140554 -0.0871695 0.0484113 -0.12739
-0.0383538 0.0382811 0.277558 0.0134851 0.16577 -0.00838766 -0.0943568 0.0534786 0.236405 0.024102 0.112085 -0.0178018
0.426548 0.425259 0.0789328 0.108127 0.199632 -0.0417329 0.49134 0.581429 0.181624 0.0667925 0.173487 -0.0446936
-0.0137832 -0.0083532 0.261475 -0.0461112 0.100161 -0.0857369 -0.077043 -0.036061 0.193223 -0.0498242 0.0566673 -0.0911137
0.425614 -2.05986 -0.884028 0.0596756 -0.130636 -0.187416 0.416757 -2.15881 -0.908958 0.117787 -0.0981061 -0.228716
-0.258716 0.944417 -0.0375041 -0.406919 0.104103 0.132702 -0.275396 0.960375 -0.125478 -0.453406 0.116769 0.136902
0.319331 0.118238 -0.466806 -0.0651884 -0.330776 0.121856 0.318042 0.0590529 -0.500543 -0.0404532 -0.31057 0.0551964
0.707663 0.0156695 -0.225527 0.004923 -0.125154 0.0117152 0.698448 -0.0439458 -0.18763 -0.00489052 -0.12612 -0.0053038
-1.51471 -0.821114 0.116181 0.518325 0.0651162 -0.013149 -1.66869 -0.895828 0.0313725 0.46997 0.0694236 0.0479287
-0.204631 0.463747 -0.323446 -0.213558 -0.0729011 0.424882 -0.0577487 0.38889 -0.383996 -0.119567 -0.0567184 0.385387
0.623233 0.62225 0.730077 0.61125 -0.837105 -0.326075 0.521325 0.717256 0.551105 0.645367 -0.725609 -0.292133
-0.299722 -0.06849 0.517469 0.040076 0.353514 0.052349 -0.380202 0.0867007 0.546342 0.0838819 0.341421 0.090032
-0.148195 0.0803496 0.629027 -0.0782469 0.352016 -0.632618 -0.154812 -0.00285528 0.570151 -0.00445702 0.342912 -0.469868
-1.2167 -1.6381 -0.404517 -0.0317279 0.353531 0.0871721 -0.935973 -1.59364 -0.545171 -0.0356407 0.294806 0.108682
4.07455 3.80819 0.0556202 -0.00700715 0.0118421 0.0739006 2.84264 4.5474 0.0900365 0.0704111 0.0387702 0.0495841
4.0239 5.42736 -0.045285 -0.23492 -0.113008 -0.0336761 3.19047 5.84636 0.100677 -0.313611 -0.0495345 -0.0112578
-0.0511936 -0.116613 -0.140996 0.00509942 0.0228805 0.0145212 -0.105506 -0.0401566 -0.114668 0.00885582 0.0364157 -0.012444
0.0371495 -0.0926473 -0.0638419 0.0627171 -0.0249694 0.0110886 -0.0210949 -0.0239025 -0.0354364 0.0671546 -0.0208673 -0.00933335
-0.00294278 0.00097764 -0.0860885 0.072951 -0.0199326 0.020733 -0.0581499 0.0882117 -0.0479015 0.0907927 -0.028999 -0.0119944
0.116938 -0.0322524 0.00829697 0.0231437 -0.0125345 0.00823392 0.0609229 0.0377069 0.042335 0.023747 -0.0198777 -0.0248092
0.0719429 -0.0189208 0.0620405 -0.0507291 -0.0196563 -0.0849321 0.0126226 0.0589559 0.107481 -0.0258499 -0.0160239 -0.0910793
0.1241 0.00952362 -0.0354526 0.0861184 -0.0395674 0.0211546 0.0749701 0.091268 0.0137205 0.0851279 -0.0479839 -0.00856585
0.10078 0.0567002 -0.0221241 -0.0186996 -0.0293374 0.0138344 0.0433832 0.148699 0.00416418 -0.0240765 -0.0258936 0.00234708
-0.0944954 -0.304633 -0.154785 -0.0998405 0.0340966 0.097407 -0.163285 -0.234008 -0.127348 -0.0796118 0.0304195 0.0946301
0.0106302 -0.227515 -0.0521793 0.0395101 -0.0331785 0.00538617 -0.0422874 -0.131662 -0.00441922 0.0603452 -0.016534 0.00525735
0.0960219 -0.18645 -0.18188 0.0513854 -0.00285203 0.0629954 0.0217298 -0.126338 -0.155387 0.0607673 -0.00670956 0.0401049
0.0697443 0.0135266 -0.011513 0.0509079 -0.0663144 -0.0550164 0.017806 0.100017 0.0156845 0.0602374 -0.068269 -0.0591766
0.0287483 -0.215288 -0.00305632 0.0619311 -0.0353799 0.00853489 -0.0253455 -0.123835 0.0401113 0.0790048 -0.0226815 0.0111885
0.00138926 -0.0185505 -0.0309606 0.0317582 -0.00188161 0.0141391 -0.0559524 0.0707007 0.0223505 0.0462215 0.000684201 -0.016953
0.184756 -0.0484697 0.0727935 -0.0506458 -0.0107882 -0.0470307 0.130532 0.0432086 0.105453 -0.0391294 -0.00702517 -0.0626978
0.141674 -0.0286832 0.0344245 -0.0654455 0.00971721 0.0145036 0.0764898 0.0342571 0.0564369 -0.0592473 0.00850731 -0.0209644
-0.121678 -0.200833 -0.135772 0.0130097 -0.0136094 0.00210538 -0.178426 -0.117063 -0.102143 0.0259375 -0.00367257 -0.00925794
0.100452 -0.0313658 0.0923449 -0.0479798 -0.0161679 -0.106876 0.0438978 0.0477511 0.139022 -0.0259911 -0.0121644 -0.111293
-0.121026 -0.217886 -0.137779 -0.0276212 -0.00913948 0.0195892 -0.178675 -0.132207 -0.10327 -0.010794 -0.00252625 0.0106409
0.0472429 -0.00973282 0.0478558 -0.0435299 -0.0319191 0.00389378 -0.0220322 0.0590553 0.0763176 -0.0133253 -0.027862 -0.0166566
0.0637454 -0.0211464 -0.0440566 0.0120577 0.0350399 0.0501865 0.00879643 0.0525511 -0.0511861 0.0213086 0.0272993 0.0215361
-0.0696615 -0.0897291 -0.114807 -0.0504916 -0.0212547 0.0230135 -0.144423 -0.0544357 -0.0961799 -0.0355514 -0.029435 0.00718674
-0.0504432 -0.0420618 -0.146358 -0.0682895 0.00718995 0.00609235 -0.12486 0.00236882 -0.12998 -0.0523433 0.00901681 -0.0141365
0.0384589 0.0643988 0.0190583 0.0598134 -0.0378804 0.0130779 -0.0148443 0.140718 0.0449116 0.0570294 -0.0395343 0.0131024
0.142595 -0.00728662 0.017184 -0.104856 0.0194078 0.0281272 0.0768779 0.058704 0.0342186 -0.0997663 0.0249416 -0.0100375
0.137043 -0.000788058 0.00054952 -0.112593 0.0218294 0.0318999 0.0719643 0.066335 0.0166598 -0.108099 0.0289074 -0.00646614
0.039974 -0.0146514 0.0430455 -0.0494332 -0.050978 0.0198477 -0.0306852 0.0505359 0.0655375 -0.0184111 -0.0461414 -0.00628857
0.178352 -0.0764254 0.141989 -0.0476112 -0.00132934 -0.113706 0.120005 0.00725012 0.181706 -0.0301333 0.00151044 -0.120684
0.192533 0.155552 -0.061354 0.0811856 -0.0307704 0.0279581 0.131986 0.222983 -0.00242455 0.08592 -0.0381867 0.00560677
0.123748 0.18392 0.137962 0.0373251 -0.0560232 -0.00336267 0.0708404 0.271542 0.159637 0.0396252 -0.0415193 -0.00962218
0.138048 0.0144401 0.10225 0.0155056 0.0124932 0.0368099 0.0737953 0.110844 0.154031 0.0199262 0.0123497 0.0268966
0.308645 0.0712601 0.0868158 0.00884605 0.0373042 -0.0375545 0.250783 0.146151 0.127437 0.0260632 0.0243964 -0.0306091
0.142161 0.147349 0.0440294 0.138736 -0.0676641 0.0482834 0.0930396 0.226841 0.088721 0.159561 -0.0705374 0.0278058
0.0565156 -0.0314542 0.0704135 -0.0259806 0.00781131 0.081071 0.0470027 -0.03607 0.0290475 -0.0394216 -0.0146035 0.0449278
-0.0302498 0.00267715 0.0225376 -0.00926456 3.00805e-05 0.0284692 -0.0431773 -0.0244324 -0.00320425 -0.0279571 -0.0253136 -0.00680903
-0.112507 0.00769719 -0.0319225 0.0552928 0.0203988 0.0607993 -0.10335 -0.0191269 -0.0507104 0.0307798 -0.00892053 0.0209753
0.0238749 0.021846 0.0807277 0.00877698 0.0366294 0.0164595 0.0231107 -0.00719709 0.0438223 -0.0135945 0.0213514 -0.0221511
0.212497 0.145331 0.0850749 -0.00371276 -0.0199635 0.0448801 0.16638 0.207066 0.13024 0.0131831 -0.0342459 0.0356096
0.10419 -0.0129416 0.106877 -0.010403 0.0216272 0.0746495 0.100892 -0.0142877 0.057949 -0.0229082 -0.000478917 0.0322471
0.104943 -0.00600232 0.114083 -0.009892 0.0284689 0.0662876 0.102259 -0.00854156 0.0627445 -0.0225114 0.00742397 0.0229904
-0.0709201 0.0781267 0.00511156 0.0264176 0.028126 0.0766614 -0.062434 0.0552918 -0.0146054 -0.00144449 -0.00409272 0.0372357
-0.0242659 0.0330647 0.0235777 -0.00437368 -0.0198979 0.0380177 -0.0485235 0.0057747 -0.00898286 -0.0170835 -0.0523733 0.000802041
-0.0745608 -0.0873841 -0.0403314 0.0456308 0.0202987 0.049173 -0.0991061 -0.135233 -0.0730595 0.054593 -0.0085478 0.0122572
-0.0544348 0.0945651 0.0175452 0.0186136 0.0331943 0.0789901 -0.0463678 0.072199 -0.00224619 -0.00954632 0.000481327 0.0414743
0.0576955 0.162064 0.119156 -0.0663139 0.0684676 0.0693113 0.049783 0.138464 0.0938833 -0.0906819 0.0436201 0.0561059
-0.0188799 0.0435407 0.0303443 0.0100829 -0.0218131 0.0408747 -0.0472699 0.0157299 -0.00714266 0.000561782 -0.0572215 0.00312993
0.0543429 0.145846 0.135264 -0.0814646 0.0489198 0.0833263 0.0456898 0.123787 0.104823 -0.102662 0.0275259 0.0725756
-0.0188482 -0.124936 -0.0842129 0.02781 0.0850489 -0.0421825 -0.0717422 -0.171891 -0.127425 0.0342168 0.0664968 -0.095468
-0.102433 0.0408105 -0.110526 -0.0298138 0.0490612 -0.0125858 -0.135013 0.00981476 -0.125118 -0.0391793 0.0137247 -0.0339128
-0.0985925 0.0814596 -0.115037 0.0166597 0.0383809 -0.0525693 -0.129464 0.0516099 -0.136722 0.00638145 -0.00989124 -0.0893402
-0.62874 -0.366182 -0.442708 -0.129785 -0.253412 -0.104224 -0.597105 -0.386478 -0.366325 -0.111905 -0.22472 -0.13365
0.129418 0.072518 -0.232412 0.0456632 0.0850981 0.158365 0.125327 -0.000156464 -0.251359 0.084725 0.0906706 0.144338
-0.298431 0.156281 0.0217474 -0.0383383 0.149988 0.119195 -0.300664 0.13671 0.0837766 -0.067473 0.15739 0.106503
0.179874 0.0994334 0.123038 -0.0142586 -0.127881 -0.00496829 0.0998969 0.0508248 0.109934 -0.019597 -0.190075 -0.006612
-0.200939 -0.0624701 -0.142994 0.108726 0.091111 0.143303 -0.221079 -0.0223686 -0.151572 0.125155 0.101688 0.127625
0.0865777 -0.162588 0.0601538 -0.257467 -0.0632434 -0.0412672 0.0388833 -0.219611 0.0866277 -0.285607 -0.0962823 -0.0781633
0.59735 0.179281 0.185179 -0.166561 -0.261524 0.223274 0.558913 0.14156 0.145703 -0.151757 -0.301523 0.206326
-0.0674429 0.252811 0.256052 0.0940637 -0.0624205 -0.027764 -0.1465 0.0411059 0.134072 0.0897798 -0.0607029 -0.0473993
0.660278 0.15428 0.337876 -0.0461529 -0.0779855 0.155293 0.608861 0.140923 0.279138 -0.0348126 -0.0903374 0.112085
0.311159 0.011335 0.0837772 0.0537685 0.0841269 -0.0439327 0.22275 -0.0953951 -0.0320295 0.093038 0.0589287 -0.0102605
0.651609 0.259218 0.346612 -0.0952336 -0.186309 0.257523 0.580183 0.23381 0.270455 -0.0708997 -0.206326 0.194138
0.726159 0.31691 0.301654 -0.122269 -0.168154 0.216065 0.647577 0.286945 0.253407 -0.100853 -0.190633 0.1653
0.746713 0.193373 0.359014 -0.0391812 -0.129391 0.271902 0.733772 0.177966 0.319208 -0.032343 -0.157891 0.22672
0.722748 0.33873 0.372618 -0.0916956 -0.286336 0.345124 0.656659 0.289255 0.294911 -0.0746439 -0.309569 0.288379
0.64464 0.877468 0.629841 -0.160273 -0.146471 0.242974 0.522992 0.769342 0.490283 -0.145158 -0.12789 0.217059
0.351638 0.672519 0.847927 0.0590503 -0.0482746 -0.0249913 0.31291 0.694518 0.781503 0.0656092 -0.120469 -0.0497938
0.11017 0.161082 0.167412 0.215554 -0.0853777 -0.329433 0.0186864 -0.0483167 0.0745968 0.190512 -0.156117 -0.400381
0.106697 0.181744 0.229435 -0.0527484 -0.245264 -0.0304945 -0.0548185 0.00551864 0.0563637 -0.00772609 -0.226191 0.0339212
-0.159588 0.170488 0.0345352 0.0229002 0.145635 0.0705441 -0.259153 0.0872657 -0.197164 -0.0458106 0.12561 0.107877
-0.0346372 -0.131861 -0.0869984 -0.00552649 -0.0452176 -0.0396959 -0.0851995 -0.118315 -0.0620423 0.0132778 -0.0134359 -0.0165183
-0.0237935 -0.145917 -0.0626538 -0.0048122 -0.041533 -0.0224587 -0.0759026 -0.134095 -0.0335236 0.0132829 -0.0128086 0.00102785
0.0401133 0.134558 0.00597999 -0.0269939 -0.144143 -0.126696 -0.0161627 0.156605 0.0294223 -0.00274608 -0.105293 -0.0941514
0.0481662 -0.0789675 -0.0881015 -0.0070515 0.0270045 -0.0107149 -0.00736492 -0.0716694 -0.106593 0.0161553 0.0445855 0.0152842
0.0311623 -0.105365 -0.0337789 0.0205317 0.0377283 0.0627382 -0.0293521 -0.0771882 -0.0195945 0.0349053 0.0495813 0.0943235
0.0483558 -0.215745 -0.0694312 -0.0185028 0.0216573 -0.0197345 -0.0151189 -0.189941 -0.0549849 0 0.0249859 0.00954876
-0.0191173 -0.203597 -0.132967 -0.00656413 0.0378715 -0.00140783 -0.0893276 -0.175388 -0.127656 0.00494051 0.0320336 0.034982
-0.0100234 -0.155853 -0.0186684 -0.00507798 -0.0377941 -0.0081664 -0.0645411 -0.145929 0.00189827 0.0120224 -0.0124969 0.0170053
0.126727 0.133907 -0.0693452 -0.0469393 -0.119001 0.0112184 0.0777942 0.154883 -0.0568556 -0.0233696 -0.0940275 0.0407008
0.0491067 -0.116808 -0.0805193 -0.0140978 0.0189955 -0.00300391 -0.00839928 -0.118699 -0.108715 0.00871624 0.0370836 0.0221868
0.0549641 -0.178776 -0.231195 -0.074083 -0.00328937 0.0346172 0.00579521 -0.167664 -0.226728 -0.0602543 0.020958 0.0710508
0.0272949 -0.214658 -0.0908187 -0.0156131 0.0194755 -0.00986577 -0.0388597 -0.193184 -0.079312 -0.00135372 0.0179169 0.0208632
0.0613261 0.102808 0.10982 -0.0315771 -0.099825 -0.169849 0.00573359 0.140905 0.11263 -0.00510525 -0.0582784 -0.144596
0.0035851 0.0439899 -0.0501127 -0.0149632 -0.0852195 -0.138324 -0.047414 0.0790758 -0.0439485 0.00574954 -0.0347335 -0.122946
-0.0410108 -0.152191 -0.141828 -0.0189672 0.0188664 0.00766028 -0.08678 -0.12181 -0.13845 -0.00143306 0.0277855 0.0425938
-0.0112146 0.0524291 0.0266639 0.0194298 0.0614073 -0.049198 -0.0676667 0.0835557 0.0114622 0.0403945 0.0743069 -0.0186558
0.0933563 0.128717 0.0473476 -0.039168 -0.0940139 -0.0278226 0.0523563 0.155188 0.0635643 -0.0142647 -0.0706183 0.00964045
-0.00994862 -0.0345329 -0.0740485 0.0331556 0.0534831 -0.0250264 -0.0651587 -0.0313932 -0.068638 0.0474457 0.0793133 0.0052981
0.015263 -0.149359 0.0572233 -0.0239641 0.0539634 -0.0827678 -0.0508207 -0.118238 0.0393066 0.00301748 0.0735312 -0.0559822
0.000823737 0.0834318 0.25653 -0.0527875 -0.0021059 -0.102557 -0.0323814 0.129998 0.255112 -0.0174907 0.0200907 -0.0834353
0.00238783 0.0890812 0.112913 -0.0132715 -0.0151195 -0.0982143 -0.03516 0.121168 0.125267 0.0145055 0.00741041 -0.0821451
-0.0183393 0.00322596 -0.0556353 -0.0216844 -0.00679749 -0.0718839 -0.0791043 -0.0432405 -0.0576017 -0.00729831 0.0393952 -0.0282515
0.0120538 -0.145731 -0.163103 -0.0703135 -0.102558 -0.0934928 -0.0575528 -0.197493 -0.17392 -0.0473036 -0.0548722 -0.0441501
0.00499119 0.000808827 -0.0226601 -0.0314034 0.0173998 -0.0470449 -0.0564684 -0.0491745 -0.0212541 -0.0204698 0.0689385 -0.00282342
0.0443001 -0.0136753 -0.050041 -0.037432 -0.0923193 -0.10742 0.00186826 -0.0643773 -0.0256108 -0.0151797 -0.0532455 -0.0647665
-0.0263857 -0.0383696 -0.150356 -0.0572413 -0.157301 -0.0521362 -0.0933208 -0.0826893 -0.175931 -0.0377221 -0.104267 -0.00133878
0.0505032 -0.0554856 0.026621 -0.0514552 -0.064414 -0.119195 0.0101234 -0.102948 0.0496048 -0.0322393 -0.0259316 -0.0752249
0.0475029 0.112515 -0.0947489 -0.0512175 -0.205907 -0.0738946 -0.00357809 0.0610608 -0.0861852 -0.0239576 -0.186527 -0.0245799
0.0412906 0.0566849 -0.0934034 -0.0433147 -0.168658 -0.0857622 -0.00622472 0.00147837 -0.0799877 -0.0155618 -0.139745 -0.039916
0.069082 -0.155808 -0.133718 -0.0145483 -0.0216631 -0.104905 0.030478 -0.191855 -0.13129 0.0137542 0.021022 -0.059862
0.0429397 0.041046 -0.0814119 -0.0375632 -0.145189 -0.0867943 -0.00365743 -0.0145519 -0.0665341 -0.0112836 -0.113536 -0.0427997
0.0623921 0.158721 -0.0663116 -0.0514292 -0.082698 -0.0785928 0.0108106 0.127861 -0.02481 -0.0328985 -0.043087 -0.00777743
0.0611302 -0.062033 0.0058687 -0.0255527 -0.0578264 -0.0417776 -0.00468466 -0.0801077 0.0252972 0.00905701 -0.0375553 0.0108528
-0.00099171 0.109563 -0.0337586 -0.0810225 -0.0553439 -0.0572325 -0.0888019 0.0620365 -0.0372219 -0.0768628 -0.0231759 -0.00897383
0.0322104 0.0849538 -0.108919 -0.0905316 -0.110568 -0.0529213 0.00996581 0.0487584 -0.222295 -0.0567475 -0.0633365 -0.0427459
-0.00962141 0.0729716 0.0349474 -0.00325707 -0.0733872 -0.0875433 -0.08087 0.0713464 -0.0722342 0.054559 -0.0144468 -0.0693287
0.0581315 -0.139891 -0.00795973 -0.0482826 -0.153998 -0.116048 0.00265456 -0.199014 -0.0148343 -0.0171766 -0.0997022 -0.069409
0.0899594 0.0754078 -0.0383243 -0.0183656 0.0492753 -0.0246603 0.0247237 -0.00631742 -0.0309632 -0.00358767 0.0826725 0.0322891
0.0243527 -0.00655273 0.0917435 -0.0734793 -0.13939 -0.0324726 -0.0383762 -0.0436973 0.00959405 -0.0220099 -0.0649816 -0.011529
0.0793435 0.079176 -0.00493511 -0.0201463 -0.00639529 0.0372567 0.00694067 -0.00148172 0 -0.00382127 0.0224597 0.0842239
0.125151 0.200021 0.346479 -0.0415086 -0.0446454 0.00646722 0.0688911 0.169947 0.285326 0.000880142 0.0275244 0.0396064
-0.0618252 0.0863396 -0.147169 0.000676638 -0.0585099 -0.12872 -0.120885 0.0584369 -0.120177 0.0297297 -0.0156513 -0.0801443
-0.0394246 -0.0311993 -0.0756361 -0.014843 0.0110133 -0.118285 -0.0943478 -0.0581207 -0.0482764 0.0151996 0.0441025 -0.0689101
-0.0640174 0.0682897 -0.130806 -0.00647447 -0.046168 -0.129768 -0.121415 0.0413896 -0.0993822 0.0230554 -0.00786874 -0.0802612
-0.0106546 0.120038 0.111441 0.0147314 0.115009 0.0339225 -0.0803715 0.058757 0.130077 0.0287933 0.140767 0.0848972
-0.0217165 0.101056 -0.119877 -0.0666796 -0.0747282 -0.0422123 -0.0483723 0.0607122 -0.228452 -0.0326596 -0.0341403 -0.0346339
0.0184347 0.0362743 -0.0257267 -0.104792 -0.00752449 -0.0299814 -0.0516712 -0.0137581 -0.0356461 -0.0955252 0.0534691 0.0101623
-0.00862962 -0.0421243 -0.139623 -0.0620871 -0.127109 -0.0654152 -0.076672 -0.0961355 -0.163745 -0.044049 -0.0807695 -0.0143415
0.032636 0.0259777 0.018263 -0.0351902 0.0510619 -0.019109 -0.0318221 -0.0293139 0.0155191 -0.0295491 0.104637 0.0212408
-0.00453901 0.146198 0.0793618 0.016376 0.0853815 0.0281588 -0.0708176 0.0926016 0.076205 0.0343547 0.104313 0.0810459
0.0168014 0.00593177 0.099915 0.0148648 0.0993867 0.00545436 -0.0539424 -0.0154468 -0.016579 0.0805497 0.160695 0.0287909
0.0227389 0.0871303 0.397574 0.0317767 0.037246 -0.0673267 -0.0318298 0.0676684 0.307875 0.0739222 0.10014 -0.0347162
-0.00722294 0.0014362 0.0812195 0.00908641 0.0925667 -0.000866652 -0.0654711 -0.0252809 -0.0337079 0.0747084 0.143907 0.0212295
0.0692637 0.164948 -0.0682142 -0.0422768 -0.0406644 -0.0739018 0.0133041 0.135919 -0.0252077 -0.027464 -0.000311206 -0.00280086
0.0305102 -0.162632 -0.0667519 -0.0270649 0.0408482 -0.104616 -0.0302721 -0.198109 -0.0571544 0.00512419 0.0827753 -0.0640917
0.116757 -0.0289775 0.16282 -0.0563744 0.0100047 -0.0151433 0.0643493 -0.0332646 0.0665293 -0.0202656 0.0673367 0.00807394
-0.0379771 0.0573921 -0.153256 -0.044981 -0.0553054 -0.047119 -0.0637272 0.0217625 -0.252363 -0.0105938 -0.0162603 -0.0392547
-0.0345037 0.0532028 -0.160349 -0.045568 -0.0531645 -0.0486063 -0.0596006 0.0184713 -0.257777 -0.0106723 -0.014777 -0.0406368
0.110692 0.00684909 -0.0853378 -0.120859 -0.153609 -0.0105064 0.0724332 -0.0166646 -0.183228 -0.0774656 -0.0951201 0.00593985
0.115158 -0.0834751 0.163523 -0.104737 -0.0328298 0.0605382 0.0644637 -0.0955617 0.0814704 -0.0663263 0.0268869 0.0811465
0.0284637 0.192268 -0.0370672 -0.0322069 -0.023763 -0.0505889 -0.065943 0.147163 -0.0327376 -0.0328935 -0.00467681 -0.00311787
-0.0486621 -0.302098 -0.059741 -0.0187626 -0.137962 -0.00828111 -0.10934 -0.285929 -0.158433 0.00985121 -0.0845901 0.0222263
0.0446902 0.0106364 0.0639082 -0.0310971 -0.016659 0.0101256 0.00729023 -0.007376 0.0373946 -0.0186115 -0.0139801 -0.0234145
0.077799 0.198536 -0.0201948 -0.0262202 -0.12958 -0.0349338 0.0258161 0.159096 -0.000777594 -0.00373245 -0.107852 0.0234833
-0.0595266 -0.293836 -0.0353905 -0.0254549 -0.137752 -0.0015167 -0.118283 -0.281338 -0.136029 0.00333763 -0.0852318 0.028085
-0.00506236 0.049188 -0.169936 -0.0486335 -0.0422719 -0.044814 -0.0317215 0.0156558 -0.264182 -0.00852465 -0.00909842 -0.0345904
0.0240048 0.186455 -0.0190698 -0.0368936 -0.0214265 -0.0457213 -0.0717299 0.138158 -0.0207393 -0.0384379 -0.00374243 -0.000467804
-0.0144406 0.0208999 0.0782117 0.00020659 0.013743 0.037187 -0.034084 0.000776597 0.0461644 0.037967 0.0267495 0.0145828
0.0612505 0.130159 0.0784986 -0.0276793 -0.0634726 -0.0578493 0.00040349 0.120886 -0.0225954 0.0129924 -0.00629444 -0.0350229
-0.0155419 0.0444761 0.0342505 -0.00646949 -0.0501776 -0.11193 -0.0873419 0.0430252 -0.0699058 0.0498866 0.0107361 -0.0950106
-0.0663138 0.0486202 -0.179415 -0.0442587 0.000700524 0.0230116 -0.0995312 0.05254 -0.188138 -0.0279173 0.0244493 0.0129182
0.0024983 -0.000623411 0.0757467 0.00515185 -0.00390332 0.0252978 -0.0181214 -0.0232126 0.0402985 0.043405 0.0108728 0.00276135
0.0393357 -0.138104 0.116317 -0.0836283 -0.0406378 0.0691627 -0.0122526 -0.158067 0.0169589 -0.0494973 0.0166343 0.0869042
0.0801896 -0.0499383 0.0103662 -0.118473 -0.172021 0.00683727 0.0391266 -0.0748687 -0.0830407 -0.0714018 -0.115316 0.0233604
0.0215254 -0.149031 0.107059 -0.077967 -0.0467777 0.0690533 -0.0306029 -0.169249 0.00389639 -0.0447273 0.00990332 0.0865323
0.0345053 0.0271064 0.18462 0.0623668 0.140975 -0.0641375 -0.0383269 0.0181972 0.070776 0.112726 0.210154 -0.034301
-0.0342023 0.0799554 0.082784 -0.0118046 0.047801 0.0604464 -0.0534959 0.063246 0.0576375 0.0235555 0.0569473 0.037706
-0.00734468 0.024858 -0.056388 0.0659622 0.0288758 0.0715026 -0.0293197 0.00404114 -0.0738582 0.0753199 0.0360263 0.0441086
-0.0197996 -0.0224454 0.00813041 -0.0301873 -0.00959873 0.0357005 -0.0556176 -0.0560507 -0.0344794 -0.0133413 0.011522 0.0217446
0.10215 0.146254 0.103493 -0.0337161 0.065977 -0.0139477 0.0622405 0.119096 0.0603401 0.00744352 0.0499666 0.030566
0.0487515 -0.032552 -0.0442818 -0.0767828 -0.183481 -0.0194751 -0.0256145 -0.0398808 -0.142015 -0.038746 -0.113725 0.0188056
0.144843 -0.058013 0.2267 -0.103717 -0.0246719 0.0491796 0.0938145 -0.0587958 0.151397 -0.0659937 0.0323498 0.0710888
0.0378055 -0.075444 0.106752 0.0118532 -0.00191508 -0.0557929 -0.0277207 -0.0954648 0.0376267 0.0528052 -0.0193326 -0.0288391
-0.0074721 0.0177427 0.000967249 -0.0316979 -0.0320527 -0.129788 -0.0782328 0.0339897 -0.088244 0.0223638 0.0283382 -0.110608
0.101265 -0.117476 -0.146514 0.0355649 -0.046874 0.0295523 0.0696896 -0.147603 -0.169766 0.0456229 -0.0382644 -0.0163619
0.125847 -0.0991414 0.100155 -0.03053 0.0557466 -0.0345167 0.0846508 -0.0992513 0.0951823 0.0198662 0.0436418 0.0219406
0.048287 0.0555604 0.117501 -0.0104609 -0.0748038 0.0397593 0.0150033 0.0118311 0.091134 0.00300065 -0.0661 0.00711583
-0.0299075 -0.0208588 -0.0100595 -0.0174545 -0.0498482 0.0430313 -0.044661 -0.0183645 -0.0253481 0.00793207 -0.0478511 0.0113808
0.013289 0.173712 0.481552 -0.0646614 0.0155239 -0.0789093 -0.00811428 0.220976 0.466059 -0.0397048 0.0394685 -0.0486857
0.0607415 0.0682063 0.170262 -0.0485304 0.100436 -0.0405273 0.020368 0.0525111 0.176788 0.0119344 0.0835405 0.017265
-0.0486963 0.128821 0.139116 -0.100586 0.0767339 -0.0617184 -0.111977 0.110708 0.0869963 -0.0578918 0.0570988 -0.0195087
0.0121905 0.0993325 0.00670262 0.00672817 -0.0256195 -0.0863699 -0.0399291 0.0985077 -0.0389727 0.0493336 -0.0227939 -0.0584989
-0.00684237 0.0936245 0.0593816 -0.117346 -0.0871158 0.0388739 -0.0496165 0.0340252 0.0290291 -0.111723 -0.0703762 0.0107675
0.0284566 -0.0859177 0.118109 0.0155522 0.00670312 -0.0421327 -0.0376712 -0.102798 0.0490045 0.0521969 -0.00989667 -0.0153239
0.00504118 0.123287 0.014189 -0.00327624 -0.0126921 -0.088463 -0.0473208 0.117824 -0.0294759 0.0399917 -0.013065 -0.0615808
-0.0250192 0.10723 0.170854 -0.0774016 0.0499684 -0.0559505 -0.0873489 0.0907572 0.117548 -0.0331323 0.0324982 -0.0122859
0.0593053 0.103704 0.162409 -0.052181 0.0885015 -0.044891 0.0214729 0.0842215 0.168364 0.00572611 0.0701448 0.0110546
0.113956 0.133992 0.140815 -0.0234998 0.033792 -0.00800672 0.0680933 0.104832 0.0970725 0.0224866 0.0180526 0.0390349
0.0993416 0.000131379 0.0699354 -0.0589034 -0.013018 0.0445824 0.0707422 -0.035845 0.0498038 -0.0408426 -0.013528 0.0141312
0.0247251 0.116248 0.14887 -0.0207804 -0.0430082 0.10999 0.0100307 0.10991 0.133743 0.00342931 -0.0491249 0.0681576
0.153141 0.0217191 0.109263 -0.022052 0.0196594 0.0561303 0.136744 -0.00454384 0.0890764 -0.016032 0.0200615 0.0187755
0.0881994 -0.00597003 0.0775016 -0.0532108 -0.00729615 0.052759 0.0650614 -0.0382612 0.0559269 -0.0323152 -0.0100824 0.0195615
-0.0477033 -0.113952 -0.144163 -0.056227 -0.0609511 0.0155327 -0.106101 -0.129599 -0.196538 -0.0306838 -0.0633862 0.0445722
0.0632628 -0.00517349 0.0308451 -0.0183068 -0.0492179 0.024945 0.0102757 -0.0599274 -0.0260779 0.00129526 -0.0335041 0.00103621
0.0889869 -0.121134 0.0144137 -0.0361463 -0.0344762 -0.0399257 0.0490362 -0.121794 -0.0208563 0.000398021 -0.0366975 -0.00398021
0.0193927 0.147656 0.0331182 -0.0411483 0.0661237 0.105414 -0.019166 0.125874 0.0258137 -0.0237417 0.0685487 0.0762323
-0.0532634 0.192078 0.0748301 -0.116127 0.0982983 -0.0796217 -0.112304 0.16782 0.0312131 -0.0710833 0.0787078 -0.0464622
0.0464897 -0.106482 -0.131131 0.0117222 -0.00309831 0.014442 0.00909892 -0.121839 -0.142376 0.0303297 0.00918558 -0.0149916
-0.076474 -0.0250626 -0.0763215 0.00606167 -0.0157439 0.0267522 -0.135677 -0.081277 -0.110576 0.0498801 -0.02494 0.0699774
-0.0350949 -0.105757 -0.135632 -0.0787049 -0.0559616 0.0312779 -0.0918397 -0.125361 -0.189172 -0.0499989 -0.0559762 0.0663152
-0.0443306 0.198062 0.0680558 -0.110901 0.093263 -0.0818793 -0.103205 0.171849 0.0259799 -0.0639567 0.0741263 -0.0501326
0.0819192 -0.0330057 -0.0542889 -0.0837714 0.0688436 -0.0052371 0.0269414 -0.0417751 -0.0584531 -0.0540431 0.0643065 0.0222106
0.0734952 -0.0314471 -0.0730077 -0.0862922 0.0747011 -0.00186134 0.0170881 -0.0397919 -0.0787014 -0.0556766 0.0701172 0.0227841
-0.0317466 -0.0213034 -0.00751702 -0.0624303 0.00500127 -0.0794027 -0.0864633 -0.0234288 -0.0478935 -0.0329915 0.00765021 -0.0400839
-0.00411303 0.0271689 0.0298528 -0.0230186 -0.0321564 -0.127739 -0.0756459 0.0360872 -0.0611949 0.0293865 0.0293865 -0.110199
0.00622736 -0.0631574 -0.155539 -0.0498856 0.0396639 -0.0136464 -0.0567334 -0.0639759 -0.182593 -0.0234981 0.0374199 0.0029775
-0.0255041 0.19748 0.0566482 -0.0882562 0.0726797 -0.0839123 -0.0833222 0.171256 0.0166962 -0.0395144 0.0564492 -0.0546205
0.0512516 -0.00262866 0.0869655 -0.0462222 0.00510059 0.0722336 0.0435335 -0.0288787 0.0562919 -0.0175858 0.00034482 0.0290511
-0.0179909 -0.0744245 -0.0550608 -0.0462929 -0.0576101 -0.0916197 -0.0577517 -0.131361 -0.0260356 -0.0312427 0.00631166 -0.0139646
-0.0908737 0.0976587 -0.146589 -0.0669301 -0.0470329 0.0564027 -0.121723 0.0865237 -0.17218 -0.0595609 -0.0173394 0.0464696
0.0297393 0.108367 0.0781571 -0.0108177 0.0193584 -0.0188934 -0.0118311 0.0870189 0.0273488 0.0139745 0.0458671 -0.0599273
0.0616449 0.0709384 0.0889495 -0.103678 -0.0784644 -0.046859 -0.0159142 -0.00202827 0.103832 -0.0869038 -0.0471964 0.00967331
-0.028339 0.173184 0.0855274 -0.0354746 0.0754299 0.093989 -0.0542758 0.160325 0.0705844 -0.00871518 0.0794721 0.0709295
0.00408744 0.054799 0.110079 0.00786742 -0.0349988 0.0308688 -0.032184 0.0269488 0.0750102 0.0199112 -0.0281503 0.00944065
-0.0336633 0.105285 0.0400731 -0.0640252 -0.0123928 0.0553544 -0.0543546 0.0816177 0.0275203 -0.0480961 -0.00462957 0.0152605
0.00534165 0.245545 0.381584 -0.0432976 -0.0359525 -0.162707 -0.0411228 0.30078 0.378693 -0.0152044 -0.00740526 -0.128962
0.0517036 0.101106 0.101178 -0.104675 0.118133 -0.0304415 0.0120718 0.0704454 0.0641712 -0.0809288 0.0914122 -0.00277969
0.0330416 0.0534743 0.121885 -0.0851874 0.108432 -0.0218861 -0.0114457 0.0260708 0.0826634 -0.0589771 0.0809942 0.00540491
-0.092829 0.10676 -0.130108 -0.0698561 -0.0602644 0.0652608 -0.124579 0.0896415 -0.160904 -0.0632866 -0.0296493 0.0548772
0.0309191 -0.0310952 -0.0509161 -0.00771886 -0.0403066 -0.00383399 -0.024862 -0.0171628 -0.0772327 0.0360901 -0.0214936 0.0347267
0.0559257 0.106172 0.208692 -0.0302507 0.00437935 -0.0329099 -0.000633624 0.0878361 0.157693 0.0165534 -0.00958356 0.0121973
0.018491 -0.0547016 -0.0232603 -0.0159997 0.0442234 0.0441572 0.00129135 -0.0755868 -0.0408065 -0.00241051 0.0526869 0.00903942
0.057995 0.0904238 0.112616 -0.0111327 -0.0451548 0.0473632 0.0474103 0.0761308 0.114882 0.00145746 -0.0475817 0.0161178
0.0261059 0.00598288 -0.0739722 -0.00669325 -0.0126475 -0.0640453 -0.0310732 -0.0348816 -0.0903632 0.0136757 -0.00441429 -0.0834388
0.0417534 -0.0301387 -0.0348709 0.000958387 -0.0163833 -0.00332505 -0.0147436 -0.0112179 -0.0655448 0.0470352 0.00400641 0.0358173
0.027245 0.137161 0.390801 -0.0933971 0.0167438 -0.067042 -0.00653869 0.190725 0.374438 -0.0552243 0.0555395 -0.0408077
0.0869357 -0.275485 0.0403611 -0.0322479 -0.0832741 -0.0510899 0.0342634 -0.264697 0.0102147 0.00619315 -0.0933798 -0.0238074
-0.068464 0.0471054 -0.0299337 -0.065955 0.00961295 -0.0964288 -0.134983 0.0354001 -0.0740691 -0.0375528 0.010923 -0.060515
-0.0743898 0.065304 -0.0410541 -0.0605494 0.00787947 -0.103775 -0.145449 0.0495197 -0.0873174 -0.0314981 0.00877161 -0.0701729
-0.036534 0.189575 0.457303 -0.0840401 -0.0521254 -0.0885347 -0.0663322 0.256348 0.415955 -0.0456133 -0.023555 -0.0697198
-0.0832285 0.0876353 -0.0687678 -0.0412437 -0.000873069 -0.121804 -0.16296 0.0665241 -0.120366 -0.0129219 0.000398826 -0.0940431
0.142792 0.105293 0.202042 -0.0194244 -0.0754593 0.00257402 0.0900666 0.0830179 0.213027 0.0274116 -0.0163686 0.0541966
-0.136523 -0.018299 -0.0840674 -0.0722684 0.0381452 0.0163171 -0.164369 -0.09223 -0.168608 -0.0797687 0.00542529 -0.00584914
-0.0724962 -0.141498 -0.0867727 -0.120127 -0.0817819 0.0361477 -0.142149 -0.204882 -0.0766741 -0.107297 -0.0477745 0.0870905
0.0370755 0.0925232 0.16501 0.0194205 -0.0216514 -0.109182 -0.0553849 0.117794 0.0674952 0.0765377 0.0326981 -0.0828351
0.0249963 -0.0824671 -0.00400636 -0.0704995 0.170227 0.0172315 -0.00484416 -0.191748 -0.0263199 -0.0499755 0.201921 0.00589372
0.231701 0.122366 0.189156 0.0748604 -0.0204143 0.0649549 0.18773 0.106122 0.202532 0.105025 0.0231824 0.115285
-0.0638613 0.0854349 -0.106237 0.0281612 -0.0442104 -0.178832 -0.153951 0.0720674 -0.170392 0.0395852 -0.038388 -0.164007
0.0187261 0.134775 -0.0197249 -0.0553189 0.0063645 -0.128206 -0.0611171 0.130227 -0.119247 -0.00524784 0.0662035 -0.0997089
0.196964 0.108115 0.328454 0.0313838 -0.000755039 -0.0684543 0.158364 0.0800603 0.310902 0.0833329 -0.0130108 0.00534799
-0.00518891 0.0528176 0.0948968 -0.0157994 -0.0278121 -0.120333 -0.0666879 0.0784753 -0.00581299 0.0465846 0.0438396 -0.0977712
-0.0468409 0.0845051 -0.103704 0.0452434 -0.0536439 -0.192197 -0.135604 0.07295 -0.169285 0.052757 -0.0474893 -0.179342
0.0973362 0.0569494 0.418844 0.0364129 -0.0101492 0.148017 0.0443284 0.0309359 0.404986 0.0682157 0.0379846 0.202454
-0.00352827 0.10513 0.66719 -0.10364 0.0192425 -0.112632 -0.0330873 0.130695 0.636774 -0.0682229 0.0440377 -0.0819306
-0.0339659 0.153181 0.127246 -0.0784074 -0.0331378 -0.129195 -0.10746 0.171241 0.0170353 -0.0243823 0.0246245 -0.113192
-0.0456371 0.101147 0.176604 -0.0314303 -0.0316845 -0.0945887 -0.115937 0.116583 0.0732275 0.0301952 0.024463 -0.0765377
0.232366 0.150637 0.298273 0.100554 0.0152351 0.070751 0.173554 0.112936 0.280303 0.133768 0.0550581 0.139721
0.0623399 0.194821 0.0437159 0.0412257 0.00307949 -0.111281 -0.010092 0.19522 -0.0350394 0.0961565 0.0542546 -0.0892132
0.179881 0.0705711 0.370815 0.102096 -0.0404514 0.106675 0.128991 0.0363399 0.375539 0.133847 0.000234956 0.174181
0.000705755 0.0668918 0.0177781 0.0764156 -0.0583786 -0.243736 -0.0615418 0.0771867 -0.0536396 0.0830136 -0.0578701 -0.227409
0.0482084 0.00138943 -0.0206162 0.0525204 -0.0110338 -0.209746 -0.00893993 0.0121328 -0.0936298 0.0611427 0.00774262 -0.187978
0.013399 0.0824487 0.0839003 -0.0529345 -0.186537 -0.160887 -0.0783067 0.0616055 0.15102 -0.0621569 -0.191749 -0.155511
-0.033547 0.136379 -0.0541831 0.00649406 0.00176937 -0.200191 -0.0937894 0.0888405 -0.127633 0.0147668 -0.00566728 -0.179357
-0.0429616 0.0922277 0.071752 0.0215281 -0.00556331 -0.23189 -0.102171 0.0518835 -0.00303319 0.0207534 -0.00742333 -0.206017
-0.0441279 0.0946362 -0.0541269 0.0194552 -0.0205497 -0.200989 -0.118215 0.0594665 -0.133939 0.0308906 -0.0256225 -0.183668
-0.0200455 0.214852 -0.0941252 -0.020734 0.075483 -0.219308 -0.0764683 0.17361 -0.179437 0.0015166 0.0795015 -0.189335
0.217459 0.314071 0.119772 0.0864551 -0.0251458 -0.0818545 0.160179 0.316156 0.0904776 0.155025 -0.012291 -0.0196656
-0.00494697 -0.0163438 0.0455557 0.0584883 -0.0220112 0.0346212 -0.000213825 -0.000926575 0.0101211 -0.00277973 0.00392013 -0.00306483
0.341931 0.221066 0.222095 -0.0143022 -0.0290089 -0.154116 0.346215 0.106289 0.114937 -0.04834 0.00317832 -0.106585
0.22384 0.0606328 0.362716 -0.0521164 0.011029 -0.00989832 0.168537 0.0213799 0.396362 -0.0428355 0.0394239 -0.0129644
-0.0563817 0.00204702 0.27836 0.0930614 -0.0541266 -0.0183606 -0.108393 -0.0462903 0.249937 0.115344 0.00496513 0.00634009
0.0420339 -0.0701187 -0.154721 -0.0215804 -0.0251724 0.0154794 0.0134024 -0.0825763 -0.175312 -0.0711914 -0.00317047 -0.0151318
-0.0438327 0.022564 -0.0167514 0.0409056 0.049621 0.0870566 -0.0709698 -0.0161458 -0.0554698 -0.00322916 0.0503749 0.052743
-0.0347281 -0.0736002 -0.122384 0.0601718 -0.0610972 0.0525453 -0.0267625 -0.0644176 -0.145427 -0.00432817 -0.0439309 0.0226508
0.0410637 -0.0734951 -0.160293 -0.0158783 -0.0280806 0.0243987 0.011748 -0.0882183 -0.177518 -0.065443 -0.00677494 -0.00727945
-0.0989965 -0.0765665 0.0679787 0.0702881 -0.0494399 0.0381018 -0.0920743 -0.0953652 0.024038 0.0187439 -0.0588073 0.0104451
-0.0448913 -0.0150438 -0.146685 0.0920284 -0.0549698 0.0596014 -0.042177 -0.0084354 -0.177432 0.0255946 -0.0335253 0.0316508
-0.046919 -0.0579629 0.00341276 0.0641163 -0.00372224 0.0565481 -0.0834399 -0.108529 -0.0254477 0.0193546 -0.00745511 0.0225087
-0.0512762 0.00311862 -0.145609 0.0950087 -0.051208 0.0610493 -0.0498089 0.00699198 -0.178187 0.0286888 -0.0286167 0.0337345
0.0270588 -0.0330733 0.0188373 0.0217855 -0.0360006 0.00788232 0.031359 -0.0250015 0 -0.0245015 -0.0146437 -0.026073
0.0364126 -0.0730318 -0.161209 -0.00990394 -0.0315411 0.0329908 0.00706484 -0.0893198 -0.175251 -0.0594744 -0.0108135 0.000504632
-0.0938207 -0.0332753 0.00313173 0.0501429 -0.0506963 0.0020782 -0.0841585 -0.0386114 -0.0338922 -0.00707876 -0.0589896 -0.0161596
0.100953 0.0277402 0.0197865 0.0832232 -0.0247052 0.0258255 0.0582966 0.0311389 -0.00291483 0.0177734 0.00127968 -0.00241718
0.0118178 0.0531647 0.0413962 0.0746696 0.0237941 0.096191 -0.012605 0.0290556 0.0259221 0.0224326 0.0343254 0.0521291
-0.0864063 -0.0756235 0.0782223 0.0839789 -0.0580676 0.0540862 -0.0833601 -0.105685 0.0277629 0.0338449 -0.0631104 0.021967
-0.0711889 -0.0934922 0.056455 0.0988927 -0.0622878 0.0639142 -0.0737823 -0.127813 0.00608292 0.0479478 -0.0654093 0.0287687
-0.0789861 -0.0815588 0.0711046 0.091267 -0.0608214 0.0601339 -0.0785719 -0.114852 0.0197503 0.0410749 -0.0645463 0.0262622
-0.0864067 0.0731904 -0.0718424 0.0524829 0.00782708 0.0608942 -0.0911893 0.0667906 -0.112421 -0.00561386 0.0337551 0.0370659
-0.0835474 0.0665176 -0.0900835 0.0619842 -0.00610482 0.060641 -0.087183 0.0616257 -0.128435 0.00151184 0.0200859 0.0365002
-0.0977333 -0.0314362 -0.06602 0.0253255 -0.0658915 0.05338 -0.112874 -0.0419307 -0.0698604 -0.0316826 -0.0462609 0.0218675
-0.0815796 -0.0641281 0.157721 0.10191 -0.0547293 -0.00211592 -0.109387 -0.123176 0.143539 0.0427972 -0.0379388 -0.049942
-0.0731738 -0.10152 0.0943831 0.0854862 -0.0537276 -0.00586226 -0.109364 -0.162328 0.0812357 0.0355004 -0.0493856 -0.0428008
0.0439832 0.00833637 0.0128863 0.0713336 -0.0168237 0.0493424 0.0305467 0.00650994 -0.00829839 0.0347674 0.0211752 0.0158099
-0.00897637 0.0490666 -0.0153482 0.0918113 -0.0502503 0.0320906 -0.0084968 0.0293461 -0.0374145 0.0426268 -0.0367005 0.000928222
-0.0828721 0.108463 0.00380151 0.0202264 0.0249022 0.0428188 -0.0981008 0.108352 -0.0476266 -0.0195063 0.0443518 0.0161603
0.0191111 -0.00725436 0.0456133 -0.0144714 -0.0085503 -0.0411496 0.0116455 -0.00395373 0.00388184 -0.0653443 0.0116455 -0.0678603
-0.0035409 0.0426589 0.0116791 0.0944088 -0.0240356 0.0490064 -0.00956194 0.0183389 -0.0124163 0.0495223 -0.00392468 0.0151278
0.0251951 -0.0528826 0.0696485 0.0725505 0.00197581 -0.0450808 0.0290726 -0.0408452 0.0213199 0.0185921 0.014644 -0.0735788
-0.130742 -0.254687 -0.239268 0.115354 -0.193112 -0.0763517 -0.309994 -0.210149 -0.190436 0.123922 -0.178548 -0.0810349
0.0130781 -0.0864758 0.16233 0.0158997 0.125776 -0.0229871 0.0483244 -0.108039 0.144806 0.037688 0.101674 -0.0620596
0.0405881 -0.030001 0.0280566 0.0194587 0.0711016 0.000459093 0.0319725 -0.0322686 0.0330827 0.0148021 0.0288641 0.0217591
0.0836651 0.129003 0.177693 0.0769123 -0.0779357 0.109987 0.0861629 0.126996 0.168757 0.00621058 -0.0584652 0.0523973
0.145793 0.034546 0.0991208 0.105312 -0.0300333 0.0815777 0.149768 0.0222011 0.0756692 0.0351219 -0.0386912 0.00999404
0.0847946 0.0292056 0.153794 0.161811 0.0038902 0.0668488 0.075812 0.0227721 0.111077 0.0948006 0.0133492 0.0121356
0.000340512 -0.110992 -0.0314465 0.0273822 0.0971337 -0.04479 -0.0283742 -0.122905 -0.0457839 0.0289668 0.0436355 -0.0112608
0.150426 0.0728265 0.0471985 0.0341967 -0.00547081 0.149276 0.148269 0.0516121 -0.00985127 -0.0207019 -7.1386e-05 0.0865913
-0.0303739 -0.0467682 -0.024416 0.0366874 0.0848107 -0.0659526 -0.0541391 -0.0642855 -0.0397711 0.0367346 0.02881 -0.0302912
0.0299211 0.126465 0.105825 0.137492 -0.00181714 0.0777517 0.00792385 0.0916597 0.0732421 0.0752409 0.0100654 0.0226294
-0.0426735 -0.0308022 -0.0435415 0.0206406 0.177418 0.0136608 -0.0976954 -0.0308237 -0.0308983 0.0148521 0.143894 0.0491089
0.134072 0.0351736 0.369881 -0.0384359 -0.110883 0.123479 0.117575 -0.0143007 0.395704 -0.0340124 -0.0741317 0.119353
0.0106179 -0.0227 -0.0507151 0.0120455 0.0658062 -0.0116004 -0.00311105 -0.013259 -0.058073 0.00348142 0.0297772 0.0199255
1.3392e-05 -0.0511352 0.00310643 0.00168178 -0.0314078 -0.0722751 -0.0130099 -0.0430215 0.00399168 -0.0220282 -0.0870778 -0.0510787
-0.056036 -0.0231506 -0.0148369 0.0411364 0.147639 0.0232991 -0.111239 -0.0206524 -0.00879775 0.0378005 0.120335 0.0590493
0.120571 0.131526 0.114328 0.138705 -0.0678565 0.0900167 0.110434 0.116074 0.0752409 0.0690303 -0.0555383 0.041047
0.172844 0.0976092 0.15322 0.114644 -0.00162727 0.109359 0.166758 0.0953717 0.122998 0.0430458 0.000999404 0.0593932
-0.0383779 0.0493695 0.0153659 -0.0179124 -0.00966165 -0.0549824 -0.0669929 0.0443662 -0.00561971 -0.0349014 -0.0592288 -0.0283943
-0.0634557 -0.00117423 -0.0190762 -0.0176485 0.0245188 -0.00670788 -0.0718559 0.00842754 -0.056849 -0.0162637 -0.0094625 0.0268351
-0.0170844 -0.0441469 -0.0465328 0.000919177 0.189249 -0.00125125 -0.0752076 -0.0493667 -0.0344297 -0.00716974 0.150266 0.0285296
-0.0104607 0.0411626 -0.0149042 0.000294039 0.0405439 -0.00748699 -0.0604176 0.0284362 -0.0366347 0.000664742 0.0165447 0.0155106
0.00161213 -0.0790104 0.0509341 -0.0400322 0.0365181 0.0450755 -0.0281564 -0.0896422 0.0295605 -0.0390199 -0.000369506 0.0645897
-0.0116515 0.0589726 -0.0231838 0.00575595 0.0349595 -0.0166031 -0.0609303 0.0464547 -0.0438698 0.00568682 0.0115952 0.00598224
-0.0012618 -0.0380174 0.00926462 0.0220859 0.0779534 0.0268528 -0.0424863 -0.0339295 0.0157743 0.0128724 0.0464299 0.0561028
-0.00824635 -0.0339411 0.00895559 0.027018 0.0868779 0.0286742 -0.0535889 -0.0298461 0.0134717 0.0198726 0.0568638 0.0588734
-0.025911 -0.0266246 0.00761215 0.0360493 0.107025 0.0288012 -0.0774519 -0.0230866 0.0102028 0.0317999 0.0793137 0.0610678
0.146822 0.160854 0.183702 0.0911204 -0.0178328 0.120635 0.134705 0.141558 0.149197 0.0262701 -0.0180607 0.0596787
-0.0569907 -0.0349137 0.0516771 -0.0217816 0.0258007 -0.0361498 -0.0717309 -0.0452377 0.0376366 -0.0145381 -0.017121 -0.0123241
-0.0514035 -0.0283845 0.0611704 -0.0264976 0.0185485 -0.0340445 -0.0630094 -0.0377023 0.0494336 -0.0199948 -0.024643 -0.0105508
-0.0097117 -0.075713 0.0681833 -0.0465859 0.0326969 0.0325332 -0.0272729 -0.078345 0.0447158 -0.0441984 -0.0056911 0.0543241
0.0861251 0.000470456 0.0162962 0.000974399 -0.00249925 -0.0168149 0.0710592 -0.01539 -0.00139909 -0.01296 -0.0631065 -0.00795274
0.108867 -0.0159245 0.00978923 -0.0241848 -0.013685 -0.0546064 0.092894 -0.0166487 0.00287301 -0.0337395 -0.0769083 -0.0422112
0.100605 -0.0122462 0.00775461 -0.0121158 -0.0087799 -0.0427683 0.0838165 -0.0206227 -0.00552393 -0.0242317 -0.0716638 -0.0320388
0.0277066 0.0694243 0.00469938 0.0153105 -0.00109497 -0.0764925 0.00996725 0.0634951 0.0129205 0.0112224 -0.0394998 -0.0541185
0.0203341 0.0592758 0.0197507 0.00447814 -0.00889895 -0.0695581 0.00162454 0.0536098 0.0256234 -0.00228912 -0.04785 -0.0457825
0.091049 0.228998 0.223758 0.08235 -0.0453012 0.153975 0.0805948 0.208162 0.180036 0.0191315 -0.034765 0.0940868
0.038427 -0.00702691 -0.288419 0.145178 0.227464 0.0154035 -0.0812692 -0.100425 -0.3655 0.173806 0.263104 0.0149299
0.0836843 0.0836945 -0.0200364 0.0371511 -0.0232852 -0.0398366 0.0439605 0.0462548 -0.0327114 0.0237564 -0.0834806 -0.0221283
0.122972 -0.367326 -0.304333 -0.146537 0.00866826 -0.191551 0.0699981 -0.502662 -0.327869 -0.110043 -0.00573225 -0.167931
0.0954539 0.0812246 0.0234869 0.0460317 0.062669 0.0552228 0.0914734 0.0770419 0.0182799 0.0424064 0.0265687 0.0751177
-0.0151742 0.107683 0.108596 0.000329776 0.0295534 0.0193655 -0.0415923 0.0922875 0.104573 -0.00444046 -0.00828885 0.0510652
0.0997092 0.086945 0.086158 0.0116745 0.00396646 -0.00312856 0.0673469 0.0616483 0.0689011 0.00895492 -0.0575039 0.0213142
0.0929123 0.033474 0.128748 0.0295517 -0.0184828 0.0476276 0.0668289 0.0230904 0.147793 0.0355236 -0.0611303 0.0755618
0.12829 0.0481915 0.0879623 0.0899751 0.105474 0.0757787 0.127515 0.0551357 0.077856 0.100872 0.0642386 0.10213
0.0837363 0.117817 0.0355603 0.0548471 -0.135727 -0.0603315 0.0425495 0.0883356 0.0976507 0.116044 -0.154804 -0.0353658
0.0833071 0.270636 0.24337 -0.0655397 0.140788 -0.150209 0.0675284 0.256384 0.169619 -0.0401499 0.100175 -0.0860468
0.716691 0.554779 0.539962 0.122142 0.00827358 -0.0841109 0.597596 0.532653 0.481902 0.211907 -0.0453399 -0.15887
-0.00868094 -0.0886553 -0.0281764 0.0493689 0.0153848 -0.0257327 -0.0246445 -0.0554317 -0.0526194 0.0395201 0.0048845 0.00888091
-0.393431 -0.375852 0.130786 -0.154429 0.441373 -0.0663455 -0.398457 -0.352763 0.194044 -0.171785 0.421615 -0.0369838
-0.142904 -0.275206 -0.241178 -0.0310862 0.114594 -0.0156818 -0.208851 -0.392275 -0.330199 -0.0136779 0.127836 -0.0251638
0.729339 0.812173 0.75478 0.0885355 -0.0609542 0.206381 0.697438 0.779651 0.667948 0.0950212 -0.0336596 0.174494
-0.034227 0.0421731 -0.0152885 0.00830408 0.0376619 0.058142 -0.0745434 -0.0122525 -0.00299887 0.020478 0.0153371 0.0442976
-0.0516006 0.0493284 -0.0471376 0.0162452 0.0501627 0.0891361 -0.0972462 -0.00514077 -0.0332436 0.0311016 0.0268177 0.0819096
-0.0601226 0.0649288 -0.0818657 0.0320284 0.0571072 0.0824413 -0.0947469 0.0178186 -0.0571394 0.0494295 0.0352089 0.078556
0.0260659 0.0533533 -0.0553484 0.0113456 -0.0258955 -0.0237508 0.0404811 0.023022 0.00308102 0.0201122 -0.0399676 -0.0175447
0.0107448 -0.0295905 0.0466512 2.08616e-05 0.0328142 0.0508086 -0.0126161 -0.0871027 0.0374161 0.0101101 0.0120112 0.0410454
0.0136654 0.0670791 -0.0307933 0.0309777 0.0297444 -0.0192486 0.0185089 0.0496142 0.00831188 0.0419021 0.021251 -0.031448
0.0568425 0.0163686 0.0457214 0.0111616 -0.0251206 0.00958487 0.0351835 -0.036826 0.0690703 0.00389007 -0.0643158 -0.0194503
0.0543055 0.0855377 -0.0492493 0.018611 0.0147318 0.0433418 0.0412979 0.0453332 -0.0240404 0.0289343 -0.00738382 0.0274747
-0.0540653 0.05443 -0.0183225 0.0211129 0.0622258 -0.00826938 -0.0544598 0.0319995 0.0178642 0.0403245 0.0480426 -0.0153493
0.0860666 0.0453452 0.00820279 0.0155223 -0.031403 0.00798358 0.0640607 -0.00804001 0.0295665 0.0075213 -0.0676917 -0.0205755
0.0353855 -0.0545686 -0.0597197 0.0168348 0.0703698 -0.0152621 0.00675291 -0.141725 -0.0599104 -0.0174017 0.059997 -0.0231157
-0.0587115 0.0435427 -0.000879744 0.0237527 0.051428 0.0221338 -0.0591814 0.0158801 0.0272477 0.0388758 0.0324543 0.00720243
-0.0300917 -0.0811658 -0.0400502 -0.0261303 0.014363 -0.0464335 -0.0313521 -0.125149 0.0183967 -0.0139055 -0.00777325 -0.0533763
-0.0717691 0.0437584 -0.0108566 0.0152328 0.0330481 0.0349762 -0.0722312 0.0120675 0.0154533 0.0262185 0.0112861 0.0173633
-0.0589741 -0.088727 -0.0107784 0.00132677 0.0368266 -0.0374022 -0.0801073 -0.148103 0.0179939 -0.0019032 0.0160907 -0.033825
-0.00208736 -0.0165454 -0.0171034 -0.0404952 -0.00619678 -0.0140677 -0.034512 -0.0851182 -0.00645487 -0.038471 -0.0330489 -0.0302948
-0.176981 0.0153803 -0.219287 -0.0727885 -0.0502848 0.0272514 -0.18732 -0.0185318 -0.184013 -0.0678631 -0.0644699 0.0111365
-0.040673 -0.015885 -0.0487028 -0.0753781 0.0316017 -0.0140115 -0.057319 -0.080419 -0.0158597 -0.077747 0.00672313 -0.0218933
-0.0531444 -0.0864817 -0.00773296 0.00289717 0.0423436 -0.0151077 -0.0767517 -0.148052 0.0118545 -0.00597054 0.0237956 -0.00917213
-0.181681 -0.0551595 -0.176246 -0.0712376 0.0424805 0.0271307 -0.182672 -0.102286 -0.149474 -0.0457113 0.0240723 0.0143391
-0.194097 -0.0041681 -0.267694 -0.0770817 0.00176435 0.0258782 -0.201177 -0.0415929 -0.229631 -0.0670011 -0.00852741 0.0106158
-0.183497 -0.0484889 -0.196705 -0.0742661 0.0414461 0.0292461 -0.184983 -0.0945779 -0.166467 -0.0498099 0.0250353 0.0154732
0.0458268 0.163427 -0.173332 -0.00200496 0.0187519 0.00775249 0.0470774 0.129203 -0.133617 -8.65393e-05 -0.000865393 0.00406735
-0.032932 0.117488 -0.106204 0.00658998 0.0638707 -0.0374483 -0.0317088 0.0993714 -0.0552737 0.0253843 0.0525014 -0.0304092
-0.0358581 -0.0236177 -0.0531631 -0.0668952 0.0498416 -0.0125239 -0.0392523 -0.0765204 -0.00319194 -0.0659093 0.0256218 -0.0188066
0.0811738 -0.00669638 0.321054 -0.344808 0.184684 -0.046017 -0.0180806 -0.0728951 0.277181 -0.2681 0.194714 0.00441788
-0.0677938 0.166752 -0.319768 -0.0750502 0.0375486 -0.101901 -0.0484145 0.243025 -0.286747 -0.140484 0.0150275 -0.099005
-0.521225 -0.595889 -0.677019 0.0473161 0.0517729 -0.0726354 -0.541292 -0.572227 -0.691823 0.0651267 0.0694931 -0.0996142
0.0135333 0.0657968 0.103179 -0.00917786 -0.0761014 3.78375e-05 0.0315738 0.0276378 0.138018 -0.00162575 -0.0934379 -0.00616074
0.0624225 0.0518864 0.114635 -0.0413036 -0.0170044 0.0551848 0.0598961 0.0213059 0.115086 -0.0495426 -0.0309748 0.0487725
0.00156128 0.0279412 -0.0334766 -0.077153 0.016742 0.0104286 0.00136905 -0.00598961 -0.00932668 -0.0732444 0.00273811 0.0117225
0.0820709 0.0192308 0.0682308 0.000933345 -0.0330236 0.030582 0.0784639 -0.0179688 0.0822288 0.00778649 -0.0598105 0.00872772
0.0268657 0.0951574 0.0913401 -0.0303447 -0.0391647 0.03847 0.0197657 0.0603239 0.111236 -0.0232739 -0.076667 0.0115514
-0.0783981 0.0581476 -0.00721706 -0.0505215 0.0448216 0.0555944 -0.0723887 0.0258409 -0.00179688 -0.0405582 0.0346542 0.0284934
0.0524839 -0.0270815 0.0314497 0.0337356 0.00205668 -0.0136224 0.0267821 -0.0737578 0.0425262 0.0215626 -0.00693083 -0.0382479
0.031159 0.0435034 0.0759176 -0.0321961 -0.00137579 0.0944594 0.0227605 -0.00513395 0.0610084 -0.029948 -0.0248141 0.0936946
0.190611 0.149202 0.0237636 0.0550566 0.000106867 0.104706 0.155901 0.103449 0.0125782 0.054591 -0.0272099 0.0835978
0.506314 0.423248 0.589426 -0.0569339 -0.261934 0.27284 0.493207 0.285366 0.515091 -0.12886 -0.227339 0.194512
0.537067 0.509522 0.922125 0.2273 -0.0726844 0.099531 0.493377 0.479573 0.922141 0.223909 -0.0972756 0.0646776
0.560947 0.73719 0.766552 0.0600932 -0.112598 -0.00284525 0.465465 0.562833 0.743263 0.0114783 -0.149274 -0.00752027
0.140391 -0.142209 -0.112067 0.0323052 0.0477477 0.0397458 0.113662 -0.144636 -0.0966692 0.039136 0.131925 0.0710469
0.243827 0.161991 0.448108 -0.0399487 -0.257905 0.214711 0.15574 0.0709669 0.3072 -0.0264007 -0.196996 0.242289
-0.469921 0.0713652 0.107695 -0.0258589 -0.0182134 -0.222686 -0.493211 0.00840187 0.103947 -0.0604101 0.028608 -0.227614
0.0556587 0.236091 0.383245 -0.177742 0.0644947 -0.0359959 -0.021802 0.0868244 0.228845 -0.218174 -0.00767678 -0.0429132
0.241703 0.0872107 -0.0618576 -0.091986 -0.123935 -0.119071 0.148439 -0.0381935 -0.160895 -0.0694365 -0.0829935 -0.114443
0.125359 0.440469 0.0584743 0.0177436 0.288465 -0.00244259 0.0862948 0.396793 -0.0416006 0.0745717 0.302846 0.0414378
0.0696438 -0.0664335 0.129294 -0.155376 0.145984 0.0162193 0.0596708 -0.117838 0.0584405 -0.171425 0.179422 -0.0481878
0.0303362 -0.338874 -0.063772 0.100569 0.0730368 0.199933 -0.131393 -0.441296 -0.1499 0.0873006 0.1179 0.109494
0.355687 0.697374 0.368416 0.188275 0.011084 0.0562073 0.189856 0.504574 0.237628 0.185892 -0.0631487 0.146527
0.164061 0.0657622 -0.214837 -0.0997357 0.070451 0.00287847 0.144055 -0.00744516 -0.316506 -0.11514 0.0724605 -0.0097826
-0.170958 -0.0737218 -0.104949 -0.114953 -0.2734 0.176368 -0.225113 -0.175493 -0.0923282 -0.0414661 -0.311462 0.194596
0.0470576 0.663995 0.0265924 -0.0543567 0.201323 -0.0969251 -0.0348253 0.593142 -0.0430396 -0.0464623 0.176095 -0.092839
-0.0160659 -0.371154 -0.220592 0.20078 0.048662 -0.0465305 -0.085572 -0.437376 -0.269937 0.260784 0.0317444 -0.00421322
0.700259 0.529151 0.89461 0.128992 0.186635 -0.20132 0.425449 0.46311 0.717714 0.134133 0.19526 -0.214803
0.103714 0.387212 0.618287 -0.0487148 -0.374538 -0.247686 0.0873809 0.330528 0.507932 -0.038735 -0.444833 -0.266933
-0.269526 0.687234 0.214894 0.0881567 0.0942527 -0.0590987 -0.325716 0.744199 -0.0217694 0.0875723 0.103157 -0.0454353
0.256145 0.187921 0.328291 0.108607 0.0135832 0.149135 0.156644 0.0692665 0.188418 0.0779248 0.0239097 0.137024
-0.269083 -0.205136 0.0905502 -0.248535 0.344307 -0.00379669 -0.365945 -0.350303 -0.0445284 -0.312298 0.357159 0.0295525
0.235089 0.282487 0.700078 0.471005 0.33822 -0.0165067 0.174529 0.268936 0.507392 0.50025 0.37197 0.0434201
0.756232 0.626131 1.02091 0.298373 -0.185013 -0.205617 0.66434 0.527718 0.772693 0.239309 -0.298265 -0.206614
0.267419 0.877248 0.747669 -0.233628 -0.475565 0.262422 -0.0026486 0.701685 0.672034 -0.160466 -0.541413 0.269059
-0.0990949 0.00336456 0.0453902 -0.101231 -0.0347495 -0.0694964 0.00107811 -0.00215622 0.00997253 -0.00260543 0.0187771 0.0136112
-0.104869 -0.00727959 0.0634333 -0.116201 -0.0271916 -0.0748001 -0.0238115 -0.0232724 0.0185101 -0.0279898 0.0398955 0.0215202
-0.186333 -0.194954 -0.274345 0.033601 -0.273451 0.0144199 -0.0851169 0.0566244 -0.224649 0.120056 -0.207878 -0.0621696
0.198422 -0.000190353 0.312853 0.0174492 -0.12538 0.0418865 0.0189595 -0.0943576 0.125062 0.0567025 -0.0751782 0.0272735
0.103969 -0.0863056 -0.437089 -0.218569 -0.0848391 0.19676 0.295606 0.124936 -0.470229 -0.128036 0.00296504 0.177139
0.101467 -0.101778 0.163495 0.0894099 -0.180945 0.0664773 -0.0595573 -0.124122 0.000753329 0.145525 -0.153901 0.0470166
0.299696 0.116256 0.450676 -0.077469 -0.0530545 0.00391673 0.114032 -0.0363942 0.243094 -0.0573656 0.0269133 -0.00668464
-0.258723 -0.0497414 -0.170037 0.0243467 -0.268686 0.0632637 -0.311674 0.159801 -0.174529 0.0464809 -0.239881 0.0076117
0.331816 0.152716 0.488516 -0.109121 -0.0247939 -0.00971661 0.146263 -0.0150449 0.277175 -0.0961565 0.0648893 -0.0187952
-0.219441 -0.143599 -0.186131 -0.0477431 0.0436319 -0.0588674 -0.272818 -0.161677 -0.111774 0.107077 -0.082419 -0.110238
-0.0990451 -0.0147387 0.0870388 -0.131801 -0.0205555 -0.076866 -0.0417948 -0.0372108 0.0323573 -0.0563106 0.0637708 0.0309641
-0.30438 -0.257594 -0.19335 -0.0337576 0.120545 -0.0453547 -0.321713 -0.265966 -0.0634912 0.124718 0.0222355 -0.102483
0.227109 0.271904 0.170454 -0.0632631 -0.0405241 0.00501134 0.294223 0.177164 0.0467444 0.0300531 -0.120607 -0.0874432
0.0296818 -0.411922 -0.271185 -0.0105075 0.0552402 0.0374047 0.0327866 -0.323034 -0.257506 -0.0385221 0.149708 0.134263
0.0361015 -0.291745 -0.371212 -0.075663 -0.103556 0.15954 0.248818 -0.0705814 -0.373273 0.0170244 0.0521571 0.141389
0.0915733 -0.080179 -0.0339965 -0.131392 0.27626 0.105286 0.0538356 -0.0743911 -0.034437 0.00226911 0.334092 0.0767492
-0.140962 -0.202503 0.228837 0.116652 -0.224042 -0.226992 -0.100174 -0.125908 0.182552 0.177958 -0.0813521 -0.242361
-0.154575 -0.0571136 0.281207 0.11109 -0.239114 -0.239448 -0.168853 0.0044435 0.209866 0.156544 -0.14117 -0.278341
-0.0601242 0.0806669 0.109057 -0.211154 0.0378479 0.0275535 0.0908262 0.14918 0.0533543 -0.0290661 0.00340653 -0.0422499
-0.348075 -0.427917 -0.072878 -0.0610933 0.28012 -0.0541373 -0.325321 -0.43917 0.133554 0.0799065 0.325954 -0.075161
-0.184228 -0.047186 -0.0746112 -0.0905796 -0.0988495 0.02182 -0.150383 0.0633356 -0.0652289 -0.0283094 0.0297519 0.024072
-0.095001 -0.0158554 0.0944627 -0.139162 -0.0210583 -0.0739592 -0.050705 -0.0356913 0.0365454 -0.0698992 0.0734054 0.0351968
-0.159987 -0.269775 0.405842 -0.0685163 -0.113753 0.0708854 -0.326584 -0.347176 0.488249 0.0277242 -0.0591479 0.0874069
-0.026683 -0.053131 0.212899 -0.17853 -0.150037 0.0503475 -0.141323 -0.0569652 0.242046 -0.0967207 -0.0949864 0.0632798
0.263481 0.34603 0.102638 -0.0853639 -0.081267 -0.144223 0.0506305 0.306422 -0.151012 -0.0204106 -0.195528 -0.093959
0.178204 0.370496 0.0261234 -0.120564 -0.172616 -0.108959 -0.0311996 0.32213 -0.185295 -0.021198 -0.343461 -0.0878457
0.245374 0.37843 0.0999873 -0.0983722 -0.12625 -0.129629 0.0223271 0.332529 -0.15717 -0.025762 -0.266164 -0.0871506
-0.0468262 -0.00305532 0.0853842 -0.0195039 -0.0394517 -0.0651494 0.112929 0.114501 0.160724 0.0606421 0.0332858 0.0165306
-0.0574665 0.163481 0.103097 -0.169857 0.0124349 -0.115842 -0.0232686 0.0861117 0.0135209 -0.0570035 0.0497714 -0.0609116
-0.113734 0.114852 0.0132685 -0.130311 0.0195931 0.0123663 0.0609565 0.113333 -0.0029198 -0.0360259 0.0676945 0.139656
-0.0884403 0.0625651 0.0289693 -0.139225 0.103959 -0.143641 0.0619897 0.118993 0.0546677 -0.0407425 0.12919 -0.110279
0.364341 -0.039223 0.159774 -0.147274 0.186133 -0.0361305 0.277677 -0.139722 0.0620202 -0.192775 0.30511 0.0269019
-0.0988305 -0.0138046 0.0751336 -0.141042 -0.0362289 -0.0463943 -0.0766222 -0.00247459 0.0252408 -0.0825162 0.083866 0.0443176
0.455344 0.182659 0.440632 -0.218848 0.197836 -0.0584408 0.319566 -0.000305679 0.265635 -0.256203 0.321793 -0.0362885
0.285168 1.47734 1.39031 -0.184665 0.196066 0.146748 0.602343 1.34753 1.39797 -0.00012589 0.367683 0.448127
-0.548897 -0.0628742 -0.151975 0.0897387 0.565669 0.669717 -0.423775 0.368861 0.0498623 0.244809 0.635415 0.317241
0.414105 -0.990054 -1.00478 -0.765163 0.14672 -0.222692 0.599995 -1.16277 -0.746854 -0.514064 0.415914 -0.293888
-1.06 -0.708856 -0.823681 -0.595146 -0.523526 -0.788855 -0.514208 -0.668757 -0.691885 -0.717423 -0.475298 -0.604538
-0.247403 -0.273185 1.47415 -0.117174 -0.740006 -0.15308 -0.549802 -0.146329 1.63424 -0.073364 -0.524493 -0.0784373
0.0206385 0.0206215 0.239921 -1.21616e-05 -2.60998e-08 2.98448e-08 -0.00740288 -0.00740288 0.0119856 0 0 0
-0.122977 -0.122985 0.00449312 -6.44162e-07 -5.15811e-08 2.94502e-08 -0.0408613 -0.0408613 0.0159807 0 0 0
-0.030139 0.0146306 0.0620512 -0.0253548 0.00298105 -0.00322846 -0.00494753 0.0149781 0.00887844 -0.0418168 0.00196546 0.00128771
-0.0493426 -0.0481882 -0.0853346 0.00191833 -0.00215964 -0.00203543 6.47146e-05 0.000906005 0.0203851 0.00084129 -0.00232973 -0.00200615
-0.170341 0.126683 0.115957 -0.105954 -0.017009 0.0257461 -0.164881 0.12714 0.0311159 -0.0973627 -0.00307813 0.000401496
-0.158124 0.117956 0.119604 -0.0914317 -0.0181849 0.0255163 -0.154695 0.117812 0.0311265 -0.0833388 -0.00394939 0
-0.0493846 -0.0599322 0.0668109 -0.0178363 -0.00463974 0.00609829 -0.0316249 -0.0370484 -0.0369779 -0.0137347 0.00894514 -0.0169746
-0.0765004 0.146943 0.144164 -0.0769594 -0.0202866 0.0260121 -0.0824768 0.127384 0.0234386 -0.0819332 -0.00298927 0.000135876
-0.0302656 -0.0259008 0.0466477 -0.00186268 0.0105099 -0.0231912 6.72703e-05 0.00309443 0.028388 -0.00215265 -0.00161449 -0.000739973
-0.0905941 -0.0659308 -0.0614437 0.0261853 -0.00210168 0.00673132 -0.0397557 -0.0223748 0.0238664 0.0192618 0.00149165 0.00175107
-0.0928924 -0.0878007 -0.0631934 0.00364327 -0.00742141 0.00318756 -0.0448367 -0.0466535 0.0202447 -0.00220615 -0.00330922 -0.00259547
-0.0945935 0.0263777 0.0468765 0.00364271 -0.00924326 0.00207645 -0.052971 0.0304244 0.0133107 -0.0215279 -0.00617995 -0.00135823
0.0794933 -0.0312026 0.1974 -0.106032 0.00112166 -0.00250309 0.0677999 -0.0416341 0.00433688 -0.106326 0.0011565 -0.00224072
-0.159103 0.0351624 0.12763 0.00107891 0.00376801 -0.0226648 -0.152346 0.0154391 -0.0211494 -0.0138881 0.00190345 -0.0203035
-0.102706 -0.089777 -0.0285822 0.0133522 -0.00883833 0.00844762 -0.0601647 -0.0551564 0.0229601 0.00617907 -0.00292693 -0.00130086
0.17622 -0.254976 0.084114 0.16522 -0.00242979 -0.00220272 0.158699 -0.255384 0.00251042 0.148861 -0.00176408 -0.00264611
-0.00300145 -0.0906429 0.0475389 0.0305006 -0.0162053 0.0139785 0.0298551 -0.0449489 0.0244027 0.0323818 -0.00605081 -0.000731417
-0.239451 -0.1396 -0.0320396 0.0106328 -0.00832934 -0.00435877 -0.175179 -0.0872241 0.0362642 0.0127217 -0.00775001 -0.00168161
-0.0832214 -0.0749536 0.00815618 0.00670359 -0.00812658 0.00647518 -0.047667 -0.0419971 0.0406785 0.00303276 -0.0051425 0.000197789
-0.327366 0.12974 -0.0303066 -0.158677 -0.00129002 -0.000870741 -0.230657 0.192754 0.0148171 -0.143144 -0.00304279 -0.00165369
-0.00862932 -0.0837271 0.102118 0.0753176 -0.00576057 -0.00171946 -0.00214458 -0.0772047 0.0127291 0.0751293 -0.00020754 -0.00760978
-0.0508866 -0.00216818 0.0602311 0.0363572 0.000310313 0.00643437 -0.0244946 0.0233149 -0.015127 0.0363602 0.0115187 -0.00985334
0.14703 -0.203342 0.158913 0.162343 -0.0121081 0.0284693 0.122902 -0.214718 0.0191028 0.15159 0.00171172 0.000342344
0.0463696 -0.116095 0.0417607 0.0412064 -0.0166177 0.0139646 0.0777426 -0.0691045 0.0197347 0.0431903 -0.00631243 -0.00059802
-0.214819 0.0370941 0.114221 -0.0220947 -0.000642564 -0.00182458 -0.20626 0.0367009 0.00693778 -0.0216459 0.00582774 -0.0074928
-0.00843525 -0.141298 0.104402 0.163369 -0.015297 0.0220487 0.00695532 -0.143402 0.0128878 0.137197 -0.00327309 -0.00115922
-0.0608571 -0.0600297 0.0664932 -0.00287049 0.00373235 -0.0187802 -0.0403868 -0.0374827 0.0180998 -0.00303914 -0.00405219 -0.0057406
0.142598 -0.133585 0.106097 0.105458 0.00773955 -0.00220683 0.137738 -0.145607 -0.0163642 0.0871133 0.0101667 -0.00772948
-0.0133834 -0.00860524 0.0540527 0.00649964 -0.0164731 0.0112705 0.00624405 0.0173992 -0.0376046 0.00778753 0.00154347 -0.0206966
0.239146 -0.207702 0.0306535 0.0986985 0.0292394 -0.0189911 0.241392 -0.173712 -0.012598 0.0993142 0.0159575 0.00202968
-0.0576 -0.0518281 -0.0940986 0.00675042 -0.00832691 -0.00790458 -0.0110714 -0.00640974 0.0106182 0.00401418 -0.00899954 -0.00776938
0.0672138 -0.0274868 0.0653998 0.0203791 -0.000586094 0.0210585 0.1042 -0.0238113 0.00753007 -0.00820845 0.00922603 0.00664817
-0.0896828 -0.0362587 -0.0748714 0.050381 0.00662893 0.0124197 -0.0409601 0.00512001 0.0138694 0.0432932 0.00972154 0.00900863
0.334097 0.150082 0.000611484 -0.136247 0.00836708 0.0114781 0.38662 0.210154 0.0551591 -0.122608 0.00101209 0.00310857
-0.503745 -0.352319 0.0189207 0.218019 -0.0151941 -0.00587745 -0.47427 -0.321918 0.0175819 0.215029 -0.00875417 0.00382535
-0.273667 -0.107767 0.0169232 0.138143 -0.000590369 0.0138323 -0.188734 -0.0398299 0.0606618 0.135774 -0.00652829 0.0021272
-0.0947058 0.00454116 0.032476 -0.0512843 0.0010958 -0.033475 -0.0659678 0.0410013 -0.0201842 -0.0455023 -0.00914265 -0.017582
0.198574 -0.196327 0.0250165 0.0994316 0.0273278 -0.0219567 0.205992 -0.165465 -0.0187583 0.100301 0.0136488 -0.000419963
-0.0931065 -0.0333066 -0.0787424 0.0540367 0.00736305 0.0133524 -0.0465295 0.00622121 0.0075173 0.0475015 0.0105631 0.00978545
-0.073751 -0.0139205 -0.0266566 0.0522983 0.00485555 0.0208267 -0.0327114 0.0193147 0.0195098 0.0435718 0.00968985 0.0116408
-0.118313 0.141215 0.0658799 -0.029374 0.0110569 0.00136521 -0.125047 0.123082 -0.015851 -0.0339374 0.00758681 0.00765455
-0.0700226 -0.0567532 -0.0660955 0.00588349 0.000623673 0.00699079 -0.0302246 -0.0241278 0.00479961 -0.000194579 0.0040213 0.00363214
-0.127481 0.046627 0.0963761 0.00820682 -0.0148036 0.00250377 -0.125366 0.0275997 -0.00521786 -0.00659098 -0.00659098 -0.00913125
-0.0606482 -0.204896 -0.0449846 0.137259 0.0128138 0.000428548 0.0182036 -0.120409 -0.00317736 0.132589 0.00814199 0.0066857
-0.0695052 0.0228252 0.13596 0.0267152 -0.0262121 0.0282134 -0.0927955 -0.00284068 0.00737224 0.0273246 -0.00554609 -0.0061548
0.0790935 0.00852919 0.142096 0.0162247 -0.00614449 0.0382342 0.0572312 -0.0145112 0.00745905 0.0108495 0.0126126 0.00847619
-0.328794 0.14957 -0.0052135 -0.0945748 0.0036289 0.0104843 -0.263849 0.185723 0.00458001 -0.0823075 0.00511103 0.004049
0.338923 0.024473 0.0552889 -0.233255 -0.0157307 -0.017269 0.39092 0.0803237 -0.0903537 -0.231359 -0.00142092 0.000835835
-0.0666244 -0.0540292 -0.00419754 0.0102452 -0.0156707 -0.00259463 -0.0304986 -0.0241502 0.0227758 0.00242156 -0.013744 -0.00876998
-0.00682664 0.00499701 0.0475815 0.0187547 -0.0237429 0.00914925 0.0113486 0.0283016 -0.0463053 0.0189845 -0.00539411 -0.0256395
-0.061677 -0.0516901 0.0674574 0.010898 -0.00503772 -0.0214607 -0.0478221 -0.035038 0.00615532 0.00974029 -0.0109578 -0.0127841
-0.152335 0.0837882 -0.0425528 -0.0923064 -9.97265e-05 0.00752846 -0.0690046 0.156036 -0.00620712 -0.0851167 0.00125463 0.00211306
-0.0318339 -0.221344 -0.0499609 0.155509 0.0112218 -0.00131407 0.0428185 -0.137721 -0.00906667 0.149633 0.00661801 0.00529441
-0.061739 0.0665169 0.0868845 -0.0178077 -0.0177672 0.0335995 -0.0681201 0.0511924 -0.00382237 -0.0217739 0.00109211 0.00116036
0.0556765 -0.0491717 -0.0675717 -0.0263731 0.00141626 0.00150738 0.06029 -0.0357251 0.089905 -0.02656 0.0109731 -0.000872864
-0.495103 -0.249563 0.0482868 0.238765 -0.0288377 -0.0100083 -0.431198 -0.182756 -0.0355867 0.230981 -0.0380811 -0.0116405
-0.0158489 -0.0715382 0.0580589 0.0938264 -0.00136627 0.00969889 -0.0181877 -0.0848306 -0.0244991 0.0805552 0.00285031 0.00441119
-0.0701566 -0.0478532 -0.0503603 0.0179039 0.00598444 0.0154362 -0.0370189 -0.0231206 -0.000779345 0.0102614 0.0108459 0.0100665
-0.102552 -0.0301495 0.0870401 0.105514 -0.0266534 0.0122496 -0.0852639 -0.0396671 -0.00504359 0.0774259 -0.0175844 -0.00742907
-0.118191 0.0157256 0.0786667 0.0591498 -0.00606428 0.00864775 -0.11897 -0.0048027 -0.0157803 0.0432929 0.0027444 -0.00377355
-0.257427 -0.327891 0.0970069 -0.0916287 -0.0187785 -0.00139648 -0.261014 -0.30526 0.00892232 -0.0780337 -0.00394922 0.000365669
-0.0202279 0.0191376 0.0626853 -0.00227575 -0.0307616 0.0163001 -0.0167551 0.0198925 0.00287039 0.00206935 -0.0192917 -0.00520675
-0.129168 -0.080162 -0.0450153 -0.00209356 -0.0150794 -0.0179736 -0.0526341 -6.61232e-05 -0.0107781 -0.00581884 -0.0169275 -0.0141504
-0.0805559 -0.0618944 -0.100561 0.0162905 -0.0185314 -0.0122333 -0.0397896 -0.0230054 -0.00667481 0.0123776 -0.0176915 -0.0152289
-0.0535445 -0.0525775 -0.00271845 0.00508556 0.00891063 0.0142247 -0.0296358 -0.0316248 0.0139892 0.000795592 0.00901671 0.0143207
0.145125 -0.376661 -0.0432798 0.166551 0.00388194 0.0111944 0.190439 -0.288277 -0.00689373 0.159749 0.00841831 0.00550173
-0.268541 0.0784557 0.00288334 0.0198301 0.0142134 -0.00384502 -0.239775 0.072191 -0.0208885 -0.00306183 0.00979784 0.00517108
-0.0937276 -0.052947 -0.0147272 0.0289625 0.0199912 -0.0152436 -0.0677782 -0.0294775 0.00534739 0.0260017 0.00762003 0.00741951
-0.000482559 0.0108752 0.0558327 0.0174328 0.000153989 0.0147056 -0.00441144 0.0113043 -0.0173701 0.020334 0.00523859 0.00627252
-0.0453925 -0.00653338 0.0683346 -0.0213985 0.0136588 0.0217092 -0.0496074 -0.0078545 -0.00985258 -0.0192918 0.0194296 0.0086124
-0.141176 0.0784349 0.0499005 0.015344 -0.000455873 0.0139597 -0.138324 0.058206 -0.0320201 0.00373115 0.00461306 0.0078015
-0.0941639 0.0360074 0.0621509 -0.00497944 -0.0187701 0.0107009 -0.0702486 0.0261817 -0.0176812 -0.0322341 -0.0106087 -0.00496432
-0.112988 -0.0607128 -0.0988172 0.0395341 -0.00815078 7.93925e-05 -0.0750781 -0.0268414 -0.0176349 0.0357885 -0.00551092 -0.0043439
-0.154782 0.222336 0.0703471 -0.124362 -0.037279 0.0296931 -0.154742 0.18689 -0.0096714 -0.122323 -0.0182531 -0.00279245
1.09785 0.501363 0.0657564 -0.532663 -0.0189576 -0.00279726 1.02755 0.489311 0.0118256 -0.485841 -0.00361141 0.00977205
-0.18592 0.173438 0.14527 -0.0968545 -0.0105345 0.0241398 -0.204273 0.132157 -0.0115963 -0.0944172 0.00754789 0.00144096
-0.159167 0.0341127 -0.00825214 -0.0666289 0.0110375 0.0165407 -0.111304 0.0704856 -0.011283 -0.0585389 0.0149334 0.00856181
0.151069 -0.175462 0.105038 0.117491 -0.0130604 0.026501 0.122021 -0.187031 -0.00719352 0.116844 0.00221856 0.00268917
0.194389 -0.158366 0.130982 0.107278 -0.000716493 0.0389156 0.147657 -0.183588 -0.00799979 0.101353 0.0181012 0.00711845
-0.0793145 -0.0681341 0.0484779 0.00863534 -0.0102339 0.0175545 -0.0670142 -0.0531082 -0.0620527 0.010412 0.0087349 -0.0146746
-0.0410645 -0.195439 -0.0606914 0.114395 -0.004947 -0.0148672 0.0279157 -0.115433 -0.0224913 0.1069 -0.00893037 -0.0079381
-0.0925555 -0.0707088 -0.0237575 0.0142927 0.0133006 -0.0258804 -0.0685441 -0.0487975 -0.00341382 0.0127851 -0.00127181 -6.69376e-05
0.714463 0.154632 0.0343332 -0.399953 -0.0227342 -0.00662702 0.718167 0.204328 -0.0162561 -0.375581 -0.0402379 -0.0111057
-0.0718856 -0.0433385 -0.0119722 0.0241511 -0.0217133 -0.00850928 -0.0412122 -0.0200492 0.00786242 0.0159214 -0.0195905 -0.0142179
-0.168864 0.26727 0.0725379 -0.124761 -0.0283982 0.0312703 -0.174623 0.230287 -0.0151935 -0.120117 -0.00906158 -0.00102198
-0.087903 -0.0638287 -0.0440928 0.018242 -0.0200615 -0.00595592 -0.0539383 -0.0369154 -0.0033263 0.012653 -0.0168272 -0.00978324
-0.0322955 -0.00664425 -0.00977123 0.0214914 0.0251534 0.000935555 -0.0111288 0.014701 -0.0377829 0.0196471 0.0195097 0.0074192
-0.0547757 -0.0219717 0.0649303 0.0364597 -0.0131797 -0.0233013 -0.0506812 -0.0150417 -0.0137544 0.0346909 -0.0168712 -0.0191748
-0.439029 -0.305339 0.183241 0.175729 -0.0414534 -0.0289994 -0.326995 -0.216999 0.110445 0.156164 -0.0368898 -0.0127206
-0.343353 -0.245387 0.233575 0.0541197 -0.0500277 -0.0441583 -0.23676 -0.15852 0.104471 0.0365874 -0.0489848 -0.0273649
-0.057806 0.0334857 0.0538396 -0.0326125 0.0137232 0.0220635 -0.0625693 0.0303199 -0.0190878 -0.0296309 0.0195012 0.0115078
0.0198071 -0.0589209 0.0330877 0.0822213 -0.0289252 0.0111777 0.0218167 -0.0534409 -0.0115422 0.083664 -0.0192147 -0.00680521
0.764973 0.175131 0.0317929 -0.482649 0.00555302 -0.0125704 0.748345 0.196907 -0.139406 -0.451314 0.0245715 0.0165482
0.222815 -0.23636 0.0994228 0.1613 -0.0211347 0.0253332 0.177963 -0.24485 -0.00946897 0.158622 -0.00604402 0.00241761
1.13789 0.374409 -0.0142633 -0.616137 0.0129886 -0.00425563 1.09234 0.391149 0.0471118 -0.556504 0.00413386 -0.00762627
-0.00821948 0.0190368 -0.0116459 0.0206222 0.0145206 0.0234297 0.00719756 0.0308373 0.00283941 0.0157158 0.0159139 0.0216587
-1.01061 -0.234274 -0.00508523 0.682687 -0.00286558 0.00120377 -0.991067 -0.225678 0.0277175 0.677852 0.00178343 0.000891715
-1.07847 -0.514561 0.0566539 0.457537 -0.0161786 0.00724246 -1.00262 -0.453001 0.0688436 0.457881 -0.0205705 -0.00795793
0.604556 0.191873 0.105964 -0.350881 -0.0100374 0.0177961 0.66297 0.267345 0.0865089 -0.329603 -0.0138993 0.0123067
-0.470429 -0.119828 0.12394 0.31326 -0.0032984 -0.000362299 -0.374637 -0.0589511 0.0620084 0.29013 -0.0364525 -0.00917191
-0.387344 -0.0391316 0.0352211 0.326414 0.00277975 -0.00225976 -0.352795 -0.0506326 -0.229953 0.298638 0.0646446 0.0399731
-0.298898 -0.0818682 0.128411 0.188634 -0.0054356 -0.00591259 -0.200475 -0.0141915 0.0649536 0.168973 -0.0376622 -0.012632
-0.547203 -0.27358 0.17039 0.289203 -0.0343163 -0.00108795 -0.441516 -0.183503 0.108845 0.278061 -0.03112 0.00800443
-0.875837 -0.331468 0.0471042 0.438243 0.0125089 0.00631701 -0.838035 -0.303466 -0.201236 0.436346 0.0597353 0.042581
1.17516 0.331208 0.0321195 -0.649858 -0.015866 -0.00836064 1.12353 0.355991 -0.00723269 -0.598247 -0.0382299 -0.0153397
-0.482549 -0.211897 0.167183 0.272375 -0.0279827 0.00202933 -0.378679 -0.120306 0.108514 0.264195 -0.0247029 0.00992595
-0.901174 -0.285386 0.0960243 0.539504 -0.0146593 0.0167834 -0.81793 -0.220995 0.0414416 0.527999 -0.0485756 0.000641262
-0.890278 -0.312498 0.0905461 0.496552 -0.0202346 0.0155366 -0.806622 -0.241842 0.0369715 0.48947 -0.0538498 -0.00112522
0.219997 0.0325298 0.146654 -0.19333 -0.0175521 -0.01695 0.322552 0.123184 0.0718831 -0.1986 -0.0445429 -0.0181244
0.0423179 0.308582 -0.145474 -0.122769 0.0385325 0.0286048 0.0918322 0.371259 -0.02374 -0.138109 0.0243816 0.030076
0.0864613 0.116884 0.196011 0.0178447 -0.00593008 -0.0329472 0.183192 0.180304 0.116402 -0.0120696 -0.00148094 -0.00999632
0.394554 -0.190441 0.00600857 0.221503 -0.0179993 0.0258754 0.433764 -0.142323 -0.00187933 0.196462 -0.0105532 -0.00614396
1.5216 0.879034 0.0235876 0.15464 0.0176178 -0.00267427 1.41886 0.81136 0.0510245 0.142951 0.0161005 -0.00828704
0.331283 0.80671 0.0230874 -0.0955297 -0.00431888 0.0036797 0.370307 0.753666 0.0378291 -0.0808541 -0.0142572 0.00323163
0.0329354 0.229608 0.183823 -0.334002 0.017025 0.013348 0.0983153 0.33318 0.0871354 -0.347347 -0.0157031 -0.0238107
-0.0932005 0.371388 0.366482 0.0452186 0.0389686 -0.0187182 -0.193759 0.0187825 -0.148463 0.0753478 -0.202797 -0.00658749
0.123173 0.432431 0.396851 0.181021 -0.0465888 -0.148283 -0.00695654 0.129997 0.0145503 0.170727 -0.195686 -0.132971
0.27506 -0.188376 -0.0854788 0.263823 -0.0853014 -0.0768007 0.313101 -0.133139 -0.0489365 0.247258 -0.0814288 -0.0874385
-0.175789 -0.527991 -0.0778084 0.411125 -0.0127736 -0.100969 -0.137199 -0.459739 -0.00251682 0.391075 -0.0242002 -0.104416
1.33391 1.87765 0.107274 -0.396189 -0.0108222 0.0361564 1.18723 1.69031 0.0283274 -0.37753 -0.00958967 0.0336269
0.20466 0.453858 0.42441 0.0516705 -0.0992294 -0.0276203 0.0626428 0.149835 0.0555532 0.0541776 -0.225387 -0.0232265
0.28442 0.127425 0.184053 0.0861335 0.197622 -0.0501957 0.143354 -0.257319 -0.31096 0.0643022 -0.104408 -0.085681
0.259061 0.244648 0.248816 -0.201469 0.0631843 0.144891 0.120463 0.0404319 0.0444387 -0.176454 -0.0213868 0.120828
0.0677915 0.0677929 0.0677936 -1.01809e-05 -2.97055e-06 -6.58234e-06 0.0466003 0.0466003 0.0466003 0 0 0
0.176302 0.119383 0.164122 0.0826947 0.198442 -0.0435262 0.0462569 -0.276707 -0.353932 0.0639368 -0.118811 -0.0751674
-0.389715 0.345706 0.0183306 -0.284349 -0.0451904 -0.0286986 -0.383858 0.344593 -0.0489188 -0.303527 -0.0433713 -0.0518726
-0.173547 0.269081 0.308356 -0.0568851 0.0186502 0.0141019 -0.256254 0.0567652 0.0948005 -0.0622063 -0.0660778 -0.00685368
0.66214 0.0451114 0.181901 -0.196823 -0.0152017 -0.0225354 0.667511 0.0817522 0.0502888 -0.179828 0.0558179 -0.0812914
0.292589 0.342667 0.29698 0.203748 -0.0267359 -0.185967 0.150452 0.126513 0.0549559 0.1708 -0.112097 -0.166637
-0.152815 0.156427 0.231991 -0.0187856 0.0900381 -0.00757655 -0.208455 0.0412691 0.132349 -0.0292795 0.0400341 -0.0127101
0.101514 0.268925 0.252465 -0.143243 0.0403095 0.0872606 -0.00830825 0.109033 0.139445 -0.132932 0.00292327 0.0723126
0.104434 -0.141148 -0.264943 0.127959 0.120902 -0.0934986 0.0426233 -0.18129 -0.31392 0.15711 0.123409 -0.138591
0.10012 0.0119257 -0.273874 0.0908609 0.0396435 -0.18049 0.057627 -0.0335162 -0.318554 0.131788 0.0373605 -0.237264
1.12102 1.74115 -0.0709411 0.292194 -0.0657308 0.0132746 1.00917 1.59334 0.00758583 0.269613 -0.0685253 0.00891335
-0.8145 -0.417392 0.0247388 -0.14452 0.038197 -0.0101068 -0.763121 -0.345826 0.0249039 -0.126589 0.0346999 -0.0531191
0.358669 0.239874 0.252183 -0.0502654 0.0957341 0.0723226 0.195774 0.0243297 0.0688051 -0.0681852 0.0182344 0.0369337
0.144222 -0.299275 -0.0773414 -0.292029 -0.0353142 0.0817374 0.206846 -0.305672 -0.0635142 -0.270901 -0.0472879 0.0777315
-0.0931877 0.108955 0.105991 0.139666 0.132051 -0.0865227 -0.152846 0.0121494 -0.0047877 0.122781 0.0768091 -0.0609531
0.0573359 0.0573211 -0.0946481 1.10223e-06 -4.18336e-06 3.93199e-06 -0.00156045 -0.00156045 0.000817377 0 0 0
0.28111 0.22872 0.243497 -0.0332498 0.0988733 0.0630775 0.131053 0.0285568 0.0875228 -0.0547467 0.0346283 0.0319528
-0.00148519 -0.0059255 0.139983 -0.00851286 0.218901 0.0222112 -0.0397485 -0.0179851 0.136626 -0.027557 0.181715 0.0325444
0.0201752 -0.426517 0.00911641 -0.164459 0.0213403 -0.259166 0.0157137 -0.505696 -0.0431187 -0.137326 -0.0176309 -0.282546
-0.422015 0.0639215 -0.0677404 -0.192835 0.0373279 0.0135196 -0.382283 0.0403018 0.000455021 -0.178433 0.0356216 0.0174858
0.0151162 0.0174265 -0.460499 -0.142068 -0.113033 -0.29555 -0.0226039 -0.0726717 -0.52784 -0.10556 -0.134456 -0.340152
0.116883 0.204584 0.229996 0.00740431 0.110016 0.035876 -0.00965999 0.0315866 0.121644 -0.0187066 0.0668533 0.0124711
-0.226056 -0.116289 -0.271151 0.209892 0.0336762 -0.0127195 -0.374095 -0.215035 -0.197424 0.281802 0.0419996 -0.0184434
-0.157042 0.0157758 0.0215699 0.139417 0.214232 -0.07779 -0.191457 -0.0300204 -0.037066 0.117325 0.153421 -0.0497787
0.408752 0.0722564 0.115414 0.0367232 0.146967 -0.0369238 0.309842 0.0100585 0.0451874 0.00217344 0.0939129 -0.0240595
-0.19263 0.227326 0.238005 0.0247461 0.0838751 -0.0318616 -0.268016 0.113317 0.212672 0.0076388 0.0724421 -0.0359681
0.0914853 0.0153577 -0.115628 -0.00724832 -0.00516549 0.00770296 0.0282507 -0.0176567 -0.0088841 -0.000297376 0.0021188 -0.00423761
0.62758 -0.224309 0.264755 -0.259997 -0.0528362 0.0357475 0.70733 -0.161385 0.0959345 -0.233784 -0.0262251 -0.0249549
0.0195327 -0.0237818 -0.277626 -0.22513 -0.146617 -0.240874 -0.00349032 -0.0952145 -0.331506 -0.211108 -0.165659 -0.26579
0.400872 0.0157522 0.0954927 -0.011098 0.193304 0.0178047 0.314361 -0.0153764 0.053566 -0.0412549 0.139794 0.0272855
-0.231784 0.215791 0.237833 0.0526392 0.0961729 -0.0477325 -0.30543 0.104084 0.216605 0.0316293 0.0851365 -0.0510819
-0.00110626 -0.310804 0.124508 -0.05496 0.0351464 -0.337164 -0.0456464 -0.360644 0.0950717 -0.00624832 0.0157892 -0.40659
-0.319004 -0.264049 -0.103055 0.239175 -0.0122824 -0.00667259 -0.4391 -0.438491 -0.0388561 0.285465 -0.00962839 -0.0101612
-0.109562 0.177105 0.221916 0.0696715 0.129617 -0.0143003 -0.206461 0.0354165 0.16521 0.0398309 0.103916 -0.0289726
0.0937679 0.00747156 -0.124781 -0.00783586 -0.00802884 0.0112994 0.0312333 -0.0175501 -0.0129767 0.000743649 0.00267714 -0.0065813
-0.134056 -0.116317 -0.280354 0.0613381 -0.0111328 -0.0134083 -0.201156 -0.244237 -0.196244 0.0975361 -0.0133399 -0.0224473
-0.134181 -0.259382 0.0244713 0.0262997 0.106486 0.299132 -0.193182 -0.278095 0.0170201 -0.0372643 0.138598 0.339952
0.0177801 -0.0452225 -0.151074 -0.2549 -0.15761 -0.205036 0.0033306 -0.100667 -0.196992 -0.252041 -0.175175 -0.217088
-0.00835228 -0.399529 0.0873553 -0.247675 0.0651302 -0.149103 0.0744574 -0.324064 0.035658 -0.213099 0.0789571 -0.14416
0.110332 0.327912 -0.00367188 -0.0493069 -0.156714 -0.302585 0.134855 0.282864 -0.0800657 0.00117906 -0.184265 -0.329106
0.225151 -0.00956202 -0.212868 -0.0998383 0.0362863 -0.0323641 0.229574 -0.103898 -0.111083 -0.0742662 0.0431079 -0.0466071
-0.232245 -0.083107 -0.0970051 0.0509983 -0.0485514 -0.0390925 -0.339651 -0.18058 -0.010321 0.0253881 -0.0761267 -0.0159712
0.0909414 -0.114781 0.249207 0.117615 0.0792349 0.177488 0.075654 -0.122896 0.163341 0.0944468 0.0644377 0.222505
0.0297439 -0.0209312 -0.0660303 0.0357469 -0.0271112 0.00664461 0.00163745 -0.0106434 -0.0671353 0.0292135 -0.00617764 -0.0244873
-0.103744 -0.0367401 -0.110622 0.0311733 0.11441 0.138468 -0.128537 -0.0316745 -0.133341 -0.00810628 0.13608 0.171283
0.297994 0.220394 -0.0757973 -0.162199 0.00453965 0.037047 0.38008 0.155749 0.0743738 -0.219383 -0.000109966 0.0452328
0.277458 0.164721 -0.0402143 -0.132796 0.00714332 0.0746196 0.341697 0.104765 0.10018 -0.204138 0.0218261 0.0640476
-0.12524 -0.104621 -0.0254089 -0.227849 0.0127263 -0.0899496 -0.0994797 0.0106641 -0.0324593 -0.230796 0.00288008 -0.0906837
-0.472878 -0.246953 -0.00179505 0.104074 -0.0407382 0.10568 -0.466753 -0.248463 -0.0646268 0.0562879 0.000151617 0.0839201
-0.440094 -0.288713 -0.218246 0.177865 0.0126149 0.0323659 -0.586443 -0.441403 -0.136729 0.242015 0.0170433 0.0538109
0.209761 0.132907 -0.187972 -0.101414 0.0368349 0.0620986 0.266418 0.140276 -0.159916 -0.0960648 0.0488131 0.0476626
0.277796 0.238655 -0.111627 -0.165603 -0.00560184 0.00639306 0.364246 0.16741 0.0317039 -0.206828 -0.0246137 0.0235116
-0.083544 -0.0387595 -0.060689 0.0340028 0.140493 0.128159 -0.0981416 -0.0182354 -0.0715936 -0.00797565 0.163108 0.16131
0.0172026 -0.0602617 -0.0829518 -0.00858215 -0.0469379 -0.0505196 -0.0202314 -0.0928329 -0.13785 -0.0193355 -0.0303844 -0.0704739
-0.0141492 0.181829 -0.314574 -0.122286 -0.0634746 0.143683 0.0212684 0.155583 -0.333552 -0.175511 -0.0822427 0.230712
-0.0383167 -0.0340772 -0.0276198 -0.0196012 -0.0554307 -0.0792832 -0.0315094 -0.0842858 -0.104212 -0.0336696 -0.0522922 -0.0754215
0.0571632 -0.0586493 -0.2749 -0.0461341 0.0642237 -0.082795 -0.0221019 -0.0960124 -0.257432 -0.0688906 0.0853735 -0.105752
0.329905 -0.101698 -0.208069 -0.139766 0.0609565 -0.0236272 0.349005 -0.202271 -0.103146 -0.108804 0.0634656 -0.0266518
-0.254741 0.112197 -0.0845242 0.187905 0.0419394 0.0311104 -0.291692 -0.00984077 0.00893932 0.224647 0.0626128 0.0335788
-0.308359 0.16645 -0.26784 0.274114 0.0334898 0.0607042 -0.425123 0.121442 -0.176257 0.247926 0.0671168 0.0329188
0.0475984 -0.0647631 0.0863779 -0.160664 -0.0789344 -0.133702 0.0534019 -0.113623 -0.0350299 -0.157411 -0.10263 -0.100618
0.606399 -0.269265 -0.117082 0.383014 0.0306583 0.111867 0.627943 -0.256159 -0.054287 0.374682 0.0281227 0.112334
0.458169 0.174512 0.0217361 -0.169602 -0.0618497 -0.00189374 0.507761 0.212025 0.162323 -0.152565 -0.0399072 -0.025743
-0.0925896 0.0405228 -0.0845497 0.315388 0.0536574 -0.0111442 -0.150372 -0.0751861 -0.00821234 0.390968 0.0445491 -0.00948732
0.12383 0.121111 -0.207612 -0.100049 -0.0290108 -0.0203898 0.175534 0.0253206 -0.0856663 -0.110429 -0.0525747 -0.0104852
-0.0448406 -0.5087 0.473231 -0.173927 0.15901 0.0676194 0.00548981 -0.611738 0.452346 -0.229557 0.188496 0.112128
0.482803 -0.425733 0.0539014 0.164278 -0.0237546 -0.050739 0.585589 -0.416815 0.0074459 0.144187 -0.00915225 -0.0211743
0.083585 0.056313 -0.22379 -0.36423 -0.0490128 -0.0828553 0.12395 0.0293574 -0.225993 -0.388651 -0.0834899 -0.00514128
-0.0354471 0.106987 -0.081811 0.309159 0.0685219 -0.012267 -0.0784493 0.00978748 -0.000859206 0.384551 0.053084 -0.00724722
-0.0227866 -0.202477 -0.0970719 0.157101 0.0774173 0.00121427 -0.0392889 -0.21352 -0.249894 0.153615 0.0891982 0.0156184
0.0150485 0.150191 -0.0811605 0.288218 0.0788035 -0.0122711 -0.0177256 0.0691893 0.00394729 0.359948 0.0580922 -0.00353767
0.163499 0.0698793 -0.00239754 0.125787 -0.0653445 -0.0363929 0.115436 0.0445099 0.107114 0.0833725 -0.0419835 -0.0289426
-0.0679479 -0.00350642 0.0658476 0.0507754 0.149325 0.0763507 -0.0297251 0.0454794 0.0901786 0.0137479 0.167427 0.108014
0.00861073 -0.0137646 0.00279307 -0.212884 0.0532779 0.000450335 -0.102017 -0.00394375 0.110462 -0.225054 0.0471018 0.0169284
0.20315 -0.434732 -0.128687 0.191765 0.0933158 0.0488878 0.221789 -0.431172 -0.131847 0.178585 0.117927 0.0684479
0.435371 -0.0454276 -0.0348239 -0.295165 -0.00219142 -0.122443 0.47544 -0.105604 0.087304 -0.400729 -0.0527285 -0.0810075
-0.0870438 0.0264812 0.108173 0.0614988 0.0993886 0.0320395 -0.0122852 0.0791509 0.141391 0.0288629 0.110604 0.0622772
0.420193 -0.0410237 -0.0430443 -0.291346 -0.00244282 -0.121578 0.446889 -0.094627 0.076601 -0.400884 -0.0508708 -0.0806191
0.151472 0.0543985 -0.134844 0.152518 -0.0741601 -0.113092 0.167079 0.0663562 0.0250043 0.137951 -0.0573279 -0.0887969
-0.162945 -0.0637903 -0.0217083 0.185417 -0.0045718 0.0610082 -0.238682 -0.11769 0.0809238 0.0895902 0.0232604 0.0273123
-0.848545 0.231158 0.0254825 0.0998498 0.124274 -0.0644547 -0.807361 0.281949 -0.0593062 0.158676 0.139884 -0.0903498
-0.297453 -1.27921 0.375002 -0.703859 0.0749939 0.251519 -0.296847 -1.22901 0.403364 -0.694725 0.0380283 0.263738
0.111769 -0.100625 -0.204179 -0.079345 -0.0297459 0.0470611 0.252863 -0.0773278 -0.114528 -0.0782283 -0.0382137 0.00219489
0.0558699 -0.013078 -0.101964 0.000992095 0.000658989 -0.0473022 0.213998 0.0116145 -0.0389955 -0.000392761 -0.0124561 -0.0983023
-0.619752 -0.638949 0.332545 -0.159619 0.151812 0.0107549 -0.643956 -0.593685 0.125201 -0.144773 0.0756576 0.0275678
0.0215893 0.0801897 -0.072811 0.00684895 0.0118856 0.107205 0.0574336 0.0604062 -0.0196306 0.0277633 -0.000841313 0.0148071
-0.104248 -0.0950408 -0.180819 0.175793 0.0452304 0.0753246 0.00663175 -0.0777672 -0.123169 0.202127 0.0422845 0.0457987
0.237001 -0.211401 -0.108144 -0.0386441 -0.0712147 0.0470626 0.290359 -0.201256 -0.015572 0.000224867 -0.0766234 -0.0262532
0.263827 -0.226528 -0.153558 -0.0744729 -0.0389024 0.0751322 0.324792 -0.220795 -0.0704965 -0.0234048 -0.0485016 0.00620369
-0.510152 -0.0341426 0.096297 0.00900478 -0.0634851 0.120771 -0.469447 -0.0852459 0.190373 0.0156331 -0.0657611 0.12076
0.0251706 -0.0724901 -0.0347635 0.110908 0.0539603 -0.119007 0.158579 -0.0539055 0.00717246 0.105121 0.0261683 -0.17382
0.310461 -0.15123 -0.190869 -0.101633 0.0026246 0.109734 0.376564 -0.152512 -0.118068 -0.0422357 -0.0108413 0.0444943
-0.133254 -0.0308177 -0.0834512 -0.0715034 -0.0368425 0.118631 -0.0923852 -0.0534535 -0.0665626 -0.0443562 -0.042435 0.0470119
-0.00878596 -0.874869 0.128132 -0.181075 0.24163 0.0823123 -0.00982616 -0.901522 0.0916471 -0.251313 0.21717 0.110497
0.0454183 -0.0178897 -0.0243475 0.0997048 0.0166817 0.0432709 -0.0271797 0.0151953 0.00619757 0.0403589 -0.00153073 0.0247903
-0.507355 -0.219758 0.0544918 0.0606491 -0.0730119 0.0129665 -0.455275 -0.172925 -0.132741 0.065343 -0.000212613 -0.0495388
-0.172442 -0.10816 -0.0847439 -0.072061 -0.0406527 0.115032 -0.124512 -0.124399 -0.0661083 -0.0437323 -0.0465081 0.0490006
-0.157334 -0.113687 -0.0783238 -0.134208 0.0141875 -0.0933669 -0.235034 -0.049397 -0.0970488 -0.0719329 0.00997804 -0.0527356
-1.02595 -0.135032 -0.559636 -0.586487 0.596463 0.795648 -1.00162 -0.0606185 -0.56914 -0.492878 0.576147 0.756862
-0.397276 0.0866504 -0.0189813 -0.0158165 0.0767233 -0.00576189 -0.398376 0.0439123 0.0550458 -0.00955107 0.0565717 -0.0511463
-0.0700774 0.0531135 -0.397016 0.0489536 -0.000265583 0.16237 -0.0346339 0.0248448 -0.293215 0.0753359 0.0219825 0.10436
0.0223095 0.0989317 -0.429258 0.178988 0.0522752 0.157507 0.0706071 0.0603162 -0.348176 0.195013 0.0683774 0.0861007
-0.00619018 0.101926 -0.428886 0.156699 0.0380778 0.156791 0.0387231 0.0658351 -0.34153 0.173882 0.0560542 0.0876848
-0.0985608 0.218617 -0.0565665 0.0129446 -0.0560468 0.141499 -0.00551466 0.233416 0.0418101 0.0344948 -0.050476 0.0655007
-0.132232 -0.0895095 -0.0894882 -0.00238626 -0.0779153 0.0209518 -0.0779481 -0.108486 0.014791 -0.00731115 -0.119228 -0.0460602
0.121625 0.108215 0.754311 -0.59012 -0.673028 0.00505519 0.156697 0.0652989 0.593807 -0.566638 -0.541099 -0.0592839
-0.134097 -0.171717 -0.165223 -0.068558 -0.0425303 0.0179422 0.0031279 -0.139106 -0.102936 -0.0276392 -0.0295728 -0.00261606
0.160927 -0.0109878 -0.158751 -0.0594548 0.0599983 -0.0188017 0.132508 -0.0278024 -0.0612546 0.00884623 0.0078055 0.0432648
-0.339973 -0.204805 -0.0709357 -0.050059 -0.0417535 0.0639109 -0.241412 -0.183863 -0.0112708 -0.0141739 -0.0502634 0.0210617
-0.0806572 -0.427362 -0.184582 -0.0704418 -0.150437 0.22591 -0.127482 -0.405221 -0.199357 -0.0351241 -0.119866 0.252006
0.0421485 0.0439588 -0.0871303 0.00649185 -0.0150203 -0.00315737 0.00508411 0.00706341 -0.00834414 0.00489006 -0.0127685 -0.0015524
-0.0260512 0.173434 -0.0574359 0.0179361 -0.0140457 -0.0512895 0.0202261 0.152894 0.0308686 0.0189446 -0.0596755 -0.112999
-0.0107102 -0.298942 -0.950116 -0.0607156 -0.011776 0.0438794 -0.151669 -0.316918 -0.822081 -0.0259276 0.0166291 0.0169764
-0.189749 0.11349 0.00371194 -0.0739182 -0.0481101 0.0132403 -0.0787246 0.113163 0.0611114 -0.0544151 -0.0410223 -0.0406284
-0.139276 0.0799149 -0.124647 -0.0778902 0.0449965 0.0475831 -0.0656995 0.0906956 -0.0646298 -0.0831518 0.0181842 -0.0311889
-0.321273 0.0471991 -0.00115585 -0.234114 -0.0417188 0.139919 -0.272014 -0.00294805 0.0873644 -0.191793 -0.0449578 0.149557
-0.056301 -0.0658813 -0.16797 -0.244753 -0.0417934 -0.00351766 0.0430285 -0.0448354 -0.110903 -0.186061 -0.0147381 -0.0418426
-0.172564 -0.082998 -0.0774001 -0.189487 -0.134646 0.000499206 -0.19534 -0.0727693 -0.216004 -0.192664 -0.176088 0.0181366
0.630138 -0.587305 0.026925 -0.146863 -0.0663472 0.0508683 0.743196 -0.640595 -0.0102877 -0.1263 -0.0551128 0.0511631
-0.0785748 -0.0540142 -0.163515 -0.188535 0.0113248 0.00676191 0.00326736 -0.043546 -0.104837 -0.123146 0.0390393 -0.0395463
-0.183824 0.104207 -0.0549345 -0.0226071 0.0620443 0.0284965 -0.110756 0.090333 0.0194693 0.0417439 0.0777088 -0.0252484
-0.0406365 -0.12292 -0.247597 -0.0486993 -0.0632086 -0.00787385 -0.0731231 -0.168839 -0.24542 -0.0603138 -0.068133 -0.00392924
-0.356997 -0.453001 -0.193599 -0.139039 0.0490368 -0.0275962 -0.435168 -0.391597 -0.196282 -0.117065 0.0549372 -0.00309288
0.0698657 -0.0415595 -0.300618 -0.0899289 -0.0036368 -0.00965419 -0.00297675 -0.0718566 -0.180075 -0.0377558 0.00889258 -0.0159011
0.102338 0.105798 -0.108619 0.0442622 -0.0771729 -0.00492344 0.0447624 0.055953 -0.0230418 0.033533 -0.06217 0.00221481
0.00228 -0.0528185 0.0030483 -0.0534998 -0.0101301 0.0301642 -0.0205882 -0.0686144 0.0476759 -0.0446013 -0.0133103 0.0323807
0.356263 -0.728747 0.462898 0.0555004 0.0529328 -0.106651 0.325818 -0.57125 0.479953 0.04293 0.0278951 -0.0834603
-0.167083 -0.133922 -0.141907 0.0317856 0.171013 0.166091 -0.163025 -0.128461 -0.0478536 0.0292154 0.194324 0.227
0.135191 0.0410577 -0.22147 0.0281909 -0.214929 -0.145719 0.0843809 -0.0217002 -0.177816 0.00780581 -0.243541 -0.207908
-0.0553747 -0.126621 -0.235273 -0.0781867 0.13837 0.126698 -0.0610164 -0.131311 -0.156079 -0.0811455 0.165869 0.155568
-0.114081 -0.271845 0.173873 0.0990947 0.0166061 0.119822 -0.137756 -0.124951 0.269762 0.072723 -0.00582381 0.116028
-0.103509 0.188416 -0.227461 0.035475 -0.0790765 -0.0242743 -0.135701 0.163646 -0.156025 0.0432664 -0.0619488 -0.0220045
-0.195394 -0.194608 -0.312522 0.0207538 0.111835 0.0946434 -0.21709 -0.206545 -0.272592 0.0158576 0.109536 0.0889214
0.0085814 -0.0931859 -0.147724 -0.0849093 -0.0102428 0.0194493 -0.0210447 -0.118117 -0.0343299 -0.0851586 -0.0156366 0.0301366
0.396184 1.48458 0.0620966 0.273668 -0.00771427 0.0180014 0.312346 1.36025 -0.10381 0.290264 -0.0951214 0.016398
-0.0152594 -0.0266846 -0.0225393 0.0281198 -0.267295 -0.227708 -0.0828639 -0.0642156 0.06839 0.0257487 -0.352445 -0.25854
0.07669 -0.0109878 -0.169263 0.0162136 -0.176036 -0.126079 0.0339193 -0.0577292 -0.122796 -0.0017955 -0.197271 -0.194187
-0.030015 -0.0265191 -0.0407774 0.042515 -0.260896 -0.229324 -0.0980879 -0.0593289 0.0395396 0.0397348 -0.347465 -0.25773
0.0849848 0.0246453 -0.0696387 0.0944599 0.0882755 0.0467127 0.0848351 0.0430773 0.069273 0.0814976 0.0787422 0.0478119
-0.0901947 0.025264 -0.0988097 -0.0358445 0.0804514 0.237093 -0.159432 -0.035648 -0.00783347 -0.0407189 0.038297 0.140511
-0.518142 -1.02862 0.0191516 -0.0391308 0.0879741 -0.0730303 -0.491481 -1.00207 -0.0262725 -0.0886365 0.0792155 -0.0624967
-0.252485 -0.531852 -0.0539007 0.0664051 0.0941618 -0.0483533 -0.253783 -0.502939 -0.0751092 0.0956216 0.128858 -0.033082
-0.0227988 -0.0357428 -0.0336993 0.019732 0.0255669 0.0789842 -0.0419619 -0.0321435 0.0863785 0.0238057 0.048001 0.144938
-0.146225 -0.102793 -0.157049 -0.0281495 0.130699 0.06978 -0.182625 -0.100199 -0.116009 -0.027384 0.139549 0.0534733
-0.773008 -0.236985 -0.0874975 -0.441878 0.0125017 0.0394301 -0.864566 -0.103075 -0.0662365 -0.4609 0.0110241 0.0377576
0.000853777 0.019839 -0.0378327 -0.13538 0.00825731 -0.0123028 0.0162219 0.0285242 0.125467 -0.0932953 -0.000388084 0.000931401
-0.0757905 -0.0455457 -0.0154653 0.051728 0.0520066 -0.00577576 0.0087248 0.00711096 0.0198199 0.0332854 0.012709 -0.0194669
0.158764 0.0896573 -0.220969 -0.0456718 -0.0571543 0.0164212 0.0990369 0.0337803 -0.167964 -0.0471363 -0.0356939 0.0296017
-0.0914515 -0.0313667 0.247829 0.0205097 0.0931694 -0.0121967 -0.0880882 -0.103206 0.399915 0.0224898 0.0750659 -0.0207685
0.899291 1.28684 0.04947 0.381549 0.0427289 0.0988864 0.790167 1.1849 -0.0699533 0.344423 0.0470519 0.0975044
0.0933534 0.135171 -0.140366 0.0178298 -0.0627801 -0.102482 0.0579551 0.127509 -0.0929843 0.0138875 -0.0695539 -0.093411
0.102509 0.148952 -0.133662 0.0106896 -0.0843551 -0.099578 0.059901 0.138722 -0.0792477 0.0118639 -0.0840553 -0.0835513
-0.0600511 -0.00959218 0.137308 0.0535938 0.131381 0.0487963 -0.0565917 0.0429463 0.246777 0.0435648 0.185315 0.0220723
0.192114 0.165106 -0.149243 -0.0300934 -0.0185048 0.0189922 0.128197 0.112653 -0.0741826 -0.0275125 0.0215281 0.0331859
-0.0461063 0.012081 0.000170469 0.043465 0.26642 0.191323 -0.0312164 0.0615387 0.0291949 0.0380195 0.343808 0.262949
0.127609 -0.132883 -0.0590141 0.086179 0.00402257 0.0676823 0.180579 -0.0928114 -0.0369732 0.0853462 -0.0149305 0.0103908
-0.0515096 -0.113906 -0.00106692 -0.00560157 -0.0352517 -0.0597662 -0.0693709 -0.107217 0.0610215 -0.0148652 -0.0437373 -0.121185
-0.782947 -1.03552 -0.218721 0.14543 -0.135279 -0.0122528 -0.716526 -1.02185 -0.295815 0.116702 -0.133384 -0.0273645
0.143989 0.140864 0.0199366 0.0529972 -0.0221688 -0.034875 0.128891 0.161229 0.0743127 0.0399701 -0.0116403 -0.065833
-0.0784452 -0.00811124 -0.161511 0.0958062 -0.0368147 -0.0479794 -0.120516 -0.000352159 -0.126699 0.0926177 -0.0639363 -0.0283292
0.142931 -0.0933101 -0.145969 0.109619 0.0552964 -0.183463 0.222018 0.00153423 -0.0513225 0.0874512 -0.00138576 -0.170993
-0.571589 0.0519675 -0.275838 -0.0196444 0.0344528 -0.181859 -0.434745 0.051254 -0.225873 -0.0160359 -0.0118747 -0.186899
0.211053 0.245051 0.217608 0.038617 -0.19507 -0.209557 0.192345 0.255835 0.271764 0.0186486 -0.245266 -0.275709
0.19392 0.204575 0.131068 0.0543403 -0.108312 -0.119366 0.177722 0.221365 0.188124 0.0375404 -0.125326 -0.165016
0.207462 0.226828 0.173674 0.0513721 -0.143578 -0.155309 0.190775 0.241718 0.230333 0.0330033 -0.173296 -0.208063
0.00449347 -0.0837268 0.167887 -0.0861577 0.124741 0.106033 0.0374133 -0.0449262 0.188327 -0.0714986 0.0999368 0.109668
0.10523 -0.0913097 0.0583458 -0.0784138 0.0833211 0.0281823 0.157015 -0.0547081 0.0460354 -0.0593973 0.0512794 0.0429597
-0.525443 0.0801071 -0.253082 -0.00479311 0.0401505 -0.218596 -0.383194 0.0996344 -0.187811 -0.00853 -0.0135773 -0.217086
0.0826308 0.0823039 0.158681 -0.0445611 0.143641 0.375105 0.126888 0.14821 0.171176 -0.0524588 0.127834 0.334282
0.61511 -0.082939 -0.026993 -0.0374373 0.021384 0.114119 0.584926 -0.0152733 -0.0113801 -0.0166209 -0.00289493 0.0845519
0.0603106 -0.101889 0.0403742 -0.128637 0.149993 0.0292476 0.114307 -0.0554644 0.0319172 -0.129333 0.105534 0.043111
0.425616 0.131556 0.233499 -0.0502742 -0.301256 0.613531 0.514391 0.193709 0.287667 0.0187916 -0.273538 0.563371
0.641742 -0.230764 0.0845566 0.209342 0.195974 0.129078 0.626034 -0.115609 0.0924773 0.185497 0.167446 0.0943022
0.153929 0.0786038 -0.338799 -0.131293 -0.0408744 0.358381 0.224282 0.0920169 -0.301407 -0.11033 -0.0593154 0.336272
0.137059 0.045082 -0.287523 -0.079113 -0.0421001 0.33876 0.208779 0.0626336 -0.25466 -0.0678657 -0.0626336 0.319608
-0.753394 0.0233598 -0.131121 0.0767833 0.0816819 -0.339201 -0.588106 0.0503052 -0.0786398 0.0673767 0.0341429 -0.315216
-0.414209 -0.0310493 0.0195384 -0.143694 -0.0872961 0.101996 -0.365192 -0.0776687 0.0157083 -0.098305 -0.109085 0.0766933
-0.936891 0.318139 0.100784 0.202993 -0.15402 0.0255542 -0.899697 0.262213 -0.0206894 0.22663 -0.156565 0.0321346
-0.807816 -0.27756 -0.263122 0.143332 -0.123563 -0.215843 -0.805597 -0.328963 -0.254995 0.119767 -0.132316 -0.248536
-0.0165783 -0.0916622 -0.142038 -0.190044 0.0775024 -0.123121 -0.0957038 -0.124028 -0.0938102 -0.153457 0.0664719 -0.104383
-0.672642 0.0175608 -0.187235 0.0486627 0.0356115 -0.328173 -0.505625 0.0506887 -0.124096 0.0449837 -0.00272628 -0.320591
-0.279006 0.0104309 -0.276707 -0.0106629 0.0521773 -0.13412 -0.22014 0.011527 -0.229566 -0.0408823 -0.00220293 -0.125875
-0.038479 -0.0129852 0.0465403 0.0928289 0.091324 -0.00920419 0.0230449 0.0293621 0.069337 0.0655467 0.0426534 -0.0254707
0.102701 -0.00853443 -0.111486 -3.04328e-07 2.98023e-07 -2.7647e-07 0.00130917 0.00177371 0.0006757 0 0 0
0.57491 -0.0145631 -0.0576032 -0.133234 0.0915987 0.248405 0.546142 0.0266094 -0.0709249 -0.0874808 0.0687742 0.217476
0.0758029 -0.0732638 0.0995082 0.0775211 0.0783596 -0.344549 0.118661 0.0104434 0.109731 0.0364762 -0.00792082 -0.284494
-0.234521 0.00721371 -0.22105 0.0219902 0.0635718 -0.102399 -0.178969 0.0135467 -0.177589 -0.0103261 0.00843471 -0.098405
-1.13662 1.0087 -1.03393 0.283216 -0.586539 -0.162202 -1.1495 0.886915 -1.2249 0.399357 -0.538733 -0.219081
-0.400973 -0.0999767 0.0819687 0.0805106 0.203281 -0.379037 -0.332147 -0.0963595 0.0637673 0.0695873 0.15709 -0.318077
-0.246194 -0.11125 -0.052321 0.0494412 0.0373259 -0.477876 -0.186589 -0.0495899 -0.0245135 0.00793234 -0.0391499 -0.404908
0.535164 0.0167031 -0.0488154 -0.165488 0.121029 0.280797 0.513163 0.0508107 -0.0706845 -0.113135 0.0975166 0.250049
0.165435 0.0142208 0.0660138 -0.138901 -0.0427506 0.284193 0.165476 0.0720249 0.060004 -0.124183 -0.0467257 0.263153
-0.0450712 -0.00443786 0.0399753 0.0976761 0.098342 -0.0119497 0.00976722 0.0323381 0.0617916 0.0673078 0.0470648 -0.0269737
0.436534 -0.253817 0.15459 0.16403 0.0135549 0.245706 0.409292 -0.192339 0.143822 0.108985 -0.0185117 0.166809
0.182542 -0.0246882 0.0418133 0.0384919 -0.0451465 -5.73825e-05 0.0438004 -0.0514527 0.125482 0.0342454 -0.0446882 -0.0168268
-0.13695 0.00472963 -0.0875268 0.0734903 0.0876524 -0.0482962 -0.0859474 0.024222 -0.0538888 0.0390809 0.0324147 -0.0536853
-0.357382 -0.00517368 -0.458165 0.326138 -0.134487 0.278022 -0.514948 -0.100841 -0.357245 0.285477 -0.0607927 0.200165
0.286987 0.141562 -0.123276 -0.274132 0.138764 0.372324 0.327417 0.158408 -0.135398 -0.214276 0.121683 0.341033
0.299875 -0.089572 -0.107895 -0.0961042 -0.0693531 -0.0633501 0.396854 0.00194042 0.0929849 -0.0838649 -0.0607351 -0.0525854
-0.188351 -0.12539 -0.491364 -0.0845945 -0.132486 0.0923643 -0.219035 -0.124057 -0.246598 -0.0273644 -0.0842871 0.101958
-0.0885017 -0.0956299 -0.106407 0.0761412 0.157724 0.167396 -0.152856 -0.0532527 0.0101393 0.0874196 0.144506 0.184339
0.623443 0.211135 0.083202 -0.127011 -0.150241 0.185279 0.512302 0.0776727 0.169464 -0.1509 -0.142009 0.241868
0.176039 -0.034831 0.117602 0.0452302 -0.0544627 7.95918e-05 0.025961 -0.0682695 0.190451 0.0391321 -0.0533196 -0.0241399
0.306308 0.126003 -0.0348688 -0.103301 -0.282359 0.15702 0.262767 0.091102 0.0638589 -0.1333 -0.265516 0.196325
0.359491 0.262301 0.207669 0.0617888 0.00173539 -0.0360881 0.310293 0.267356 0.414436 0.0366162 -0.0088667 -0.0610817
0.208398 0.0850507 -0.238803 0.128046 0.00542566 0.0698296 0.0856028 0.10296 -0.141981 0.0972164 0.0103044 0.0679501
0.393172 -0.115301 -0.491994 0.067368 0.202857 -0.278087 0.316701 -0.0272265 -0.365889 0.0713627 0.181682 -0.340717
0.262928 0.0087539 -0.159125 -0.0762763 0.112635 -0.204915 0.179773 -0.108511 0.0434293 -0.0674875 0.0748709 -0.255888
0.535648 0.191369 0.189517 -0.0701058 -0.0128641 0.17878 0.338057 -0.00520024 0.259393 -0.0895185 -0.00590187 0.247177
0.268752 0.0926501 -0.0920787 -0.0590075 -0.201138 0.114989 0.174004 0.0593689 0.0145701 -0.0868762 -0.196947 0.143314
0.541125 0.0286963 -0.422085 0.0111347 -0.0074361 0.109263 0.501305 0.0624886 -0.230155 0.0167962 -0.00951926 0.126247
0.213329 0.0406017 -0.0174282 0.037638 -0.0725334 -0.0530373 0.0863207 0.0156256 0.0793103 0.0135562 -0.0570544 -0.0263101
0.742186 0.215084 -0.0169249 -0.0517651 -0.149828 0.165151 0.684196 0.182095 0.0790728 -0.0703603 -0.145841 0.197537
0.714001 0.135718 -0.0322974 -0.0797372 0.12301 -0.179219 0.691465 0.0170682 0.198397 -0.0670942 0.106961 -0.224203
0.0433464 0.0615898 -0.18896 0.0228298 0.0340174 -0.011361 -0.00844919 0.156394 -0.0588063 0.0228128 0.0388663 -0.0101813
0.479943 -0.00257993 -0.422825 0.137769 -0.0735854 0.104401 0.380375 0.0515424 -0.238644 0.137177 -0.0748237 0.131516
0.0518763 -0.0329139 -0.434497 -0.118981 0.12073 -0.100649 0.0224017 0.0727305 -0.287967 -0.135053 0.0741012 -0.118091
0.172656 -0.897853 0.965368 0.0397206 0.162282 0.0613568 0.0704311 -1.22303 0.894404 0.0467435 0.137112 0.0164629
0.0844531 -0.108781 0.25282 0.0746879 0.210041 -0.0533857 0.0502205 -0.0933819 0.131501 0.0944407 0.212177 -0.0727592
0.18989 0.413477 -0.54789 -0.109801 0.059869 -0.0700757 0.358942 0.643342 -0.292862 -0.0835814 0.046964 -0.0483872
0.134768 0.0139409 -0.0889236 -0.152082 -0.0376732 -0.00419242 0.0986522 0.101735 0.0445962 -0.129059 -0.00764386 -0.0089108
0.591454 0.211823 -0.356259 -0.124654 -0.0190529 -0.159114 0.580349 0.294279 -0.200333 -0.122093 0.0193087 -0.159747
0.0420762 -0.00964224 0.00978291 -0.00120753 0.0429314 0.00188163 -0.00175057 0.00685639 -0.00780462 -0.00102116 -0.00619993 -0.000583523
0.0509761 0.134511 0.192355 -0.178211 -0.0767316 0.00354295 0.0419138 0.0787271 0.0315484 -0.0634259 -0.0940283 0.00542946
0.0704942 0.0513082 0.231167 -0.00385283 0.0884993 0.162688 -0.181393 -0.143108 0.311671 -0.0128731 0.0920759 0.224819
-0.197586 -0.287833 -0.0898825 0.117797 0.229443 -0.312514 -0.0796033 -0.152495 0.0109628 0.0617944 0.180461 -0.322441
0.53966 0.610991 0.673901 -0.60478 0.203722 0.14937 0.525785 0.529742 0.561749 -0.550729 0.152722 0.130783
-0.682813 -0.384039 -0.147564 0.0943523 0.11094 0.0771351 -0.823906 -0.296278 -0.0107115 0.0984227 0.0761218 0.0629519
-0.470175 -0.146681 -0.285389 -0.020417 -0.167524 0.0055406 -0.635265 -0.170552 -0.144482 -0.0499931 -0.170251 0.00408019
-0.188061 -0.0216371 0.220602 0.0187248 0.119527 0.147587 -0.444307 -0.200325 0.319141 0.019389 0.119657 0.198853
-0.302201 -0.185931 -0.485272 0.137491 -0.131009 -0.00311261 -0.479039 -0.0345132 -0.314676 0.136351 -0.0995253 0.0390946
0.115106 -0.0955732 -0.306579 0.0120809 -0.13312 0.00121563 0.0881961 -0.0441775 -0.185967 -0.00242341 -0.102538 -3.9728e-05
-0.393824 -0.0679028 0.192533 0.0383308 0.132945 0.124689 -0.6366 -0.228911 0.314943 0.0493299 0.131434 0.161209
0.0258212 -0.246095 0.501156 0.0216264 0.422133 -0.0355281 0.0362578 -0.195802 0.451565 -0.0223975 0.375685 -0.0027118
-0.507666 -0.0756555 0.154589 0.0580486 0.127649 0.094272 -0.7229 -0.220519 0.302875 0.0776212 0.12903 0.113684
-0.452827 -0.18134 -0.499937 0.0879041 -0.115627 -0.050124 -0.624612 -0.0112062 -0.334303 0.0896931 -0.0727525 -0.00494647
0.368845 0.188105 -0.0871452 0.00838637 0.058812 0.304495 0.217107 0.215297 0.0906891 0.000589164 0.0680484 0.332625
-0.0777209 0.101894 -0.420898 -0.0590003 -0.000149906 -0.168299 -0.120953 0.259203 -0.266481 -0.05673 0.0572438 -0.140605
-0.60046 -0.216269 -0.35741 0.00719836 -0.071732 -0.0902836 -0.779625 -0.25474 -0.194453 -0.0136799 -0.0908829 -0.123421
-0.504112 -0.137332 -0.499432 0.0405675 -0.0863723 -0.0940995 -0.658395 0.0424404 -0.339305 0.0438843 -0.0352212 -0.0486096
0.200422 -0.136043 0.209047 -0.0741257 0.179648 -0.0909951 0.0850866 -0.207132 0.0379851 0.0719047 0.128698 -0.0972829
-0.389869 -0.0213028 -0.469004 -0.0161272 -0.0327559 -0.143868 -0.493308 0.157721 -0.313836 -0.012807 0.0246589 -0.104149
-0.585084 -0.263281 -0.209409 0.2886 0.234095 -0.465316 -0.441425 -0.13867 -0.120458 0.214739 0.184803 -0.46514
0.0379899 -0.00803247 0.0419284 -0.030493 0.0551712 -0.0445797 0.0116826 -0.0266061 -0.0126624 -0.0266815 -0.00120594 -0.0407759
-0.235703 0.0280626 0.266428 0.0139468 0.129418 0.0791893 -0.286858 0.021404 0.236342 0.0051639 0.0867385 0.0633139
-0.174905 0.0209732 0.225753 0.0136619 0.113168 0.0580649 -0.249844 0.00973612 0.182665 0.00479317 0.0691264 0.0452355
-0.114325 -0.0572804 -0.188787 0.0724102 -0.0505451 0.174511 -0.0927412 -0.0560098 -0.162261 0.0554256 -0.0756534 0.132613
-0.0612618 -0.117078 -0.441 0.00871312 -0.147956 0.108482 -0.0860447 -0.0742173 -0.40376 0.00354824 -0.166324 0.102973
0.236081 -0.0500453 -0.199679 0.0296383 -0.0704653 0.214173 0.157517 -0.0598967 -0.211332 0.0301793 -0.0743704 0.203479
-0.223356 0.0269536 0.266425 0.0136627 0.127975 0.0731361 -0.243394 0.0254314 0.257082 0.00830261 0.0899823 0.0626061
0.106421 -0.0570899 -0.156677 -0.0778934 -0.0734831 -0.182912 0.0646507 -0.058892 -0.140128 -0.0749395 -0.0644203 -0.191956
0.307989 -0.0334822 -0.162282 0.0376458 -0.0498295 0.203723 0.212632 -0.0481925 -0.184071 0.0373377 -0.0587395 0.191538
-0.456846 -0.0441718 0.0382459 0.0265339 0.0292051 -0.0263148 -0.457579 -0.0455184 0.037713 0.0211749 0.00826904 -0.037172
-0.167063 -0.00869599 0.109324 0.0691282 0.0671395 0.156671 -0.168565 0.00838814 0.110286 0.0625828 0.0259668 0.113203
0.0647646 -0.0171112 -0.0217498 -0.0621708 -0.0195056 -0.149259 -0.0225116 -0.0332679 -0.0437938 -0.0649224 -0.025047 -0.168645
0.33073 -0.0220008 -0.129734 0.0403383 -0.0323643 0.18878 0.231809 -0.0384937 -0.153898 0.0399565 -0.042651 0.178149
-0.0271831 -0.238287 -0.0553246 0.11971 0.314633 -0.128305 -0.074917 -0.247709 -0.197974 0.191049 0.288504 -0.0940135
-0.0700819 0.00308183 0.0908991 -0.108835 0.101541 -0.303678 -0.0584981 0.0254562 0.1213 -0.0726486 0.0630204 -0.216487
-0.774133 -0.0379103 -0.176841 0.271614 0.115385 -0.431076 -0.641436 0.0374496 -0.138661 0.198785 0.0760085 -0.420243
0.0512644 -0.118702 0.079186 -0.0114204 0.196641 -0.219793 0.015479 -0.123583 -0.0746906 0.0843858 0.154957 -0.183626
-0.183448 -0.00938058 0.122046 -0.0252247 0.0843977 -0.0586292 -0.138222 0.0377831 0.198835 -0.0101387 0.0690016 -0.026915
-0.281065 -0.0320997 -0.245454 -0.0513151 -0.0649497 -0.109248 -0.184075 -0.0475082 -0.244415 -0.0462861 -0.0900516 -0.0785947
0.0107028 -0.201079 0.00615327 0.0651574 0.280393 -0.208868 -0.0331088 -0.205383 -0.142761 0.148404 0.243718 -0.170811
-0.384288 -0.00044778 -0.0673079 -0.0177254 0.0132444 -0.043368 -0.286206 -0.0137599 -0.0659712 -0.00672707 -0.0143715 -0.00313421
-0.152245 0.0235631 0.254415 0.009197 0.120618 0.0326939 -0.138863 0.0244525 0.265089 0.0106933 0.0874906 0.0355197
0.331982 -0.055475 -0.11753 -0.00227825 -0.013667 0.0327967 0.233151 -0.0208288 -0.126 -0.0127613 -0.048405 0.0228824
0.334726 0.000541478 -0.0593249 0.0405184 0.00705358 0.143993 0.238646 -0.0171727 -0.083399 0.041122 -0.00454344 0.141386
0.0514305 0.0489164 0.317351 0.00714192 0.177202 -0.000726849 -0.0272618 0.0559122 0.256904 0.0147637 0.114967 -0.0121326
-0.31461 -0.0868495 -0.350213 -0.000288501 -0.0917593 -0.0397384 -0.286591 -0.0419762 -0.275728 0.0161845 -0.0979938 -0.0220227
-0.0255377 -0.028495 -0.0891787 0.00392158 -0.0238422 0.109415 -0.0428076 -0.0311818 -0.048351 0.00361863 -0.00223277 0.115334
0.31011 0.00883961 -0.031872 0.0373747 0.0241997 0.11712 0.220682 -0.0077027 -0.0531486 0.0392067 0.0126324 0.120393
0.0502023 0.00621086 0.0439521 -0.0132893 0.0111005 -0.0823162 -0.044358 -0.0165286 0.0252156 -0.0222943 0.00822584 -0.0994019
-0.0698449 -0.0722485 -0.424682 0.00676434 -0.123791 -0.0361257 -0.0757922 -0.0592667 -0.374079 0.00450697 -0.119059 -0.0216335
-0.0383974 0.0449637 0.303039 0.0809551 0.149953 0.238799 -0.0490888 -0.000989386 0.211196 0.0717685 0.0933828 0.191941
-0.117978 0.498345 0.441009 -0.519329 0.25547 0.156095 -0.091011 0.448472 0.470306 -0.461144 0.206105 0.266121
0.0893942 -0.0532416 -0.0438155 -0.0731832 0.0116813 -0.10685 0.0632888 -0.00856045 0.0330711 -0.0703127 0.00599963 -0.0935064
0.0937223 0.0365279 0.246782 0.10108 0.129201 0.216101 0.0880658 -0.00562769 0.167842 0.0875335 0.0814495 0.162823
-0.0101615 0.0149504 0.228695 -0.00136064 0.106697 -0.0574816 0.0355354 0.0147378 0.252563 0.00942623 0.0763824 -0.0347873
-0.820265 -0.180793 -0.0752966 -0.892213 0.106951 2.59817 -0.971782 -0.221519 -0.370693 -0.95422 0.186397 2.74412
-0.150071 0.00768453 0.127618 0.0175608 0.107792 -0.0164298 -0.177545 0.0332025 0.120102 0.0301908 0.0682415 -0.0215229
0.0424645 -0.0111087 0.228666 -0.0630617 0.0860552 -0.109431 -0.0227396 -0.0398711 0.157641 -0.0637631 0.0414844 -0.108397
-0.102998 -0.0198051 0.245649 0.00121471 0.135099 0.0451503 0.0136398 0.0339902 0.349165 -0.00911754 0.128448 0.0204233
-0.132172 -0.774698 -0.0549735 -0.628345 -0.132503 -0.0842707 -0.190478 -0.807818 -0.0955877 -0.620129 -0.126966 -0.136554
-2.50203 -0.69337 1.08991 -0.535022 0.0454994 0.0864744 -3.0759 -0.799732 1.31097 -0.66287 0.0774528 0.105398
-0.443688 -0.111641 -0.56131 0.00319763 -0.141455 -0.124606 -0.410931 -0.123069 -0.493678 0.0209397 -0.106489 -0.100106
-0.230968 0.467484 0.759074 -0.26902 0.22017 0.0530659 -0.2275 0.767891 0.793019 -0.14857 0.235524 0.104987
-0.331822 0.218744 0.204348 0.0874838 -0.288547 0.28276 -0.330808 0.303899 0.215196 0.0522696 -0.229289 0.265529
-0.99464 -0.0145363 0.0933182 -0.0334239 -0.00803874 0.0471073 -0.995349 0.0995391 -0.401112 -0.0111068 -0.0180327 0.0516488
-0.360485 -0.116205 -0.271924 -0.0144986 0.0544653 0.0688902 -0.366563 -0.203777 -0.315049 0.00250214 0.0106709 0.0592418
-0.492606 -0.200163 0.480114 -0.284676 0.13602 -0.25454 -0.31009 -0.121441 0.516684 -0.209958 0.131374 -0.117275
-0.336873 -0.222283 -1.13642 0.0354545 -0.377646 -0.196833 -0.300575 -0.294084 -1.09353 0.0148703 -0.371379 -0.126359
0.690111 0.849354 0.332367 -0.0631117 0.51395 -0.0311528 0.58144 0.777351 0.509478 -0.137801 0.414627 -0.1976
3.41877 3.4535 0.0323683 -0.671634 -0.0151267 -0.0665521 3.14274 3.62288 -0.00958718 -1.01164 0.00401096 -0.0469576
0.0616238 -0.0769669 -0.0397802 -0.0133926 0.000855058 0.0185095 0.000151527 -7.57637e-05 7.57637e-05 0 7.57637e-05 -0.000151527
0.0297906 -0.0578624 -0.1118 -0.0591182 0.0293286 0.0348216 -0.0269132 0.013571 -0.092557 -0.057791 0.0397218 -0.000381207
0.112113 -0.0291704 -0.0016821 0.0456244 -0.0201431 0.0106185 0.0588602 0.0439176 0.0359533 0.0451312 -0.0282165 -0.0217692
0.13008 0.062741 -0.0161456 -0.0620009 -0.0158781 0.00492139 0.0769751 0.153572 0.00793947 -0.0639695 -0.0158789 -0.0127032
0.047175 -0.184755 -0.117457 0.0264367 -0.0559123 0.0757152 -0.0218508 -0.119304 -0.0853475 0.0403516 -0.0596138 0.0470515
-0.0713532 -0.131465 -0.141557 0.0191868 0.0167104 0.00661101 -0.125255 -0.0526226 -0.113035 0.0236763 0.0310847 -0.0171844
-0.0504527 -0.152156 -0.128811 0.00470805 -0.0610127 0.050309 -0.125569 -0.116468 -0.107751 0.00963561 -0.0708905 0.0332658
0.114606 0.0848615 -0.0254543 -0.0508867 -0.0203883 0.0122807 0.0572739 0.172049 -0.00151318 -0.0541719 -0.019747 -0.003329
-0.02267 -0.175752 -0.157893 0.00766938 -0.0756934 0.0447171 -0.0939767 -0.122422 -0.135804 0.0071878 -0.079754 0.025769
-0.00513525 -0.0073722 -0.0437414 0.0462789 -0.0135145 0.0148239 -0.0602695 0.0829181 0.0104123 0.0604215 -0.0131483 -0.0174044
0.0365936 -0.0974403 -0.0550569 -0.0285354 0.0437428 0.0520445 -0.0280939 -0.0183486 -0.00563401 -0.0111158 0.0566446 0.0208611
0.136712 -0.0328849 0.0310627 -0.0463839 0.00502801 0.0108718 0.0732758 0.0312087 0.0555833 -0.0413078 0.002278 -0.0239191
0.0372784 0.00184201 0.0183195 0.0251743 -0.0121323 0.0315981 -0.0142386 0.0841442 0.0356723 0.0171166 -0.0112849 0.0280986
0.0235883 -0.00424533 -0.0719145 0.0522406 0.0100493 0.0383404 -0.0315618 0.0746558 -0.0557643 0.0683587 0.00136566 0.00644893
0.0155511 -0.0507562 -0.0202212 0.00186048 0.0218244 0.0198136 -0.0465522 0.0351423 0.0305784 0.0177994 0.0285246 -0.00966034
0.0253465 -0.0697756 -0.186606 -0.0533688 0.0401235 0.0449073 -0.0429654 -0.00610521 -0.160185 -0.0383102 0.0556337 0.0147288
-0.0694442 -0.107686 -0.116038 -0.0374403 -0.031244 0.0324883 -0.143289 -0.0724855 -0.0968003 -0.0239325 -0.0405246 0.0170509
0.112452 -0.0642105 -0.00133977 -0.0368811 0.0413968 0.0255369 0.0586467 0.00742555 -0.015533 -0.0422802 0.0356123 0.00795595
-0.0428188 -0.0389517 -0.164547 -0.0656923 0.0105381 0.0122663 -0.115593 0.00916802 -0.145542 -0.0508825 0.0161968 -0.0112308
-0.0923171 -0.265821 -0.159261 -0.0265807 0.0575747 0.0547525 -0.171754 -0.206518 -0.139516 -7.65732e-05 0.0537544 0.0532949
0.0164018 -0.0612323 0.0170896 -0.0449001 -0.0834844 0.0307702 -0.0503677 0.00265493 0.0364863 -0.0160054 -0.0798754 -0.00189638
-0.0850691 -0.239213 -0.14588 -0.000531054 0.0600925 0.0327492 -0.164313 -0.183828 -0.126353 0.0279339 0.0562505 0.0304595
0.118796 -0.0602516 -0.00221506 -0.0388966 0.0470395 0.0257594 0.0637304 0.0111396 -0.0200057 -0.0418302 0.0397841 0.00666858
0.0655309 -0.0997519 -0.12655 -0.0467844 0.05853 0.0686328 -0.00304916 -0.0317875 -0.0879684 -0.0256892 0.0741709 0.0375809
0.116763 -0.0545985 -0.00633984 -0.035972 0.0491534 0.0298953 0.0616159 0.0172797 -0.0256165 -0.0367573 0.0413804 0.00863987
-0.0619183 -0.0589977 -0.119623 -0.0676069 -0.00319678 0.00551105 -0.138427 -0.0210965 -0.104795 -0.0501425 -0.00817873 -0.0100896
0.0335295 -0.0252196 0.0365638 -0.0508083 -0.0623292 0.0242509 -0.036533 0.0388827 0.0574524 -0.0202372 -0.0574524 -0.00462348
0.167994 -0.0737333 0.143685 -0.0471074 -0.00341779 -0.12175 0.109585 0.00944049 0.185562 -0.028397 0.000302096 -0.126729
0.243672 0.122922 0.0788163 0.11304 -0.0627837 0.0764227 0.183124 0.207369 0.127437 0.11433 -0.0607637 0.0694767
0.146144 0.0463632 0.0335547 0.0643489 -0.0193231 0.050921 0.109784 0.134407 0.0903879 0.0534144 -0.0365946 0.012577
0.226779 0.0388565 0.120333 0.148702 -0.0621629 0.0734555 0.189792 0.123497 0.164335 0.166305 -0.0510657 0.0520507
0.142177 0.0466507 0.0355148 0.112497 -0.0474759 0.0096861 0.122512 0.123649 0.0879634 0.133953 -0.0624305 -0.00530356
0.170579 0.0747393 0.016332 0.0678355 -0.122488 0.012941 0.0962218 0.157213 0.0518991 0.0883422 -0.129104 -0.00947065
0.0714181 -0.0297141 0.078548 -0.0205903 0.00890123 0.0824982 0.0647208 -0.0322407 0.0373481 -0.0338368 -0.0141253 0.0447699
-0.0104218 0.00531615 0.0452725 0.00300545 0.0177513 0.0234619 -0.0155268 -0.0238504 0.0170474 -0.0189683 -0.00224098 -0.0124054
-0.113844 -0.0226608 -0.0391123 0.0665773 0.0229455 0.0558386 -0.106478 -0.0529171 -0.0578228 0.0461618 -0.00546864 0.0180143
-0.00183527 -0.00693584 0.00830221 -0.0435855 0.0258149 0.0513734 -0.0303228 -0.0242582 -0.0242582 -0.0574537 0.00175553 0.0277693
0.233597 0.215218 0.0616265 0.0310818 -0.0345235 -0.0457114 0.163653 0.295333 0.100162 0.0493231 -0.0420497 -0.0550813
-0.011427 -0.0782778 -0.0584166 0.10251 0.079537 -0.0264912 -0.0543807 -0.113112 -0.0802418 0.0891038 0.0575227 -0.0675932
-0.0157662 -0.0952319 -0.0789502 0.0928059 0.086595 -0.0399709 -0.061019 -0.134129 -0.0983398 0.0809288 0.0698051 -0.0845561
-0.0344853 0.00957127 -0.0295412 -0.0458291 0.0368056 0.031756 -0.0675883 -0.0135655 -0.0564965 -0.0576934 0.0102141 0.0115706
-0.0178056 -0.117326 -0.0949246 0.0645128 0.0907458 -0.0493283 -0.0668648 -0.160024 -0.117921 0.0580732 0.0771083 -0.0991277
-0.0773675 -0.0795347 -0.036867 0.0610557 0.0175295 0.0693474 -0.0899354 -0.123299 -0.0612464 0.0633416 -0.0113628 0.0332826
-0.0526894 0.0553608 0.0647091 -0.0451921 -0.0609935 0.064629 -0.0536636 0.0448532 0.021065 -0.0584693 -0.076731 0.0589499
0.0468688 0.161177 0.101236 -0.0497314 0.0696009 0.0675112 0.0427536 0.138109 0.0789421 -0.0758197 0.0421932 0.0507599
-0.0175204 0.0422359 0.0323537 0.0197462 -0.0186759 0.04054 -0.0470442 0.0150124 -0.00730551 0.0110787 -0.0552328 0.00280981
-0.0423806 -0.11277 -0.0664332 0.0225363 0.0667353 -0.0264383 -0.0900595 -0.162043 -0.114269 0.0342162 0.0434965 -0.0734356
-0.0246363 -0.121562 -0.0783218 0.0245235 0.080513 -0.038564 -0.0765859 -0.169474 -0.124442 0.0331684 0.0603649 -0.0902245
-0.112703 0.0475998 -0.122563 -0.0213239 0.0493427 -0.023249 -0.144025 0.0163574 -0.136445 -0.0311988 0.0111709 -0.0463593
-0.0711929 -0.435469 -0.242124 0.0357811 -0.243067 -0.0197078 -0.00875168 -0.356228 -0.167682 -0.0408178 -0.159911 -0.0036407
-0.0974545 -0.135678 -0.105053 0.0464785 -0.121463 0.0514399 -0.15941 -0.0823567 -0.00113648 0.0520507 -0.120618 0.0156834
0.0238865 0.00578249 0.0086752 0.00589806 0.0304954 0.0204113 -0.00612908 -0.121683 -0.043966 0.0734673 -0.0172432 -0.0278669
-0.109427 -0.405684 -0.242131 0.0657989 0.207208 -0.0347013 -0.0635063 -0.401476 -0.152401 -0.0159119 0.265411 -0.0664765
0.242523 0.0829297 0.263513 0.0555461 0.0973741 -0.0157769 0.214361 -0.0388298 0.115403 0.0638229 0.0644025 -0.0474506
-0.119606 0.0411769 -0.106936 -0.109021 -0.146395 0.104614 -0.18149 -0.0331439 -0.250116 -0.0888738 -0.137855 0.180287
0.664548 0.207338 0.213809 -0.0379121 -0.169742 0.235734 0.586397 0.185136 0.166575 -0.0376804 -0.209194 0.189358
0.652035 0.276023 0.270138 -0.0369011 -0.14378 0.205577 0.625909 0.235961 0.233491 -0.0362465 -0.16761 0.164264
0.240764 -0.00437475 -0.125272 0.097132 -0.0504381 -0.100938 0.16821 -0.0865929 -0.156922 0.126102 -0.0884495 -0.137167
0.668071 0.249865 0.274516 -0.0299866 -0.233416 0.167307 0.642798 0.232057 0.238351 -0.013941 -0.270694 0.125389
0.886102 1.00807 0.87735 0.065177 0.00320939 -0.184332 0.794159 0.844544 0.76793 0.106476 0.0349924 -0.209032
0.730737 0.229538 0.238106 -0.0203531 -0.194496 0.196713 0.671158 0.206884 0.20306 -0.0141003 -0.223932 0.151917
0.581892 0.250684 0.366336 -0.109222 -0.183496 0.284388 0.558993 0.220426 0.346851 -0.114555 -0.222976 0.260098
0.7745 0.314783 0.240007 -0.078558 -0.224501 0.269679 0.737517 0.304391 0.204574 -0.0905764 -0.226322 0.237952
-0.329912 -0.113046 -0.238655 0.243864 -0.188452 -0.0325997 -0.470746 -0.148353 -0.213004 0.239269 -0.212716 -0.0860821
0.173943 0.389066 0.389256 0.0811545 0.118949 0.149154 0.113199 0.293273 0.366947 0.094701 0.0861637 0.137704
0.0632813 0.11941 0.513277 -0.0170302 0.0583705 0.1423 0.0296728 0.0131023 0.488792 -0.0324474 0.0595768 0.238693
-0.0156131 -0.064649 -0.19577 0.112553 -0.0882193 -0.0377783 -0.102865 -0.234498 -0.280449 0.122536 -0.181005 -0.0157835
0.372803 0.0893301 0.336761 -0.031101 0.0521733 -0.0952384 0.295322 0.0551022 0.352392 -0.0500512 0.0756344 -0.0543151
0.69167 0.567315 1.03983 -0.0653129 -0.124092 0.502565 0.570006 0.344749 0.902632 -0.0599703 -0.113206 0.536333
-0.00594054 -0.150123 -0.134362 0.00449864 -0.00440774 0.0557991 -0.0644767 -0.113927 -0.125773 0.0188421 0.00111304 0.0894406
0.119729 0.0242689 -0.0611589 -0.00618896 -0.158276 0.00641422 0.0707725 0.0406549 -0.0323194 0.0155699 -0.120628 0.0329485
0.127692 -0.0136689 -0.00818617 -0.000183443 -0.1297 -0.0177387 0.0788515 0.00487904 0.0185718 0.0223491 -0.0928591 0.0114106
0.0460111 -0.20645 -0.0421847 -0.0199188 0.0296785 -0.0340456 -0.0185302 -0.175282 -0.0240177 0.00143152 0.0377762 -0.00524891
-0.0298476 -0.203838 -0.137139 -0.00464038 0.0436045 -0.00242454 -0.0994589 -0.17214 -0.131655 0.00677404 0.037058 0.0353844
0.0122626 -0.0460291 -0.0836543 0.0275535 0.00668782 -0.053752 -0.0383797 -0.0409068 -0.0706787 0.0466716 0.0393274 -0.0228225
0.0307378 -0.153563 -0.205978 -0.0465994 -0.0113613 0.0675731 -0.0309172 -0.14983 -0.185345 -0.0382105 0.00332955 0.0960019
0.0340519 -0.117006 -0.00230446 0.017595 0.0285038 0.0559725 -0.0284108 -0.085788 0.00301567 0.0324582 0.0382514 0.0902321
0.016583 -0.0108555 -0.0237698 0.00627988 0.0505863 -0.0343238 -0.036791 0.0114725 -0.0351295 0.0287207 0.0664612 -0.00403515
0.0864984 -0.0554927 0.0302357 0.0128654 -0.0611746 -0.0642533 0.0400437 -0.0410684 0.0440638 0.0359447 -0.0251455 -0.0316881
0.0348592 -0.188271 0.0280304 -0.0219121 0.0411605 -0.05792 -0.0308389 -0.153876 0.0301235 0.00166911 0.053968 -0.0288518
0.0333618 0.137481 0.0268968 -0.0239889 -0.125159 -0.0497467 -0.0133251 0.157079 0.0480486 0.000627062 -0.095627 -0.0104249
0.111543 0.11664 -0.0896755 -0.0329614 -0.154035 0.0204213 0.0564355 0.129433 -0.0825732 -0.0108318 -0.123075 0.0473304
-0.0548428 -0.213931 -0.0344625 -0.00605221 0.0594586 -0.030585 -0.113985 -0.168587 -0.0350724 0.00828985 0.0551594 0.0137101
0.111687 0.0810651 -0.0621981 -0.0184261 -0.167085 0.0169999 0.0583687 0.0932486 -0.0446996 0.00298521 -0.131978 0.0435212
0.0266956 0.142707 0.0417897 -0.0219846 -0.131078 -0.0599803 -0.0218704 0.159913 0.0613783 0.00235166 -0.100102 -0.0201459
-0.00495405 0.0265479 -0.049788 -0.012511 -0.0789441 -0.13009 -0.0553937 0.0581516 -0.0468837 0.00740684 -0.029391 -0.113309
0.00745446 0.0825264 0.191083 -0.0410436 -0.0122314 -0.0959566 -0.0279723 0.125363 0.20337 -0.00748553 0.012686 -0.0804498
0.0105963 0.0836949 0.152396 -0.0304959 -0.0163424 -0.0936119 -0.0261635 0.122464 0.167778 0.00118209 0.00827461 -0.0794363
0.0150197 -0.165255 0.0293494 -0.0103604 -0.0319526 0.0177895 -0.0440869 -0.15838 0.0395753 0.00387838 -0.0126641 0.0447992
-0.00616421 0.0916302 0.0944879 -0.00645174 -0.0123574 -0.100278 -0.0451029 0.121825 0.101166 0.0197917 0.00906789 -0.0830303
-0.0082622 -0.00262255 -0.0418654 -0.0281032 0.00273798 -0.0610951 -0.0690382 -0.0506803 -0.0422859 -0.0152982 0.0513864 -0.0169457
0.0450572 -0.030922 -0.0325162 -0.0423181 -0.0812482 -0.115598 0.00342556 -0.0801892 -0.00739609 -0.0213319 -0.0418074 -0.0727152
0.102632 0.0619738 0.133564 0.0482317 -0.0351895 0.0550535 0.0580574 0.0450513 0.150511 0.0868903 0.0194308 0.119171
0.0260429 -0.178306 -0.140936 -0.0604936 -0.0580285 -0.0983505 -0.0430506 -0.226843 -0.144211 -0.0335889 -0.00977705 -0.0520391
0.049587 -0.0674628 -0.013818 -0.0290112 -0.0700948 -0.0461584 -0.0110891 -0.0851208 0.00898063 0.00546647 -0.0446689 0.00687213
0.0334629 -0.106612 0.0534167 -0.0889277 -0.184782 -0.127466 -0.0123174 -0.161997 0.0587804 -0.0702402 -0.132607 -0.081778
0.0444649 0.00551476 -0.0609015 -0.0340596 -0.105589 -0.0978468 0.000544847 -0.0473239 -0.0395404 -0.0108191 -0.0685729 -0.0556523
-0.0603021 -0.0544508 0.0124165 -0.0828914 -0.0382743 -0.0873274 -0.103261 -0.12023 0.0354659 -0.0649002 0.0135912 -0.0360288
0.0435919 0.172145 -0.113692 -0.0365696 -0.0456711 -0.0781185 -0.0335634 0.137057 -0.0852712 -0.0309935 -0.0155746 -0.0183002
-0.0029426 0.153185 0.0111827 -0.0247081 0.0322012 -0.0304222 -0.0755254 0.0964786 -0.021735 0.000781836 0.0673943 0.0133694
0.0889584 0.00719145 -0.0510439 -0.0200987 0.059398 -0.0368995 0.0244179 -0.0631122 -0.0223896 0.000702113 0.10875 0.024808
-0.000498386 0.0837049 0.0871716 -0.0143605 0.0720193 0.0445778 -0.0747256 0.0135723 0.111698 0.00202804 0.108734 0.0914179
0.0195926 0.0113695 -0.0017848 -0.0331069 0.0342964 -0.0322617 -0.0432005 -0.04077 0.000392019 -0.024462 0.0883611 0.0111333
0.0890595 0.0661857 -0.0444315 -0.0192878 0.0576333 -0.0315729 0.0244908 -0.0150533 -0.0344743 -0.00421179 0.0939853 0.0261287
0.0823524 -0.169715 -0.00640576 -0.021948 -0.0900273 -0.0928798 0.0310858 -0.225567 -0.016324 0.00663893 -0.0497529 -0.0473317
0.0889276 0.0792642 -0.0282092 -0.0174271 0.00618932 0.0110196 0.0191846 -0.000311945 -0.0199645 -0.00272952 0.0360297 0.0625451
-0.00360715 0.0888936 0.0410738 -0.00482324 -0.0804815 -0.0831796 -0.0742485 0.0871612 -0.0652902 0.0518932 -0.0216289 -0.0639989
0.0051656 0.0973464 -0.106685 -0.0822306 -0.0945932 -0.0507554 -0.0173706 0.0580393 -0.218656 -0.0489012 -0.05063 -0.0426444
0.13553 0.193283 0.318434 -0.0463206 -0.045353 0.012383 0.0772903 0.165702 0.260995 -0.00352047 0.0292839 0.0454461
0.0484492 -0.0943321 0.0968 -0.0760369 -0.12875 -0.107402 0.00623443 -0.146665 0.107934 -0.0584478 -0.084009 -0.0612533
-0.010303 -0.0375447 -0.0602183 -0.0226115 -0.131365 0.0100343 -0.0765418 -0.0752831 -0.087319 -0.00102265 -0.0792164 0.0589206
-0.0144932 0.102625 -0.114407 -0.0723245 -0.0805427 -0.0449219 -0.0397443 0.0622907 -0.224477 -0.0385923 -0.0390037 -0.0372757
-0.00279349 -0.0613057 -0.144899 -0.0647775 -0.124691 -0.0710521 -0.0711675 -0.116169 -0.164954 -0.0460263 -0.0769207 -0.0197819
-0.0100262 0.112487 0.112373 0.0100558 0.11228 0.0366697 -0.0814545 0.0492316 0.135445 0.0241087 0.141765 0.086682
0.0533538 -0.12453 0.00281318 -0.053338 -0.167581 -0.119772 -0.00366901 -0.183919 -0.00562061 -0.0231069 -0.110226 -0.074395
0.00795302 0.141057 -0.0206601 -0.0635091 -0.0411062 -0.0511532 -0.0840955 0.0920526 -0.0260556 -0.0623306 -0.0163822 -0.00499268
0.0402316 -0.178471 -0.0907713 -0.0405526 0.000368336 -0.0922782 -0.027281 -0.223136 -0.0908315 -0.0113539 0.0462042 -0.0508562
0.0309768 0.188344 -0.0643351 -0.0325242 -0.0329968 -0.0595786 -0.0602377 0.147672 -0.0511202 -0.0312488 -0.00966297 -0.00833821
0.0941836 -0.17887 -0.00675858 -0.00795341 -0.0508598 -0.0845457 0.0467165 -0.227411 -0.0155461 0.0192178 -0.0145305 -0.0378888
-0.0602283 0.0546639 -0.107987 -0.00779866 -0.0287242 -0.124964 -0.116798 0.025894 -0.0787838 0.0216439 0.00629641 -0.0756356
-0.0325302 0.0890878 -0.130032 -0.0555121 -0.0659282 -0.0402144 -0.0606802 0.0497446 -0.23565 -0.0212134 -0.0263112 -0.0324779
0.112303 0.022558 -0.107605 -0.119346 -0.149073 -0.0168156 0.0762131 -0.00140219 -0.208349 -0.0776153 -0.0908124 -0.000742335
0.0175635 0.0698198 0.373484 0.041942 0.0566662 -0.0753908 -0.0388226 0.0539826 0.279218 0.0840621 0.120719 -0.0429936
0.0868127 0.0490385 0.0083743 -0.0231076 -0.027579 0.017116 0.0497295 0.0354966 -0.0122609 -0.00788813 -0.0219496 -0.0264081
0.0755333 0.196085 -0.0254097 -0.0286982 -0.117721 -0.0413801 0.0237165 0.159173 -0.00116638 -0.00723158 -0.0923776 0.0195953
0.0404241 0.037588 0.0222122 -0.0415235 0.058138 -0.0141449 -0.0246036 -0.0190404 0.0183352 -0.0375323 0.113145 0.0246036
0.0228939 0.0315591 -0.135947 -0.0150977 -0.00752939 -0.0229025 -0.00965018 -0.00384372 -0.240437 0.0341028 0.0205271 -0.0069514
0.0422604 -0.172749 -0.0716366 -0.0322977 0.0232314 -0.0918626 -0.0234955 -0.214771 -0.0695403 -0.00212879 0.0675692 -0.052037
0.0398841 0.0185672 0.124282 0.0403576 0.128024 -0.0238075 -0.0377526 0.00516275 0.00774412 0.0998669 0.196588 0.00290404
-0.084642 -0.0947653 0.0802931 -0.0693434 -0.0881597 -0.0108033 -0.103707 -0.13348 0.016871 -0.0292762 -0.0588005 0.00198483
-0.0348879 0.0781835 -0.0808801 0.0138857 -0.0159217 -0.0907694 -0.0964019 0.0402264 -0.0758173 0.0367694 0.0278128 -0.0475331
0.0174225 -0.298427 -0.141758 0.00541975 -0.135658 -0.0328817 -0.053167 -0.276175 -0.230499 0.0340334 -0.0762088 0.00113988
0.116081 0.0995403 0.169911 -0.0778374 -0.067836 0.0326469 0.0385515 0.0761412 0.109964 -0.0272505 0.0144268 0.0575467
0.0356484 -0.0166288 -0.00301868 -0.0879947 -0.173765 -0.0298507 -0.0321349 -0.0354536 -0.0982665 -0.0472715 -0.102637 0.00534233
0.0345377 -0.289387 -0.152673 0.00938101 -0.13696 -0.0380267 -0.0386711 -0.268011 -0.239272 0.0381826 -0.0757139 -0.00325651
0.067615 0.0589281 0.179977 -0.089178 -0.106458 0.0319179 -0.0097132 0.0301832 0.111983 -0.034518 -0.0293804 0.0524994
0.184296 0.0863647 0.0705165 -0.0635696 -0.0161399 -0.055826 0.0984277 0.0497615 0.0871609 -0.0377906 0.020108 -0.0285581
0.0501862 -0.277111 -0.160191 0.0118741 -0.139259 -0.0422813 -0.0254791 -0.257803 -0.245267 0.0410271 -0.0762745 -0.00667504
-0.0686915 -0.265889 0.00588324 -0.0381478 -0.130874 0.0143993 -0.125241 -0.263096 -0.099851 -0.00870747 -0.0786113 0.0415029
-0.0511278 0.0359494 -0.176447 -0.0361281 0.00749147 0.0168113 -0.0851371 0.0390139 -0.182585 -0.0173395 0.0292171 0.00563535
0.0523625 0.153334 0.0707467 -0.0246223 -0.0767753 -0.0626044 -0.0102483 0.143395 -0.0313097 0.017753 -0.0192862 -0.0398634
-0.00935801 0.00639519 -0.0607554 0.0530189 0.0256428 0.0738376 -0.0306162 -0.0156521 -0.0780886 0.0618345 0.0328523 0.0440323
0.145911 -0.0557119 0.222858 -0.0922618 -0.00263503 0.0292005 0.0947911 -0.0548705 0.138186 -0.0555978 0.0541432 0.0520422
-0.0276091 -0.182709 0.0699743 -0.0634907 -0.0766841 0.0581341 -0.0818333 -0.199992 -0.0421762 -0.0320994 -0.0215351 0.0775263
-0.0770989 0.0608715 -0.177778 -0.0515376 -0.00861209 0.0303021 -0.109329 0.0637249 -0.189614 -0.0378882 0.0169933 0.0206347
0.14034 -0.0617919 0.21507 -0.105227 -0.0290043 0.0532922 0.0893941 -0.0650433 0.140037 -0.0670658 0.0287194 0.0749131
-0.0649653 -0.0335865 -0.0566001 0.0179045 -0.085338 -0.0069847 -0.128448 -0.0778424 -0.0920249 0.0653522 -0.100728 0.0346504
0.147608 -0.0552845 0.230063 -0.0974644 -0.011111 0.0370915 0.0965112 -0.054237 0.149455 -0.0604609 0.0458307 0.0595718
-0.0658192 0.016444 0.0402291 -0.00694351 0.0608927 0.116869 -0.0790804 -0.00560548 0.00370824 0.0194036 0.0610566 0.0774418
-0.00664929 -0.0314041 0.00346704 -0.0215457 0.000660232 0.0211318 -0.04539 -0.0654863 -0.0361214 -0.003898 0.0189703 0.00675653
0.0491581 0.0117057 -0.0987574 -0.0257862 0.0219722 -0.00438291 -0.0110653 -0.017376 -0.101144 -0.00786674 0.027231 -0.0327637
-0.0123013 0.0351992 0.0618236 0.03922 0.062087 0.0808778 -0.0128819 0.0156484 0.0279251 0.0595678 0.0678675 0.0664842
0.0245147 0.0501681 0.134725 -0.083963 0.0744639 0.0580618 0.00437238 0.022462 0.089848 -0.0626707 0.0781026 0.0252912
0.0489286 -0.0584712 0.104155 0.00246137 -0.00360525 -0.0640286 -0.0142333 -0.0785228 0.0396612 0.0471776 -0.0207901 -0.0387016
0.0913229 0.167337 0.0831172 -0.0521247 0.0995821 -0.0236539 0.0552845 0.141142 0.0395229 -0.0158408 0.0828476 0.0183754
0.0283646 -0.110809 -0.0906595 -0.0325087 0.043002 -0.0514439 0.00344867 -0.147862 -0.122687 -0.0125877 0.051299 -0.0795782
0.0454788 0.0193782 0.132492 -0.00351943 0.0555585 0.0512579 0.0372081 0.00865902 0.122855 0.0205759 0.0555549 0.0162035
0.10634 0.0225443 0.0549574 -0.0755322 -0.0296115 0.0322121 0.0644424 -0.0225721 0.0347197 -0.0632363 -0.0235198 0.00663378
0.0463947 0.0266166 0.10739 -0.0115332 -0.0149283 0.0234031 0.0161178 0.00197186 0.0865045 0.00994501 -0.000428664 -0.0120883
0.0583405 0.0870725 0.16655 -0.0512696 0.0954595 -0.0425187 0.0191702 0.0692038 0.173089 0.00795446 0.0777946 0.0143976
0.118864 0.0415332 0.15735 -0.0116283 0.0786214 0.0191103 0.101079 0.018947 0.123112 0.00831609 0.0835038 -0.0233193
-0.0383372 0.116473 0.155206 -0.0898314 0.0640212 -0.0587653 -0.101403 0.0992627 0.102355 -0.0463807 0.0454293 -0.0156188
0.0493188 0.142859 0.0670298 0.00483662 0.065059 0.0538677 0.0399515 0.131171 0.0422663 0.0247768 0.0636995 0.0139745
-0.00750983 -0.086549 0.0287637 -0.0219783 -0.0675384 -0.0186645 -0.0362027 -0.0847315 0.00112056 -0.00172394 -0.0587863 -0.0402539
0.000248478 -0.0820634 -0.00339817 -0.0252297 -0.0686603 -0.0150714 -0.0255163 -0.0788766 -0.0243957 -0.00775835 -0.0643943 -0.036378
-0.0521068 0.0268305 0.0386066 -0.00400799 0.0503884 0.107904 -0.0611382 0.0150905 0.00939924 0.0264731 0.0503592 0.066657
0.072826 -0.145052 0.0764235 -0.0379095 -0.0446763 -0.067635 0.0174913 -0.149399 0.0373095 0.00898638 -0.0533566 -0.0425248
0.0720566 -0.113558 0.0858471 -0.0350678 -0.032821 -0.0676529 0.0154777 -0.122298 0.0440273 0.0137936 -0.0427442 -0.042664
0.117256 -0.0636128 -0.12281 0.0315224 -0.0635607 0.0299224 0.0886078 -0.10228 -0.153939 0.0411888 -0.0540819 -0.0201617
-0.00961178 0.0370719 0.0389152 -0.0144871 -0.0401673 -0.121865 -0.0809701 0.0400411 -0.0582856 0.0393952 0.0213929 -0.104946
0.142486 -0.105735 0.0715577 -0.034066 0.037529 -0.0327414 0.101816 -0.106209 0.064364 0.00974244 0.0277101 0.020523
0.0750672 -0.175756 0.0674191 -0.0400696 -0.0553054 -0.0666856 0.0207111 -0.177088 0.0305047 0.00537845 -0.0638992 -0.0410208
0.103852 -0.124214 0.0199262 -0.0395286 -0.0384175 -0.0337664 0.0647074 -0.127823 -0.0149631 -0.00111427 -0.0421036 0.00302446
-0.0453765 -0.0212444 0.0173546 -0.0226258 0.0435743 0.0990254 -0.0639989 -0.0706403 -0.0324307 -0.00897019 0.0454547 0.0672765
0.0631737 0.117964 0.158301 -0.0507352 0.0801842 -0.0473295 0.02632 0.0958175 0.163168 0.00532761 0.0612278 0.00763359
0.11783 -0.122269 0.0275562 -0.0428335 -0.0413826 -0.02967 0.0792595 -0.129234 -0.00700285 -0.00238733 -0.0467122 0.00843525
0.132031 -0.046354 0.086451 -0.0519094 -0.0281347 -0.0381464 0.0912888 -0.0699774 0.0574133 -0.00127232 -0.0446901 0.00508927
0.0171294 -0.0349665 -0.0640266 -0.013029 -0.0692647 -0.0106584 -0.0392526 -0.0300214 -0.0898235 0.0290582 -0.0555477 0.0268909
0.0185355 -0.0579658 -0.148601 -0.0584842 0.0504017 -0.0100237 -0.0433541 -0.058717 -0.171808 -0.0310476 0.0481801 0.00667605
0.0252562 0.123186 0.143405 0.0185063 0.00480185 0.0246024 0.00660143 0.104766 0.10991 0.0409803 -0.0062585 -0.0204902
-0.0113961 0.179046 0.0425946 -0.0529267 0.040051 -0.08563 -0.0668359 0.159213 0.00246656 -0.00556966 0.0294396 -0.0582427
0.0241564 0.141845 0.137766 -0.0370878 0.0063585 0.0694683 -0.00377225 0.109652 0.0847041 -0.0210903 0.0133743 0.033693
0.0918108 -0.0376628 -0.0354519 -0.0781963 0.059803 -0.0103596 0.0385472 -0.0456796 -0.0391883 -0.0490455 0.0552162 0.0199548
0.0264672 -0.0364521 -0.137426 -0.00568858 0.008456 0.00608745 -0.0110084 -0.0449869 -0.142588 0.0164692 0.0245304 -0.0137821
-0.028328 -0.0725597 -0.129777 -0.0893879 -0.0218904 0.0411959 -0.080969 -0.0955143 -0.179958 -0.0625449 -0.0101817 0.0904234
-0.0244576 -0.0826498 -0.131868 -0.09729 -0.035683 0.0402401 -0.0771672 -0.104075 -0.184151 -0.0686829 -0.0280388 0.0857324
-0.0253453 -0.0931715 -0.132309 -0.0937628 -0.0474078 0.0381217 -0.0798228 -0.114321 -0.185499 -0.0636643 -0.0438702 0.0787725
0.0633801 0.135513 0.082991 -0.109463 0.122449 -0.0404293 0.028094 0.107138 0.0454742 -0.0890437 0.0989639 -0.0119836
0.142545 -0.0864454 0.0608535 -0.0505155 -0.0404117 -0.0309614 0.104278 -0.104835 0.0290323 -0.00159081 -0.0526559 0.0103403
0.00440172 0.17116 0.397284 -0.0932008 -0.00676478 -0.112506 -0.0301725 0.207662 0.375226 -0.0590845 0.0289908 -0.0840576
-0.0332417 -0.0273499 0.00735112 -0.0263272 0.0370576 0.0880006 -0.0527869 -0.0803879 -0.0435578 -0.014663 0.0395039 0.0563233
-0.000190512 0.0797184 0.0574443 0.0572406 -0.0139734 0.0468422 -0.0304841 0.0511789 0.0250742 0.0692976 -0.00635443 0.0273927
0.150016 0.0320078 0.106521 0.0342076 0.0662111 0.0806586 0.14446 0.027606 0.12054 0.0460386 0.0733873 0.0469816
-0.0196714 0.132363 0.110468 -0.0150669 0.0794187 0.0797568 -0.0476675 0.108366 0.0873618 0.00377225 0.0818749 0.0287205
0.0219023 0.0256037 0.130065 -0.0705221 0.0997817 -0.0204452 -0.0252072 0.00198795 0.088424 -0.0439735 0.0731566 0.00652048
0.0108491 0.182691 0.00641283 -0.0131883 -0.0135618 0.12626 0.00891622 0.164436 0.00060013 0.0067729 -0.0127742 0.0866759
0.026149 0.0803243 -0.000436164 -0.00515693 -0.0200896 0.00352285 -8.57329e-05 0.0551262 -0.00668716 0.0167179 -0.00685863 -0.0323213
-0.0371291 -0.0534319 -0.120462 -0.0582485 -0.00712045 0.0371306 -0.0889615 -0.0821743 -0.165076 -0.0321587 0.00743366 0.0868607
0.0311772 0.176986 -0.0180511 -0.00505415 -0.0385581 -0.000542014 0.015089 0.171466 -0.0505824 0.0213475 -0.0120883 -0.0288062
0.144051 -0.0749557 0.0328206 -0.0429878 0.0259253 -0.0323991 0.0974066 -0.0794127 0.0253513 -0.0103964 0.0202331 0.0133554
0.0205118 -0.000334666 -0.0581075 -0.00631828 -0.00680046 -0.0544032 -0.0326359 -0.0399941 -0.077824 0.014197 0.00164478 -0.07263
0.049551 -0.0388405 -0.017139 0.0177175 -0.00721305 -0.0131282 -0.00536132 -0.0146436 -0.0577742 0.0629755 0.0116029 0.0249661
0.124984 0.0470086 -0.0509569 0.0111217 -0.0692711 0.0176048 0.101054 0.00198822 -0.101313 0.029564 -0.0563618 -0.0376898
-0.0144751 0.216296 0.158255 -0.0055682 0.00286184 0.0743871 -0.0258913 0.191527 0.120455 0.0193756 0.0143174 0.0191184
0.0562323 0.0904883 0.0751023 -0.059774 -0.0431386 -0.00805335 0.036265 0.0745876 0.0606989 -0.0307781 -0.0399515 -0.0389227
-0.02349 0.17292 0.426694 -0.039669 0.02233 -0.0846316 -0.0709802 0.213886 0.393739 -0.00779916 0.0472676 -0.0636537
0.0674747 0.203171 0.542079 -0.0972764 0.0728006 -0.0768443 0.0283606 0.250518 0.493317 -0.0687744 0.101468 -0.0680654
0.109529 0.138882 0.437937 -0.0722021 0.0450893 -0.133062 0.0659383 0.177805 0.41304 -0.0402563 0.0640476 -0.114151
-0.0790024 0.0782942 -0.0536712 -0.0524878 0.00451396 -0.111895 -0.154322 0.0593363 -0.102403 -0.0232879 0.00542321 -0.0809494
0.0136378 0.218868 0.452072 -0.0376152 -0.0362563 -0.11914 -0.0134713 0.258869 0.426196 -0.00315118 -0.0138652 -0.0980016
-0.0155335 0.213376 0.514134 -0.0552587 0.000411333 -0.107342 -0.0498674 0.246658 0.471652 -0.0241065 0.0106352 -0.0813791
0.0410642 0.261358 0.498856 -0.0216354 0.0742319 -0.129738 0.00984742 0.308027 0.454951 0.0259972 0.0884693 -0.100916
0.155594 0.0505554 0.241372 0.0303783 -0.0344628 0.149889 0.118261 0.0212244 0.242867 0.0708785 -0.00156638 0.213262
0.188829 0.0370648 0.197912 -0.0243095 -0.00307444 0.0566108 0.144968 0.0165253 0.193761 0.00971153 0.0349302 0.103459
-0.0152584 0.252142 0.564328 -0.0190693 0.105459 -0.0611923 -0.043565 0.309524 0.545941 0.0107928 0.133689 -0.0398624
0.0354604 0.0840713 -0.0456529 -0.0314164 -0.0749775 -0.111717 -0.0334247 0.0750037 -0.147182 0.0221216 -0.0218794 -0.0913123
0.213349 0.0981786 0.309667 -0.0336183 -0.088691 -0.0703224 0.146916 0.0717225 0.195887 0.00077121 -0.00570696 -0.0404885
0.0130682 0.103312 0.219476 -0.0845142 -0.0768111 -0.106302 -0.0515903 0.103423 0.100678 -0.0257548 -0.0225253 -0.0872756
0.196356 -0.014828 0.245401 0.073362 0.000541813 0.0716547 0.161337 -0.0337554 0.272863 0.102676 0.053805 0.119984
0.0279512 0.166904 0.526246 -0.109243 -0.0581836 -0.158068 -0.00378141 0.20782 0.506 -0.0845303 -0.0339539 -0.127386
0.18644 0.12025 0.232109 0.0605876 -0.0282612 0.109021 0.141365 0.0841144 0.235505 0.0888135 0.0146456 0.161493
0.00717928 0.0542114 0.250084 -0.030791 -0.0353193 -0.165993 -0.0787983 0.0599061 0.157354 0.0321329 0.0238978 -0.137009
0.0295704 0.0780606 0.0323885 -0.0978833 -0.0133492 -0.109464 -0.0393991 0.0860645 -0.0626511 -0.0450507 0.048603 -0.093573
0.187624 0.0953067 0.358242 0.0472661 0.12978 0.0517277 0.129539 0.0687639 0.34797 0.0923378 0.170657 0.0964104
0.17524 0.0157109 0.360741 0.0640988 -0.0217974 0.121692 0.1351 -0.00971153 0.36896 0.0838011 0.0228691 0.174886
0.251709 0.0220846 0.420934 0.0616946 0.0156794 0.16603 0.200809 -0.0323457 0.432633 0.0982117 0.0729148 0.230649
0.195955 0.208372 -0.0500402 -0.0634622 0.140673 -0.00686394 0.145058 0.229225 -0.0743412 -0.0488896 0.124036 0.0509837
0.234788 0.0865465 0.399758 0.043302 0.0472931 0.117782 0.191646 0.0513771 0.382744 0.0807467 0.0957839 0.153818
-0.0324727 0.0969312 0.0453368 0.0397845 -0.0858349 -0.147659 -0.0876432 0.0967428 -0.0596261 0.0438216 -0.0834925 -0.130427
0.0305476 0.0710348 -0.0202745 0.0460659 0.0383733 -0.193745 -0.00566728 0.0558745 -0.0826145 0.0668898 0.0289749 -0.178719
-0.0191261 0.0666659 -0.0828785 0.0131582 -0.0277568 -0.229361 -0.0760692 0.0523624 -0.176085 0.0162834 -0.0321678 -0.213361
-0.0505147 0.0856329 0.0626734 0.013422 -0.00191744 -0.17451 -0.10712 0.063697 -0.00662513 0.0281767 -0.00782244 -0.155411
0.0328074 0.11113 0.052414 0.0570981 -0.011589 -0.240458 -0.0344028 0.076628 -0.0496485 0.054358 -0.00287355 -0.217831
0.0153956 0.142962 -0.0190747 0.0386818 -0.0223101 -0.207474 -0.041427 0.126197 -0.105204 0.0429436 -0.0366377 -0.181752
-0.0615373 0.115138 0.0184048 0.033564 -0.0895564 -0.185965 -0.134338 0.0787831 -0.0787831 0.0415866 -0.0844504 -0.162675
-0.153111 0.0415482 0.0817892 0.102484 0.028749 -0.026358 -0.188391 -0.00863563 0.0348779 0.104131 0.00444358 -0.0677436
-0.0117806 -0.0259319 0.0372399 -0.106922 0.0988271 -0.00922631 -0.0721349 -0.0596891 0.00761989 -0.0902533 0.103969 -0.0444493
-0.151395 -0.111768 -0.148676 -0.0824183 0.021155 -0.0413489 -0.233635 -0.0401385 -0.114259 -0.0460554 0.0658848 -0.0275053
-0.146456 -0.3747 -0.224803 -0.160233 -0.0497842 -0.158402 -0.246343 -0.434705 -0.22397 -0.167643 -0.113679 -0.188992
0.0276721 -0.0239033 -0.0835057 -0.0363331 -0.0125967 -0.0149721 0.00698154 -0.0292937 -0.115591 -0.0842823 0.0111561 -0.0416013
-0.105485 -0.0686589 0.0428267 0.0589255 -0.0456334 0.0211122 -0.0959188 -0.0805403 0.00200278 0.00479236 -0.0563639 -0.0017882
-0.10322 -0.0756744 0.0566274 0.0641191 -0.0466062 0.029442 -0.094927 -0.0895619 0.014307 0.0114456 -0.057085 0.00422057
-0.036531 -0.051879 -0.135547 0.0735141 -0.0593434 0.0554554 -0.0303644 -0.0441401 -0.161414 0.00815005 -0.0408224 0.0259648
-0.0399919 -0.0326145 -0.143551 0.0845522 -0.0574072 0.057848 -0.0356231 -0.0254553 -0.172058 0.0185326 -0.0374258 0.0289888
0.0335048 -0.0154203 0.0219877 0.0424489 -0.0423913 0.0300505 0.0357081 -0.00971261 -0.00249957 -0.00835571 -0.0251385 -0.0114266
0.0387472 0.0826218 0.0212807 0.050236 0.00560395 0.106156 0.0141611 0.0703785 0.00555058 0.00256181 0.0178615 0.0651837
-0.0315873 -0.158698 -0.0304216 0.133141 -0.0726088 0.0470677 -0.0517473 -0.196754 -0.0792314 0.0737202 -0.0698553 0.0119527
-0.0223987 -0.164699 -0.0404048 0.135692 -0.0748071 0.0391728 -0.0454474 -0.202187 -0.0887476 0.0752923 -0.0712128 0.00458052
-0.0337394 0.00991385 -0.0394714 0.0676349 -0.0485373 0.0157529 -0.0294323 0.00557214 -0.0662941 0.0157877 -0.0435055 -0.00928689
-0.182034 -0.0346935 0.0287051 0.0209235 -0.0333616 0.0289849 -0.185044 -0.0399979 0.015667 -0.0388427 -0.0125625 0.0041875
-0.0430115 0.0026464 -0.0392175 0.0610575 -0.0495803 0.00954088 -0.0376539 -0.000714495 -0.0682342 0.00757364 -0.0467994 -0.0130038
0.0886371 0.0235504 0.0170356 0.0782177 -0.0225148 0.022861 0.0465699 0.0270177 -0.00881629 0.0131533 0.00291506 -0.00334166
0.120849 0.0858964 0.0214223 0.0781001 -0.0304383 0.0508359 0.082599 0.0860821 0.0100228 0.0157805 -0.00398067 0.0150697
-0.168515 -0.0173499 0.00636616 0.0234288 -0.0433248 0.0349462 -0.175571 -0.0269998 -0.000577536 -0.0359516 -0.0240399 0.00830208
0.0412073 0.0369401 0.0470177 0.11019 -0.0391342 0.0832876 0.0442612 0.0393354 0.0168478 0.0461174 -0.0331959 0.0276276
-0.0860707 0.0843952 -0.034681 0.0376911 0.0360036 0.0634426 -0.0925042 0.074737 -0.0795565 -0.015753 0.0604946 0.0392747
0.0136713 -0.165921 -0.0471407 0.125738 -0.0774167 0.0170245 -0.0159564 -0.199633 -0.0913019 0.0671169 -0.0714101 -0.0178167
-0.0333539 0.0144488 -0.0076504 0.0732743 0.017164 0.0585932 -0.0417989 -0.00820286 -0.0339527 0.0325261 0.0363066 0.0261778
0.0237164 -0.0361517 0.0217277 0.00989532 -0.0291733 -0.00921817 0.0297239 -0.0298668 0.010289 -0.0312958 -0.00371548 -0.0379408
-0.0590283 -0.0907688 0.0533918 0.0788166 -0.0383445 0.014638 -0.0974746 -0.147967 0.0334465 0.0317276 -0.0381734 -0.0197671
-0.0755199 0.106369 0.0045774 0.0187298 0.020386 0.0414578 -0.0924623 0.109118 -0.047548 -0.0235605 0.0419248 0.0163001
0.0408922 0.0441479 0.0580939 0.115529 -0.0352677 0.0870131 0.0432605 0.0440457 0.0259848 0.0501136 -0.0298397 0.0306964
0.0358351 -0.0729349 0.0240408 0.125545 0.0056985 -0.0128335 0.0338561 -0.0634802 -0.0261094 0.0732353 0.0205145 -0.0439699
0.0501659 -0.14253 -0.0274697 0.0864987 -0.0697229 0.00596706 0.021528 -0.170007 -0.0642264 0.0351171 -0.0602927 -0.0323277
-0.0111168 0.0347362 0.0089366 0.0888646 -0.0112112 0.0526281 -0.0183364 0.00927523 -0.0165527 0.0450919 0.00948928 0.0191213
0.000462841 0.0561204 0.00592712 0.0989995 -0.0440957 0.0409576 -0.00249826 0.0314067 -0.0172023 0.0517496 -0.0255536 0.00742339
-0.198149 -0.158644 -0.178182 -0.0983712 -0.0336951 0.035276 -0.220558 -0.223136 -0.236271 -0.0826366 -0.0603563 -0.0195368
-0.212247 -0.0753322 0.069281 0.0600334 -0.00780802 0.0278592 -0.244916 -0.0707087 0.011845 0.0048391 0.0149507 -0.0184897
0.0135932 -0.00391389 0.0126704 0.0134672 0.0470943 -0.00578994 0.00029603 -0.0117672 0.019908 0.00747477 0.00547656 0.0179838
0.0694395 -0.0665863 0.0319419 0.066085 0.14703 0.0552341 0.0499965 -0.0628596 -0.0368097 0.131787 0.137854 0.116982
0.0835276 0.130361 0.0206279 0.0898866 0.0285347 0.124744 0.0667459 0.106651 -0.00513979 0.035693 0.0389054 0.0603926
0.136115 0.0955985 0.0611409 0.135685 -0.0197398 0.0709248 0.145556 0.0893039 0.0336228 0.068602 -0.0109221 0.0189173
0.119402 0.0905673 0.152797 0.107698 -0.0452706 0.00970658 0.102225 0.0775966 0.114075 0.0368352 -0.0303391 -0.0431885
0.0596262 -0.0471376 -0.0206751 0.0405094 0.100862 -0.000738951 0.0477542 -0.041535 -0.0349457 0.0318361 0.0590819 0.021693
-0.0587234 0.0303854 -0.00852417 0.0233787 0.0355833 -0.0658984 -0.0788197 0.01643 -0.0282715 0.016208 -0.0202785 -0.032786
0.047721 -0.0433757 -0.0386477 0.036916 0.097192 -0.00390493 0.0349506 -0.0350987 -0.0536847 0.0275458 0.0569428 0.0211777
-0.0503993 -0.0287978 -0.0391305 0.0274007 0.171252 0.0173558 -0.105058 -0.0273839 -0.0276823 0.0223846 0.13968 0.0535739
0.00790374 -0.0961959 -0.0344825 -0.00389539 0.0674651 -0.022549 -0.0194883 -0.089661 -0.0349752 -0.0076323 0.0257868 0.00992939
0.0220704 0.150071 0.306899 0.120405 -0.0645689 0.0474292 0.0106365 0.126853 0.26163 0.0567519 -0.058251 -0.00578227
0.00493259 -0.0217946 -0.0501873 0.0073991 0.0593416 -0.0142721 -0.00955595 -0.0127413 -0.0554838 -0.000888926 0.0233343 0.018223
0.00130116 -0.053767 0.022131 -0.0283712 0.0441055 0.0370917 -0.0401223 -0.0682744 0.00066501 -0.0280043 0.0111574 0.057782
0.0199591 0.0354651 0.0814387 -0.047645 -0.0232476 0.00965526 0.0261438 0.0307097 0.0680474 -0.0543496 -0.0685629 0.0214305
0.103029 3.19658e-05 -0.0133424 -0.0161934 -0.0423931 -0.0502629 0.0912752 0.023612 0.000664088 -0.0253091 -0.0990967 -0.0307694
0.037421 0.0369526 0.0756012 -0.0389583 -0.0145398 0.0114103 0.039762 0.029306 0.0609683 -0.0468307 -0.0618519 0.0217954
0.010652 0.0946779 0.123139 0.0103298 0.011366 0.139512 0.0116359 0.0977275 0.0703866 -0.0494705 0.0139917 0.0678881
-0.0505499 -0.0730086 0.0347234 -0.00770367 -0.0203452 -0.0644805 -0.0632621 -0.0766545 0.0291524 -0.0385492 -0.0782083 -0.0436546
0.119207 0.000872019 -0.00441964 -0.0293076 -0.0362113 -0.0437637 0.108023 0.0218995 0.00766851 -0.034877 -0.096225 -0.026766
0.119876 -0.00271563 -0.000127214 -0.0320335 -0.0325609 -0.0460878 0.108296 0.0157026 0.00965746 -0.0373766 -0.0933309 -0.029857
-0.0614175 -0.0773553 0.0474525 -0.0129917 -0.0154393 -0.0624359 -0.0737179 -0.0836358 0.0416698 -0.0456666 -0.0737919 -0.0415218
-0.044852 -0.0305151 0.0229782 -0.0348256 0.0272934 0.00446926 -0.0532232 -0.0222503 -0.00850093 -0.0322296 -0.00864878 0.0338559
-0.0211747 0.014475 0.0889962 -0.0487804 -0.0186137 -0.0098151 -0.0154757 0.0124542 0.0817264 -0.0512909 -0.0617554 0.00773785
-0.000555079 -0.0812605 0.0601161 -0.0431905 0.0349036 0.0430686 -0.0260883 -0.0896461 0.0383564 -0.0416821 -0.00288227 0.0628188
-0.0197414 0.0477765 0.0202285 -0.0276976 -0.0246356 -0.0569431 -0.0500354 0.0452314 0.00421273 -0.0460444 -0.07036 -0.0309673
-0.0394192 -0.0729062 0.0742707 -0.037809 0.0218796 -0.0571026 -0.0513979 -0.0823256 0.0792106 -0.0703847 -0.0342653 -0.0315211
-0.00427528 -0.0801505 0.0664043 -0.0454612 0.0336623 0.0386885 -0.0257198 -0.0858805 0.0439011 -0.0434576 -0.00458226 0.0592738
0.0563013 0.0777565 0.0775827 0.117559 0.0286753 0.130125 0.0617489 0.096157 0.0823081 0.0335514 0.0481856 0.0627483
-0.0167694 -0.068055 0.0645201 -0.0463085 0.0317822 0.0253693 -0.0310435 -0.0674827 0.0397653 -0.0436088 -0.00643045 0.0487088
-0.00830389 0.108153 -0.0486042 0.0189774 0.0156371 -0.0466792 -0.0536076 0.0959178 -0.0623945 0.0168355 -0.00753165 -0.0256224
-0.0730591 0.0246698 -0.113992 0.0408681 0.0442983 -0.0353568 -0.0952931 0.0268358 -0.16205 0.0386643 0.00561852 0.000813207
-0.0650564 -0.0791674 0.0829793 -0.0336582 0.0063438 -0.0633305 -0.0762519 -0.0889976 0.0833658 -0.0686934 -0.0523166 -0.0402379
0.118592 0.186253 0.066313 0.114334 -0.0488421 0.142778 0.123641 0.176966 0.027555 0.0404759 -0.029411 0.0962284
-0.323831 -0.21768 -0.402663 -0.00243652 -0.114895 -0.106199 -0.387409 -0.341785 -0.371696 0.00382862 -0.0832726 -0.0941204
-0.0450469 0.0983217 0.0359831 -0.0550701 0.0154785 -0.0286381 -0.0596501 0.0691231 0.0572079 -0.0551357 -0.0179838 0.0068087
0.0181641 -0.0152021 0.172796 0.0334793 0.0308355 0.0367913 0.0169477 -0.0146535 0.17969 0.0341915 0.00333034 0.0557277
0.107259 0.00203824 0.10514 0.0552807 0.0997661 -0.0300754 0.0817044 -0.0402601 0.0889571 0.0498071 0.0658668 -0.0139134
0.0347076 0.107961 -0.0324551 0.0410675 -0.0186753 -0.0637713 0.0327114 0.0698632 -0.0269388 0.0181319 -0.0767459 -0.0380399
0.0316354 -0.0594124 0.174001 0.0532011 0.0547284 0.0244949 0.0448486 -0.0798542 0.142317 0.0521754 0.00429244 0.048845
0.0461607 -0.0385619 0.0809695 -0.00576259 0.0132971 0.0581424 0.0222023 -0.0435905 0.106423 -0.00643866 -0.0129513 0.0923615
0.0673539 0.0187824 0.175917 -0.0498671 0.0858727 0.075169 0.0558757 -0.00103611 0.17636 -0.0666809 0.0366338 0.0914734
-0.00405099 0.142301 0.024342 -0.0462675 -0.0440851 0.0223497 -0.00362637 0.130401 0.0358197 -0.0568378 -0.0892532 0.0558017
0.00359022 0.00942488 0.159865 0.0241177 0.0786804 0.0134018 -0.0330074 0.00303431 0.159856 0.0257546 0.0401861 0.039076
0.0542633 0.091912 -0.0866096 0.119674 -0.0233934 -0.0745029 0.00391917 0.0808542 -0.174403 0.0669667 -0.0748903 -0.105221
0.0956669 -0.0781766 -0.0429831 0.085003 -0.0735759 0.00742539 0.00637814 -0.0842076 -0.0838039 0.109074 -0.0807359 0.0708862
0.658896 0.88117 0.932763 -0.00129536 -0.0563502 0.0181862 0.548746 0.734145 0.90082 0.0301813 -0.0888809 0.0496452
-0.0630329 -0.0161626 0.10201 0.167096 -0.0498013 0.139948 -0.164735 -0.0755672 0.0302546 0.0857677 -0.0693914 0.149885
-0.159769 -0.103194 -0.091044 -0.0390608 -0.264379 0.051615 -0.287736 -0.212016 -0.118679 -0.0504542 -0.222138 0.119838
-0.00548638 0.00103007 0.00650503 -0.00710759 -0.032314 0.014261 0.000513397 -0.0345687 0.0397027 -0.00479171 -0.0494573 0.0107813
0.0222454 0.0247122 -0.0266645 -0.000812911 -0.0345935 -0.00421318 0.0361111 -0.00607556 0.0237032 0.00402185 -0.0490323 -0.00162585
-0.0394127 0.042489 -0.0206185 0.0087253 0.0397946 0.068268 -0.0825976 -0.012938 -0.00882526 0.0215062 0.0166223 0.0562075
-0.0546636 0.0530834 -0.0568562 0.0202818 0.0534655 0.0915204 -0.0989573 0 -0.0409538 0.0359845 0.0304154 0.0854203
-0.0391559 0.0770549 -0.109355 0.0316198 0.0208669 0.0115089 -0.0421284 0.0399877 -0.0634495 0.0469235 0.00316819 0.0137003
0.0127153 0.0570854 -0.0148365 0.0242066 0.0387469 -0.00744662 0.00462682 0.0239909 0.0108816 0.0338443 0.0274182 -0.0240766
-0.00540326 0.0709062 -0.089885 0.0231635 -0.00642121 -0.0199007 0.00342414 0.0378368 -0.0336422 0.0358679 -0.0218289 -0.0147238
0.0182535 0.060768 -0.0664318 0.0156341 -0.0206971 -0.0260443 0.031497 0.0296996 -0.00778866 0.0257625 -0.0350062 -0.0196856
0.0145418 0.100841 -0.0719109 0.0368528 0.01168 -0.0131869 0.0271709 0.0952267 -0.019971 0.0514276 0.00197139 -0.0201425
0.0953305 -0.00990675 0.0686619 -0.0139021 0.0307608 0.0530929 0.0737348 -0.070199 0.0752871 -0.00482941 0.00603677 0.0464831
0.100836 0.091297 -0.0593907 0.0131029 -0.0328055 0.0141112 0.0848257 0.0408132 -0.0386515 0.00458284 -0.0626897 -0.00899274
0.0508614 0.0733813 -0.0353322 0.0125612 0.0142993 0.0411337 0.0340943 0.0273098 -0.0146854 0.0215558 -0.00867386 0.0251628
-0.0524269 0.0639491 -0.0316442 0.0182385 0.0636723 -0.0183288 -0.0523678 0.0431774 0.00867016 0.0384088 0.0509805 -0.0221089
-0.0327988 -0.0880502 -0.0329706 -0.0186142 0.00995123 -0.0557829 -0.0355907 -0.132688 0.0242742 -0.00596057 -0.0119211 -0.0627156
-0.0587731 -0.0904245 -0.0120991 0.00167173 0.0333643 -0.0487865 -0.0784532 -0.14843 0.0212784 0.00103797 0.0120231 -0.0466221
-0.184394 0.0113121 -0.240607 -0.0741777 -0.0430519 0.0251945 -0.194471 -0.02271 -0.203955 -0.0687392 -0.0560355 0.00904921
-0.0154988 -0.0221141 -0.031928 -0.056428 0.000532181 -0.019007 -0.0454662 -0.0911045 -0.0154137 -0.0560577 -0.0260053 -0.0334969
0.0239251 0.0196957 -1.58472e-05 -0.0113908 0.00134633 0.0142697 -0.00524423 -0.0434154 0.00842516 -0.00696365 -0.0240719 -0.00111762
-0.194973 0.000414169 -0.269423 -0.0763586 -0.0103534 0.0244146 -0.203013 -0.0360255 -0.231468 -0.0683092 -0.0210584 0.00887585
0.0162201 0.158796 -0.180875 -0.00272223 0.0382836 -0.00744566 0.0182652 0.13028 -0.13357 0.00458795 0.0206025 -0.00588642
0.0820284 0.146947 -0.13664 0.00261623 -0.0107647 0.0204762 0.0780271 0.104844 -0.10865 -0.00242213 -0.0334773 0.00865046
0.0309387 0.162364 -0.179477 -0.00264006 0.0289195 0.000545062 0.0328032 0.130953 -0.1358 0.0019907 0.0102131 -0.000519312
-0.152441 -0.0642615 -0.0811647 -0.0489417 0.0449055 0.0176431 -0.156725 -0.112207 -0.0730691 -0.0241249 0.0216083 0.0102401
-0.0297083 -0.0416275 -0.0550449 -0.0556176 0.0424139 -0.0177363 -0.0297747 -0.0888927 0.00094934 -0.0504876 0.0190731 -0.0242513
-0.0263459 0.12893 -0.12868 0.00371754 0.0616281 -0.0349739 -0.0246003 0.109922 -0.0761398 0.0208756 0.0491141 -0.0275455
-0.191762 -0.00950225 -0.261835 -0.0777317 0.01314 0.0276826 -0.197942 -0.0482892 -0.22387 -0.0651686 0.00295826 0.0125291
-0.0290181 -0.0830393 -0.00712515 0.0099711 0.0500355 0.00771628 -0.0563463 -0.148959 -0.00103864 -0.00900156 0.0349676 0.0143679
-0.00840064 -0.0775424 -0.0116271 0.0140474 0.0561162 0.011842 -0.0380018 -0.148718 -0.0124653 -0.0110803 0.0431957 0.0164473
-0.455604 -0.0462643 -0.265419 -0.210356 0.0448436 -0.0347381 -0.530709 -0.0892532 -0.234234 -0.19945 0.077708 -0.0639426
0.0274918 0.0212679 0.0727107 0.0147808 -0.0205004 0.051945 0.000342263 -0.0290924 0.0816298 0.0133483 -0.0439808 0.0442375
0.0929636 0.0646003 0.080064 -0.0530005 -0.0390445 0.094343 0.0823999 0.0102679 0.109011 -0.0616074 -0.0524519 0.0836834
0.443538 0.595104 0.610657 0.0217734 0.336166 -0.022588 0.33805 0.574037 0.478994 -0.00830275 0.335552 0.00303759
0.0047343 0.152403 0.15239 -0.0160645 0.0203006 0.0147275 0.00521952 0.122787 0.166254 0.00333707 0.00795762 0.0141184
0.129019 0.0220922 0.119507 0.00175832 -0.0607422 0.0469462 0.106529 -0.048687 0.0985719 0.0142039 -0.0768381 0.0537354
-0.0228232 0.178212 0.0910218 0.0106319 0.0322468 -0.0134776 -0.0304614 0.138018 0.1073 0.0329429 0.0185678 -0.0176266
0.392483 0.802126 0.667277 -0.202052 0.280541 -0.107257 0.277503 0.728751 0.616534 -0.175529 0.23752 -0.0727627
0.0065788 0.0216849 0.17006 -0.0142128 -0.00958168 -0.0247909 0.00410716 -0.0261831 0.174982 -0.00231028 -0.0213059 -0.0225894
0.012753 0.0577519 0.0567294 0.0302755 -0.0686731 0.0146236 0.00111236 0.00778649 0.0430396 0.0332851 -0.0846246 0.000256698
-0.0151392 0.070599 0.227592 0.0453084 -0.0204573 0.0189683 -0.0302047 0.0160864 0.235392 0.0448365 -0.0296058 0.0213059
0.169112 0.149169 -0.0386048 -0.0511096 0.0255712 -0.058581 0.120052 0.127001 -0.122463 -0.0668687 -0.00992749 -0.0338953
-0.139629 -0.345958 -0.168655 -0.111682 -0.14538 -0.107862 -0.24842 -0.407114 -0.14158 -0.121697 -0.148498 -0.0826609
0.360388 0.658411 0.834732 0.117395 -0.0339535 -0.127417 0.309758 0.476545 0.686891 0.165493 -0.0688638 -0.161027
0.272629 0.733478 0.354059 -0.187639 -0.426073 0.00672288 0.153183 0.715391 0.42563 -0.208228 -0.438874 0.000969102
-0.035366 0.067203 0.0289073 -0.126824 0.168958 0.102607 -0.162347 -0.0129059 -0.0148733 -0.120796 0.138503 0.173522
0.202156 0.239366 0.529655 -0.0133088 0.00784781 -0.030315 0.0986017 0.223686 0.445413 -0.0151639 0.0623969 -0.00616714
-0.428464 -0.139351 0.0287969 -0.012796 -0.220998 -0.166904 -0.576926 -0.248411 -0.022651 -0.0296263 -0.300089 -0.205659
0.96158 1.01925 1.04071 0.0165107 0.003604 -0.160463 0.928287 0.88878 0.979514 0.0103526 0.0254056 -0.21562
0.127504 0.930403 0.593666 -0.0585526 0.122376 0.106151 -0.14045 0.811895 0.51098 -0.0854234 0.121791 0.0405744
0.336495 0.571419 0.915725 0.175996 0.0706188 -0.141403 0.22235 0.436234 0.745542 0.215612 0.0708916 -0.105387
-0.162986 -0.320455 -0.185188 -0.0357002 -0.025082 -0.150953 -0.258044 -0.366731 -0.132411 -0.0142502 -0.0636252 -0.129022
-0.0381831 -0.0312583 0.181523 0.0468852 0.157386 -0.104026 -0.302661 -0.194579 -0.0343553 0.0386877 0.137041 -0.199975
-0.112119 0.00382945 -0.348957 0.0561081 -0.239238 0.0687234 -0.329795 -0.180775 -0.555364 0.0534327 -0.304118 0.0771095
0.383063 0.453764 -0.0266784 0.0171192 -0.000898021 0.0259679 0.375542 0.30177 -0.0700952 -0.0729471 -0.0563614 -7.50484e-05
0.0692357 0.0470317 -0.0726357 -0.1604 0.0013264 0.00330345 -0.00841542 -0.0684397 -0.189175 -0.179558 0.0423347 -0.0585644
0.68281 0.659008 0.503237 0.326915 0.134995 0.0791125 0.540479 0.582605 0.259618 0.321975 0.147259 0.0698721
-0.121539 -0.371548 -0.374695 -0.214639 0.0738669 -0.134124 -0.192124 -0.463362 -0.521606 -0.219951 0.0381879 -0.111085
0.147924 -0.025187 0.0145135 -0.043066 -0.000221349 -0.0472734 0.0814954 0.0222068 0.0551292 0.0138176 -0.0578081 -0.0547767
0.625184 0.993751 0.550496 -0.0795089 -0.058625 -0.125911 0.41484 0.838458 0.480613 -0.0915053 -0.0387785 -0.135154
0.418987 0.44484 0.237797 -0.055303 -0.00707836 0.0804275 0.35633 0.243249 0.225789 -0.151715 0.0208032 0.117093
0.133046 0.245529 -0.240698 0.0436604 -0.00911403 0.066148 0.0536632 0.158462 -0.431748 0.00278004 -0.0364775 0.0106989
-0.0540128 -0.338295 -0.339698 -0.0163282 0.080608 -0.139949 -0.0955709 -0.410588 -0.315359 0.10043 0.172812 -0.0890916
0.130146 0.311274 -0.221479 0.193565 -0.160413 0.0426365 0.0537719 0.173349 -0.368839 0.230559 -0.143781 0.0281236
0.229453 0.612394 0.973105 -0.0233901 -0.448042 0.0742846 0.0519756 0.361503 0.898585 -0.0352921 -0.461605 0.0524569
-0.225376 -0.167828 -0.254838 -0.0120551 -0.229323 0.0262641 -0.127158 0.0700968 -0.19103 0.074382 -0.14696 -0.0564293
-0.287757 -0.278365 -0.315969 0.0401697 -0.168422 0.0983238 -0.286507 -0.0668743 -0.291089 0.0569384 -0.126353 0.102308
-0.285012 -0.168094 -0.255994 0.0319346 -0.223183 0.0875462 -0.308195 0.047665 -0.241717 0.0534988 -0.188263 0.0601466
0.164548 -0.0365456 0.264281 0.0449924 -0.145091 0.0519045 -0.00978977 -0.108305 0.0834776 0.0902246 -0.104071 0.0360281
0.266758 0.0774556 0.407346 -0.044895 -0.0796162 0.01771 0.0816118 -0.0574872 0.205737 -0.0181262 -0.00941337 0.00538532
0.11955 0.0172464 -0.371784 -0.252407 -0.0788388 0.177347 0.260537 0.188464 -0.409741 -0.169618 -0.0139669 0.161515
-0.153647 -0.305372 0.262098 -0.0757334 -0.0131413 0.132238 -0.294311 -0.388321 0.357416 0.0408641 0.0509127 0.130319
0.0229907 -0.171866 0.0108907 0.127618 -0.231679 0.0680726 -0.107807 -0.113561 -0.113427 0.194383 -0.210039 0.0435779
-0.0162529 -0.199527 0.041515 -0.118877 0.179702 0.159758 -0.0852988 -0.238801 0.0997607 0.0229874 0.248978 0.12989
-0.0224523 -0.434508 -0.30241 0.00321588 0.0338644 0.0485699 -0.011813 -0.324202 -0.282698 -0.0197789 0.122249 0.142616
0.0128387 -0.171243 0.018011 -0.124156 0.209413 0.151831 -0.0463029 -0.198951 0.0630755 0.0182892 0.276792 0.120129
0.268785 0.228387 0.025061 -0.0784678 0.0777504 -0.146702 0.115152 0.215822 -0.16969 -0.0128974 0.0394844 -0.0958278
-0.0775791 0.0373563 0.0291351 -0.0277611 -0.0649301 -0.024188 0.117241 0.0408323 0.0424944 0.0581265 -0.0516581 0.0909631
0.271436 0.253295 0.0457882 -0.0765118 0.0422283 -0.153198 0.104185 0.234153 -0.164593 -0.0129791 -0.0112193 -0.0996534
0.0664931 -0.111266 -0.0202347 -0.130668 0.258452 0.12424 0.0240936 -0.115703 -0.00405271 0.00774914 0.320342 0.0932569
-0.145969 -0.15547 0.251133 0.115851 -0.22948 -0.236776 -0.124488 -0.0868967 0.196019 0.172056 -0.101149 -0.258418
-0.37725 -0.37814 -0.175157 -0.0288315 0.220045 -0.0325781 -0.359775 -0.377832 0.0177846 0.131887 0.174489 -0.0874713
0.0199434 0.0122803 0.0738948 -0.21706 -0.132077 0.0756725 -0.0510685 0.0373672 0.0856776 -0.137502 -0.0769141 0.0798501
-0.386314 -0.402794 -0.161211 -0.0310274 0.244851 -0.032561 -0.362196 -0.402118 0.0445033 0.128202 0.218252 -0.0832453
-0.387867 -0.418805 -0.144006 -0.0350001 0.263425 -0.0354242 -0.359728 -0.420128 0.0699684 0.121209 0.256158 -0.0798991
-0.120089 0.0442088 0.0806847 -0.123191 -0.10511 -0.0538867 -0.0042674 0.0516581 0.0402034 -0.00637865 -0.107314 -0.0273114
-0.129155 0.0681221 0.110741 -0.0390497 -0.0452803 -0.0316288 0.0168899 0.0877738 0.118634 0.0476153 0.0203937 0.0959492
-0.132096 0.0743965 0.000553004 -0.158026 -0.0302848 -0.0526701 -0.0425393 0.0529607 -0.0433928 -0.0502655 0.0231787 0.0328815
-0.155402 0.0802104 0.291438 0.0970284 -0.254207 -0.210015 -0.219157 0.154057 0.200354 0.125232 -0.200177 -0.277471
-0.0721563 -0.388179 -0.0566981 0.0765729 -0.156139 -0.034319 0.0826512 -0.226289 -0.0485998 0.164041 0.0383754 -0.0441858
-0.0505399 -0.0888596 0.275825 -0.157699 -0.156003 0.0415795 -0.182106 -0.105795 0.313249 -0.0743988 -0.101348 0.0581226
-0.14527 0.141235 0.133515 -0.109543 -0.117974 -0.107622 -0.0523319 0.111042 0.0617651 -0.00251552 -0.0371938 -0.0233584
-0.0364136 0.05563 0.0405369 -0.107345 0.0970472 -0.148909 0.11248 0.0547575 -0.0125327 0.0514335 0.171819 -0.0709288
-0.074242 0.0107251 0.0113118 -0.145945 -0.0530672 -0.0469328 0.0682785 0.00610913 0.0255595 -0.0204386 -0.0582613 0.0377778
0.284748 -0.169084 0.00608432 -0.103496 0.155219 -0.0179504 0.226609 -0.214111 -0.0483462 -0.147841 0.270908 0.0631125
0.327298 -0.104397 0.0812533 -0.125632 0.172045 -0.0276398 0.254464 -0.177917 0.00602807 -0.170692 0.289569 0.0451218
0.0930021 0.0452765 0.0767938 -0.0232239 0.0190742 -0.0542083 0.311206 0.062349 0.0996327 0.052826 0.0179231 -0.0166653
0.421896 0.0837784 0.311885 -0.188236 0.201618 -0.0495775 0.308983 -0.0641318 0.171633 -0.231199 0.32382 -0.00790125
0.0137398 0.113562 0.0493142 -0.228523 -0.00273751 0.0195619 0.134491 0.0931642 -0.0137455 -0.0545779 0.0638314 0.128337
0.678535 0.0983059 -0.42941 0.54327 0.409832 0.223714 0.748213 0.151098 -0.330969 0.578027 0.245309 0.187526
-0.329366 0.12023 -0.560604 0.0638333 -0.274342 -0.0684396 -0.830943 0.0434715 -1.0552 0.0369798 -0.0281116 -0.172321
1.04891 1.35524 0.235665 0.784336 -0.434027 -0.00849213 0.430477 0.333782 -0.115988 0.691738 -0.552609 0.0280783
4.53989 2.16551 0.838476 -0.146564 0.194018 0.321777 4.57088 2.45025 1.99836 -0.18817 0.501398 0.316417
1.93241 1.68922 0.160672 -1.85471 -0.681928 0.1192 2.25812 1.59529 0.288213 -1.89684 -0.291039 0.0142411
0.0962539 -0.112301 0.0562331 0.0587581 0.00343757 -0.00822334 0.120304 -0.104512 0.0121321 0.0378196 -0.000135554 0.00108443
0.144538 -0.162297 0.0506761 0.0980867 0.00437807 -0.0101574 0.165999 -0.152103 0.0111841 0.0745604 -0.000474475 0.00162677
0.0552576 -0.180535 0.10985 0.157674 -0.012865 0.0290165 0.0683331 -0.179426 0.0228459 0.136121 0.00238689 0.0020459
0.106105 -0.136612 0.0869673 0.106559 0.00231261 -0.00189078 0.0975424 -0.138213 0.00677848 0.0927297 0.00108456 0.00115234
-0.100891 0.143672 0.139879 -0.0811041 -0.0210424 0.0225454 -0.104166 0.124836 0.0237298 -0.086692 -0.00448758 -0.00203981
0.0429888 -0.180684 0.109926 0.168912 -0.0120324 0.0273548 0.0570807 -0.17963 0.021482 0.1456 0.0021823 0.00156853
0.0618103 -0.0724759 0.0847314 0.0778752 0.00481479 -0.000706154 0.0561078 -0.0762334 0.00481118 0.0655947 0.00304934 0.00332039
-0.293626 -0.00846457 -0.0272592 -0.0684892 0.00427288 -0.00108221 -0.19279 0.0732483 0.0191399 -0.0641088 0.000993421 0.00105965
-0.10018 -0.0819366 -0.0262275 0.0190891 -0.00957705 0.00929078 -0.0557431 -0.0455311 0.0279691 0.0114478 -0.00338231 -0.00149602
-0.0135844 -0.013557 0.0978354 -2.29111e-06 -9.43613e-08 -6.83719e-08 0.0691841 0.0691841 0.0691841 0 0 0
0.0503464 -0.0372071 0.0948277 0.0441392 -0.00485638 -0.00511545 0.0386829 -0.0496577 0.000541967 0.0429509 -0.00521643 -0.00474221
-0.122438 0.10188 0.125393 -0.0607194 -0.016553 0.017715 -0.122339 0.0837167 0.0185961 -0.0687308 -0.00170294 -0.00388271
-0.0982709 -0.04601 0.0538352 0.0112267 -0.0109408 0.0154778 -0.0645942 -0.00512758 0.027902 0.0131186 -0.00113206 0.000665919
-0.171934 0.0703011 0.0614811 -0.00148838 0.00601862 -0.0282319 -0.152347 0.0864279 -0.00132537 0.00334829 0.000348781 -0.0160439
-0.08883 -0.0663235 0.0165423 0.0227541 -0.00191336 -0.00283209 -0.0502051 -0.0328494 0.0376372 0.0172892 -0.00352433 0
-0.0526125 -0.0495968 -0.0890909 0.00404734 -0.00494963 -0.00467721 -0.00401312 -0.00168292 0.0170881 0.00213601 -0.0053724 -0.00459566
-0.0497327 -0.0516815 0.0646195 -0.00480746 0.00604265 -0.0194184 -0.024757 -0.0258512 0.00731766 -0.00376142 0.00109423 -0.00793317
0.0202074 -0.0921595 0.0980211 0.0703763 -0.0233861 0.0301989 0.0304085 -0.0960663 0.0167724 0.0550898 -0.00565898 0.000340902
-0.257186 0.28719 0.147024 -0.13335 -0.0242698 0.0303607 -0.26779 0.247642 0.0297844 -0.119946 -0.00532345 -0.00256065
-0.0884318 -0.0837913 -0.0631239 0.00116783 -0.00599127 0.00322276 -0.0429534 -0.0451595 0.0154425 -0.00447702 -0.00220607 -0.00175188
-0.235611 0.261992 0.144705 -0.124332 -0.0214289 0.0297017 -0.245927 0.226258 0.0278192 -0.112153 -0.00330058 -0.00202077
0.194463 -0.21949 0.0365112 0.156377 0.00744934 -0.0116489 0.203418 -0.208707 0.00366153 0.128832 0.00122051 0.00379714
-0.273353 0.196732 0.111805 -0.0780104 -0.00158256 -0.0187064 -0.265783 0.171167 -0.0227051 -0.0867432 -0.000773237 -0.0181359
0.0463443 -0.0474865 0.154721 0.057082 -0.00732679 0.0283297 0.0341993 -0.0598831 0.0156575 0.0544579 0.0089962 0.00576856
-0.100848 -0.0900469 -0.032593 0.0103598 -0.006623 0.00884953 -0.0604147 -0.0574232 0.0174936 0.00344669 -0.000975479 0.000195096
-0.0059135 0.105772 0.146496 -0.0423936 -0.0141953 0.0331883 -0.0195418 0.0840703 0.0167598 -0.0471581 0.00413905 0.00515685
-0.0542457 -0.0605774 0.0647064 -0.0119224 -0.00670122 -0.00247402 -0.0402823 -0.0427514 -0.0471958 -0.00776015 0.004515 -0.0214462
-0.440878 -0.131444 -0.0318174 0.189716 -0.00628543 -0.000362348 -0.380355 -0.08467 0.0345577 0.189444 -0.00491585 0.00146742
-0.0474572 -0.0261369 -0.0132048 0.0198235 -0.0127544 0.00176625 -0.0043048 0.0091314 0.0301336 0.0135014 -0.00880527 -0.00293509
0.0101941 0.0197601 0.0081805 0.0147447 0.00406484 0.0133605 0.096249 0.0919535 0.0579533 0.0147067 -0.00232978 0.00349467
-0.0806501 -0.0730944 -0.0642419 0.00203454 -0.00321167 0.00455737 -0.038341 -0.0376922 0.00947171 -0.00369786 0.000324374 0.000454123
-0.0733376 -0.0117598 0.0148399 0.0536871 0.0116212 -0.00427914 -0.0368903 0.0203096 0.0357583 0.0465457 0.00645913 0.0071916
-0.340469 0.227878 0.138709 -0.0488574 -0.0104858 -0.0168831 -0.335064 0.194892 -0.0106381 -0.0626463 -0.00632721 -0.0213456
0.185721 -0.223993 0.0290357 0.171798 0.00966652 -0.0107608 0.19249 -0.214466 -0.00156 0.143181 0.0033913 0.00529043
0.0261979 -0.0894973 0.102527 0.035109 0.00332823 0.0193152 0.0207901 -0.0883235 0.0071595 0.0357287 0.0114277 0.00178988
0.0361581 0.0624585 0.144945 -0.015005 -0.0100691 0.0361285 0.018381 0.039882 0.0122766 -0.019941 0.00854615 0.00718962
-0.0410817 -0.107145 0.0993838 0.148902 -0.0188243 0.0187465 -0.0250908 -0.111681 0.00709088 0.121772 -0.00790906 -0.00320453
-0.0532193 -0.00285673 0.0609902 0.035625 0.00372284 0.0155565 -0.0308578 0.0186954 -0.0253674 0.0357228 0.0178614 -0.00514297
-0.0623803 -0.0579448 0.0675002 0.00308249 -0.000600725 -0.019985 -0.0446108 -0.0375812 0.0133832 0.00243331 -0.00743513 -0.00919252
-0.0490799 -0.0268207 -0.0180568 0.0215106 -0.0163079 -0.00186127 -0.00776081 0.00645647 0.0237389 0.0149999 -0.0125216 -0.00599995
-0.0577912 -0.0310521 0.0808819 0.0191439 0.0147098 -0.0049167 -0.0432793 -0.0158804 -0.000545251 0.0203787 0.0119955 0.00258994
0.819057 0.381948 0.081644 -0.451605 -0.0160185 -0.00815159 0.756677 0.366921 0.0118086 -0.40754 0.000640227 -0.000782499
-0.354754 0.223101 0.13613 -0.0534367 -0.0127398 -0.018305 -0.351697 0.186242 -0.0166151 -0.0668774 -0.00848133 -0.0229413
0.304023 -0.00682473 0.0381883 -0.196963 -0.020544 -0.00108114 0.327356 0.0303174 0.0140037 -0.194464 -0.0100336 0.012127
-0.0981309 -0.0347011 -0.0829437 0.0549465 0.00666451 0.0128934 -0.0536579 0.00324021 0.00123128 0.0490568 0.00997984 0.00920219
-0.00250196 -0.0631938 0.0904142 0.0129205 0.00740733 0.019989 -0.0075065 -0.0629444 0.000895271 0.0140489 0.0145309 0.00392542
-0.22693 -0.17192 0.042818 0.0919375 -0.0286899 -0.00914836 -0.158614 -0.100463 -0.0306834 0.0850393 -0.039839 -0.0110526
-0.0735836 -0.0686002 0.0934322 0.128943 -0.0228531 0.0153748 -0.0570588 -0.0758057 0.000749877 0.101233 -0.0128842 -0.00538548
-0.191447 -0.407926 0.00506324 0.010557 -0.00294862 -0.0413556 -0.117828 -0.33435 -0.00125115 0.0151609 0.009126 -0.0111867
-0.0832367 -0.02964 -0.00172114 0.0475253 0.00320836 0.0169828 -0.0474927 -0.00105101 0.0223998 0.0415151 0.0079483 0.0102474
-0.0738366 0.0154195 -0.000751615 -0.0384062 -0.034751 0.0381535 -0.0193491 0.0788103 0.00119071 -0.0389958 -0.00751637 -0.0107908
0.282432 -0.248499 0.0919924 0.0870532 0.00757158 0.00427894 0.253725 -0.237056 -0.0129189 0.0845287 0.00618164 -0.00152805
-0.359807 0.201804 0.0293013 -0.0650579 -0.001691 -0.0437591 -0.339472 0.205738 -0.0190149 -0.0566952 -0.00929773 -0.0270543
-0.0620472 0.0883987 0.151163 0.0263728 -0.0203351 0.0186233 -0.0807004 0.0612611 -0.00321706 0.0210136 -0.00588654 -0.00663947
-0.0248034 0.00433874 0.0621287 -0.00388682 -0.00851559 0.0165203 0.00353243 -0.00054345 -0.010869 -0.031656 0.000815175 0.000883107
-0.124538 0.137907 0.0803076 -0.026279 -0.0097277 -0.0113263 -0.120813 0.119693 -0.0416018 -0.0392205 -0.00665348 -0.0139373
0.124781 -0.0504968 0.138462 0.0487583 -0.00302363 0.0394735 0.0934289 -0.074716 0.00128821 0.043121 0.0157975 0.00894965
0.202561 -0.111267 0.127846 0.10712 0.00235034 0.0065039 0.185773 -0.133472 -0.0211544 0.0883385 0.0050991 -6.89068e-05
-0.108831 -0.0465906 -0.0919371 0.0498121 0.00091787 0.00814835 -0.0685119 -0.0115375 -0.0108893 0.0452425 0.00408349 0.00401868
-0.0891566 -0.0387244 -0.0082342 0.037679 0.0214443 -0.0108835 -0.0617103 -0.0141586 0.0113536 0.0336602 0.0103518 0.00988433
-0.274523 0.282716 0.0531194 -0.139395 0.00169991 0.0111823 -0.26211 0.243199 -0.018911 -0.139697 0.0057614 0.00718481
-0.125538 0.161223 0.0723869 -0.0939727 -0.0366263 0.0297186 -0.122143 0.134677 -0.00476855 -0.0965291 -0.017848 -0.00272489
-0.0613954 0.020705 0.0617957 -0.00701193 -0.013417 0.0134642 -0.0353436 0.0132538 -0.0147491 -0.034324 -0.00475779 -0.00210702
0.0551817 -0.1109 0.130193 0.0962975 -0.0197224 0.028364 0.0231575 -0.136304 -0.0045367 0.0946612 0.000270848 -0.00528153
1.0861 0.518049 0.0722918 -0.531824 -0.0177156 -0.00463856 1.01091 0.501034 0.0117491 -0.482207 -0.00169866 0.00615764
0.924761 0.337017 -0.010433 -0.466613 0.0130886 0.00218266 0.905573 0.36559 0.0494794 -0.419717 0.00436162 -0.00286008
-0.112181 -0.0541375 -0.0958942 0.0449813 -0.00349753 0.00432694 -0.0731891 -0.0197721 -0.0147804 0.0409055 -0.000453786 0
0.159697 -0.0995145 0.124288 0.108454 -0.00119518 0.00199575 0.146716 -0.125126 -0.0286949 0.0897405 0.00137956 -0.00413869
-0.169239 -0.0556111 0.227425 0.0298868 -0.0334071 -0.0345477 -0.0570979 0.0311716 0.110674 0.0073433 -0.0297479 -0.0133378
-0.10359 -0.00101447 0.0716426 0.0841022 -0.000230525 0.0126306 -0.105341 -0.021946 -0.0192028 0.0675525 0.00891556 -0.000137163
-0.0692677 -0.0472274 -0.0354167 0.0200847 -0.0228292 -0.00846633 -0.0333282 -0.0189795 0.00476117 0.013827 -0.019436 -0.0119355
-0.0699031 -0.0475659 -0.00959414 0.0189148 -0.020906 -0.00789342 -0.037531 -0.0224007 0.0123138 0.0106764 -0.0189292 -0.0135583
-0.0221288 0.00376368 -0.00712627 0.0157359 0.0072801 0.0179493 -0.00316729 0.0192677 0.0105576 0.0118773 0.00910595 0.0151106
-0.0297236 -0.0235853 -0.0105566 0.0104577 -0.00167733 -0.0417775 -0.0041563 6.70371e-05 0.00268148 0.00925112 -0.018167 -0.0132063
-0.0952961 -0.0643909 -0.0201337 0.0208467 0.01715 -0.0204164 -0.0704393 -0.0417418 0.000401364 0.0187303 0.00354538 0.00401364
-0.0340271 -0.0753431 0.0295785 0.0795039 -0.0190535 0.0131343 -0.0271636 -0.0638713 -0.00840938 0.0813575 -0.00981095 -0.0034038
-0.0232737 -0.214889 -0.0600725 0.138672 -0.000296717 -0.0112172 0.0453158 -0.134426 -0.0215663 0.131317 -0.00443235 -0.00416773
-0.196958 0.147511 0.0478773 -0.0253553 -8.08351e-05 0.0150171 -0.190857 0.124864 -0.0328947 -0.0363538 0.00515464 0.00881715
0.0984123 -0.128301 -0.000403583 0.0236315 0.00629817 0.0195948 0.127564 -0.0868998 -0.0133998 0.027861 0.0144612 0.00868998
-0.202267 0.0763612 0.121781 0.00987534 -0.0154058 -0.0173276 -0.207007 0.041901 -0.0350331 -0.00770035 -0.0120708 -0.0226848
0.577437 -0.0109997 0.125671 -0.550431 -0.0316949 -0.0180808 0.609944 0.0523932 0.0944533 -0.515564 -0.0340556 -0.021976
0.168327 -0.321323 -0.0508131 0.137281 0.00462858 0.0136126 0.210019 -0.235303 -0.0165473 0.131386 0.00847223 0.00655274
0.448581 0.0279293 0.048434 -0.383581 -0.0216051 -0.0135579 0.47119 0.0811684 0.0140713 -0.355519 -0.0542978 -0.0282221
0.0750968 -0.0255704 0.0858849 0.0180302 -0.0135582 -0.000435069 0.0695434 -0.0271102 -0.0296756 0.0168485 -0.0121337 -0.00859759
-0.17532 0.268027 0.0690789 -0.143601 -0.0365749 0.0298595 -0.178763 0.22582 -0.0147097 -0.138312 -0.0173656 -0.00265591
-0.210163 0.209969 0.143231 -0.110835 -0.0129379 0.0217429 -0.229919 0.164277 -0.0152273 -0.107208 0.00486999 -0.00116605
-0.103774 -0.18382 0.058553 -0.108639 -0.0307858 -0.00791782 -0.0190517 -0.100302 0.0185714 -0.106305 -0.0639594 -0.0241749
0.206219 -0.220847 0.100722 0.15388 -0.0240047 0.0247079 0.164602 -0.227704 -0.00523613 0.151378 -0.00892827 0.00167825
-0.268101 0.0687137 0.00250673 -0.0270182 0.00436747 -0.0469151 -0.250241 0.080237 -0.0406441 -0.0232652 -0.00953034 -0.0264187
-1.00456 -0.306389 0.000279903 0.636898 -0.00552164 -0.00114785 -0.983489 -0.291531 0.0258676 0.634723 -0.000297329 -0.000148664
-0.185062 0.292973 0.0689082 -0.150208 -0.0346723 0.0302001 -0.190204 0.248838 -0.0164121 -0.143487 -0.0153225 -0.0022473
0.190629 -0.217401 0.125524 0.144918 -0.00748705 0.0330516 0.143759 -0.243122 -0.0134202 0.140166 0.0115902 0.000271115
-0.0514762 0.0407305 0.0505194 -0.0279906 0.0116554 0.0215024 -0.0562994 0.0376937 -0.0210864 -0.0248765 0.0172275 0.0116458
-0.0535362 -0.0134783 0.0645556 0.0426709 -0.012826 -0.0221034 -0.0513166 -0.00860925 -0.0185065 0.0411482 -0.0159305 -0.0188455
0.694659 0.0391827 0.121369 -0.601276 -0.0300355 -0.0130212 0.718695 0.0980038 0.092414 -0.563195 -0.0334665 -0.0174229
0.905466 0.183046 0.0479849 -0.554519 -0.00681713 -0.0236652 0.891581 0.209344 -0.100024 -0.523859 0.00871577 -0.0011621
-0.00869274 0.0154984 -0.0121096 0.0200712 0.0162902 0.0243189 0.00647509 0.0271557 0.00198217 0.0149324 0.0174431 0.0229932
-0.704643 -0.185515 0.0400117 0.457877 0.00820515 -0.00445363 -0.668437 -0.186009 -0.220647 0.43939 0.0665926 0.03689
-0.247328 0.122112 0.103143 -0.0123274 0.0145322 -0.0122602 -0.194606 0.150406 0.0492238 -0.011511 0.011511 -0.0150724
-0.810069 -0.247546 0.0429648 0.485099 0.0105875 -0.00258525 -0.773604 -0.239428 -0.216502 0.472951 0.0666092 0.0375165
-0.738434 -0.18839 0.113439 0.495526 -0.00319271 0.0102669 -0.649626 -0.134946 0.0551188 0.471361 -0.0374586 -0.00237581
-1.17653 -0.523151 0.0732507 0.539727 -0.0148 0.00742227 -1.10222 -0.460288 0.0728394 0.54163 -0.0188871 -0.00744948
-0.895801 -0.323454 0.046695 0.472234 0.0129941 0.00359832 -0.859136 -0.300227 -0.207294 0.469198 0.0633203 0.0407619
-0.116247 -0.0420852 0.133581 0.054241 -0.0088366 -0.0107066 -0.0165209 0.0328866 0.0663938 0.0393243 -0.0396346 -0.0153574
1.20672 0.28225 0.0426767 -0.721104 0.00016135 -0.0268588 1.15432 0.289718 -0.111551 -0.674353 0.0173781 -0.00107579
-0.766475 -0.333026 0.0797033 0.349815 -0.0291896 0.00982239 -0.68229 -0.258508 0.0297348 0.344892 -0.0634988 -0.00805822
0.0035007 0.0994534 0.0285151 0.111663 -0.00130415 0.0064955 0.0361709 0.0872709 -0.239888 0.0831761 0.0636404 0.0493085
0.445188 0.0974097 0.162422 -0.346637 -0.0226341 -0.0186352 0.524663 0.180424 0.0755069 -0.337229 -0.0471633 -0.0175243
0.352556 0.0688591 0.154144 -0.287803 -0.0207543 -0.0183993 0.446052 0.157529 0.0737939 -0.284393 -0.046341 -0.018047
0.200727 0.255762 0.209766 -0.0165487 0.00126259 -0.0263765 0.298189 0.313199 0.11793 -0.0524216 0.00524955 -0.00162662
0.951904 0.512642 0.283134 -0.234659 0.0201485 -0.0138639 0.879667 0.464703 0.161611 -0.212192 0.0126732 -0.0141312
-0.239172 -0.271723 0.233364 0.0564927 -0.0411935 -0.048624 -0.146266 -0.179117 0.0924549 0.0558693 -0.0445887 -0.0394058
-0.330608 0.376748 0.106283 -0.0125666 0.058812 0.000995316 -0.264518 0.415383 0.0147729 -0.0206263 0.0907976 -0.000418101
0.146199 -0.16515 0.04111 0.121077 0.0489209 0.0163876 0.227621 -0.120889 0.0168809 0.114355 0.0243004 0.0123204
-0.621302 -0.4644 0.116607 0.0251985 -0.000766367 -0.0132841 -0.453566 -0.327894 0.385776 0.0190854 -0.0138708 -0.0144966
1.52001 1.10998 -0.0749032 -0.0572514 -0.0146653 -0.0331928 1.35241 0.933143 -0.0200551 -0.0405979 -0.0247489 -0.0306009
0.520194 0.20351 0.258341 0.00289478 0.156393 0.00865297 0.341607 -0.138776 -0.151814 -0.0091045 -0.0746138 -0.0424518
-0.171204 0.275595 0.277847 -0.0289688 0.108449 0.0428359 -0.270043 -0.0818996 -0.280342 0.0160825 -0.166002 0.0619617
0.169902 0.421331 0.379594 0.197354 -0.0506308 -0.166654 0.0341281 0.137199 0.0319092 0.179727 -0.180942 -0.150037
0.306178 0.112802 0.181261 -0.133015 0.177089 0.122012 0.146591 -0.169824 -0.187853 -0.105865 -0.012824 0.0989435
0.302281 -0.0737128 -0.0652214 0.178789 0.0375551 -0.0601081 0.347219 -0.0518549 -0.0674712 0.177831 0.0446819 -0.0429634
-0.507167 -0.495845 -0.00286146 0.131092 0.0173359 0.00626978 -0.51688 -0.414855 -0.0221037 0.131947 0.0198837 0.00579137
0.249537 -0.0616734 0.0665991 0.297294 0.0264328 0.00502469 0.257319 -0.0443853 0.00931386 0.269395 0.0290335 0.00289051
0.408389 -0.327097 -0.0517296 0.0428536 0.0552453 0.0159283 0.439123 -0.277176 0.0127595 0.0398489 0.0564036 0.00615074
0.214963 0.258266 0.252548 -0.18961 0.0504523 0.13017 0.0851445 0.0697201 0.0807449 -0.168684 -0.0159937 0.10885
0.200284 0.0313703 0.120101 0.00293196 0.244742 0.0222555 0.0504014 -0.302792 -0.355771 0.0195792 -0.0154111 0.0155208
0.265334 -0.0783796 -0.0453714 -0.360787 0.0319697 -0.0156056 0.296042 -0.00861895 -0.00801937 -0.346107 0.0111672 -0.0308783
0.174919 0.0303664 0.115809 0.0333761 0.2489 -0.00285808 0.0259345 -0.316445 -0.382355 0.0484551 -0.0248883 -0.00583664
0.133253 0.233837 0.244135 0.112719 0.109065 -0.0767583 -0.00922583 -0.16264 -0.312849 0.125129 -0.18518 -0.0706577
0.152404 0.0374392 0.116448 0.0602541 0.246467 -0.0257421 0.00502664 -0.320324 -0.400087 0.0738529 -0.0385007 -0.0252437
-0.0637768 0.206395 0.220099 -0.0370062 0.119673 0.0514644 -0.180828 -0.198399 -0.315059 -0.0354205 -0.184943 0.0131784
-0.102757 0.263299 0.27111 -0.0808845 0.0719534 0.078084 -0.221419 -0.138366 -0.247556 -0.0754824 -0.205394 0.0367466
0.383921 -0.126583 0.173399 -0.247772 0.07823 -0.101755 0.412571 -0.0870437 0.0209107 -0.226907 0.0824853 -0.0882014
-0.109065 0.0817361 0.18639 -0.00608607 0.14315 -0.00464286 -0.153705 0.0188564 0.141015 -0.0197228 0.106411 -0.0015289
0.359238 0.0729141 0.0657643 -0.231858 -0.00590643 -0.0613131 0.44152 0.147075 0.0431439 -0.231361 -0.0183102 -0.081914
0.10016 0.102893 -0.235232 0.0625763 -0.0117887 -0.218559 0.0733258 0.0561383 -0.281398 0.10744 -0.0186756 -0.274776
-0.401462 -0.567878 -0.158433 0.111751 0.0366013 0.0629585 -0.399321 -0.527846 -0.0726225 0.0880086 0.0401065 0.0689298
-0.0266536 0.25953 0.245243 -0.0775811 0.0489442 0.0363283 -0.11789 0.123797 0.179915 -0.0787798 0.0293833 0.0267352
-0.106729 0.0576174 -0.326369 0.159685 0.0166315 -0.0908682 -0.149861 0.0352305 -0.367516 0.186443 0.0350802 -0.142574
-0.209982 0.0626733 -0.19546 0.0578014 -0.099174 0.0700385 -0.246145 0.0099134 -0.256246 0.0514821 -0.101237 0.0829871
-0.0876147 0.250371 0.241797 -0.0423919 0.0585627 0.0115643 -0.17191 0.124273 0.194814 -0.0490082 0.044082 0.0039105
-0.127503 0.0619823 0.0633079 0.14277 0.172422 -0.0849925 -0.174773 -0.00938483 -0.0210261 0.123234 0.115644 -0.0578987
-0.0761452 -0.303821 -0.2 0.0679854 0.0724434 -0.252623 -0.140225 -0.354468 -0.242779 0.11871 0.0762459 -0.337294
-0.23511 0.280467 -0.0826941 -8.06451e-05 0.107528 0.0807019 -0.225992 0.256805 -0.114356 -0.0236802 0.0996481 0.0780271
0.40535 0.105425 0.130667 0.0648218 0.120975 -0.0666393 0.300006 0.0261205 0.0444303 0.0284536 0.0677612 -0.051886
-0.214549 -0.713168 -0.0213032 -0.186838 -0.0328877 0.0297996 -0.141778 -0.655933 -0.0205983 -0.175159 -0.0205253 -0.0177496
-0.104538 0.393467 -0.133484 0.159875 -0.0645151 0.0420381 -0.107219 0.392752 -0.147347 0.152391 -0.0397202 0.0284087
-0.201219 -0.14273 -0.281227 0.137747 0.009957 -0.0107003 -0.314632 -0.263867 -0.206964 0.193515 0.0150781 -0.0209881
-0.0198059 0.137776 -0.105563 0.218797 -0.0230679 -0.202303 -0.00852899 0.144548 -0.100308 0.271593 -0.0165388 -0.295919
-0.0285366 0.132993 -0.239585 0.00738906 -0.0699286 0.158684 -0.0518742 0.0946248 -0.254381 -0.0391756 -0.0531403 0.182844
0.0217471 0.00276136 -0.0416911 0.0364164 -0.0198876 0.0139509 0.00445779 0.0112188 -0.0387456 0.031836 -0.00386341 -0.0106615
0.835042 0.967336 0.242586 -0.217193 0.045724 0.0252455 0.702725 0.757853 0.0998169 -0.217577 0.0255044 0.0571027
-0.346233 -0.240982 -0.112691 0.10887 -0.0473756 -0.0225749 -0.47627 -0.390311 -0.0339731 0.104694 -0.0609921 -0.0136805
0.0358982 -0.058228 0.477844 0.239587 0.115024 0.188411 0.0260861 -0.0195738 0.428894 0.217188 0.1372 0.183118
-0.00714111 -0.119374 0.0683358 0.108551 0.142607 0.343638 -0.0382448 -0.132813 -0.0153948 0.0478992 0.157378 0.418121
-0.0887399 0.197302 0.0970478 0.323257 -0.0674887 -0.146065 -0.0520846 0.225171 0.105535 0.361012 -0.0627895 -0.235654
0.371059 -0.0233383 0.0895816 -0.0402775 0.227738 0.0567267 0.293869 -0.0340253 0.06725 -0.0678004 0.176181 0.0655988
0.314786 -0.0485492 0.0918571 -0.0506897 0.251703 0.0760993 0.247813 -0.0454291 0.0842685 -0.0760813 0.202634 0.0853668
-0.0196214 0.216507 0.154553 0.0546055 -0.126007 0.278145 0.00379747 0.199976 0.0993242 0.000442424 -0.129962 0.345939
-0.0625978 0.143542 -0.214519 0.0377762 -0.0110186 -0.0532631 -0.106084 0.0855312 -0.105674 0.0374875 -0.0200679 -0.0506548
0.102232 0.251921 -0.00464535 0.0580658 0.00292023 -0.0041232 0.174797 0.176415 0.129819 0.0383574 0.00419247 -0.00411892
-0.0359473 -0.156003 -0.156673 0.0932371 -0.0408543 0.0369304 -0.0881512 -0.301732 -0.0885278 0.134241 -0.0435673 0.0431154
-0.271084 -0.203667 -0.0989444 0.268363 0.00176984 -0.00647534 -0.378877 -0.368896 -0.0333566 0.325521 0.00527482 -0.0103599
0.028471 0.273495 -0.0091157 0.101696 0.0121894 0.00714158 0.0859232 0.192202 0.117379 0.0952162 0.0204298 0.00534715
-0.198564 -0.0307322 -0.245158 0.275992 0.0676651 -0.023583 -0.363616 -0.0740512 -0.151912 0.354072 0.0709201 -0.0127883
-0.273013 0.177812 0.230889 0.108132 0.131989 -0.0634286 -0.350242 0.0606877 0.205843 0.077652 0.116074 -0.0691194
-0.135813 -0.0356271 0.140928 0.0609954 0.0525533 0.312034 -0.175815 -0.0323077 0.156185 -0.00427547 0.0848401 0.354269
-0.0884402 -0.0827675 -0.274082 0.0247156 -0.019485 -0.0157953 -0.130712 -0.209359 -0.183985 0.0506713 -0.0263159 -0.0222818
-0.0463216 -0.0193753 0.216336 -0.0407055 -0.0172024 -0.277261 -0.0356303 -0.0248153 0.228449 -0.0171855 -0.0252598 -0.319192
0.284221 -0.0596118 -0.208614 -0.123189 0.0495835 -0.0270026 0.296157 -0.159544 -0.10702 -0.0945499 0.0555387 -0.0376711
0.087502 0.0526803 -0.203882 0.135566 -0.0752483 0.0184702 -0.0116528 0.0756501 -0.0776233 0.192513 -0.0784051 0.0102381
-0.0504196 0.0195513 -0.327244 -0.0288286 0.0486597 0.302782 -0.0423766 -0.00299746 -0.390381 -0.101801 0.0463482 0.407879
-0.100919 0.37894 -0.058028 0.399418 -0.0606542 -0.0532131 -0.0603116 0.42292 -0.0370212 0.422698 -0.041229 -0.127821
0.136431 0.875643 0.675607 -0.367764 -0.514172 0.385346 -0.011747 0.641704 0.606875 -0.363331 -0.350142 0.274817
-0.284048 0.0209267 -0.0859408 0.197812 -0.0124231 -0.0180107 -0.401441 -0.0420729 0.00424865 0.131445 -0.0186113 -0.0111668
0.00262141 -0.0559695 -0.0698743 -0.0158198 -0.0504976 -0.0622814 -0.0250002 -0.09765 -0.135262 -0.0275748 -0.0380227 -0.0750006
0.112917 0.35714 0.0745835 -0.0865941 -0.18866 -0.312552 0.151154 0.313893 -0.013203 -0.037954 -0.221545 -0.326397
0.25498 0.045927 0.065944 -0.320441 0.0102814 -0.0063668 0.206347 0.0639296 0.185466 -0.335015 0.0122786 -0.0146682
0.0448146 0.270058 0.0033094 0.339431 -0.0402251 -0.0312865 0.0448775 0.277299 -0.0432846 0.371694 -0.0286717 -0.0586593
-0.153475 -0.0411201 -0.0897167 0.308973 0.0356549 -0.00935445 -0.227925 -0.174719 -0.0164175 0.381293 0.0331739 -0.0105057
0.0796981 -0.00662255 -0.133695 -0.0104806 -0.0158342 0.0230493 0.00841334 -0.0173851 -0.0221129 0.00253145 0.000856225 -0.0153748
-0.0495152 -0.0182233 -0.000692368 -0.0156704 -0.0557378 -0.0842635 -0.0320244 -0.0658341 -0.0761369 -0.0308341 -0.0570934 -0.0712644
-0.402728 -0.159767 -0.17434 0.185704 0.0323401 0.0339254 -0.51436 -0.309081 -0.0906932 0.242319 0.0459182 0.0485475
-0.313007 0.0229716 -0.114521 0.190549 0.0421348 0.0329908 -0.377108 -0.110297 -0.0260921 0.235357 0.0617751 0.039157
-1.02959 -0.242582 -0.118533 0.0159158 0.13619 -0.0028032 -1.00645 -0.247065 -0.0806442 0.0233935 0.133163 0.00393224
0.0617108 -0.0101824 -0.131042 -0.0139941 -0.0200136 0.0227903 -0.0194464 -0.0199679 -0.0242148 0.00286852 -0.00212345 -0.0197816
0.371878 0.128693 -0.0392456 -0.0411813 -0.0870246 0.0190119 0.421472 0.114864 0.0861569 -0.00835905 -0.0645627 -0.00164981
0.448441 0.175416 0.00346065 -0.124628 -0.0738821 0.00443435 0.504432 0.20197 0.140697 -0.101295 -0.049973 -0.0193914
-0.0947678 -0.00903606 -0.0901002 -0.0170577 0.0137998 0.0720087 -0.000506583 0 -0.00073173 -0.000112574 0.000225148 0.00112574
-0.263063 -0.0287621 -0.055707 0.209867 -0.00691985 0.0082884 -0.371066 -0.0897193 0.0410038 0.127488 -0.00150473 0.00259565
-0.0733588 0.0157423 0.0556254 0.00246317 -0.0489081 -0.0840683 -0.0286253 -0.0142014 -0.00533944 -0.0151284 -0.0568798 -0.0553596
0.422584 -0.0181677 -0.0203209 -0.254448 -0.00437182 -0.106891 0.48776 -0.086663 0.108485 -0.346395 -0.0520199 -0.0712702
-0.71097 -0.142011 0.0188159 -0.145955 -0.0591103 -0.0340064 -0.640749 -0.0816072 -0.027447 -0.174076 -0.0639942 -0.0284745
0.0132413 0.135962 -0.0267019 -0.043626 0.115193 0.0105247 0.000520149 0.123387 0.113132 -0.026862 0.0807718 0.00683625
0.0911889 -0.10843 -0.13155 -0.0709275 0.103471 -0.203726 0.0107707 -0.134858 -0.105051 -0.0775637 0.117692 -0.239049
0.153419 0.281079 -0.0566316 -0.0358036 -0.029419 -0.0543115 0.132829 0.31489 0.0577311 -0.0929438 -0.0752822 -0.00798448
-0.0431103 -0.0747569 -0.0778207 0.024034 0.0222351 0.0943509 0.0241904 -0.0724586 0.00118139 0.0402798 0.00787594 0.0116451
0.301108 0.0268517 -0.0757191 -0.183625 -0.00549825 -0.0858852 0.291393 -0.000369694 0.0412209 -0.294239 -0.0358603 -0.0598165
-0.124673 -0.0938231 -0.0831668 -0.00240567 0.318646 0.0445412 -0.116267 -0.0578112 -0.0441151 -0.0311138 0.24236 0.0709117
-0.0257361 -0.0615014 -0.0757438 0.0273604 0.0219167 0.097938 0.0336832 -0.0628679 -0.00185567 0.0445361 0.00759138 0.0123149
0.391682 -0.0262554 -0.0522418 -0.270639 -0.00337379 -0.114746 0.405507 -0.071699 0.0657948 -0.382333 -0.0475287 -0.0766437
-0.10332 0.0483961 0.122864 0.049392 0.00355016 -0.0432526 -0.0131102 0.0764087 0.118842 0.0237461 -0.00144028 -0.00520716
-0.0726001 0.0372086 -0.118967 0.00400455 -0.0188628 -0.0202301 -0.194242 0.0243921 -0.0127928 0.0691856 -0.0313293 0.00208862
-0.0695505 -0.0570426 -0.00887656 0.13932 -0.0044974 0.0930172 -0.116216 -0.107883 0.0962615 0.0397228 0.0355749 0.0459634
0.00839615 0.0165355 -0.0732996 0.0195775 0.0167972 0.104382 0.0515404 0.0053337 -0.0121833 0.0386833 0.00336865 0.0135869
0.122136 -0.147403 -0.223575 -0.0887554 -0.0337079 0.0708808 0.254385 -0.124883 -0.127981 -0.0848889 -0.0421347 0.0272073
0.140826 -0.222953 -0.238875 -0.0936188 -0.0399395 0.120438 0.248027 -0.202628 -0.137323 -0.0813784 -0.0488947 0.074611
-0.0458599 0.112058 -0.114964 0.113583 -0.0030104 0.142633 0.0639251 0.0949309 -0.0312873 0.110968 -0.015306 0.0770364
0.0351918 -0.0421947 -0.0596056 0.0568939 0.0266948 -0.0881111 0.184753 -0.0194005 -0.00998058 0.0548932 0.00723312 -0.14141
0.233847 0.0967188 0.0391603 0.110516 0.0505896 0.0850637 0.307937 0.121085 0.0565039 0.160175 0.0697685 0.120344
0.247871 -0.231261 -0.131604 -0.0568359 -0.0563871 0.0601763 0.304756 -0.22309 -0.0437055 -0.0115459 -0.0639812 -0.0109264
0.230981 -0.109023 -0.0579317 -0.00594934 -0.0931613 0.0266423 0.27802 -0.0970553 0.0397731 0.020362 -0.0928598 -0.051912
-0.139714 -0.0669705 -0.287486 -0.119684 -0.0238907 0.169305 -0.111455 -0.09635 -0.179598 -0.078785 -0.00749516 0.132681
-0.146658 -0.184289 -0.180507 0.0887557 0.0143398 0.0459111 -0.0147242 -0.155542 -0.119669 0.124331 0.0186468 0.0237065
-0.093797 0.0495876 -0.0820416 -0.06883 -0.0318495 0.120201 -0.0589506 0.0214161 -0.0652063 -0.0428321 -0.0377036 0.0432266
-0.436265 0.116118 0.0187249 0.038052 0.0451164 0.0285574 -0.432405 0.0675191 0.101985 0.0368954 0.0306237 -0.00881421
0.0455062 0.188004 -0.152526 0.22627 0.0481333 0.148951 0.108506 0.18455 -0.0886804 0.240319 0.0345399 0.0993512
0.0230608 -0.0751183 -0.0289347 0.133148 0.0649068 -0.129437 0.145898 -0.0600392 0.0107533 0.124223 0.033268 -0.184934
-0.498579 -0.0310935 0.095584 -0.0251529 -0.0673349 0.125317 -0.453228 -0.0813907 0.189798 -0.0134802 -0.0700629 0.13061
-1.13168 0.471477 0.268236 -0.353557 -0.0660897 0.362954 -1.16038 0.4356 0.302323 -0.296653 0.0610211 0.336492
-0.0473853 0.0723981 -0.0177644 0.0276907 -0.0690825 0.0929952 -0.00472685 0.0655569 0.0805816 0.0314561 -0.068877 0.0441173
-0.250538 -0.0363264 -0.103133 -0.238912 -0.0314783 0.152155 -0.20862 -0.0790434 -0.00495088 -0.192288 -0.0310711 0.147161
0.0565586 0.0897924 -0.424002 0.192582 0.0663923 0.159868 0.107704 0.0490238 -0.349509 0.208208 0.080278 0.0871916
0.0393339 0.0629371 -0.0639004 -0.0686198 -0.0795151 0.160588 0.0559344 0.0656695 0.0215522 -0.0272919 -0.0842955 0.0743354
0.0190938 -0.0436763 -0.0289912 0.157457 0.0766392 -0.138829 0.121177 -0.0352291 0.0128614 0.144104 0.0390875 -0.196164
-0.0239987 -0.224812 -0.376611 0.0265505 -0.0490327 -0.0508342 -0.14885 -0.343074 -0.306995 0.0120009 -0.00361933 0.0110104
-0.0921835 0.205204 0.10407 0.0632246 0.0884008 0.0592445 -0.0173498 0.220805 0.238211 0.086749 0.0527746 -0.000613658
0.3884 0.0333984 -0.232885 -0.0961377 0.0681607 0.164338 0.458677 0.0201536 -0.173084 -0.0360732 0.0510896 0.101219
0.210752 -0.0985582 0.134529 0.0986502 0.0213002 -0.07986 0.301221 -0.0788516 0.168896 0.118416 0.017067 -0.143241
-0.281247 -0.121242 -0.0997398 -0.131301 0.0958968 -0.0339647 -0.268685 -0.140713 -0.0531707 -0.115968 0.0714039 -0.100283
0.158798 0.0134114 -0.133629 0.00527233 -0.0394244 0.220643 0.213278 0.0252433 -0.0421283 0.0353968 -0.0512159 0.159538
0.032117 0.0321169 -0.0792353 -2.08616e-07 3.92288e-07 -2.48163e-07 -0.000543317 -0.000543317 -0.00143591 0 0 0
-0.0581603 0.26263 -0.0392152 -0.0651316 -0.0102741 0.0622822 -0.0150246 0.243208 0.0737164 -0.04468 -0.00647129 0.0186823
0.115109 -0.0432026 -0.181376 -0.0213402 -0.0372231 0.0529238 0.169773 -0.0284174 -0.124699 0.00258851 -0.036408 -0.0375335
0.377423 0.126918 -0.305668 0.0532178 0.12219 0.204465 0.442562 0.0932693 -0.258289 0.0902113 0.112523 0.135119
0.152764 0.173127 -0.112041 0.0755594 -0.0207497 0.218774 0.199736 0.169459 -0.0282059 0.101799 -0.0344179 0.155972
0.0533788 0.05642 -0.0935848 0.0137175 -0.029602 -0.00566259 0.011877 0.015642 -0.0136624 0.0103245 -0.0250349 -0.00260052
-0.235615 0.134364 -0.0271941 0.00906246 0.0523327 0.0255982 -0.154843 0.127409 0.0568878 0.0683327 0.0622175 -0.0277146
-0.0728823 -0.0761592 -0.156655 -0.227358 -0.0747511 -0.0023455 0.0488225 -0.0478596 -0.0975883 -0.176769 -0.0519942 -0.0300751
-0.141941 0.038606 -0.116569 -0.104177 0.0635243 0.0319272 -0.0862687 0.0464307 -0.0659835 -0.103511 0.0393309 -0.0471069
-0.0626936 0.353773 -0.0241051 -0.110393 -0.103009 0.0788083 0.0831958 0.338549 0.159037 -0.0562154 -0.098497 0.0222126
0.0909126 0.08579 -0.0521569 -0.161738 -0.0174644 0.0445523 0.099489 0.0549215 0.0132239 -0.0941994 -0.0262228 -0.0066401
0.0765038 0.0804336 -0.102117 0.0282366 -0.0546226 -0.00792246 0.0271403 0.0340904 -0.0194914 0.0213551 -0.0455057 -0.00260144
-0.0591381 0.0813746 -0.117749 -0.178221 0.0125946 0.0739967 -0.120016 0.024749 -0.0481419 -0.134104 0.00354095 0.0698396
-0.096347 -0.158964 -0.152157 -0.0215526 0.00230408 -0.00715553 -0.109817 -0.187069 -0.147286 -0.0365664 -0.0145559 -0.00925929
0.001634 0.0547552 -0.00071758 -0.0728492 -0.0387147 -0.100263 0.046537 0.0416976 0.0410223 -0.0432732 -0.0338758 -0.180577
-0.45023 -0.194958 -0.699039 -0.198047 0.0537384 -0.0209742 -0.51636 -0.345763 -0.589462 -0.119062 0.0297751 0.0332986
-0.193319 0.26274 -0.106811 0.27304 -0.0306496 -0.0888832 -0.0715577 0.263827 0.0501573 0.169717 -0.0555817 0.00616748
0.201884 0.100257 -0.246141 0.0412154 -0.213638 -0.128619 0.150829 0.0330974 -0.193595 0.0212853 -0.245287 -0.161199
0.2013 0.0988842 -0.232088 0.0346566 -0.175455 -0.0907966 0.155209 0.0405451 -0.172463 0.0192794 -0.19813 -0.101694
0.156901 0.0705463 -0.19157 0.0102648 -0.0818779 -0.0108132 0.122656 0.0327834 -0.127595 0.00451112 -0.0762612 0.0135722
-0.144533 -0.116737 -0.117891 0.0289273 0.148269 0.153529 -0.143165 -0.111219 -0.016208 0.0278637 0.172245 0.218514
-0.000935078 0.183609 0.420466 -0.021981 -0.00152686 0.0403403 -0.0436325 0.130489 0.524853 -0.0195491 0.0464571 0.0653001
-0.0325731 -0.11702 -0.208732 -0.0832806 0.0899722 0.0923984 -0.0459152 -0.128319 -0.117047 -0.0851926 0.10707 0.116025
-0.117749 -0.0980537 -0.0940051 0.026193 0.120601 0.137792 -0.120365 -0.0927902 0.0142573 0.0265171 0.144688 0.205047
0.0404471 -0.046248 -0.0335109 -0.0510603 -0.184377 -0.12385 -0.0148716 -0.090049 0.0943817 -0.0506258 -0.234003 -0.141143
0.108587 0.327853 -0.247717 0.19477 0.181489 -0.0782982 0.035332 0.208888 -0.282987 0.200633 0.19251 -0.0915991
-0.000301957 -0.0275062 -0.0102137 0.0124205 -0.265946 -0.218642 -0.0667679 -0.0687959 0.0911039 0.010647 -0.347294 -0.250185
-0.113223 -0.110109 -0.295826 -0.00634184 0.29071 0.238268 -0.0956163 -0.078103 -0.26855 -0.0151965 0.361889 0.264898
-0.123464 -0.0916653 -0.377248 -0.0135393 -0.131131 -0.113408 -0.151872 -0.115643 -0.356252 -0.0154085 -0.19711 -0.189959
0.112298 0.140214 -0.12408 -0.107269 -0.0319256 -0.0547052 0.0709417 0.0868532 0.00523913 -0.0796736 -0.0276316 -0.0371008
0.116794 0.120492 -0.118061 0.0544247 -0.0875477 0.00473198 0.0532556 0.0699831 -0.0322879 0.0411963 -0.066871 0.0122538
-0.0599457 -0.110036 -0.0181422 0.0213505 0.0687672 0.00883424 -0.0596054 -0.105891 0.0147646 0.00675737 0.0434346 -0.000273419
-0.0441321 -0.0269983 -0.0636168 0.0552491 -0.246522 -0.222999 -0.111423 -0.0538957 0.0068346 0.0522944 -0.332357 -0.24749
-0.0311576 0.0142229 -0.00394928 0.00519758 0.252191 0.186402 -0.0133105 0.0495555 0.0322092 0.00162986 0.340486 0.266638
0.129973 0.0519142 -0.236335 -0.0491159 -0.0662799 0.0137678 0.073649 -0.00293344 -0.193138 -0.0523326 -0.0502988 0.0255014
-0.0565261 -0.0241317 -0.0880549 0.0671122 -0.226362 -0.209299 -0.122003 -0.0475585 -0.0271205 0.0633072 -0.307392 -0.228062
0.0899225 0.20817 -0.134935 -0.0887412 0.0468864 -0.0553285 0.0534003 0.180963 0.0258076 -0.0578633 0.0345783 -0.0406324
-0.0380917 0.0139414 0.00524855 0.017221 0.266565 0.19333 -0.0191394 0.055283 0.0382788 0.0126949 0.353982 0.271873
0.29226 -0.21699 -0.405748 0.119963 -0.0796465 0.0103993 0.200002 -0.153303 -0.381158 0.0773517 0.0180891 0.00976357
-0.506699 -0.386433 -0.264552 -0.00289413 -0.0920646 -0.030699 -0.495599 -0.428166 -0.277114 0.0124179 -0.0813504 -0.0183384
0.466608 0.0632518 0.108218 -0.465416 0.106053 0.342477 0.442769 0.114527 0.199826 -0.450158 0.085112 0.32104
-0.0426707 0.0133853 0.00690758 0.0302982 0.27139 0.19519 -0.024861 0.0594334 0.0374469 0.0250552 0.355241 0.27083
0.0981922 0.145098 -0.140149 0.0138137 -0.0746292 -0.102867 0.0587922 0.135385 -0.0901273 0.0123324 -0.0777949 -0.0905539
-0.206848 -0.135765 0.493104 -0.661726 0.0647034 0.215863 -0.143354 -0.147206 0.515472 -0.600881 0.0507992 0.227759
0.0905654 0.104953 -0.156008 0.0491245 -0.0662996 0.0375239 0.0213078 0.0564305 -0.0840213 0.0368788 -0.0385959 0.0419521
0.064294 0.0305816 -0.0147001 0.0151053 -0.0540642 0.017506 0.0263976 0.0319877 0.100156 0.0223991 -0.0347827 0.07205
-0.190886 -0.171176 0.0107481 -0.0362244 0.178928 0.0407744 -0.197496 -0.127867 0.0702155 -0.0341684 0.178787 0.0118983
-0.0782834 -0.0150709 -0.150661 0.0907548 -0.126529 -0.127 -0.132064 -0.0220694 -0.109408 0.0861255 -0.180547 -0.123299
0.110028 0.10288 -0.0407413 0.0492004 0.0260669 0.0107023 0.0966801 0.126009 0.0109354 0.0378683 0.0502335 -0.0126357
-0.0490052 0.0112115 -0.0142882 0.0555727 0.250989 0.181238 -0.0396098 0.0603874 0.0131903 0.0507378 0.32003 0.247814
-0.248961 -0.345692 -0.0243641 0.326957 0.197558 0.077621 -0.141725 -0.364542 -0.0133677 0.306979 0.18783 0.0747499
-0.549718 0.0142291 -0.288601 -0.0666021 0.00217327 -0.126214 -0.450055 -0.0188523 -0.25678 -0.0422517 -0.0298879 -0.139375
0.172539 0.175367 0.0785285 0.0548745 -0.0674982 -0.0787401 0.155789 0.192977 0.133946 0.0398799 -0.0708379 -0.117102
0.00424767 -0.12701 0.104025 0.10747 0.0996989 -0.148209 0.0618176 -0.0797175 0.137098 0.104374 0.0802217 -0.195235
-0.0524857 -0.0298046 0.0242468 0.0756116 0.0731579 -0.00851734 0.0224569 0.0188235 0.0516257 0.0534929 0.0287146 -0.0242737
-0.152296 -0.173053 0.103932 -0.0211622 0.116052 0.00316837 -0.150566 -0.12324 0.174613 -0.0238127 0.112739 -0.0425115
-0.137217 -0.0199418 0.235899 -0.0132439 0.17462 -0.0682379 -0.122677 0.0268246 0.253069 -0.0172444 0.134678 -0.0422538
-0.069082 0.131315 0.132264 -0.0923385 0.0461111 0.414611 -0.0068503 0.185008 0.151357 -0.0975043 0.0340015 0.370766
0.536991 -0.138983 0.101299 0.142514 0.268465 0.185566 0.530086 -0.0381986 0.0943847 0.124479 0.253356 0.143801
-0.427231 0.102412 -0.79669 -0.568204 0.484337 0.561598 -0.417242 0.281329 -0.635694 -0.524598 0.490076 0.486538
0.582652 -0.168314 0.0947399 0.166155 0.254831 0.172789 0.57081 -0.0638513 0.0907646 0.146863 0.23827 0.131357
-0.384595 0.155372 0.0369101 -0.192657 -0.178 0.39266 -0.32181 0.170283 0.0343108 -0.175976 -0.176027 0.33523
-0.222803 0.0598553 -0.23014 0.025528 0.0239286 -0.273513 -0.104342 0.118742 -0.126615 0.013404 -0.0350796 -0.260805
0.621663 -0.238136 0.070784 0.211708 0.173023 0.10217 0.612364 -0.120382 0.0876355 0.186269 0.139763 0.0723474
0.332059 -0.143277 0.129247 0.0819378 -0.0226441 0.426775 0.334563 -0.0620663 0.0916888 0.046852 -0.057633 0.3594
0.202862 0.091582 0.285792 0.129335 -1.93856 1.08042 0.260664 0.0466557 0.0753861 0.313644 -1.69917 0.965429
-0.0687447 0.00624144 0.110306 -0.0518617 0.0938803 0.0588079 0.0049918 0.0271776 0.130543 -0.0564224 0.0751795 0.0193117
-0.447587 -0.025038 -0.104586 -0.129528 -0.0605409 0.0286165 -0.393663 -0.0788148 -0.0926267 -0.0841034 -0.08092 0.00754774
-0.429567 -0.0292869 -0.0409687 -0.13663 -0.0733196 0.0673667 -0.3795 -0.0804082 -0.0376368 -0.0905748 -0.0941177 0.043593
-0.08077 0.0907272 0.00293493 -0.152475 -0.0805527 0.104204 -0.00105887 0.154241 0.0277322 -0.163721 -0.119248 0.111181
-0.790273 -0.283323 -0.287242 0.149037 -0.154871 -0.130688 -0.782255 -0.332015 -0.273458 0.125902 -0.158357 -0.174134
-0.0755448 -0.205932 0.555049 -0.574773 0.044082 0.382996 -0.0872738 -0.196 0.666715 -0.531075 0.0301798 0.396223
-0.342219 0.0361235 -0.331643 -0.113346 0.0413389 -0.227934 -0.296951 0.0184403 -0.296281 -0.135469 -0.0152982 -0.202277
0.0594995 -0.073494 -0.0332724 0.0833967 -0.0207121 0.255004 0.141983 -0.0438226 -0.022188 0.068174 -0.0453319 0.243766
0.197907 0.0738976 0.00393534 -0.271246 0.0471964 -0.229845 0.219437 0.118744 0.0172444 -0.251405 0.00736164 -0.191503
-0.695024 0.012185 0.0136051 0.0800577 0.196446 -0.377336 -0.583786 0.0237176 0.0273586 0.0758557 0.138816 -0.321831
-0.302991 -0.160623 0.124322 0.120757 0.154957 -0.308197 -0.234794 -0.153309 0.0987327 0.100655 0.11942 -0.258971
-0.344824 0.0450612 -0.313792 -0.140001 0.044074 -0.245444 -0.304609 0.0220746 -0.286248 -0.159473 -0.0131003 -0.216207
-0.349126 -0.130875 0.0985032 0.0978709 0.180848 -0.350305 -0.28158 -0.126091 0.0768589 0.0827283 0.139854 -0.293521
0.134622 0.245897 0.552483 -0.103353 -0.0243576 0.0720145 0.0841958 0.163318 0.608844 -0.13243 -0.0562922 0.125566
-0.565032 0.0016911 -0.220015 0.0248375 0.00135107 -0.296974 -0.407095 0.0436623 -0.151178 0.0290241 -0.027106 -0.305384
-0.0368884 -0.176453 0.21493 0.194046 0.015802 0.119607 0.0475397 -0.145087 0.199173 0.162612 -0.00659715 0.119806
-0.439889 -0.0419619 -0.240753 0.0260983 -0.0448868 -0.187547 -0.305147 0.0136799 -0.172892 0.0410902 -0.0624934 -0.211407
-0.230445 -0.456008 -0.194025 -0.482242 0.00842827 -0.00151797 -0.254081 -0.500643 -0.142574 -0.409479 -0.000816044 -0.0166123
-0.472883 -0.0254698 -0.234931 0.0204644 -0.0289234 -0.232422 -0.329712 0.0259449 -0.166471 0.0325573 -0.0499212 -0.251928
-0.071748 -0.894924 -0.474401 -0.0292462 0.169376 -0.0378771 -0.342668 -0.882957 -0.377783 0.00077773 0.110438 -0.022282
0.000700712 0.638889 -0.0507725 0.251677 0.0323584 0.0734718 0.0609989 0.69918 0.0736601 0.260596 -0.0163189 -0.0284174
0.486989 0.048683 -0.0402532 -0.195896 0.14649 0.306927 0.474965 0.0774573 -0.0666854 -0.138331 0.1229 0.276762
0.486132 -0.237466 0.186544 0.153771 0.0227441 0.260046 0.454777 -0.173352 0.165789 0.101879 -0.0131981 0.179444
0.508828 -0.220418 0.205105 0.143306 0.0274304 0.281131 0.478169 -0.153292 0.175589 0.0948636 -0.0119593 0.200065
0.434493 0.07951 -0.0386492 -0.223144 0.163321 0.327955 0.434679 0.103894 -0.0657358 -0.162008 0.140648 0.298394
0.0796887 0.0481275 -0.00735009 -0.180124 -0.0453033 0.124432 0.053386 0.0754958 -0.0218077 -0.140667 -0.046889 0.113521
0.572642 0.196771 0.0532278 -0.129647 -0.186704 0.182414 0.482907 0.0872464 0.144146 -0.155073 -0.17742 0.235145
0.243873 -0.310684 0.11216 0.0641516 0.161369 0.00963602 0.154309 -0.298609 0.010162 0.0744871 0.174633 -0.00924738
0.646986 0.219141 0.112919 -0.118791 -0.113677 0.185578 0.512838 0.0634261 0.193528 -0.141207 -0.106204 0.246054
0.0118167 0.0786688 0.146209 -0.0954641 0.000143727 -0.000324239 -0.00123195 0.00024639 -0.000698104 -0.000369585 0.000205325 -0.000205325
0.0896583 -0.0179112 -0.114052 -0.0679167 0.127802 -0.0329862 -0.0617562 -0.0445361 -0.104845 -0.0432408 0.0805764 0.0528795
0.393644 -0.0517914 -0.488779 -0.0296861 0.185971 -0.24318 0.342968 0.0346596 -0.356584 -0.04055 0.159596 -0.290509
0.092968 0.0616405 -0.0945288 -0.0668538 -0.313945 0.126174 0.0575046 0.0669274 0.00277637 -0.0963317 -0.29215 0.154173
0.594303 0.106068 -0.301895 -0.105052 -0.0277492 -0.102947 0.523954 0.126611 -0.155191 -0.109143 -0.0378823 -0.13002
-0.366547 -0.737107 0.132809 -0.666862 1.23259 0.319648 -0.459746 -0.542249 0.316624 -0.731417 1.01472 0.329394
0.742387 0.176745 -0.320935 -0.134206 -0.0328111 -0.125636 0.695388 0.205864 -0.169936 -0.134427 -0.0278975 -0.146012
0.0389333 0.156349 -0.285764 0.0929982 -0.0393827 -0.00163775 -0.0606364 0.224617 -0.178399 0.0683322 -0.0284154 -0.0238909
0.185846 -0.0559745 -0.263048 -0.0318297 -0.00952885 -0.0609757 0.0781585 -0.0260243 -0.123242 -0.0414936 -0.033118 -0.0926877
0.131244 -0.0540409 0.175504 0.0452535 -0.0548238 0.0012757 -0.0228828 -0.0857148 0.2453 0.036086 -0.0537893 -0.0299726
-0.0988343 -0.0186278 -0.160939 -0.0246225 -0.303426 0.0870555 -0.143435 0.0180251 -0.0659785 -0.0498665 -0.281982 0.100413
-0.078429 -0.0113102 -0.169434 -0.0477785 -0.204151 0.0742771 -0.205001 -0.039933 -0.0503503 -0.0786379 -0.200851 0.093671
0.0309516 -0.118172 -0.247017 -0.00599504 -0.000676215 -0.0449901 -0.0889914 -0.0802684 -0.109273 -0.0165006 -0.0267275 -0.0766589
0.659525 1.62374 -0.0821089 -0.9279 -0.0779031 -0.190123 0.638615 1.56325 0.018927 -0.884418 -0.0834029 -0.206397
-0.0334781 -0.261984 -0.0304562 0.0289837 0.209454 -0.231979 0.0665639 -0.129236 0.0683532 -0.017133 0.164084 -0.246438
0.0948508 -0.0670341 0.187246 0.0423619 -0.0499079 0.00221837 -0.0584518 -0.0957334 0.258803 0.0312877 -0.0496096 -0.0315852
0.418721 0.931431 0.217155 -0.0262095 0.00964482 0.218298 0.528267 0.929048 0.233588 0.0355496 0.0406906 0.142362
-0.107867 -0.0489659 -0.40104 -0.110028 0.10597 -0.0301645 -0.145458 0.0654735 -0.243776 -0.12279 0.051606 -0.030955
0.0191947 0.0753883 -0.00892186 -4.47035e-07 0.0128112 -8.9407e-08 -0.00201197 0.0290695 0.00333016 0 -0.0135982 0
-0.256578 -0.0703572 -0.340143 -0.0694996 0.115423 0.0790699 -0.32557 0.0438251 -0.16915 -0.0744898 0.0527708 0.105198
0.0657418 -0.243453 -0.474235 0.149389 0.157219 -0.230765 -0.0455107 -0.142638 -0.359452 0.179272 0.133198 -0.314461
-0.685606 -0.374504 -0.141312 0.096185 0.130082 0.0924468 -0.819847 -0.287416 -0.00517392 0.103654 0.0953668 0.0828266
-0.0151551 -0.261615 -0.468287 0.149726 0.135321 -0.209565 -0.1315 -0.160447 -0.356178 0.181235 0.111536 -0.29403
-0.302959 -0.263384 -0.394205 0.101449 -0.0363186 -0.0826355 -0.421712 -0.178145 -0.295922 0.119431 -0.0482168 -0.141427
-0.268646 -0.27553 -0.416429 0.115362 0.00623609 -0.109314 -0.390506 -0.185665 -0.315194 0.138813 -0.01046 -0.176599
-0.10637 -0.126452 0.146497 0.0175158 0.00699815 0.00942314 -0.230465 -0.129532 0.247864 -0.00440325 -0.00722475 -0.0310792
0.504496 0.188305 0.0430033 0.0481411 0.0689593 -0.109173 0.507828 0.0798816 0.282736 0.0557342 0.0952482 -0.146633
0.0117373 0.200576 0.226135 -0.232112 -0.0527072 0.169276 0.00131408 0.165985 0.0540004 -0.138101 -0.0739991 0.171693
0.226487 0.166303 0.0521253 0.0893683 0.0534515 -0.0766298 0.209944 0.0546468 0.285196 0.0996669 0.087951 -0.110277
-0.159177 0.123046 0.113183 0.0637679 0.141574 -0.0950158 -0.137485 -0.0182328 -0.0577373 0.123975 0.172925 -0.0618438
-0.199283 0.084097 0.064182 0.106685 0.0594728 -0.0196475 -0.274721 -0.0336181 0.279126 0.126328 0.0899253 -0.0450042
0.108173 0.0919378 -0.114893 0.0435463 0.125528 0.318063 -0.0570277 0.136136 0.0527814 0.0393631 0.104162 0.361614
-0.524298 -0.0647306 0.134676 0.0680514 0.119047 0.076864 -0.720344 -0.202337 0.296113 0.0907347 0.123767 0.0874398
-0.11312 -0.029348 -0.0331098 0.0107103 0.0523131 0.115563 -0.117726 -0.00196939 -0.0460254 0.000802344 -0.00692933 0.0773897
0.437484 0.729276 -0.782189 0.342598 -0.168323 0.192566 0.383788 0.680247 -0.694353 0.261345 -0.101208 0.0328387
-0.478418 -0.287065 -0.181742 0.24824 0.241748 -0.429632 -0.33787 -0.157118 -0.0860342 0.178738 0.191093 -0.432991
0.261677 0.150095 -0.0852461 0.0406604 0.103461 0.333157 0.0937492 0.183483 0.0830133 0.0332645 0.0980605 0.369756
0.0515 -0.041649 -0.0975206 -0.113596 -0.0279162 -0.205624 0.0412587 -0.0580989 -0.147429 -0.10219 -0.0669784 -0.17843
0.0174735 -0.0484943 -0.00165145 0.046254 0.142957 0.219067 -0.0176785 -0.0907073 -0.136419 0.109564 0.141133 0.23184
0.0720021 0.143568 0.11455 -0.066593 -0.00990729 0.34212 0.0414098 0.0722567 -0.0266386 0.00079958 -0.000462914 0.342851
0.289856 0.183447 0.303015 -0.313916 -0.253416 0.246653 0.259325 0.189556 0.241708 -0.196044 -0.27456 0.212758
0.0438471 -0.00780186 0.0659319 -0.0222265 0.0604971 -0.0552787 0.0277007 -0.0231843 0.0235606 -0.0165602 0.00730154 -0.047874
0.19396 0.0933504 0.0453676 0.0188389 -0.0636396 0.0730607 0.201629 0.0249675 0.0249264 0.0528917 -0.0282938 0.0625419
0.22751 0.000585556 0.13205 -0.111408 -0.0976822 -0.00302345 0.194607 0.0365889 -0.0310451 0.000287455 -0.103484 -0.0455821
-0.209616 -0.126753 -0.510219 -0.00557768 -0.171702 0.0509002 -0.200246 -0.0796989 -0.442155 -0.00088801 -0.179822 0.0613467
0.275739 -0.0431938 -0.186605 0.0339178 -0.0629568 0.212309 0.186998 -0.0555066 -0.20432 0.0340276 -0.0697489 0.200239
-0.474961 -0.0483625 -0.00499761 0.03095 0.0146889 -0.0281574 -0.46555 -0.0447689 0.00780942 0.0276809 -0.00139178 -0.0347171
-0.258162 -0.125706 -0.515566 -0.0098443 -0.170996 0.0213938 -0.237223 -0.0775693 -0.43729 -0.000814182 -0.175715 0.0379705
0.471476 0.927629 -1.0254 0.0898458 -0.0428515 -0.0501146 0.523514 0.927555 -0.787864 0.175649 -0.0674769 0.0770258
0.339833 -0.0361337 0.0221307 -0.0756297 0.020739 -0.0988859 0.293804 -0.0079505 0.0229762 -0.0478489 -0.0160469 -0.0458065
-0.373814 0.0131866 0.0573634 0.0115862 0.0629078 0.0642212 -0.31797 -0.007638 0.0210809 0.0199352 0.0197824 0.085011
-0.058468 0.00269723 0.119376 0.0161652 0.0704165 0.0249766 -0.146988 -0.0100441 0.0783287 0.00861991 0.0308817 0.0194885
0.0450698 -0.00937125 -0.0358263 -0.0627179 0.0316965 -0.0429319 0.0112 -0.035719 -0.112454 -0.0618272 -0.0283028 -0.0406379
-0.765576 -0.111059 -0.208111 0.303183 0.159017 -0.468166 -0.626048 -0.0196322 -0.153808 0.226638 0.115834 -0.458752
0.103822 0.34148 0.211992 0.0143522 -0.117468 0.018263 0.151324 0.206146 0.126234 0.0959277 -0.107631 0.0535076
0.147684 -0.0614026 -0.176687 -0.0766161 -0.0798046 -0.193636 0.114619 -0.061417 -0.152314 -0.0717811 -0.0677122 -0.195383
0.13443 -0.0245817 -0.117614 -0.0444262 -0.0120301 -0.115782 0.185076 -0.0337959 -0.150136 -0.0421113 -0.042569 -0.116264
0.32787 0.282205 0.884958 0.0963996 -0.454871 -0.110917 0.50521 0.487434 1.13645 0.0790523 -0.284372 -0.176915
-0.318979 -0.0269956 -0.222474 -0.0442239 -0.0554409 -0.106015 -0.212504 -0.0408045 -0.214262 -0.037748 -0.0780176 -0.0715225
0.222015 -0.0838157 -0.252177 0.0304458 -0.0734005 0.148667 0.138747 -0.0480674 -0.265034 0.0141548 -0.108446 0.124002
-0.0472536 -0.0108718 0.19238 -0.105741 0.108169 -0.170171 -0.0835028 0.0221553 0.25548 -0.0910341 0.097688 -0.137319
-0.389073 -0.118701 -1.61585 0.0251204 -0.134645 -0.171284 -0.464394 -0.179586 -1.62663 0.00838141 -0.122625 -0.190584
0.235079 -0.0592948 -0.121111 -0.0318278 -0.0162152 -0.0251219 0.164536 -0.019926 -0.0955278 -0.0366288 -0.0399253 -0.0248343
0.0777658 -0.00199822 0.0229102 -0.039498 0.000381947 -0.121933 -0.0193666 -0.0232091 -0.00315091 -0.0448044 -0.00622496 -0.139716
0.297598 -0.0726727 -0.19417 0.0340807 -0.0494581 0.144721 0.200621 -0.0391814 -0.218665 0.0159082 -0.0880845 0.117471
0.19281 -0.0644744 -0.194185 -0.0749841 -0.0845031 -0.20626 0.168183 -0.0630206 -0.163117 -0.06801 -0.069929 -0.199424
0.0702214 0.00304803 0.036571 -0.0261793 0.00691265 -0.103114 -0.0272865 -0.0194464 0.0129899 -0.0332819 0.00161413 -0.120599
0.351994 -0.0634206 -0.149677 0.0342898 -0.0304619 0.13237 0.245086 -0.031491 -0.181 0.0155248 -0.0713699 0.105142
-0.131925 -0.0744326 -0.46092 0.00382881 -0.134128 -0.0275108 -0.121896 -0.0573805 -0.397608 0.00195274 -0.124224 -0.0132936
0.26541 0.0138652 -0.0149121 0.0323667 0.0369422 0.0896802 0.186392 -0.00023116 -0.0312066 0.0358298 0.0258899 0.0991677
0.0266474 -0.0201827 -0.141772 -0.0837265 -0.0124291 -0.073707 0.0199037 -0.0476322 -0.208457 -0.0831854 -0.0652569 -0.0651049
0.0119951 0.0447087 0.299389 0.089214 0.148567 0.237446 0.00144551 -0.00121727 0.210131 0.0780575 0.0944146 0.186471
0.0111697 0.0461668 0.312835 0.0101007 0.177826 -0.00478384 -0.056925 0.0576567 0.260187 0.0196091 0.119045 -0.0153654
0.182239 0.00619644 0.0540015 0.0769903 0.0592785 0.105013 0.205754 -0.0185666 0.00152185 0.0672658 0.0237409 0.0669615
0.0267771 0.0110086 0.213872 -0.00415142 0.100606 -0.0803949 0.0742456 0.0101788 0.235909 0.00838257 0.0690065 -0.0542622
-0.670651 0.530724 -1.16253 -0.170773 -0.205447 0.0184592 -0.465852 0.558417 -1.17183 -0.12686 -0.176108 0.00661177
0.0740881 -0.0167224 0.172762 -0.0792328 0.0642722 -0.134374 0.0120515 -0.044368 0.102323 -0.0766078 0.0194206 -0.126196
0.0541228 0.0898809 0.221969 -0.234804 -0.262207 -0.0208266 0.0549429 0.204315 0.328179 -0.217491 -0.167954 -0.0525357
0.302703 -0.0510181 -0.0916293 0.0537221 0.00584388 0.221059 0.316488 -0.00897166 -0.0567476 0.0334796 -0.031802 0.177683
-0.587197 -0.208706 0.733282 0.197024 0.0869626 0.215823 -0.498886 -0.144421 0.770072 0.155689 0.0777253 0.158228
-0.317325 0.358776 -0.00228393 0.0433566 0.0414907 -0.201393 -0.561127 0.492826 -0.0897072 0.028439 -0.0766533 -0.141263
0.588171 0.000384867 0.248911 -0.17466 0.0945348 -0.282474 0.48498 0.00539758 0.24559 -0.151716 0.0652816 -0.159666
0.325464 -0.121004 -0.786583 0.0432632 -0.264437 -0.082648 0.381705 -0.124437 -0.742832 0.0372196 -0.256377 -0.071839
-0.420675 -0.234232 -0.562577 0.0511981 -0.133683 0.00967383 -0.3159 -0.187647 -0.555819 0.0651382 -0.154228 -0.00178018
0.696951 0.165681 0.861673 0.0401301 0.123775 -0.448453 0.747875 0.0961331 0.890699 0.0803231 0.0919034 -0.407939
0.482282 -0.128291 -0.0682306 0.00933108 0.0381629 -0.318531 0.259548 -0.117372 -0.133599 -0.108232 0.0521432 -0.23249
1.97993 -0.299507 -0.383484 0.208134 0.020835 0.000535659 2.36516 -0.791367 -0.895817 0.163344 0.0693171 -0.0561662
-0.0220912 1.78611 -0.551192 0.00335254 -0.0161597 -0.0730679 0.0189003 1.65803 -0.596418 -0.0270917 -0.00151842 -0.132342
1.39869 1.43796 1.7246 -0.539831 0.392937 -0.136593 1.26985 1.47813 1.76481 -0.62739 0.163274 -0.190049
0.0852739 4.00055 2.62596 0.16637 0.231562 0.059851 0.248709 4.25334 2.98002 0.0592401 0.225013 0.0239947
-0.0500408 -0.100402 -0.186986 -0.155195 0.0366064 -0.0991363 -0.0176556 0.0562081 -0.125382 -0.137313 0.0068967 -0.122003
-0.000469118 -0.138394 -0.0394504 -0.00648413 -0.0984312 0.0556935 -0.0627605 -0.0695229 -0.0149683 0.0148923 -0.100219 0.0217306
0.139895 0.0390758 -0.00590714 -0.0603192 -0.0157879 -0.000406747 0.0893529 0.132291 0.0194278 -0.0613073 -0.0149678 -0.0185963
0.0447842 -0.08279 -0.055523 0.0623212 -0.0333715 -0.00964587 -0.0116828 -0.00834488 -0.0265519 0.0668349 -0.0298899 -0.0297381
0.0358659 -0.175206 -0.101082 0.018385 -0.0677459 0.0743045 -0.0324209 -0.109668 -0.0698648 0.0343235 -0.0719957 0.04475
0.0489187 -0.0168859 0.0459938 -0.0425601 -0.0220408 -0.0238647 -0.0164946 0.0573528 0.0816408 -0.0140734 -0.0188402 -0.0385883
-0.0948334 -0.307632 -0.161119 -0.0848052 0.0384244 0.0954219 -0.166648 -0.23936 -0.13577 -0.0635179 0.0344789 0.0934762
-0.0950443 -0.303815 -0.165165 -0.0693523 0.0434125 0.088889 -0.169698 -0.237577 -0.141887 -0.0470404 0.0395323 0.0874921
-0.0577361 -0.139161 -0.122985 -0.00698205 -0.0511835 0.0469612 -0.132983 -0.104765 -0.10293 0.000764708 -0.0616355 0.0307413
0.0196999 -0.2233 -0.0279424 0.0514011 -0.0360338 0.00783753 -0.0337358 -0.129689 0.017896 0.0703655 -0.0211706 0.00913837
0.100344 -0.06416 -0.00208049 -0.0318328 0.0335716 0.0281877 0.0475794 0.00742481 -0.011213 -0.0387151 0.0292446 0.0118948
-0.0649311 -0.124666 -0.11868 -0.0222301 -0.0412571 0.0407203 -0.139246 -0.0896957 -0.0992541 -0.0110877 -0.0513858 0.0253106
0.052548 0.0515904 -0.00467316 0.0623004 -0.0640253 -0.0233465 0.000984765 0.131656 0.0237101 0.0668883 -0.0668126 -0.0248464
-0.0131262 -0.217829 -0.102969 0.016315 -0.00132015 -0.00328479 -0.0740211 -0.132475 -0.0586064 0.0438022 0.0125149 -0.00625746
-0.0631648 -0.223705 -0.131691 0.0231241 0.0445735 0.0111842 -0.134932 -0.158555 -0.102824 0.0517558 0.0473218 0.00565721
-0.101003 -0.160322 -0.137634 0.0325501 0.000688302 -0.00416755 -0.155087 -0.0772758 -0.105633 0.0390583 0.0155163 -0.022319
0.0571845 -0.104893 -0.0901119 -0.0418058 0.0537392 0.0677782 -0.0111988 -0.0332156 -0.0460905 -0.0203408 0.0682596 0.0371009
0.0034598 -0.16876 -0.166456 0.00436259 -0.0524089 0.0382613 -0.0713302 -0.113608 -0.148394 0.00191131 -0.0577981 0.0181957
0.0492766 -0.0134076 -0.0538264 0.0268233 0.028257 0.0487105 -0.00599164 0.0612057 -0.0542281 0.038756 0.0201744 0.018885
0.0453298 -0.186653 0.0376616 0.0713918 -0.0286677 0.00331208 -0.00942791 -0.0972443 0.0745869 0.0852313 -0.0198442 0.0082114
0.186897 -0.0616496 0.0955823 -0.0482665 -0.00695796 -0.0652321 0.132709 0.0280977 0.130367 -0.0358019 -0.00370104 -0.079157
-0.117104 -0.22183 -0.137637 -0.0537994 -0.00271408 0.0302061 -0.174734 -0.136295 -0.102834 -0.0357584 0.00199083 0.0218992
0.113755 0.00144239 -0.0433029 -0.114246 0.0256915 0.0376877 0.0478906 0.0650215 -0.0286277 -0.108648 0.0343381 -0.000761376
-0.0935076 -0.256769 -0.136672 -0.129029 0.025754 0.0746508 -0.15783 -0.18273 -0.104505 -0.105654 0.0222954 0.0711767
-0.109714 -0.221475 -0.136364 -0.0829622 0.00583162 0.0405084 -0.169407 -0.1413 -0.101782 -0.061345 0.00781172 0.0336976
-0.0967979 -0.238903 -0.134732 -0.123403 0.0208416 0.0627644 -0.159806 -0.164019 -0.101583 -0.0992848 0.0186159 0.0586056
0.134619 -0.0567275 0.125112 -0.0447942 -0.010845 -0.120625 0.0795384 0.0259841 0.171465 -0.0256819 -0.00551406 -0.125162
0.163052 0.0821871 -0.0521366 0.0861359 -0.0394691 0.0251586 0.108593 0.161867 0.00325855 0.0870715 -0.0483478 -0.000909363
0.141851 0.0295861 0.073943 0.056748 -0.0253505 0.0221928 0.0985705 0.12774 0.105314 0.0564451 -0.0355339 -0.00840993
0.280609 0.0948051 0.0879755 0.0185605 -0.0991188 0.0214395 0.245555 0.173578 0.12274 0.0175775 -0.109026 0.0178048
0.0445226 0.0016594 0.0744632 -0.00411166 -0.0945927 0.0611489 0.00537933 0.11039 0.124179 0.0126528 -0.104707 0.0528841
0.247521 0.0136019 0.0679389 0.0222047 -0.0401832 -0.000545411 0.205475 0.0732649 0.102359 0.0428831 -0.0503081 -0.0260632
0.167321 0.165514 0.00416789 0.15474 -0.00982601 -0.0409208 0.134483 0.24707 0.0716739 0.159561 -0.0124255 -0.0516718
-0.0264097 0.000648305 0.0280606 -0.0057513 0.00579061 0.0268847 -0.0365175 -0.0269877 0.00232238 -0.0257064 -0.0176982 -0.00840863
-0.0310922 0.00786109 0.0196587 -0.0112481 -0.00559488 0.0304318 -0.0471968 -0.0191512 -0.00705148 -0.0285264 -0.0327733 -0.00520848
0.0119884 0.0163749 0.0683715 0.00889425 0.0304306 0.0188286 0.0104786 -0.0133582 0.0346354 -0.0139981 0.0136782 -0.0186375
0.226688 0.152148 0.0723306 0.153346 -0.00312191 0.0426301 0.148197 0.224492 0.128801 0.159031 -0.000909182 0.0134862
0.0535033 0.0274474 0.112653 -0.000973449 0.0509074 0.0141609 0.0540982 0.00607306 0.0657648 -0.0200571 0.0371575 -0.0269292
-0.0137245 -0.087065 -0.0697521 0.0990281 0.0835179 -0.0339069 -0.0578607 -0.123941 -0.0899339 0.0861464 0.0643882 -0.0767178
0.0029927 0.092725 0.122175 -0.0772794 -0.00853557 0.0896075 -0.0026411 0.0758715 0.0828344 -0.0929186 -0.0256106 0.0797131
-0.00488457 -0.0333528 -0.00348059 0.0886876 0.0519968 0.00797286 -0.0422444 -0.0621194 -0.037336 0.0781321 0.0177829 -0.0287262
-0.0451133 0.0653603 0.0824459 -0.0528192 -0.0514049 0.0666112 -0.0468468 0.0529329 0.038999 -0.0662262 -0.0667868 0.0601401
-0.0169381 -0.122578 -0.0963974 0.0547434 0.0909179 -0.0496799 -0.0672789 -0.166261 -0.122861 0.0507416 0.0771207 -0.10108
-0.0532777 0.0182193 -0.0515615 -0.0450623 0.0415241 0.0208728 -0.0876974 -0.00797974 -0.0750096 -0.055539 0.0132464 0.00135656
-0.0369527 0.109499 0.0305424 0.0102577 0.0389516 0.0799864 -0.0295915 0.0875717 0.0106658 -0.0180436 0.00601454 0.0450689
0.0578899 0.153501 0.131766 -0.0777361 0.0576006 0.0779277 0.049133 0.130675 0.103147 -0.100107 0.0351293 0.0665776
0.0126836 0.1439 0.0684097 -0.0187326 0.057127 0.0749366 0.0158637 0.122023 0.0484725 -0.04679 0.0262793 0.0499948
0.209215 0.119595 0.0446007 -0.0433043 -0.097301 0.00209361 0.172896 0.19608 0.0856146 -0.0368219 -0.0924335 -0.00507627
0.134921 -0.0352056 0.110502 0.130379 -0.0294619 -0.0333549 0.088366 0.0182628 0.122375 0.0924644 -0.0820388 -0.0386107
-0.077124 0.0911981 -0.0992414 0.0253055 0.0334191 -0.0532952 -0.108791 0.06285 -0.123626 0.0153137 -0.0165898 -0.0940357
0.172712 0.135939 -0.188594 -0.0283541 0.103346 -0.0804132 0.239353 0.185375 -0.175731 -0.0241764 0.0912141 -0.116998
-0.0637539 0.133054 0.193031 -0.0249591 0.141536 0.0815359 0.00793897 0.163142 0.229515 -0.00407677 0.0808202 0.0921207
0.261512 0.159145 0.0926857 0.0253556 -0.0616407 0.0716456 0.224244 0.137463 0.0518773 0.0213566 -0.103675 0.0174518
0.384429 0.179307 0.153854 0.00767841 -0.0945846 0.134087 0.342134 0.154972 0.110273 0.00645385 -0.13075 0.0775259
0.51929 0.197624 0.222577 -0.0152428 -0.127544 0.205054 0.483741 0.170648 0.178057 -0.0134638 -0.156865 0.152962
0.609745 0.203125 0.262237 -0.0355232 -0.144376 0.24936 0.581935 0.173426 0.221382 -0.0310684 -0.170478 0.20553
0.514218 0.340315 0.318312 -0.0862914 -0.185853 0.164321 0.436312 0.288379 0.267587 -0.078149 -0.204494 0.123318
0.536098 0.279636 0.299156 -0.0724396 -0.233268 0.204824 0.489128 0.234845 0.248707 -0.0602249 -0.263524 0.153669
0.743797 0.256938 0.29358 -0.0884347 -0.207323 0.221485 0.6565 0.229906 0.239944 -0.0868323 -0.228074 0.180038
0.732235 0.188842 0.286998 -0.00143165 -0.0792286 0.211423 0.709794 0.170558 0.283679 0.0168088 -0.0928866 0.18179
0.743981 0.140186 0.250138 -3.54511e-05 -0.125231 0.252014 0.694658 0.115192 0.209114 0.00812559 -0.133913 0.217479
0.721379 0.238411 0.346463 -0.0644665 -0.112397 0.220844 0.683824 0.201546 0.315066 -0.0606233 -0.14164 0.191907
0.723702 0.2705 0.2836 -0.0633227 -0.158059 0.304616 0.674822 0.242652 0.246795 -0.0570384 -0.190314 0.280572
0.640619 0.414452 0.930238 0.0589119 0.00510371 -0.266491 0.615096 0.221134 0.75923 0.115198 0.0282698 -0.27041
0.00847333 0.135717 0.130579 -0.0886361 0.00183208 -0.0790443 -0.00602194 0.154473 0.136407 -0.0837659 0.0462134 -0.056904
-0.0466358 -0.0896064 0.264104 0.125498 0.00316899 -0.399568 -0.13699 -0.106298 0.180712 0.0640299 -0.0301628 -0.337744
-0.0136462 0.379233 0.326133 0.0563868 -0.133228 -0.168561 0.012521 0.315754 0.267202 0.0157844 -0.129938 -0.123944
0.177633 0.504025 0.733471 -0.0847167 0.0702544 0.101592 -0.0266455 0.269464 0.630389 -0.0535845 0.186738 0.101444
0.255401 0.649435 -0.313197 0.0246525 -0.236921 -0.291554 0.127632 0.492625 -0.508434 -0.00503707 -0.206597 -0.217059
-0.0160779 -0.152037 -0.157098 0.00133612 -0.0036295 0.051133 -0.0719733 -0.116589 -0.151025 0.0155876 0.00230633 0.0855726
0.0546981 0.118019 0.0369901 -0.0304689 -0.123638 -0.148393 -0.00180543 0.148516 0.0542414 -0.00470982 -0.0834423 -0.119786
0.0258711 -0.0514241 -0.0773897 0.024446 -0.0128192 -0.058083 -0.0225753 -0.0441244 -0.0588851 0.0450716 0.0221017 -0.0273113
0.0163848 -0.142062 -0.0421848 0.00976636 0.00287405 0.0517119 -0.0464768 -0.105745 -0.0430605 0.0244698 0.00850088 0.0874717
0.115793 0.0447809 -0.0660501 -0.0099789 -0.165283 0.0120246 0.0657171 0.0592711 -0.0409552 0.0116341 -0.128133 0.0384398
-0.00228665 -0.0537606 -0.0970004 0.0310788 0.0662116 0.0413261 -0.0580594 -0.042693 -0.082693 0.0428514 0.0834059 0.0683564
-0.00335264 -0.0997814 -0.0596859 -0.0174222 0.0389266 -0.0679121 -0.0716092 -0.088659 -0.0698646 0.0119745 0.0628067 -0.0509908
0.0444301 -0.217102 -0.0772852 -0.0178938 0.0192062 -0.0155617 -0.0193412 -0.193651 -0.0635156 -0.000875528 0.0207739 0.0139289
0.0259405 -0.135394 -0.00384176 0.0122725 0.0102311 0.0493644 -0.0378033 -0.100147 -0.00659174 0.0271612 0.0167573 0.0856133
-0.00777877 -0.205289 -0.1224 -0.0089933 0.0320199 -0.0023498 -0.0777624 -0.179905 -0.116484 0.00286829 0.0270894 0.0325072
0.0752246 0.127798 0.0233756 -0.0345006 -0.10325 -0.0297896 0.0334665 0.153617 0.0478093 -0.009797 -0.0773571 0.00697546
0.0329895 -0.149618 -0.235666 -0.06087 9.9347e-05 0.0656523 -0.0251426 -0.144431 -0.223904 -0.0525059 0.016656 0.0982702
0.0338657 -0.264566 -0.0599709 -0.0536192 -0.0256229 -0.0017119 -0.0161167 -0.24318 -0.0689923 -0.0328686 -0.00103211 0.030725
-0.0120953 -0.0387954 -0.0841703 0.0334774 0.0665909 0.00693279 -0.0679841 -0.0328445 -0.0747113 0.0455865 0.0880865 0.0356145
-0.0051205 -0.0364459 -0.0760957 0.0319788 0.0411766 -0.0375438 -0.0592811 -0.0336717 -0.0703469 0.0477411 0.0691613 -0.00671853
0.00400344 -0.162112 0.0181181 -0.00665474 -0.0344307 0.0053354 -0.0533289 -0.153815 0.0314118 0.00894089 -0.0125805 0.0313327
0.0435932 -0.260966 -0.0511989 -0.0573136 -0.0240674 -0.000147188 -0.00516076 -0.238109 -0.0600235 -0.037078 7.93962e-05 0.0330288
0.0343317 -0.166694 -0.0595195 -0.0226141 0.00473715 0.003358 -0.0283101 -0.173905 -0.0924639 -0.0012688 0.0256139 0.0279136
0.0232377 0.14692 0.0523489 -0.0209637 -0.136861 -0.0712725 -0.0269683 0.162515 0.0722028 0.00305745 -0.104424 -0.0314368
0.0228089 -0.165707 0.00676514 -0.0158424 -0.0294626 0.0308877 -0.0379261 -0.159939 0.0173399 -0.00308793 -0.0122725 0.0581955
-0.00603351 0.0852531 0.322468 -0.0643445 0.00769349 -0.108832 -0.0375788 0.135504 0.31229 -0.028125 0.0277311 -0.0869749
0.0231951 0.0472272 0.0174164 0.0441527 -0.0675651 0.0202235 -0.0300606 0.0240956 0.0152265 0.0735425 -0.0138922 0.0774668
-0.0250444 0.0174661 -0.0637997 -0.0128919 -0.0115597 -0.0791277 -0.0858004 -0.027004 -0.0656259 0.0036895 0.033598 -0.035639
0.0164022 0.0251864 0.0117659 0.0365273 -0.0716979 0.0249727 -0.0383141 0.00109917 0.00777273 0.0650083 -0.0171157 0.0817315
-0.0056179 -0.138214 -0.0899741 -0.0294668 0.0273774 -0.12623 -0.0612335 -0.167387 -0.0730546 0.00260065 0.0632037 -0.0825903
0.0239433 0.0271481 -0.0621232 -0.103881 -0.00182463 -0.0474401 -0.0397459 -0.0209683 -0.0604012 -0.0947485 0.0682252 -0.00672863
0.0178434 0.0704508 0.0480697 -0.027755 0.031452 0.0467717 -0.0567791 -0.00374368 0.0726897 -0.0092812 0.0707399 0.0936699
0.0292693 -0.10635 0.0373711 -0.09043 -0.202577 -0.135308 -0.0187913 -0.16265 0.039142 -0.0706427 -0.146977 -0.0902917
0.132599 -0.00904315 0.164085 0.0239769 -0.0359943 0.0694384 0.0897598 -0.0263953 0.183671 0.0654792 0.0187195 0.132133
0.021328 0.0273923 -0.0550157 -0.107277 -0.00584235 -0.0438185 -0.0434105 -0.0204929 -0.0560816 -0.0970674 0.0637469 -0.00250295
0.063319 -0.154681 -0.0169261 -0.0425867 -0.13831 -0.11207 0.010854 -0.211691 -0.0200681 -0.0101512 -0.0859727 -0.0630935
0.0398064 -0.103006 0.0731947 -0.0842966 -0.16003 -0.118148 -0.00335159 -0.156278 0.083634 -0.0656289 -0.110447 -0.0710071
0.0781464 0.0635985 -0.129957 -0.103909 -0.13091 -0.0416745 0.0514269 0.0340373 -0.241146 -0.067745 -0.0785414 -0.0286804
0.0128162 0.00843782 0.0134603 0.0299599 -0.0731633 0.0325007 -0.0439028 -0.0174355 0.00612598 0.0570187 -0.0186136 0.0881984
0.0228061 0.000744059 0.109121 -0.0748284 -0.137625 -0.0136632 -0.0429286 -0.0359215 0.0257733 -0.0207797 -0.0617753 0.00507411
0.0231267 -0.00330712 0.0997881 -0.0734867 -0.138398 -0.0234622 -0.0409356 -0.0405326 0.0168416 -0.0206289 -0.0632567 -0.00370676
0.0585624 0.0743615 0.0131669 -0.0263815 -0.00322536 0.049378 -0.0152853 -0.00467918 0.0251116 -0.00772065 0.0302587 0.0952993
0.0554065 0.057006 -0.00663506 -0.00257973 0.0193468 -0.0195485 -0.0173219 0.00256621 0.00809959 0.0113074 -0.00986386 -0.00601455
-0.0054788 0.0937797 0.101749 -0.005187 0.0903448 0.0428526 -0.0791773 0.0258204 0.126372 0.0100629 0.125124 0.0902543
0.00512954 0.0434511 -0.0273442 -0.107117 -0.0314859 -0.0379754 -0.0692972 -0.00656253 -0.0364845 -0.0977348 0.0212501 0.00656253
-0.00561581 0.101188 -0.109677 -0.0775206 -0.0872241 -0.0480015 -0.0293009 0.0612357 -0.220827 -0.0440337 -0.0445276 -0.0402476
0.0878654 -0.181155 -0.0659675 -0.00753431 -0.0261818 -0.0978216 0.0457117 -0.219729 -0.0700913 0.0190661 0.0117209 -0.0510252
0.0737595 0.0287927 0.0145243 -0.0260447 -0.0226533 0.0138819 0.035413 0.0142338 -0.00763137 -0.0121759 -0.0188641 -0.0273529
-0.010013 0.130178 0.0928131 0.0166261 0.101379 0.0285242 -0.0757888 0.0754766 0.10701 0.0338747 0.12543 0.0835159
0.0394296 0.041576 -0.0143052 -0.067897 0.0398175 -0.027736 -0.0245889 -0.0121378 -0.013704 -0.06296 0.102349 0.0115897
-0.00330912 0.160037 0.0407417 -0.00135922 0.0547205 0.00409478 -0.0713302 0.106488 0.0183599 0.021485 0.0775804 0.0544547
0.0593461 -0.0675398 0.0992952 -0.0561902 -0.0613695 -0.103928 0.0178376 -0.117074 0.11092 -0.0394141 -0.0260943 -0.0613801
0.0773116 0.136991 0.12289 0.0777053 -0.0101317 0.0479653 0.0286932 0.108423 0.124102 0.108736 0.0351218 0.106149
-0.0314478 0.0594504 -0.0720307 0.00730451 -0.0124077 -0.085859 -0.0927619 0.0194007 -0.0702979 0.0282763 0.0317323 -0.0429642
0.0114845 0.129794 0.0534777 -0.00954103 -0.0933042 -0.0773565 -0.0575378 0.125486 -0.0510819 0.0438191 -0.0344581 -0.0562466
-0.000470101 0.00224363 0.0897671 0.0100211 0.093119 0.00309379 -0.062838 -0.0229164 -0.0257506 0.0757134 0.147783 0.0257506
0.024634 0.0191342 -0.122792 0.00495471 0.0152481 -0.0189101 -0.0077614 -0.0149509 -0.232107 0.0571076 0.042892 -0.000735291
0.0323381 0.0120033 0.107463 0.0253622 0.112709 -0.00328703 -0.0441004 -0.00549236 -0.00953086 0.0890893 0.178663 0.0213233
0.0675827 0.16783 -0.0786905 -0.0393622 -0.035643 -0.0746949 0.00957107 0.139208 -0.0351717 -0.025445 0.00451319 -0.00373505
-0.0385798 0.0717216 -0.14015 -0.0475851 -0.0601092 -0.0428428 -0.0660688 0.0340205 -0.242663 -0.0133945 -0.0204616 -0.0350888
0.0950523 -0.0312386 -0.0108489 -0.0109666 0.0220465 -0.0297017 0.0252845 -0.0785848 0.0135787 0.0178708 0.0548611 0.0245041
0.131446 -0.0499658 0.18778 -0.0711722 0.0138528 0.00270807 0.0799557 -0.0527385 0.0932817 -0.0349705 0.0713948 0.025925
-0.0485949 0.093335 -0.118793 0.0118691 -0.039103 -0.110952 -0.108796 0.0613155 -0.101642 0.039069 0.0057385 -0.0643813
0.00834095 -0.0144457 0.0112071 0.0140092 -0.0842509 0.041461 -0.0529697 -0.0449535 -0.00455822 0.0384305 -0.0299428 0.0940723
-0.000389277 -0.304298 -0.126669 0.000364017 -0.135441 -0.0271361 -0.0683956 -0.282213 -0.21797 0.0288239 -0.0775964 0.00602533
-0.0874206 -0.0908721 0.0267902 -0.0675598 -0.0533839 -0.0167015 -0.107209 -0.127393 -0.03342 -0.0269676 -0.0222524 -0.00454975
-0.0871676 -0.0890263 0.0431051 -0.0677686 -0.0619806 -0.0159436 -0.106291 -0.126805 -0.0174532 -0.0277101 -0.0319287 -0.0034741
0.0563859 0.0482095 0.178251 -0.0894892 -0.115212 0.0296806 -0.0198365 0.0183909 0.107615 -0.0342119 -0.038629 0.0491496
0.12533 -0.0748076 0.180683 -0.105812 -0.0325939 0.058489 0.0746404 -0.0839502 0.101679 -0.0671925 0.0266341 0.0796596
-0.0407224 0.089854 -0.097147 0.0153333 -0.0252908 -0.0993482 -0.101851 0.0545405 -0.086919 0.040316 0.0187827 -0.0548548
0.0283871 0.027777 -0.0684225 -0.14121 -0.0717516 -0.0383404 -0.0160952 -0.0332686 -0.0478236 -0.111511 -0.0555247 0.0160182
-0.0700909 -0.11598 0.139619 -0.0747066 -0.138755 0.00321178 -0.0921775 -0.152362 0.0706005 -0.0328202 -0.105487 0.015542
-0.0663653 -0.28167 -0.0128438 -0.0319429 -0.135699 0.00594017 -0.123637 -0.273563 -0.116067 -0.00284877 -0.0834283 0.0345108
0.0899734 -0.151347 -0.1719 -0.00877732 -0.163542 -0.0404304 0.00585261 -0.149892 -0.261904 0.0244672 -0.0919348 -0.00243859
0.0879453 -0.200002 -0.174994 0.00559271 -0.154029 -0.0458903 0.00520545 -0.193984 -0.261004 0.0370888 -0.0847512 -0.00829618
0.133806 -0.0673759 0.198892 -0.105908 -0.0314876 0.0562654 0.0829496 -0.0736431 0.122361 -0.0674118 0.0269485 0.0776085
-0.0668355 -0.247929 0.0215586 -0.0440512 -0.123541 0.0234631 -0.122854 -0.250589 -0.0872995 -0.014238 -0.0707834 0.0490602
-0.0612016 -0.229539 0.0343133 -0.0495171 -0.113746 0.0329116 -0.116966 -0.237024 -0.0771099 -0.0192775 -0.0602726 0.0568564
0.0761876 -0.0849011 -0.133326 -0.0410879 -0.176663 -0.0287053 -0.00568384 -0.0849328 -0.22914 -0.00544025 -0.105476 0.00990612
0.0629305 -0.0694436 0.0456912 -0.115348 -0.178557 0.0114005 0.0226217 -0.0951927 -0.0462341 -0.0679476 -0.123346 0.0274928
-0.0327245 0.0216395 -0.169452 -0.0278528 0.0112776 0.0119006 -0.0666682 0.0226273 -0.173649 -0.00702227 0.0312968 -0.000866946
0.0228825 -0.102901 0.110485 -0.105867 -0.187457 0.0169593 -0.0137927 -0.130659 0.0228777 -0.0587221 -0.136605 0.0316323
-0.0120015 0.019871 -0.00415346 -0.033509 -0.0359806 -0.129543 -0.0814626 0.037623 -0.0934922 0.0219602 0.0234942 -0.10972
-0.0367135 -0.0068924 0.00740499 -0.0403077 -0.0234075 0.0489189 -0.0693994 -0.0404613 -0.0382086 -0.0240862 0.000433204 0.0353495
-0.0398591 -0.040784 -0.0538443 0.00687364 -0.10759 -0.016406 -0.102798 -0.073335 -0.0887909 0.0501512 -0.118093 0.0240693
-0.0653198 -0.0085712 0.0317641 -0.0155712 0.0548605 0.113655 -0.0831427 -0.0476949 -0.0139721 0.00284617 0.0556297 0.079434
0.0552061 -0.041637 -0.0650197 -0.0702274 -0.183749 -0.0197635 -0.0214091 -0.0457376 -0.16219 -0.0327624 -0.114101 0.0189762
0.0948975 0.0362854 0.048606 -0.0857663 -0.0402163 0.0307507 0.0500522 -0.0131807 0.0277398 -0.076069 -0.0309272 0.00577194
0.00553456 -0.105307 -0.0856124 -0.0337676 0.0267971 -0.0286086 -0.01328 -0.148926 -0.121331 -0.0163844 0.0341486 -0.0586391
0.109022 0.139221 0.120316 -0.0277516 0.0492525 -0.010227 0.0661162 0.110695 0.0772807 0.0161529 0.0332561 0.0357899
-0.0603801 -0.0222407 0.0787294 -0.0386433 -0.0940417 0.000602983 -0.0870232 -0.0494567 0.0392035 -0.0128381 -0.0711694 -0.0332584
0.0948854 0.0289801 0.120051 -0.0484421 0.00548915 -0.0468919 0.0527866 0.00158996 0.0984185 -0.000317992 -0.0139121 0.000874477
-0.0368096 0.111536 0.0851846 -0.0182943 0.0608432 0.0706408 -0.0568604 0.0962917 0.0634179 0.0151858 0.068336 0.0479733
0.0313871 -0.104812 -0.0803736 -0.0369086 0.0600616 -0.0524777 0.00525788 -0.136101 -0.109209 -0.0167218 0.0687834 -0.0819712
0.0863377 0.0554274 0.128828 -0.0467668 0.0180816 -0.0486832 0.0453115 0.0282998 0.111291 0.00151038 -0.00166937 0.000476963
-0.0636658 -0.00556058 0.0799841 -0.0488331 -0.0941184 0.00808321 -0.0913272 -0.0373063 0.0418727 -0.0254165 -0.0718555 -0.025675
0.0201884 0.0736515 0.00113162 0.0138918 -0.0347244 -0.0811152 -0.0316542 0.0775807 -0.0460859 0.055654 -0.0287838 -0.0519065
0.00290558 -0.0388914 -0.0675968 -0.01343 -0.0933146 -0.0175218 -0.0552742 -0.045312 -0.0956854 0.0277174 -0.0870086 0.0195227
-0.0783359 0.0635641 -0.0289447 -0.0650044 -0.0680062 0.0778376 -0.113705 0.028253 -0.0791257 -0.0540793 -0.0382195 0.0649125
0.0513282 -0.125073 -0.136651 0.0178246 -0.00763385 0.017978 0.0130836 -0.14184 -0.150244 0.0347451 0.00346584 -0.0142966
0.00155757 0.0505689 0.064428 0.0353038 0.0614142 0.09023 -0.00103731 0.0289582 0.0321566 0.0554096 0.0664742 0.0752049
0.10023 -0.0428666 0.147301 -0.0310235 0.0853152 -0.0378742 0.05841 -0.0469352 0.147738 0.0304402 0.0707614 0.0212762
-0.0382616 0.0042239 0.0126879 -0.0117091 -0.0159586 0.0687203 -0.047853 0.00413864 -0.00560441 0.0179341 -0.0146577 0.0319883
0.0813181 0.0807512 0.136159 -0.0458456 0.0304303 -0.0501 0.0417332 0.0538159 0.123212 0.0038951 0.0102544 0.000158984
-0.0277678 -0.0127949 0.140172 0.0147832 0.000612797 0.0985939 -0.0227192 -0.0249483 0.120969 0.0379797 0.00780169 0.0543546
0.0922271 -0.0186317 0.15933 -0.0332202 0.0934882 -0.0381837 0.049945 -0.0250124 0.161704 0.0300308 0.0783827 0.0214278
-0.0237756 -0.0515346 0.0794469 -0.0176748 -0.0859428 -0.0188825 -0.0541167 -0.0673012 0.0366236 0.0118919 -0.0644575 -0.0493772
0.0717442 -0.0850196 0.0945835 -0.0311523 -0.0215478 -0.0673613 0.0138669 -0.0982708 0.049456 0.0193977 -0.0333447 -0.042242
0.0639165 -0.0215245 0.0621332 0.0140778 -0.0435416 -0.00230462 0.0288264 -0.0596378 0.0155352 0.0480728 -0.0254604 -0.0246837
-0.0125105 -0.0451338 -0.0031735 -0.0550621 -0.000242332 -0.0739022 -0.0631825 -0.0444588 -0.0423873 -0.0244603 0.00223091 -0.0352962
0.0149512 -0.0839148 0.131511 0.00923527 0.024256 -0.0324481 -0.0487192 -0.0966411 0.0671384 0.0419416 0.00693711 -0.00606
0.0708724 -0.06244 0.100988 -0.0253322 -0.012868 -0.067118 0.0113765 -0.0801962 0.0523158 0.0254769 -0.0261178 -0.0419007
-0.0205474 -0.00204377 -0.00936009 0.0391972 -0.0347489 0.0297393 -0.0616843 0.0680654 0.0753919 0.0725558 -0.038208 0.0380504
0.0112607 0.0634403 0.0661054 0.0279964 0.0590184 0.0978945 0.00639584 0.0389801 0.0343128 0.0482281 0.0640449 0.0817631
-0.0156999 0.176375 0.072165 -0.0418525 0.0709593 0.104224 -0.0470343 0.160952 0.0600659 -0.0194179 0.0743056 0.0794837
0.121608 -0.0316435 -0.106685 0.0276162 -0.0688936 0.0286299 0.0942092 -0.0733603 -0.142568 0.0385834 -0.0586536 -0.0230981
0.0625963 -0.00662155 0.0869618 -0.0470638 0.00162339 0.067908 0.0497337 -0.0339603 0.0598184 -0.0208589 -0.00327536 0.0281853
-0.00641549 0.0324399 0.0365091 -0.0189247 -0.0356785 -0.125351 -0.0778239 0.0382661 -0.0572377 0.0339874 0.0259144 -0.108178
0.0654048 -0.0324887 -0.0913891 -0.0855894 0.0765908 -0.000620188 0.00762552 -0.040054 -0.0995331 -0.0542616 0.0720009 0.021512
-0.0751709 -0.0262229 -0.082787 0.00301241 -0.0104818 0.0276293 -0.132556 -0.0806479 -0.117622 0.0433513 -0.016065 0.0711219
0.0680181 0.126109 0.154451 -0.0487102 0.0713623 -0.0494107 0.0319616 0.102166 0.157502 0.00604249 0.0517587 0.00453187
0.1388 -0.102855 0.0483166 -0.0486867 -0.0428839 -0.0286 0.100952 -0.11734 0.0155127 -0.00230702 -0.0525046 0.0119329
-0.0328686 0.0881464 0.0739672 -0.106974 -0.0919266 0.0366503 -0.0693444 0.0320449 0.0408314 -0.0974268 -0.0743407 0.00628838
0.0113765 -0.00265592 0.135855 -0.054056 0.0884872 -0.0208603 -0.038265 -0.0216384 0.0910087 -0.0274458 0.0634038 0.00556871
0.0211517 0.0378678 0.113298 -0.0163424 -0.0279385 0.0197417 -0.015701 0.0137277 0.0810792 -0.00403251 -0.0228223 -0.00600586
0.0796343 -0.0145443 0.0504597 0.0093386 -0.057019 -0.00692723 0.0353905 -0.0648251 -0.00310746 0.0388432 -0.038239 -0.0296072
0.050428 0.0228007 0.136518 -0.0182025 -0.0254593 0.087829 0.0371223 0.0225477 0.108023 -0.00780169 -0.0151747 0.0640424
-0.0921987 0.100287 -0.0701727 -0.0719957 -0.0807379 0.0820305 -0.127678 0.0693433 -0.115543 -0.0642293 -0.0492338 0.0700368
-0.0114276 0.138179 0.560194 -0.0553462 0.0203949 -0.0338656 -0.0542002 0.16654 0.513248 -0.0319057 0.0357658 -0.0231611
-0.00490256 -0.0673793 -0.159665 -0.0414753 0.0277739 -0.0171973 -0.0682723 -0.0685944 -0.190084 -0.0159409 0.0253606 -0.000402549
-0.0491852 -0.102394 -0.156451 -0.0274126 -0.050951 -0.0144576 -0.110382 -0.111915 -0.203739 -0.00346962 -0.0556753 0.007262
0.0525374 -0.0354252 -0.0101442 0.0235117 -0.017185 -0.02373 -0.00031979 -0.0126317 -0.0555634 0.0670758 -0.000639579 0.0131913
0.0433318 0.0789225 0.111729 -0.0967409 0.114344 -0.0253905 0.00127122 0.0491803 0.0742074 -0.0715855 0.0869991 0.00206573
0.0566122 -0.299823 0.00839416 -0.0116771 -0.0839539 -0.0530051 -0.00257824 -0.283123 -0.0175643 0.0227208 -0.0927362 -0.0259436
0.0337577 0.0972024 0.0488272 0.00243086 0.0520102 0.0679741 0.0223763 0.0659286 0.0424378 0.0162035 0.0601845 0.0258056
0.125388 0.0257966 -0.0704636 0.0174546 -0.071961 0.0223161 0.10056 -0.0178985 -0.115951 0.0331166 -0.0594888 -0.032079
-0.01037 0.104561 0.400234 -0.0745813 7.41127e-05 -0.0743246 -0.0446679 0.1433 0.387279 -0.0468737 0.017489 -0.0530973
0.0967267 0.119214 0.197218 -0.0212519 0.00408714 -0.0171209 0.0430768 0.0947847 0.148947 0.0272397 -0.0103733 0.0300904
0.037044 -0.0296625 -0.0428121 -0.00393272 -0.026986 -0.00260543 -0.0191592 -0.0131469 -0.0708652 0.0412044 -0.00705445 0.0363144
-0.0598407 0.0259318 -0.0205316 -0.0684049 0.0099035 -0.090222 -0.122286 0.0177769 -0.0632954 -0.0401774 0.0117184 -0.0522944
0.0297932 0.220759 0.161966 0.0320463 -0.0279238 0.0580345 0.0407231 0.204387 0.121141 0.0566694 -0.00462957 0.03275
0.0838421 -0.290821 0.0334619 -0.0273211 -0.0863789 -0.048562 0.0300947 -0.277692 0.00458663 0.0095756 -0.0966411 -0.0213238
-0.0825604 0.130371 0.532638 -0.0658754 0.0375267 -0.0883095 -0.118642 0.172054 0.503715 -0.0311966 0.0557758 -0.071768
0.144416 0.0588473 0.0820169 -0.00539356 -0.04049 -0.0241022 0.0194475 0.0836623 0.0515549 -0.00152529 -0.0133463 -0.00671129
-0.0580632 0.106953 0.568673 -0.0733821 -0.0181949 -0.102013 -0.0946928 0.150547 0.534045 -0.036081 -0.00141803 -0.0808277
-0.0858861 0.0924604 -0.0823134 -0.029346 -0.00722471 -0.131927 -0.169365 0.0706816 -0.136656 -0.00271239 -0.00550455 -0.107139
0.104547 0.0990737 0.4086 -0.0791395 -0.0617794 -0.0595512 0.0560121 0.123053 0.366639 -0.045692 -0.0441165 -0.042856
0.182447 0.0749778 0.173914 0.0451982 -0.020942 0.0276636 0.131576 0.0633599 0.199008 0.0967237 0.0352434 0.0805117
0.0533596 0.11207 0.603094 -0.0957225 -0.0380801 -0.0662754 0.0207978 0.146451 0.565085 -0.0552243 -0.00669625 -0.0478191
-0.0079008 0.0933949 0.0555681 -0.0904216 0.0129925 -0.103969 -0.0793634 0.0871141 -0.0421442 -0.0272887 0.0578877 -0.0901821
0.148211 -0.0482067 0.205645 0.0395109 0.082415 0.0960616 0.0912414 -0.0829396 0.222347 0.0664926 0.13604 0.150764
0.0588543 0.179814 0.578618 -0.128135 0.0479061 -0.144371 0.0126835 0.206008 0.542711 -0.0899661 0.0577453 -0.12455
0.00731258 0.0724509 0.197941 -0.0315087 -0.10432 -0.140948 -0.0521554 0.0569996 0.0930078 0.0278539 -0.0398836 -0.120377
0.192674 0.0801059 0.279237 0.0347887 0.00140652 0.0740388 0.133768 0.0363399 0.275682 0.0689988 0.0559979 0.117008
0.00662691 0.0597034 0.0226695 -0.0434945 0.00748377 -0.13595 -0.0749229 0.0656383 -0.0860645 0.00783139 0.0670916 -0.118682
-0.0649477 0.101463 0.0104209 -0.0398041 0.0298931 -0.134953 -0.119005 0.118763 -0.0706439 0.0217987 0.0767799 -0.115372
0.0636107 0.425023 0.0576478 -2.16378e-05 0.0734925 -0.103967 0.000926624 0.429182 -0.0149804 0.0202313 0.0633193 -0.0591495
0.219869 0.133568 0.280147 0.0550836 -0.019427 0.0177887 0.175512 0.0903799 0.275525 0.0850542 0.0300744 0.0750294
0.237365 0.10993 0.288433 0.0762197 0.042601 0.0722072 0.181621 0.0549015 0.265892 0.117713 0.0813732 0.125075
0.211714 0.0628425 0.336428 0.0655593 0.0265767 0.13203 0.162277 0.0336771 0.337789 0.102676 0.0889701 0.192429
-0.0191354 0.157069 0.044564 -0.0742784 -0.0594157 -0.13593 -0.0845305 0.156224 -0.0518325 -0.00976905 -0.00984978 -0.111173
0.211736 0.0488077 0.346677 0.0260281 -0.0381969 0.0695282 0.175121 0.0191098 0.355332 0.0552147 0.00172301 0.121864
-0.00893211 0.0818136 -0.0966544 0.0768686 -0.0672163 -0.214861 -0.0944269 0.0711993 -0.164269 0.076228 -0.0598649 -0.2037
-0.0412597 0.148442 0.00174557 0.0314233 0.0477444 -0.228107 -0.0910755 0.127713 -0.0664109 0.0428638 0.0406288 -0.210807
-0.0111269 0.169976 -0.0388156 0.038036 0.00474169 -0.217295 -0.0601051 0.155012 -0.112627 0.043183 0.00111749 -0.189973
-0.0411499 0.113229 0.00972486 0.0261197 -0.0154893 -0.208247 -0.0886809 0.105922 -0.0688853 0.0419857 -0.012452 -0.193645
0.0453228 0.14914 -0.0413581 0.0852508 0.0172607 -0.156386 -0.00510853 0.134658 -0.118454 0.0879625 0.0214718 -0.147509
0.0183706 0.129594 0.0436464 0.110581 -0.016903 -0.259121 -0.0412674 0.0948271 -0.0164431 0.0961841 -0.0162036 -0.230762
-0.00268579 0.0650076 0.0388479 0.0537042 -0.0591132 -0.200371 -0.0617015 0.0479723 -0.0313696 0.0499678 -0.0448593 -0.17385
-0.119484 -0.0721822 -0.13889 -0.0132772 -0.0555539 -0.153348 -0.195058 -0.0565636 -0.0605813 0.012841 -0.0723983 -0.138888
-0.0700217 0.144045 0.0406627 -0.00566908 -0.00835304 -0.164929 -0.116299 0.134498 -0.0359194 0.00686459 -0.00319283 -0.143119
-0.154913 -0.0127189 -0.00801343 -0.0120513 -0.0969585 -0.00486569 -0.209724 -0.0590962 -0.0484827 0.0119721 -0.0933143 -0.0365955
0.010926 0.011137 -0.0618698 -0.0524835 -0.128197 -0.119932 -0.124345 -0.00564537 -0.000953115 -0.0447964 -0.126764 -0.145313
0.0986012 0.183727 -0.201983 0.0503801 -0.0881714 -0.0995556 0.0787992 0.170082 -0.215326 0.0467547 -0.101143 -0.0773679
0.027563 0.165695 0.21984 -0.0667132 -0.104225 -0.0556148 -0.0212663 0.0367182 0.0804456 -0.0440459 -0.0460372 -0.0479487
0.278871 -0.128592 0.0848605 -0.0741709 -0.0361726 -0.0450538 0.228002 -0.22759 0.0629171 -0.0912834 0.0394159 -0.0470023
-0.0697751 -0.0125437 -0.0405555 0.0430491 0.0560036 0.0584852 -0.0802743 -0.0228133 -0.0693667 0.00812724 0.068939 0.0273047
-0.0739402 -0.00943358 -0.0403202 0.0382803 0.0589941 0.0557786 -0.08511 -0.0176778 -0.0717804 0.00441945 0.070925 0.0247347
0.0348362 0.0375512 -0.000510206 0.0526277 -0.00744348 0.0239866 -0.00177803 0.039899 -0.0391878 -0.00760996 0.0176381 0.0027026
0.0564788 -0.0779333 -0.0262476 0.148077 0.0215026 0.0300051 0.0435784 -0.0714599 -0.0678762 0.10013 0.0406397 -0.00473055
-0.0552264 -0.00422869 -0.0287865 0.056607 0.0413736 0.0608126 -0.0647502 -0.0207515 -0.0551946 0.0189687 0.0574052 0.0293087
0.0553606 0.0290499 0.00590989 0.0623257 -0.0138523 0.022176 0.0160716 0.0317164 -0.0283741 -0.000142226 0.0112359 -0.000426678
0.0761606 0.0985675 0.0222193 0.0420059 -0.0218796 0.0970114 0.0497127 0.0967228 0.0118059 -0.00782317 -0.00440942 0.0573936
-0.049189 0.0892653 -0.00277878 0.0220476 0.0144423 0.0364051 -0.0712297 0.0930042 -0.0515188 -0.026471 0.0375717 0.014374
0.116288 0.0494297 0.0206958 0.0859582 -0.0270913 0.0364627 0.0747821 0.0531721 0.00319886 0.0210414 0 0.00419405
-0.0556545 -0.125837 0.0191463 0.114593 -0.0657247 0.0637694 -0.0651296 -0.160247 -0.0306324 0.0605491 -0.0664179 0.0275548
0.119845 0.0656665 0.0206549 0.0833099 -0.0285146 0.0433612 0.079756 0.0693067 0.00611321 0.0194059 -0.00149276 0.00924089
-0.0248028 0.0230997 -0.0351583 0.0759044 -0.0488901 0.0216947 -0.0217134 0.0137137 -0.0597118 0.0251418 -0.0410697 -0.00564263
0.0246291 -0.0368235 0.0194407 0.0146312 -0.0321997 -0.00170946 0.0300771 -0.0290054 0.00421507 -0.0292198 -0.00893024 -0.032649
-0.139232 -0.0984171 0.0456122 0.00508593 -0.033599 0.0305026 -0.135594 -0.100865 0.0264978 -0.050974 -0.0153788 0.00382666
-0.0643671 0.0999629 0.00206383 0.019196 0.0170459 0.0393434 -0.0834811 0.10348 -0.0491065 -0.0260478 0.0398546 0.0157283
-0.0728587 0.0470399 -0.121198 0.0814639 -0.0300198 0.0614716 -0.0742639 0.0453074 -0.156667 0.0170713 -0.00439389 0.0362316
-0.0745815 -0.0139241 -0.0181263 0.0504045 -0.0532177 -0.00136239 -0.0660501 -0.0162981 -0.0524684 -0.00657642 -0.0578296 -0.0195863
-0.119639 -0.0226794 -0.0435891 0.0260502 -0.0648762 0.0494573 -0.132733 -0.0342117 -0.049008 -0.0319021 -0.0443887 0.019199
0.070388 0.325506 0.20297 -3.73861e-06 0.119672 -0.00586294 -0.0109954 0.283981 0.0617797 -0.0187475 0.0948449 -0.0499933
-0.073961 -0.0496422 0.149309 0.10476 -0.0428671 0.00529913 -0.100348 -0.106419 0.137631 0.0439961 -0.0269976 -0.0438532
-0.0796584 -0.101213 0.118122 0.0885585 -0.0606311 -0.0113037 -0.114264 -0.163633 0.104605 0.0369193 -0.0526601 -0.050442
-0.0523577 -0.0246122 0.131428 0.107996 -0.0184721 0.0233428 -0.0766533 -0.0751545 0.118763 0.0452497 -0.00342585 -0.027264
-0.0214932 0.0250991 0.00213344 0.0815962 0.0029151 0.0558977 -0.0294628 0.000214015 -0.0241124 0.0392362 0.023185 0.022971
-0.0614561 0.106763 0.0106608 0.0285704 0.0719174 0.0735837 -0.0739347 0.0843532 -0.0355663 -0.0183939 0.0874427 0.0448351
-0.0029979 0.0559605 -0.00305709 0.0968779 -0.0490416 0.0365947 -0.00421201 0.0326252 -0.0259146 0.0486166 -0.0324111 0.00406923
0.000396125 0.0498466 0.0102445 0.0979544 -0.0351109 0.0450862 -0.00421071 0.0261921 -0.0125608 0.0519559 -0.0159151 0.0111334
0.0200147 -0.0214528 0.0825251 0.0141687 -0.00655929 -0.0506234 0.0197569 -0.0141531 0.0379333 -0.0387954 0.0107765 -0.0785967
-0.316939 -0.154656 0.139118 0.0942841 -0.219669 0.065486 -0.376941 -0.116928 0.158652 0.121548 -0.196254 0.0722179
0.0222886 -0.0152048 0.0178114 0.0142541 0.0552087 -0.00333424 0.0110272 -0.0209443 0.0248667 0.00902897 0.0132474 0.0196861
0.0696416 -0.0392133 -0.351058 -0.00197453 0.147221 0.0231979 0.116417 0.0572138 -0.247794 0.0511662 0.163843 0.00310339
0.0558316 -0.038024 0.0291211 0.0277113 0.0850896 0.00285461 0.047814 -0.0375999 0.0296062 0.0222047 0.042781 0.0227228
0.0878578 0.0922651 0.0382068 0.114063 -0.00864593 0.0904239 0.0748839 0.0980844 0.0101368 0.0495419 -0.00820939 0.0401903
0.106074 0.0353953 -0.00866903 0.0965892 -0.0116436 0.13591 0.115003 0.0376918 -0.0283403 0.0240571 -0.00742415 0.0783105
-0.1663 -0.0535451 -0.317106 -0.0865831 0.0513633 0.0775044 -0.279367 -0.182134 -0.252885 -0.0716203 0.0641105 0.126956
0.0211754 -0.141903 -0.0314064 0.0136557 0.0950558 -0.0243685 -0.0105959 -0.145305 -0.042532 0.0140044 0.0464591 0.00689107
0.022983 -0.141582 -0.0309633 0.00907593 0.091581 -0.0208486 -0.00904018 -0.142198 -0.0402362 0.00859558 0.0446822 0.0100776
-0.0395169 -0.024896 -0.0210054 0.0375761 0.0771077 -0.0697322 -0.0616118 -0.0430246 -0.0368041 0.036656 0.0208088 -0.033842
-0.0508096 0.0456337 0.00636859 -0.00250088 0.00498768 -0.0569769 -0.0753747 0.0375764 -0.0153856 -0.0161993 -0.0474143 -0.0284042
-0.00259025 -0.0283731 -0.0473109 0.000118238 0.0512474 -0.0203413 -0.0197808 -0.0198549 -0.0486741 -0.00726037 0.0142985 0.0134835
-0.0448784 0.0480099 0.0112984 -0.0108475 -0.00278544 -0.0555594 -0.0715897 0.0415635 -0.0102799 -0.0263285 -0.0537663 -0.0281774
0.0592116 -0.0219425 -0.0128988 -0.00254449 -0.0390892 -0.0676454 0.0468212 -0.00317557 -0.00251092 -0.0183888 -0.0937162 -0.0463042
0.0914844 -0.00547629 -0.0146957 -0.0111884 -0.041965 -0.0560113 0.079343 0.0174186 -0.00110711 -0.0222899 -0.0978687 -0.0357966
-0.036138 -0.0670116 0.0227168 -0.00321205 -0.024614 -0.0672788 -0.0491883 -0.0672363 0.0183439 -0.0319539 -0.0818079 -0.0463775
0.000377848 -0.0611807 0.0316539 -0.0135992 0.0473778 -0.0115498 -0.0177516 -0.0630591 0.0447876 -0.037063 0.00215396 0.0138893
-0.012924 -0.067545 0.0460056 -0.0271061 0.0392039 -0.0317598 -0.0272429 -0.0725983 0.0575293 -0.0545601 -0.0120255 -0.0063839
0.147904 0.172243 0.152043 0.0705057 -0.0577776 0.065039 0.146984 0.142701 0.0919452 -0.00135633 -0.0470434 0.0144914
-0.00696387 0.025236 0.0886597 -0.0517063 -0.0252535 -0.000330753 0.00117873 0.0233536 0.0797853 -0.0562843 -0.0688083 0.0148815
-0.0113823 -0.0527141 -0.0479778 -0.00401306 0.190236 -0.00480198 -0.0710404 -0.0595365 -0.0371263 -0.0126244 0.149999 0.0222608
-0.0739522 -0.0321355 -0.0962418 0.0298447 0.0595929 -0.0485416 -0.105975 -0.0375422 -0.140783 0.0305954 0.0166279 -0.0186233
-0.0721091 -0.0491309 0.00474778 -0.00506008 0.0456274 -0.0416287 -0.0961435 -0.0602558 -0.0200114 0.00132917 0.00339677 -0.0171316
0.0234818 0.106181 -0.0572957 0.0240483 0.00175647 -0.089114 -0.00339576 0.0992891 -0.0516746 0.0208913 -0.0329241 -0.0679152
-0.0679223 -0.0456534 0.0235666 -0.0112075 0.0395619 -0.0397576 -0.0887414 -0.0569215 0.00295313 -0.00398672 -0.00273164 -0.0156516
-0.0774725 0.0310376 -0.0944467 0.0262415 0.0340033 -0.0259343 -0.0934478 0.0368172 -0.140246 0.0249145 -0.00192218 0.0110895
0.0705644 0.0174198 0.0442072 -0.00568535 0.000863028 0.00170459 0.0604481 0.00206157 0.0276839 -0.018186 -0.0549997 0.0101606
-0.0462183 -0.0214443 0.0683296 -0.0309813 0.0114276 -0.0314629 -0.0545129 -0.029285 0.0584963 -0.0256705 -0.0319406 -0.0084093
0.0758314 0.0115736 0.0340451 -0.00121956 0.000474047 -0.00321403 0.0637632 -0.00478592 0.0167139 -0.0144314 -0.0572102 0.00530133
-0.0756218 0.0298989 -0.105974 0.0348504 0.039 -0.0307542 -0.0946298 0.0338597 -0.153108 0.0329726 0.00177431 0.00606222
0.112425 -0.0157042 0.0102464 -0.0288083 -0.016733 -0.0567877 0.0971044 -0.0123038 0.00699918 -0.0371325 -0.079717 -0.0434686
-0.0698879 0.00448469 -0.119219 0.043989 0.0537037 -0.0432678 -0.0977241 0.00354823 -0.167728 0.0419134 0.012197 -0.00916626
-0.0708914 0.0159364 -0.118511 0.0439546 0.0493615 -0.0396364 -0.0961028 0.0164853 -0.167071 0.0416199 0.00916673 -0.00443552
0.00928369 0.0510749 0.0236188 -0.00815707 -0.0185652 -0.0646344 -0.0127774 0.0460133 0.0241514 -0.0190553 -0.0590122 -0.0395877
0.125798 0.224202 0.200183 0.082448 -0.079527 0.0654135 0.110791 0.208519 0.130137 0.0301249 -0.0650327 0.004069
0.0511019 0.112326 0.0545273 0.000747024 0.0738332 -0.0249686 0.0153196 0.12004 0.0401121 -0.00643866 0.0394461 0.00199821
-0.0111648 0.126566 0.0390435 -0.00692064 0.0210697 -0.00387609 -0.0136914 0.0992442 0.0731195 -0.0171698 -0.009695 0.0224983
0.0863789 0.151372 0.14271 0.00584832 0.018388 0.0186273 0.0811123 0.125591 0.129439 0.00170218 -0.0308612 0.0421843
0.0670366 0.0855857 0.0873526 -0.0265341 0.144255 0.0159679 0.0521754 0.0817044 0.113306 -0.0341175 0.106127 0.0453667
0.0106166 -0.0806439 0.142516 0.0274035 0.0934709 0.0630065 -0.0374131 -0.172083 0.0705456 0.0209753 0.0880964 0.0545358
0.0290028 0.133347 0.0808968 0.00668051 0.0581562 -0.0447423 0.0402601 0.109383 0.0828885 -0.0147275 0.0106571 -0.0200561
0.0494391 0.14617 0.0408251 0.0905113 0.0724416 -0.0259695 0.048623 0.146313 0.0491411 0.0902153 0.029233 0.0103611
0.645073 0.211647 0.537941 0.0152068 -0.248076 -0.0922242 0.551237 0.0522521 0.388782 -0.00399662 -0.204494 -0.0825967
0.164276 -0.0826925 -0.321914 0.188021 -0.267284 0.111074 0.092099 -0.114467 -0.318804 0.183402 -0.298665 0.110726
-0.211994 -0.402194 -0.390979 -0.067234 0.284752 -0.150468 -0.223339 -0.269365 -0.402891 -0.134466 0.249567 -0.0952315
0.095642 0.0638977 0.0798059 0.0869018 -0.00139269 -0.00723915 0.0808163 0.0153196 0.0697892 0.0737116 -0.0337475 0.0264947
0.126709 0.0872483 0.1533 -0.0658124 -0.0800257 -0.254834 0.0251898 0.0266716 -0.0232401 -0.0136477 0.00811065 -0.233805
0.0280036 -0.101893 -0.255606 0.0965859 -0.137691 -0.0457363 -0.00187141 -0.0743107 -0.2188 0.0694763 -0.0923231 -0.0028851
-0.104109 -0.080427 -0.563373 -0.0396724 -0.0139334 0.0187456 -0.153896 -0.159144 -0.481347 -0.021381 0.0547448 0.0439368
0.00379086 0.00694096 -0.00504234 -0.00577574 -0.0347125 0.00897232 0.0130918 -0.0266114 0.034398 -0.00282372 -0.0506558 0.00770104
0.156396 0.867719 0.370916 -0.18797 0.00295985 0.0956006 0.105001 0.747804 0.316611 -0.200036 -0.038644 0.0913697
-0.0134857 0.0475618 -0.0113352 0.0124436 0.037652 0.025997 -0.0418122 -0.00137089 0.00411268 0.0228768 0.0196209 0.00831104
0.00204244 0.0525431 -0.0125356 0.0181505 0.0396165 0.00720511 -0.016365 0.0103673 0.00685444 0.0277605 0.0251044 -0.0108814
-0.059009 0.0717536 -0.0955548 0.0357559 0.0513658 0.0641001 -0.0836852 0.0285232 -0.0644128 0.0530206 0.0304933 0.0617575
-0.0179513 0.074046 -0.0991823 0.0264206 0.0020685 -0.0119728 -0.0124136 0.039638 -0.0459732 0.040066 -0.0139546 -0.00753378
0.0325289 -0.0244189 0.0539556 -0.00107105 0.0335167 0.0538219 0.0085504 -0.0829994 0.0475886 0.0082913 0.0119187 0.0441339
0.0527993 0.114021 -0.0826508 0.034144 0.00861059 0.0346022 0.0510506 0.0907757 -0.0437577 0.047876 -0.0102959 0.0219646
0.0754706 -0.0144802 0.0646851 -0.00855475 0.032996 0.0547863 0.0522866 -0.0743747 0.0663505 0.000431408 0.00923213 0.046592
0.0196165 0.110491 -0.0797686 0.0385002 0.0073788 -0.0085813 0.0318882 0.104922 -0.027345 0.0535756 -0.00317168 -0.014744
0.161534 0.265296 -0.158165 -0.059445 0.0416017 0.104824 0.067553 0.189698 -0.123559 -0.0388822 0.0395892 0.129293
0.0950569 0.0606358 -0.0137175 0.0159003 -0.0332338 0.00917078 0.0741795 0.00778106 0.00708941 0.00769461 -0.0676088 -0.0183287
-0.094282 0.042275 -0.030681 -0.00290381 0.00551391 0.0407235 -0.0965851 0.00694857 -0.00738286 0.00373486 -0.0179794 0.0220617
-0.0360845 -0.0931369 -0.0264004 -0.0117112 0.00778188 -0.0644179 -0.040781 -0.138673 0.0294626 0.000691204 -0.0138241 -0.0711076
-0.0432197 -0.0979592 -0.0157451 -0.00124543 0.0103777 -0.0759946 -0.0526361 -0.145981 0.0346586 0.00872947 -0.0108038 -0.0805531
0.0390262 0.0463677 -0.0112776 0.000610998 0.00928112 0.0302627 0.0152086 -0.00979539 0.00163257 0.00704581 -0.0150368 0.014779
0.0315638 0.0327282 -0.00366075 -0.00531825 0.00545228 0.0226132 0.00481307 -0.0273313 0.00653202 0 -0.0195101 0.00730555
0.0038691 -0.0104971 -0.00979131 -0.0324743 -0.00658168 -0.00877529 -0.0285658 -0.07847 -0.00111854 -0.0298565 -0.0332981 -0.0252102
-0.235177 -0.313515 -0.208216 -0.131824 -0.0924943 -0.0495978 -0.329883 -0.388251 -0.206028 -0.107483 -0.0809878 -0.0131289
-0.00917339 0.146616 -0.166067 -0.000963817 0.053038 -0.0231664 -0.00684079 0.12374 -0.113436 0.0118631 0.0377542 -0.0176648
-0.0278996 -0.0523812 -0.0542573 -0.0487935 0.0355967 -0.0225813 -0.0274499 -0.0976285 0.00362546 -0.0414339 0.0126891 -0.0292627
-0.163476 -0.0643237 -0.104384 -0.0557899 0.0445772 0.0193985 -0.166337 -0.112599 -0.091329 -0.0302115 0.0217905 0.0106782
-0.0789785 -0.00123327 -0.0686641 -0.0382375 -0.0312669 -0.0224133 -0.0481837 -0.0274223 0.00164361 -0.0324397 -0.0631492 -0.0243946
0.489609 0.81895 0.885966 -0.00606758 -0.081948 0.096495 0.415568 0.695838 0.825345 -0.0233558 -0.0926595 0.11016
-0.0415893 -0.0149664 -0.0507971 -0.0740525 0.0456659 -0.0116248 -0.0507908 -0.074246 -0.00896816 -0.0757982 0.0209545 -0.0180226
-0.184436 -0.0405399 -0.214273 -0.0763471 0.0395495 0.0306172 -0.186682 -0.0853848 -0.181291 -0.0534742 0.0251285 0.0162596
-0.102003 -0.00232438 -0.0354748 -0.0356562 -0.0323058 -0.00373902 -0.0712705 -0.0211044 0.0339919 -0.0306186 -0.0678973 -0.00493012
-0.0968286 -0.00522684 0.0155647 -0.0276345 -0.0138024 0.0355328 -0.0741048 -0.0250763 0.0767854 -0.0262869 -0.0551679 0.0273245
0.0296624 0.305672 0.00120193 -0.0319834 -0.0803436 0.0831516 0.0380114 0.31654 0.0019153 -0.0450833 -0.080369 0.13525
0.172075 0.0313193 0.0721269 0.0434957 -0.0294004 0.0515234 0.142039 -0.0321728 0.0867638 0.0445798 -0.057158 0.0410716
0.0716571 0.000297699 0.065664 0.0124737 -0.0718045 0.0215925 0.0717897 -0.0270388 0.0960905 0.011637 -0.0868493 0.014974
0.446664 1.12355 0.832805 -0.0961828 -0.0976548 0.0867919 0.392376 0.929477 0.537577 -0.0778925 0.0137352 0.0739086
0.102156 0.0697305 -0.00997768 0.0136164 -0.0350283 0.0172974 0.0884751 0.0360232 0.0148029 0.0184822 -0.0442375 0.00487725
-0.201064 0.277198 -0.189688 -0.182852 -0.151758 -0.11149 -0.382203 0.248774 -0.146587 -0.158206 -0.157898 -0.105804
0.0542941 0.0465081 0.194769 0.0496077 -0.0103697 0.0620856 0.0290924 -0.0148029 0.185935 0.046719 -0.0272955 0.0540776
0.022662 0.063098 -0.0118352 0.00388144 -0.0297443 0.0387083 0.0433819 0.0224183 0.000684527 0.0100112 -0.0634043 0.0440664
0.0516191 0.0525357 0.0361376 -0.061574 -0.00735371 0.014697 0.0684527 -0.00616074 0.0354243 -0.0546766 -0.0362799 0.00290924
0.047427 0.035612 0.0229258 0.00585814 0.00370165 0.0344033 0.0347397 -0.0129204 0.0490292 0.0132627 -0.00795762 0.0150596
0.123146 0.128452 -0.074827 -0.0509258 0.0856253 0.0722216 0.0702801 0.0120172 -0.116864 -0.0762887 0.0992429 0.0731832
-0.128026 -0.42183 -0.000544934 -0.189788 0.00624251 -0.0195959 -0.18259 -0.463866 -0.00154803 -0.166335 -0.00379266 -0.00239944
-0.0294964 -0.18711 -0.136395 0.0847753 -0.234521 -0.012339 -0.141101 -0.240009 -0.0641735 0.0875968 -0.143668 0.023664
-0.13136 -0.18702 -0.137947 -0.153287 0.0148259 0.00348367 -0.227983 -0.251532 -0.216391 -0.189561 0.0202684 0.0142899
0.80342 0.198083 0.253189 0.219431 0.171859 0.352461 0.660239 0.0305798 0.197844 0.248194 0.232193 0.37919
-0.21934 0.308255 -0.0652519 -0.147472 -0.202265 -0.069735 -0.248531 0.363152 -0.131301 -0.0932781 -0.253353 0.000790493
0.572869 0.49369 0.668515 -0.0777503 -0.192317 -0.221333 0.364492 0.352548 0.553904 0.028415 -0.17225 -0.245991
0.138296 0.029541 -0.284859 0.216507 -0.0464039 -0.0914292 0.024181 -0.0389492 -0.418785 0.248788 -0.000324577 -0.0386246
0.787759 0.475085 0.338574 0.269261 0.141682 0.238512 0.793146 0.423992 0.271828 0.278115 0.106363 0.205317
0.174922 0.122137 -0.0504155 -0.049943 0.163357 -0.1505 -0.025272 -0.05312 -0.184075 -0.0357846 0.205518 -0.0905058
0.398329 0.846086 0.178452 0.0368065 0.165433 -0.0352171 0.309554 0.730368 0.175724 -0.0130513 0.179762 -0.0349717
-0.336841 -0.789675 -0.23046 0.187611 -0.189798 -0.238565 -0.519044 -0.821668 -0.400251 0.167011 -0.242562 -0.220485
0.65067 0.831695 0.808343 0.127916 -0.324513 0.131169 0.470556 0.685742 0.700984 0.19267 -0.311556 0.163364
0.546833 0.420288 0.642604 0.00448195 0.191875 0.247832 0.449426 0.370322 0.511731 0.0640267 0.179206 0.26423
-0.174961 -0.242362 0.181974 -0.0591297 0.0863649 -0.261421 -0.30881 -0.328786 -0.00994501 -0.0161178 0.034979 -0.333415
0.569298 0.240645 0.797524 0.0565072 -0.429356 -0.261562 0.370252 0.139008 0.700261 0.0967679 -0.415718 -0.202675
-0.0554418 -0.0124712 0.40856 0.0118597 -0.132926 -0.23277 -0.105891 -0.14953 0.274112 0.00459362 -0.0734979 -0.171706
0.0509906 0.266135 0.118511 -0.239022 -0.000120975 -0.207332 -0.000469833 0.260824 0.0896709 -0.231359 0.0703406 -0.20129
0.407644 0.34612 0.331735 0.00658431 -0.204554 0.108186 0.206575 0.232419 0.264767 0.0869975 -0.311751 0.0915855
0.200587 0.599168 0.138008 0.0330919 0.133333 -0.126554 0.110134 0.608107 -0.00292761 0.0211903 0.209394 -0.123587
0.0904416 0.131516 0.077212 -0.192445 -0.0946709 -0.00634339 -0.0312509 0.0596534 0.0764182 -0.171717 -0.0541193 -0.021485
0.497203 0.761459 1.06664 0.0639436 0.109747 0.154084 0.392256 0.740792 0.864685 0.0934233 0.0718688 0.147951
0.368017 0.374518 0.126057 -0.0379218 0.000206235 0.088436 0.242878 0.174133 -0.110152 -0.00740212 0.0220598 0.071163
0.914537 0.990877 1.04608 0.0954194 0.117476 0.196848 0.693006 0.831319 0.873282 0.143776 0.0256336 0.223318
0.558563 0.766065 0.337971 0.178521 -0.0636033 -0.220739 0.390563 0.569046 0.153466 0.231024 -0.066535 -0.185282
-0.0960086 -0.00527395 0.0213664 -0.0912893 -0.0411528 -0.0664041 -0.0127672 -0.0128122 -0.0128122 4.49551e-05 0 0
-0.231488 -0.103038 -0.17865 -0.0552706 -0.157545 0.0384006 -0.169336 0.0738873 -0.132483 0.017096 -0.0505212 -0.0177726
-0.0398198 0.0209484 0.261041 0.0257135 -0.253809 -0.0400071 -0.167803 0.156256 0.355911 0.153646 -0.131349 -0.00247744
0.232687 0.038148 0.359766 -0.0127605 -0.103879 0.0307679 0.0495008 -0.0772353 0.166012 0.0202304 -0.0435765 0.0168513
-0.119486 -0.28714 0.175009 -0.0899191 0.0488259 0.154478 -0.238452 -0.362034 0.267046 0.0373963 0.117953 0.14123
0.0849284 -0.161839 -0.443914 -0.180646 -0.0915765 0.197119 0.294279 0.063214 -0.467757 -0.0867167 0.0180547 0.176945
-0.154218 -0.202601 -0.265637 0.0695775 -0.292442 0.0136422 -0.0763184 0.0395558 -0.24157 0.148357 -0.234902 -0.0493772
-0.0733238 -0.447172 -0.326448 0.0149612 0.0119709 0.0593163 -0.056724 -0.317854 -0.302528 -0.00267523 0.0939958 0.148362
0.0613426 -0.232228 -0.421514 -0.131165 -0.097753 0.185209 0.277668 -0.00419479 -0.434003 -0.0369412 0.0357233 0.165672
0.230844 0.129175 -0.0414782 -0.0985227 0.214377 -0.0778291 0.139759 0.141216 -0.168593 -0.0164708 0.2275 -0.0534306
-0.102003 -0.204876 -0.217455 0.114614 -0.299048 0.0264344 -0.0995648 -0.00238344 -0.248777 0.189371 -0.254803 -0.0165492
-0.240726 0.00666784 -0.119213 0.0220588 -0.285244 0.0462301 -0.308434 0.209832 -0.135859 0.0435035 -0.259807 -0.021572
-0.13528 0.00779533 0.0441207 -0.117737 -0.0128021 -0.0328907 -0.0274911 0.118005 0.0559255 -0.026413 0.0802272 0.00449201
0.0421457 0.0398396 0.00352516 -0.233356 -0.121774 0.0904627 -0.00360461 0.0800579 0.00623019 -0.154108 -0.066752 0.0901152
0.158899 0.0157115 -0.05731 -0.123035 0.290426 0.0312066 0.116458 0.0371638 -0.110826 -0.0117079 0.333676 0.019868
-0.150605 -0.106464 0.26816 0.11395 -0.234273 -0.24067 -0.147508 -0.0430602 0.20507 0.164857 -0.121129 -0.270416
0.0167366 0.17251 -0.105171 -0.0999354 -0.120889 -0.0921417 -0.125482 0.135674 -0.186367 0.0358519 -0.28838 -0.108226
-0.0329243 0.0712911 0.020982 -0.0649585 -0.0276164 0.0298524 0.0877738 0.176446 0.00952305 0.0615854 0.061271 0.0996327
0.389589 0.215672 0.549235 -0.16629 0.0363002 -0.0332879 0.207603 0.0240479 0.331147 -0.167378 0.142504 -0.0404856
0.136516 -0.337712 -0.185395 -0.0430571 0.096382 0.0151964 0.118713 -0.297972 -0.1895 -0.0798155 0.201987 0.110897
-0.0785562 0.11644 0.067697 -0.130621 -0.0282705 -0.0235402 -0.0237627 0.140914 0.0437971 -0.0684582 0.069671 0.0569586
-0.0879663 0.208508 -0.024867 -0.116328 0.00729217 -0.0181268 0.0532303 0.187541 -0.0329264 -0.0239873 0.0350826 0.0871449
-0.0979497 -0.367013 0.0417412 0.0984723 -0.179966 -0.104929 0.029115 -0.229281 0.0405274 0.180936 0.0102891 -0.110754
-0.0851969 -0.380749 -0.00630646 0.0890054 -0.168154 -0.0702091 0.0557416 -0.230794 -0.00233944 0.174063 0.0252839 -0.0776963
0.154278 0.348118 -0.00022761 -0.12114 -0.173098 -0.105915 -0.0453517 0.300971 -0.190584 -0.0141863 -0.346677 -0.0913241
-0.153072 0.117592 0.282851 0.0900908 -0.260864 -0.192664 -0.23114 0.200634 0.189017 0.113153 -0.218769 -0.269049
0.238299 -0.230788 -0.064025 -0.0818314 0.136406 -0.00698707 0.194313 -0.247019 -0.0998341 -0.124737 0.249697 0.0803315
0.0215468 -0.0344044 0.0852974 0.0273468 -0.0461195 0.0449211 0.218222 0.0737138 0.162925 0.160679 0.0122183 0.104484
-0.150123 0.148075 0.267743 0.0821562 -0.268858 -0.172816 -0.24115 0.242569 0.173258 0.100664 -0.236317 -0.25676
-0.0647386 0.0506387 0.103943 -0.120253 0.00874815 -0.0273274 0.0745673 0.0894358 0.0630678 -0.0127573 0.0854829 0.0403382
-0.124169 0.0866679 0.0847412 -0.0455435 0.0379089 -0.0593645 0.0832818 0.0996776 0.0487832 0.0559255 0.0770828 0.0383168
-0.138495 -0.0250125 -0.00136909 -0.116578 -0.0667888 -0.00428749 -0.115221 0.0409894 -0.0184678 -0.0577906 0.066529 0.0418452
-0.113725 -0.016134 0.0428113 -0.130866 -0.0493669 -0.0257595 -0.0935464 0.0200328 0.0069327 -0.0735136 0.0793208 0.0455577
-0.00866763 -0.0791898 0.0270329 0.0870851 0.150266 0.00910589 0.305097 0.0295574 0.162161 0.221905 0.169933 -0.0563747
-0.253251 0.603463 0.169831 -0.250458 0.0302839 0.161205 0.32547 0.657116 0.173236 0.0172046 -0.109771 0.270744
-1.18221 -2.21383 -1.90881 0.0730026 -0.19132 -0.397205 -0.643588 -1.48929 -1.06786 0.138869 0.00454191 -0.298063
0.746936 -0.602973 -0.982625 -0.278615 -0.0973697 0.18579 0.504966 -0.555322 -1.13152 -0.195141 -0.0273276 0.0187276
-0.58747 -0.0816547 0.54256 0.173963 0.695435 -0.0755934 -0.513584 -0.0999952 -0.0767392 0.581288 0.290003 0.203225
-0.344916 2.04183 0.223407 -0.628541 -1.33799 0.866703 0.0139921 2.51256 0.660742 -0.939393 -1.53216 0.506603
